modelo,encoder,classificador,teste,batch,value
Modelo0,CNR,PUC,PUC,64,0.9495815179146266
Modelo0,CNR,PUC,PUC,128,0.9775352228660408
Modelo0,CNR,PUC,PUC,256,0.9856054140651904
Modelo0,CNR,PUC,PUC,512,0.9882645345790474
Modelo0,CNR,PUC,PUC,1024,0.9884442048840378
Modelo0,CNR,PUC,UFPR04,64,0.8336592878130816
Modelo0,CNR,PUC,UFPR04,128,0.8714700074638851
Modelo0,CNR,PUC,UFPR04,256,0.9293292896081933
Modelo0,CNR,PUC,UFPR04,512,0.9298583751405384
Modelo0,CNR,PUC,UFPR04,1024,0.9086760579348658
Modelo0,CNR,PUC,UFPR05,64,0.7270259673673735
Modelo0,CNR,PUC,UFPR05,128,0.7818560183370027
Modelo0,CNR,PUC,UFPR05,256,0.758838254365594
Modelo0,CNR,PUC,UFPR05,512,0.8066350996772929
Modelo0,CNR,PUC,UFPR05,1024,0.7871821938052297
Modelo0,CNR,UFPR04,PUC,64,0.9073553296261636
Modelo0,CNR,UFPR04,PUC,128,0.9220080005091662
Modelo0,CNR,UFPR04,PUC,256,0.9524990394203049
Modelo0,CNR,UFPR04,PUC,512,0.9383484629546253
Modelo0,CNR,UFPR04,PUC,1024,0.9485129283419333
Modelo0,CNR,UFPR04,UFPR04,64,0.9470054532334954
Modelo0,CNR,UFPR04,UFPR04,128,0.9705336125010351
Modelo0,CNR,UFPR04,UFPR04,256,0.9710422655168742
Modelo0,CNR,UFPR04,UFPR04,512,0.974661982327265
Modelo0,CNR,UFPR04,UFPR04,1024,0.9746028366277488
Modelo0,CNR,UFPR04,UFPR05,64,0.7813794975419972
Modelo0,CNR,UFPR04,UFPR05,128,0.8966613384805622
Modelo0,CNR,UFPR04,UFPR05,256,0.923171577645746
Modelo0,CNR,UFPR04,UFPR05,512,0.9164821907892753
Modelo0,CNR,UFPR04,UFPR05,1024,0.8120577856862804
Modelo0,CNR,UFPR05,PUC,64,0.6696737329187715
Modelo0,CNR,UFPR05,PUC,128,0.7796701263250696
Modelo0,CNR,UFPR05,PUC,256,0.8101564507346372
Modelo0,CNR,UFPR05,PUC,512,0.7101500861575162
Modelo0,CNR,UFPR05,PUC,1024,0.755993899434967
Modelo0,CNR,UFPR05,UFPR04,64,0.776423570760466
Modelo0,CNR,UFPR05,UFPR04,128,0.831344538609072
Modelo0,CNR,UFPR05,UFPR04,256,0.8360685165764387
Modelo0,CNR,UFPR05,UFPR04,512,0.8545109265610386
Modelo0,CNR,UFPR05,UFPR04,1024,0.8639683304517067
Modelo0,CNR,UFPR05,UFPR05,64,0.9545195875349981
Modelo0,CNR,UFPR05,UFPR05,128,0.9746420523093032
Modelo0,CNR,UFPR05,UFPR05,256,0.9753249413853543
Modelo0,CNR,UFPR05,UFPR05,512,0.9784814064479904
Modelo0,CNR,UFPR05,UFPR05,1024,0.9807652910245612
Modelo0,Kyoto,PUC,PUC,64,0.9458144305199958
Modelo0,Kyoto,PUC,PUC,128,0.9712437676862956
Modelo0,Kyoto,PUC,PUC,256,0.9801913488748147
Modelo0,Kyoto,PUC,PUC,512,0.9796852775157586
Modelo0,Kyoto,PUC,PUC,1024,0.9845603317911632
Modelo0,Kyoto,PUC,UFPR04,64,0.8194968018669161
Modelo0,Kyoto,PUC,UFPR04,128,0.879311810889714
Modelo0,Kyoto,PUC,UFPR04,256,0.915686441238438
Modelo0,Kyoto,PUC,UFPR04,512,0.9030167323299604
Modelo0,Kyoto,PUC,UFPR04,1024,0.9202498039549144
Modelo0,Kyoto,PUC,UFPR05,64,0.8287782368730585
Modelo0,Kyoto,PUC,UFPR05,128,0.7227674397563109
Modelo0,Kyoto,PUC,UFPR05,256,0.8026419760533221
Modelo0,Kyoto,PUC,UFPR05,512,0.8174322164248876
Modelo0,Kyoto,PUC,UFPR05,1024,0.8065566848629249
Modelo0,Kyoto,PUC,camera1,64,0.1286032453070315
Modelo0,Kyoto,PUC,camera1,128,0.12115812917594655
Modelo0,Kyoto,PUC,camera1,256,0.10467706013363029
Modelo0,Kyoto,PUC,camera1,512,0.13954820235443843
Modelo0,Kyoto,PUC,camera1,1024,0.11485841552656698
Modelo0,Kyoto,PUC,camera2,64,0.1824175824175824
Modelo0,Kyoto,PUC,camera2,128,0.1330891330891331
Modelo0,Kyoto,PUC,camera2,256,0.09230769230769231
Modelo0,Kyoto,PUC,camera2,512,0.12991452991452992
Modelo0,Kyoto,PUC,camera2,1024,0.08937728937728938
Modelo0,Kyoto,PUC,camera3,64,0.14560236511456023
Modelo0,Kyoto,PUC,camera3,128,0.18678069897582092
Modelo0,Kyoto,PUC,camera3,256,0.11719987329743427
Modelo0,Kyoto,PUC,camera3,512,0.11962833914053426
Modelo0,Kyoto,PUC,camera3,1024,0.10864745011086474
Modelo0,Kyoto,PUC,camera4,64,0.09942084942084942
Modelo0,Kyoto,PUC,camera4,128,0.0999638030888031
Modelo0,Kyoto,PUC,camera4,256,0.06563706563706563
Modelo0,Kyoto,PUC,camera4,512,0.07432432432432433
Modelo0,Kyoto,PUC,camera4,1024,0.0645511583011583
Modelo0,Kyoto,PUC,camera5,64,0.11771763125059986
Modelo0,Kyoto,PUC,camera5,128,0.12088492177752183
Modelo0,Kyoto,PUC,camera5,256,0.09405893079950091
Modelo0,Kyoto,PUC,camera5,512,0.09281121028889529
Modelo0,Kyoto,PUC,camera5,1024,0.08911603800748633
Modelo0,Kyoto,PUC,camera6,64,0.11358663218619455
Modelo0,Kyoto,PUC,camera6,128,0.11587427889397255
Modelo0,Kyoto,PUC,camera6,256,0.07146409389297792
Modelo0,Kyoto,PUC,camera6,512,0.08021682912273721
Modelo0,Kyoto,PUC,camera6,1024,0.0692759100855381
Modelo0,Kyoto,PUC,camera7,64,0.17746518897414038
Modelo0,Kyoto,PUC,camera7,128,0.12262006251776073
Modelo0,Kyoto,PUC,camera7,256,0.13545514824287203
Modelo0,Kyoto,PUC,camera7,512,0.15667329733825897
Modelo0,Kyoto,PUC,camera7,1024,0.12773515203182723
Modelo0,Kyoto,PUC,camera8,64,0.11900016608536788
Modelo0,Kyoto,PUC,camera8,128,0.14241820295631955
Modelo0,Kyoto,PUC,camera8,256,0.09549908653047666
Modelo0,Kyoto,PUC,camera8,512,0.0966616841056303
Modelo0,Kyoto,PUC,camera8,1024,0.09138847367546919
Modelo0,Kyoto,PUC,camera9,64,0.2423634680654119
Modelo0,Kyoto,PUC,camera9,128,0.15465905584696082
Modelo0,Kyoto,PUC,camera9,256,0.1505708114779389
Modelo0,Kyoto,PUC,camera9,512,0.18682505399568033
Modelo0,Kyoto,PUC,camera9,1024,0.1320580067880284
Modelo0,Kyoto,UFPR04,PUC,64,0.8665112452648724
Modelo0,Kyoto,UFPR04,PUC,128,0.8806028904609132
Modelo0,Kyoto,UFPR04,PUC,256,0.900474514583132
Modelo0,Kyoto,UFPR04,PUC,512,0.899866343880459
Modelo0,Kyoto,UFPR04,PUC,1024,0.9222083668259382
Modelo0,Kyoto,UFPR04,UFPR04,64,0.9285519949844446
Modelo0,Kyoto,UFPR04,UFPR04,128,0.9469463075339792
Modelo0,Kyoto,UFPR04,UFPR04,256,0.946484971077753
Modelo0,Kyoto,UFPR04,UFPR04,512,0.9645835551297065
Modelo0,Kyoto,UFPR04,UFPR04,1024,0.9659675644983853
Modelo0,Kyoto,UFPR04,UFPR05,64,0.6897608348161776
Modelo0,Kyoto,UFPR04,UFPR05,128,0.7137256084688
Modelo0,Kyoto,UFPR04,UFPR05,256,0.7761257049793407
Modelo0,Kyoto,UFPR04,UFPR05,512,0.7681213620050065
Modelo0,Kyoto,UFPR04,UFPR05,1024,0.8716832041499533
Modelo0,Kyoto,UFPR04,camera1,64,0.1963728921412663
Modelo0,Kyoto,UFPR04,camera1,128,0.18402799872733058
Modelo0,Kyoto,UFPR04,camera1,256,0.2753420299077315
Modelo0,Kyoto,UFPR04,camera1,512,0.1436207445116131
Modelo0,Kyoto,UFPR04,camera1,1024,0.2050270442252625
Modelo0,Kyoto,UFPR04,camera2,64,0.23931623931623933
Modelo0,Kyoto,UFPR04,camera2,128,0.14505494505494507
Modelo0,Kyoto,UFPR04,camera2,256,0.17191697191697192
Modelo0,Kyoto,UFPR04,camera2,512,0.10793650793650794
Modelo0,Kyoto,UFPR04,camera2,1024,0.1221001221001221
Modelo0,Kyoto,UFPR04,camera3,64,0.24611973392461198
Modelo0,Kyoto,UFPR04,camera3,128,0.15763910885862106
Modelo0,Kyoto,UFPR04,camera3,256,0.14950902755780804
Modelo0,Kyoto,UFPR04,camera3,512,0.1328265230704255
Modelo0,Kyoto,UFPR04,camera3,1024,0.11424348009713864
Modelo0,Kyoto,UFPR04,camera4,64,0.1960666023166023
Modelo0,Kyoto,UFPR04,camera4,128,0.14708011583011582
Modelo0,Kyoto,UFPR04,camera4,256,0.18780164092664092
Modelo0,Kyoto,UFPR04,camera4,512,0.1143219111969112
Modelo0,Kyoto,UFPR04,camera4,1024,0.1172176640926641
Modelo0,Kyoto,UFPR04,camera5,64,0.23159612246856703
Modelo0,Kyoto,UFPR04,camera5,128,0.16882618293502255
Modelo0,Kyoto,UFPR04,camera5,256,0.21004894903541607
Modelo0,Kyoto,UFPR04,camera5,512,0.1374412131682503
Modelo0,Kyoto,UFPR04,camera5,1024,0.13921681543334294
Modelo0,Kyoto,UFPR04,camera6,64,0.21961408394668788
Modelo0,Kyoto,UFPR04,camera6,128,0.11940521185597772
Modelo0,Kyoto,UFPR04,camera6,256,0.1518798488163915
Modelo0,Kyoto,UFPR04,camera6,512,0.12552218022677541
Modelo0,Kyoto,UFPR04,camera6,1024,0.1126417346329819
Modelo0,Kyoto,UFPR04,camera7,64,0.22170124088282656
Modelo0,Kyoto,UFPR04,camera7,128,0.14909538694704935
Modelo0,Kyoto,UFPR04,camera7,256,0.19522591645353793
Modelo0,Kyoto,UFPR04,camera7,512,0.15113195036468693
Modelo0,Kyoto,UFPR04,camera7,1024,0.16505636070853463
Modelo0,Kyoto,UFPR04,camera8,64,0.26320378674638767
Modelo0,Kyoto,UFPR04,camera8,128,0.1245640259093174
Modelo0,Kyoto,UFPR04,camera8,256,0.1384321541272214
Modelo0,Kyoto,UFPR04,camera8,512,0.1608536787908985
Modelo0,Kyoto,UFPR04,camera8,1024,0.12385816309583125
Modelo0,Kyoto,UFPR04,camera9,64,0.2837858685590867
Modelo0,Kyoto,UFPR04,camera9,128,0.22554767047207652
Modelo0,Kyoto,UFPR04,camera9,256,0.26002776920703485
Modelo0,Kyoto,UFPR04,camera9,512,0.19399876581302067
Modelo0,Kyoto,UFPR04,camera9,1024,0.21821968528232027
Modelo0,Kyoto,UFPR05,PUC,64,0.7441251417297035
Modelo0,Kyoto,UFPR05,PUC,128,0.8281658467362685
Modelo0,Kyoto,UFPR05,PUC,256,0.8553897360586296
Modelo0,Kyoto,UFPR05,PUC,512,0.7912536566852811
Modelo0,Kyoto,UFPR05,PUC,1024,0.8131077287181506
Modelo0,Kyoto,UFPR05,UFPR04,64,0.7191311659722419
Modelo0,Kyoto,UFPR05,UFPR04,128,0.8144988331774421
Modelo0,Kyoto,UFPR05,UFPR04,256,0.8584790680536266
Modelo0,Kyoto,UFPR05,UFPR04,512,0.8669916763508215
Modelo0,Kyoto,UFPR05,UFPR04,1024,0.7879595249567756
Modelo0,Kyoto,UFPR05,UFPR05,64,0.9430394634009394
Modelo0,Kyoto,UFPR05,UFPR05,128,0.9699452929973519
Modelo0,Kyoto,UFPR05,UFPR05,256,0.9741033287048629
Modelo0,Kyoto,UFPR05,UFPR05,512,0.9774039592391098
Modelo0,Kyoto,UFPR05,UFPR05,1024,0.9795740289696722
Modelo0,Kyoto,UFPR05,camera1,64,0.3622653515749284
Modelo0,Kyoto,UFPR05,camera1,128,0.23900731784918866
Modelo0,Kyoto,UFPR05,camera1,256,0.20680878141902642
Modelo0,Kyoto,UFPR05,camera1,512,0.2549793191218581
Modelo0,Kyoto,UFPR05,camera1,1024,0.3573019408208718
Modelo0,Kyoto,UFPR05,camera2,64,0.37142857142857144
Modelo0,Kyoto,UFPR05,camera2,128,0.1877899877899878
Modelo0,Kyoto,UFPR05,camera2,256,0.13333333333333333
Modelo0,Kyoto,UFPR05,camera2,512,0.17264957264957265
Modelo0,Kyoto,UFPR05,camera2,1024,0.2424908424908425
Modelo0,Kyoto,UFPR05,camera3,64,0.28054059761376837
Modelo0,Kyoto,UFPR05,camera3,128,0.13757786928518637
Modelo0,Kyoto,UFPR05,camera3,256,0.10305142012459086
Modelo0,Kyoto,UFPR05,camera3,512,0.1482420019005385
Modelo0,Kyoto,UFPR05,camera3,1024,0.2183507549361208
Modelo0,Kyoto,UFPR05,camera4,64,0.28637789575289574
Modelo0,Kyoto,UFPR05,camera4,128,0.14587355212355213
Modelo0,Kyoto,UFPR05,camera4,256,0.1105815637065637
Modelo0,Kyoto,UFPR05,camera4,512,0.14647683397683398
Modelo0,Kyoto,UFPR05,camera4,1024,0.2155526061776062
Modelo0,Kyoto,UFPR05,camera5,64,0.33342931183414914
Modelo0,Kyoto,UFPR05,camera5,128,0.1984355504367022
Modelo0,Kyoto,UFPR05,camera5,256,0.150734235531241
Modelo0,Kyoto,UFPR05,camera5,512,0.2103368845378635
Modelo0,Kyoto,UFPR05,camera5,1024,0.26614838276226127
Modelo0,Kyoto,UFPR05,camera6,64,0.26044360453550824
Modelo0,Kyoto,UFPR05,camera6,128,0.1339267953053511
Modelo0,Kyoto,UFPR05,camera6,256,0.10518201710761886
Modelo0,Kyoto,UFPR05,camera6,512,0.14601153769643924
Modelo0,Kyoto,UFPR05,camera6,1024,0.18137059876666003
Modelo0,Kyoto,UFPR05,camera7,64,0.3214928483470683
Modelo0,Kyoto,UFPR05,camera7,128,0.23860945344321302
Modelo0,Kyoto,UFPR05,camera7,256,0.19697830823150517
Modelo0,Kyoto,UFPR05,camera7,512,0.25239177796722556
Modelo0,Kyoto,UFPR05,camera7,1024,0.30150610969025293
Modelo0,Kyoto,UFPR05,camera8,64,0.23609035044012622
Modelo0,Kyoto,UFPR05,camera8,128,0.13486131871782095
Modelo0,Kyoto,UFPR05,camera8,256,0.1088689586447434
Modelo0,Kyoto,UFPR05,camera8,512,0.15034877927254608
Modelo0,Kyoto,UFPR05,camera8,1024,0.19166251453246969
Modelo0,Kyoto,UFPR05,camera9,64,0.42486886763344645
Modelo0,Kyoto,UFPR05,camera9,128,0.2978247454489355
Modelo0,Kyoto,UFPR05,camera9,256,0.2165998148719531
Modelo0,Kyoto,UFPR05,camera9,512,0.2915766738660907
Modelo0,Kyoto,UFPR05,camera9,1024,0.36238815180499845
Modelo0,Kyoto,camera1,PUC,64,0.1287412516530221
Modelo0,Kyoto,camera1,PUC,128,0.17734540560035641
Modelo0,Kyoto,camera1,PUC,256,0.12599505448785192
Modelo0,Kyoto,camera1,PUC,512,0.14450890215759166
Modelo0,Kyoto,camera1,PUC,1024,0.1536951084688949
Modelo0,Kyoto,camera1,UFPR04,64,0.1967347864289561
Modelo0,Kyoto,camera1,UFPR04,128,0.26059352059181995
Modelo0,Kyoto,camera1,UFPR04,256,0.19229424713963134
Modelo0,Kyoto,camera1,UFPR04,512,0.22784690532203358
Modelo0,Kyoto,camera1,UFPR04,1024,0.27479379836172446
Modelo0,Kyoto,camera1,UFPR05,64,0.19481859034291402
Modelo0,Kyoto,camera1,UFPR05,128,0.30164369514732936
Modelo0,Kyoto,camera1,UFPR05,256,0.2695720360708146
Modelo0,Kyoto,camera1,UFPR05,512,0.2884639744247067
Modelo0,Kyoto,camera1,UFPR05,1024,0.330289230026842
Modelo0,Kyoto,camera1,camera1,64,0.8838976052848885
Modelo0,Kyoto,camera1,camera1,128,0.869364161849711
Modelo0,Kyoto,camera1,camera1,256,0.9184145334434352
Modelo0,Kyoto,camera1,camera1,512,0.8852188274153592
Modelo0,Kyoto,camera1,camera1,1024,0.9511147811725846
Modelo0,Kyoto,camera1,camera2,64,0.9208791208791208
Modelo0,Kyoto,camera1,camera2,128,0.9072039072039072
Modelo0,Kyoto,camera1,camera2,256,0.9416361416361416
Modelo0,Kyoto,camera1,camera2,512,0.9218559218559218
Modelo0,Kyoto,camera1,camera2,1024,0.9323565323565324
Modelo0,Kyoto,camera1,camera3,64,0.9312638580931264
Modelo0,Kyoto,camera1,camera3,128,0.9347481786506177
Modelo0,Kyoto,camera1,camera3,256,0.9349593495934959
Modelo0,Kyoto,camera1,camera3,512,0.9330588111075916
Modelo0,Kyoto,camera1,camera3,1024,0.9182768451061134
Modelo0,Kyoto,camera1,camera4,64,0.9106539575289575
Modelo0,Kyoto,camera1,camera4,128,0.8979850386100386
Modelo0,Kyoto,camera1,camera4,256,0.9338199806949807
Modelo0,Kyoto,camera1,camera4,512,0.9156008687258688
Modelo0,Kyoto,camera1,camera4,1024,0.9432915057915058
Modelo0,Kyoto,camera1,camera5,64,0.8800748632306363
Modelo0,Kyoto,camera1,camera5,128,0.8733083789231212
Modelo0,Kyoto,camera1,camera5,256,0.9136673385161723
Modelo0,Kyoto,camera1,camera5,512,0.8900566273154813
Modelo0,Kyoto,camera1,camera5,1024,0.9301756406564929
Modelo0,Kyoto,camera1,camera6,64,0.9146608315098468
Modelo0,Kyoto,camera1,camera6,128,0.9042669584245077
Modelo0,Kyoto,camera1,camera6,256,0.9299781181619255
Modelo0,Kyoto,camera1,camera6,512,0.9109807041973343
Modelo0,Kyoto,camera1,camera6,1024,0.9335587825740999
Modelo0,Kyoto,camera1,camera7,64,0.8093208297811878
Modelo0,Kyoto,camera1,camera7,128,0.8293549303779483
Modelo0,Kyoto,camera1,camera7,256,0.8554039973477313
Modelo0,Kyoto,camera1,camera7,512,0.8401060907454769
Modelo0,Kyoto,camera1,camera7,1024,0.8919200530453727
Modelo0,Kyoto,camera1,camera8,64,0.915504069091513
Modelo0,Kyoto,camera1,camera8,128,0.9075319714333168
Modelo0,Kyoto,camera1,camera8,256,0.9334412888224547
Modelo0,Kyoto,camera1,camera8,512,0.920445108785916
Modelo0,Kyoto,camera1,camera8,1024,0.9284172064441123
Modelo0,Kyoto,camera1,camera9,64,0.8506633755013885
Modelo0,Kyoto,camera1,camera9,128,0.8631595186670781
Modelo0,Kyoto,camera1,camera9,256,0.8756556618327677
Modelo0,Kyoto,camera1,camera9,512,0.8559858068497377
Modelo0,Kyoto,camera1,camera9,1024,0.9036562789262573
Modelo0,Kyoto,camera2,PUC,64,0.15295021722065988
Modelo0,Kyoto,camera2,PUC,128,0.12644293213710714
Modelo0,Kyoto,camera2,PUC,256,0.1595764491788517
Modelo0,Kyoto,camera2,PUC,512,0.11001996591415364
Modelo0,Kyoto,camera2,PUC,1024,0.06835084377791868
Modelo0,Kyoto,camera2,UFPR04,64,0.3017015768638455
Modelo0,Kyoto,camera2,UFPR04,128,0.24673336923556588
Modelo0,Kyoto,camera2,UFPR04,256,0.24001587256597035
Modelo0,Kyoto,camera2,UFPR04,512,0.1673705393838043
Modelo0,Kyoto,camera2,UFPR04,1024,0.1648006953695568
Modelo0,Kyoto,camera2,UFPR05,64,0.41295654009711374
Modelo0,Kyoto,camera2,UFPR05,128,0.29102753566366074
Modelo0,Kyoto,camera2,UFPR05,256,0.25536689085261033
Modelo0,Kyoto,camera2,UFPR05,512,0.22518925113852278
Modelo0,Kyoto,camera2,UFPR05,1024,0.18826190547998914
Modelo0,Kyoto,camera2,camera1,64,0.7730830416799236
Modelo0,Kyoto,camera2,camera1,128,0.8181991727648743
Modelo0,Kyoto,camera2,camera1,256,0.8234171174037543
Modelo0,Kyoto,camera2,camera1,512,0.836716512885778
Modelo0,Kyoto,camera2,camera1,1024,0.8342348075087496
Modelo0,Kyoto,camera2,camera2,64,0.9591836734693877
Modelo0,Kyoto,camera2,camera2,128,0.9784580498866213
Modelo0,Kyoto,camera2,camera2,256,0.9750566893424036
Modelo0,Kyoto,camera2,camera2,512,0.9761904761904762
Modelo0,Kyoto,camera2,camera2,1024,0.9795918367346939
Modelo0,Kyoto,camera2,camera3,64,0.9123640587055222
Modelo0,Kyoto,camera2,camera3,128,0.9349593495934959
Modelo0,Kyoto,camera2,camera3,256,0.9327420546932742
Modelo0,Kyoto,camera2,camera3,512,0.9345370077077394
Modelo0,Kyoto,camera2,camera3,1024,0.9323197128075177
Modelo0,Kyoto,camera2,camera4,64,0.869449806949807
Modelo0,Kyoto,camera2,camera4,128,0.908844111969112
Modelo0,Kyoto,camera2,camera4,256,0.8982263513513513
Modelo0,Kyoto,camera2,camera4,512,0.9045004826254827
Modelo0,Kyoto,camera2,camera4,1024,0.9184966216216216
Modelo0,Kyoto,camera2,camera5,64,0.8374124196180056
Modelo0,Kyoto,camera2,camera5,128,0.8798829062290047
Modelo0,Kyoto,camera2,camera5,256,0.8660620021115271
Modelo0,Kyoto,camera2,camera5,512,0.877627411459833
Modelo0,Kyoto,camera2,camera5,1024,0.8890968423073231
Modelo0,Kyoto,camera2,camera6,64,0.8570718122140442
Modelo0,Kyoto,camera2,camera6,128,0.9026258205689278
Modelo0,Kyoto,camera2,camera6,256,0.8986970360055699
Modelo0,Kyoto,camera2,camera6,512,0.9020290431668987
Modelo0,Kyoto,camera2,camera6,1024,0.9124229162522379
Modelo0,Kyoto,camera2,camera7,64,0.7823245240125035
Modelo0,Kyoto,camera2,camera7,128,0.8186984938903098
Modelo0,Kyoto,camera2,camera7,256,0.8274130908402008
Modelo0,Kyoto,camera2,camera7,512,0.8352751728710808
Modelo0,Kyoto,camera2,camera7,1024,0.8376432698683338
Modelo0,Kyoto,camera2,camera8,64,0.8780933399767481
Modelo0,Kyoto,camera2,camera8,128,0.9173725294801528
Modelo0,Kyoto,camera2,camera8,256,0.9114349775784754
Modelo0,Kyoto,camera2,camera8,512,0.9211094502574323
Modelo0,Kyoto,camera2,camera8,1024,0.9271715661850191
Modelo0,Kyoto,camera2,camera9,64,0.8115550755939525
Modelo0,Kyoto,camera2,camera9,128,0.8481950015427338
Modelo0,Kyoto,camera2,camera9,256,0.8578370873187288
Modelo0,Kyoto,camera2,camera9,512,0.8508176488738044
Modelo0,Kyoto,camera2,camera9,1024,0.8503548287565567
Modelo0,Kyoto,camera3,PUC,64,0.15329909033692185
Modelo0,Kyoto,camera3,PUC,128,0.08224919440954404
Modelo0,Kyoto,camera3,PUC,256,0.11404143575430846
Modelo0,Kyoto,camera3,PUC,512,0.07869210297414332
Modelo0,Kyoto,camera3,PUC,1024,0.16912567211113022
Modelo0,Kyoto,camera3,UFPR04,64,0.28721786041589903
Modelo0,Kyoto,camera3,UFPR04,128,0.22902789981387528
Modelo0,Kyoto,camera3,UFPR04,256,0.23134264901788498
Modelo0,Kyoto,camera3,UFPR04,512,0.21168145271770453
Modelo0,Kyoto,camera3,UFPR04,1024,0.24737583023912776
Modelo0,Kyoto,camera3,UFPR05,64,0.1281237747685255
Modelo0,Kyoto,camera3,UFPR05,128,0.10928009168501372
Modelo0,Kyoto,camera3,UFPR05,256,0.15717947944627078
Modelo0,Kyoto,camera3,UFPR05,512,0.14135778267032603
Modelo0,Kyoto,camera3,UFPR05,1024,0.18520975962843442
Modelo0,Kyoto,camera3,camera1,64,0.7690104995227489
Modelo0,Kyoto,camera3,camera1,128,0.813935730194082
Modelo0,Kyoto,camera3,camera1,256,0.8111994909322303
Modelo0,Kyoto,camera3,camera1,512,0.85065224307986
Modelo0,Kyoto,camera3,camera1,1024,0.8632516703786192
Modelo0,Kyoto,camera3,camera2,64,0.8495726495726496
Modelo0,Kyoto,camera3,camera2,128,0.8446886446886447
Modelo0,Kyoto,camera3,camera2,256,0.9108669108669109
Modelo0,Kyoto,camera3,camera2,512,0.9511599511599511
Modelo0,Kyoto,camera3,camera2,1024,0.9509157509157509
Modelo0,Kyoto,camera3,camera3,64,0.9505376344086022
Modelo0,Kyoto,camera3,camera3,128,0.9443932411674347
Modelo0,Kyoto,camera3,camera3,256,0.9520737327188941
Modelo0,Kyoto,camera3,camera3,512,0.9668202764976959
Modelo0,Kyoto,camera3,camera3,1024,0.9671274961597542
Modelo0,Kyoto,camera3,camera4,64,0.8752413127413128
Modelo0,Kyoto,camera3,camera4,128,0.8930381274131274
Modelo0,Kyoto,camera3,camera4,256,0.8982866795366795
Modelo0,Kyoto,camera3,camera4,512,0.9363537644787645
Modelo0,Kyoto,camera3,camera4,1024,0.9426882239382239
Modelo0,Kyoto,camera3,camera5,64,0.8536807755062866
Modelo0,Kyoto,camera3,camera5,128,0.8438429791726654
Modelo0,Kyoto,camera3,camera5,256,0.8481140224589692
Modelo0,Kyoto,camera3,camera5,512,0.889144831557731
Modelo0,Kyoto,camera3,camera5,1024,0.9008542086572607
Modelo0,Kyoto,camera3,camera6,64,0.8976526755520191
Modelo0,Kyoto,camera3,camera6,128,0.8942709369405212
Modelo0,Kyoto,camera3,camera6,256,0.8983986473045554
Modelo0,Kyoto,camera3,camera6,512,0.9288840262582057
Modelo0,Kyoto,camera3,camera6,1024,0.9334095882235925
Modelo0,Kyoto,camera3,camera7,64,0.7876764232262954
Modelo0,Kyoto,camera3,camera7,128,0.8018850052098134
Modelo0,Kyoto,camera3,camera7,256,0.8051529790660226
Modelo0,Kyoto,camera3,camera7,512,0.8287392251586625
Modelo0,Kyoto,camera3,camera7,1024,0.8586246092639954
Modelo0,Kyoto,camera3,camera8,64,0.9068676299618004
Modelo0,Kyoto,camera3,camera8,128,0.8993937884072413
Modelo0,Kyoto,camera3,camera8,256,0.9118086696562033
Modelo0,Kyoto,camera3,camera8,512,0.931572828433815
Modelo0,Kyoto,camera3,camera8,1024,0.9341886729779106
Modelo0,Kyoto,camera3,camera9,64,0.839941376118482
Modelo0,Kyoto,camera3,camera9,128,0.8309163838321506
Modelo0,Kyoto,camera3,camera9,256,0.8449552607219993
Modelo0,Kyoto,camera3,camera9,512,0.8755013884603517
Modelo0,Kyoto,camera3,camera9,1024,0.8898488120950324
Modelo0,Kyoto,camera4,PUC,64,0.15223125573106597
Modelo0,Kyoto,camera4,PUC,128,0.1082402415710605
Modelo0,Kyoto,camera4,PUC,256,0.13756679859413562
Modelo0,Kyoto,camera4,PUC,512,0.09906110701211392
Modelo0,Kyoto,camera4,PUC,1024,0.1082708858312727
Modelo0,Kyoto,camera4,UFPR04,64,0.32656859688406414
Modelo0,Kyoto,camera4,UFPR04,128,0.2627665504568087
Modelo0,Kyoto,camera4,UFPR04,256,0.24788601985960337
Modelo0,Kyoto,camera4,UFPR04,512,0.1812023468722542
Modelo0,Kyoto,camera4,UFPR04,1024,0.13919673478642897
Modelo0,Kyoto,camera4,UFPR05,64,0.3181831890701813
Modelo0,Kyoto,camera4,UFPR05,128,0.2507705763488856
Modelo0,Kyoto,camera4,UFPR05,256,0.2577856862804234
Modelo0,Kyoto,camera4,UFPR05,512,0.21841541755888652
Modelo0,Kyoto,camera4,UFPR05,1024,0.1924963054558615
Modelo0,Kyoto,camera4,camera1,64,0.7780464524339803
Modelo0,Kyoto,camera4,camera1,128,0.8383073496659242
Modelo0,Kyoto,camera4,camera1,256,0.8141902640789055
Modelo0,Kyoto,camera4,camera1,512,0.8566337893732103
Modelo0,Kyoto,camera4,camera1,1024,0.8393891186764239
Modelo0,Kyoto,camera4,camera2,64,0.8757020757020757
Modelo0,Kyoto,camera4,camera2,128,0.9208791208791208
Modelo0,Kyoto,camera4,camera2,256,0.9018315018315018
Modelo0,Kyoto,camera4,camera2,512,0.9221001221001222
Modelo0,Kyoto,camera4,camera2,1024,0.9328449328449329
Modelo0,Kyoto,camera4,camera3,64,0.8826945412311266
Modelo0,Kyoto,camera4,camera3,128,0.9126808151198396
Modelo0,Kyoto,camera4,camera3,256,0.9121528877626438
Modelo0,Kyoto,camera4,camera3,512,0.9221835075493612
Modelo0,Kyoto,camera4,camera3,1024,0.9209164818920916
Modelo0,Kyoto,camera4,camera4,64,0.9248554913294798
Modelo0,Kyoto,camera4,camera4,128,0.9582877675363225
Modelo0,Kyoto,camera4,camera4,256,0.9289173566630214
Modelo0,Kyoto,camera4,camera4,512,0.9432901109201687
Modelo0,Kyoto,camera4,camera4,1024,0.9387595688173723
Modelo0,Kyoto,camera4,camera5,64,0.8746040886841348
Modelo0,Kyoto,camera4,camera5,128,0.9109319512429216
Modelo0,Kyoto,camera4,camera5,256,0.8880890680487571
Modelo0,Kyoto,camera4,camera5,512,0.9165466935406469
Modelo0,Kyoto,camera4,camera5,1024,0.9105000479892504
Modelo0,Kyoto,camera4,camera6,64,0.8935746966381539
Modelo0,Kyoto,camera4,camera6,128,0.9245076586433261
Modelo0,Kyoto,camera4,camera6,256,0.9107320469464889
Modelo0,Kyoto,camera4,camera6,512,0.9300278496120947
Modelo0,Kyoto,camera4,camera6,1024,0.9310722100656456
Modelo0,Kyoto,camera4,camera7,64,0.7874869754665151
Modelo0,Kyoto,camera4,camera7,128,0.8348489154115752
Modelo0,Kyoto,camera4,camera7,256,0.8248555460831676
Modelo0,Kyoto,camera4,camera7,512,0.8598086577626219
Modelo0,Kyoto,camera4,camera7,1024,0.8570143033058634
Modelo0,Kyoto,camera4,camera8,64,0.8935808005314732
Modelo0,Kyoto,camera4,camera8,128,0.9197392459724298
Modelo0,Kyoto,camera4,camera8,256,0.9175801361900017
Modelo0,Kyoto,camera4,camera8,512,0.939960139511709
Modelo0,Kyoto,camera4,camera8,1024,0.9416209931905
Modelo0,Kyoto,camera4,camera9,64,0.7973619253316877
Modelo0,Kyoto,camera4,camera9,128,0.8532088861462511
Modelo0,Kyoto,camera4,camera9,256,0.8606140080222153
Modelo0,Kyoto,camera4,camera9,512,0.8798981795742055
Modelo0,Kyoto,camera4,camera9,1024,0.8598426411601358
Modelo0,Kyoto,camera5,PUC,64,0.08186024802992765
Modelo0,Kyoto,camera5,PUC,128,0.08127329258432475
Modelo0,Kyoto,camera5,PUC,256,0.09483691360440145
Modelo0,Kyoto,camera5,PUC,512,0.06737729920348495
Modelo0,Kyoto,camera5,PUC,1024,0.038060171183552045
Modelo0,Kyoto,camera5,UFPR04,64,0.30547131128180416
Modelo0,Kyoto,camera5,UFPR04,128,0.2744820158158782
Modelo0,Kyoto,camera5,UFPR04,256,0.26476951711497215
Modelo0,Kyoto,camera5,UFPR04,512,0.12702776754249218
Modelo0,Kyoto,camera5,UFPR04,1024,0.13038179189932259
Modelo0,Kyoto,camera5,UFPR05,64,0.3193654431944989
Modelo0,Kyoto,camera5,UFPR05,128,0.17302530385740567
Modelo0,Kyoto,camera5,UFPR05,256,0.10923183641463341
Modelo0,Kyoto,camera5,UFPR05,512,0.1516904424405103
Modelo0,Kyoto,camera5,UFPR05,1024,0.13715354223844137
Modelo0,Kyoto,camera5,camera1,64,0.7790645879732739
Modelo0,Kyoto,camera5,camera1,128,0.7863824371619472
Modelo0,Kyoto,camera5,camera1,256,0.77467387846007
Modelo0,Kyoto,camera5,camera1,512,0.894304804327076
Modelo0,Kyoto,camera5,camera1,1024,0.8666242443525294
Modelo0,Kyoto,camera5,camera2,64,0.8695970695970696
Modelo0,Kyoto,camera5,camera2,128,0.8664224664224665
Modelo0,Kyoto,camera5,camera2,256,0.8673992673992674
Modelo0,Kyoto,camera5,camera2,512,0.9399267399267399
Modelo0,Kyoto,camera5,camera2,1024,0.936996336996337
Modelo0,Kyoto,camera5,camera3,64,0.8990602893041918
Modelo0,Kyoto,camera5,camera3,128,0.9039172209903917
Modelo0,Kyoto,camera5,camera3,256,0.8956815542181396
Modelo0,Kyoto,camera5,camera3,512,0.9409777214655264
Modelo0,Kyoto,camera5,camera3,1024,0.9397106958082568
Modelo0,Kyoto,camera5,camera4,64,0.9037162162162162
Modelo0,Kyoto,camera5,camera4,128,0.9064913127413128
Modelo0,Kyoto,camera5,camera4,256,0.9118605212355212
Modelo0,Kyoto,camera5,camera4,512,0.9608470077220077
Modelo0,Kyoto,camera5,camera4,1024,0.9589165057915058
Modelo0,Kyoto,camera5,camera5,64,0.8245498462889768
Modelo0,Kyoto,camera5,camera5,128,0.8544137022397892
Modelo0,Kyoto,camera5,camera5,256,0.8457400087834871
Modelo0,Kyoto,camera5,camera5,512,0.9399429073342117
Modelo0,Kyoto,camera5,camera5,1024,0.9323671497584541
Modelo0,Kyoto,camera5,camera6,64,0.8812412969962204
Modelo0,Kyoto,camera5,camera6,128,0.9022777004177441
Modelo0,Kyoto,camera5,camera6,256,0.9125721106027451
Modelo0,Kyoto,camera5,camera6,512,0.9543962601949473
Modelo0,Kyoto,camera5,camera6,1024,0.9540481400437637
Modelo0,Kyoto,camera5,camera7,64,0.7880079568059107
Modelo0,Kyoto,camera5,camera7,128,0.8197878185090461
Modelo0,Kyoto,camera5,camera7,256,0.809510277540968
Modelo0,Kyoto,camera5,camera7,512,0.8943355119825708
Modelo0,Kyoto,camera5,camera7,1024,0.8805531874585583
Modelo0,Kyoto,camera5,camera8,64,0.8942866633449593
Modelo0,Kyoto,camera5,camera8,128,0.9190749045009134
Modelo0,Kyoto,camera5,camera8,256,0.9181614349775785
Modelo0,Kyoto,camera5,camera8,512,0.9500913469523335
Modelo0,Kyoto,camera5,camera8,1024,0.9536206610197642
Modelo0,Kyoto,camera5,camera9,64,0.7681271212588707
Modelo0,Kyoto,camera5,camera9,128,0.8057698241283554
Modelo0,Kyoto,camera5,camera9,256,0.7916538105522987
Modelo0,Kyoto,camera5,camera9,512,0.9230175871644554
Modelo0,Kyoto,camera5,camera9,1024,0.9014193150262265
Modelo0,Kyoto,camera6,PUC,64,0.1290736240137852
Modelo0,Kyoto,camera6,PUC,128,0.09379736600797223
Modelo0,Kyoto,camera6,PUC,256,0.09649641815743135
Modelo0,Kyoto,camera6,PUC,512,0.07005749334665966
Modelo0,Kyoto,camera6,PUC,1024,0.04402165842021767
Modelo0,Kyoto,camera6,UFPR04,64,0.35058530087015677
Modelo0,Kyoto,camera6,UFPR04,128,0.2748032463176592
Modelo0,Kyoto,camera6,UFPR04,256,0.24638379486598075
Modelo0,Kyoto,camera6,UFPR04,512,0.21521498823729487
Modelo0,Kyoto,camera6,UFPR04,1024,0.13852592991506288
Modelo0,Kyoto,camera6,UFPR05,64,0.3432397382151582
Modelo0,Kyoto,camera6,UFPR05,128,0.24365895587658715
Modelo0,Kyoto,camera6,UFPR05,256,0.23962360889103357
Modelo0,Kyoto,camera6,UFPR05,512,0.18031184968483277
Modelo0,Kyoto,camera6,UFPR05,1024,0.11461229906203818
Modelo0,Kyoto,camera6,camera1,64,0.7295577473751194
Modelo0,Kyoto,camera6,camera1,128,0.7881641743557111
Modelo0,Kyoto,camera6,camera1,256,0.7405027044225263
Modelo0,Kyoto,camera6,camera1,512,0.7946547884187083
Modelo0,Kyoto,camera6,camera1,1024,0.8311167674196628
Modelo0,Kyoto,camera6,camera2,64,0.8705738705738706
Modelo0,Kyoto,camera6,camera2,128,0.9015873015873016
Modelo0,Kyoto,camera6,camera2,256,0.8669108669108669
Modelo0,Kyoto,camera6,camera2,512,0.9181929181929182
Modelo0,Kyoto,camera6,camera2,1024,0.9191697191697191
Modelo0,Kyoto,camera6,camera3,64,0.9194382852919438
Modelo0,Kyoto,camera6,camera3,128,0.9222890930208003
Modelo0,Kyoto,camera6,camera3,256,0.8845950797170309
Modelo0,Kyoto,camera6,camera3,512,0.924506387921022
Modelo0,Kyoto,camera6,camera3,1024,0.9312638580931264
Modelo0,Kyoto,camera6,camera4,64,0.8845318532818532
Modelo0,Kyoto,camera6,camera4,128,0.9045004826254827
Modelo0,Kyoto,camera6,camera4,256,0.8932794401544402
Modelo0,Kyoto,camera6,camera4,512,0.919280888030888
Modelo0,Kyoto,camera6,camera4,1024,0.9335183397683398
Modelo0,Kyoto,camera6,camera5,64,0.8491697859679432
Modelo0,Kyoto,camera6,camera5,128,0.8848257990210193
Modelo0,Kyoto,camera6,camera5,256,0.8647662923505135
Modelo0,Kyoto,camera6,camera5,512,0.8989826278913523
Modelo0,Kyoto,camera6,camera5,1024,0.9105960264900662
Modelo0,Kyoto,camera6,camera6,64,0.9019381633594832
Modelo0,Kyoto,camera6,camera6,128,0.9263959390862944
Modelo0,Kyoto,camera6,camera6,256,0.9074757729580064
Modelo0,Kyoto,camera6,camera6,512,0.9402399630826027
Modelo0,Kyoto,camera6,camera6,1024,0.9550069220119981
Modelo0,Kyoto,camera6,camera7,64,0.772425878563986
Modelo0,Kyoto,camera6,camera7,128,0.8112626693189353
Modelo0,Kyoto,camera6,camera7,256,0.8008430425310221
Modelo0,Kyoto,camera6,camera7,512,0.8207824192478924
Modelo0,Kyoto,camera6,camera7,1024,0.8500994600738846
Modelo0,Kyoto,camera6,camera8,64,0.8977329347284504
Modelo0,Kyoto,camera6,camera8,128,0.9214416209931905
Modelo0,Kyoto,camera6,camera8,256,0.9054559043348281
Modelo0,Kyoto,camera6,camera8,512,0.9316973924597243
Modelo0,Kyoto,camera6,camera8,1024,0.9397940541438299
Modelo0,Kyoto,camera6,camera9,64,0.8134834927491515
Modelo0,Kyoto,camera6,camera9,128,0.8499691453255168
Modelo0,Kyoto,camera6,camera9,256,0.798981795742055
Modelo0,Kyoto,camera6,camera9,512,0.8471922246220303
Modelo0,Kyoto,camera6,camera9,1024,0.8658593026843567
Modelo0,Kyoto,camera7,PUC,64,0.09621354806316489
Modelo0,Kyoto,camera7,PUC,128,0.16367335104414424
Modelo0,Kyoto,camera7,PUC,256,0.08936809178191658
Modelo0,Kyoto,camera7,PUC,512,0.10570619697659014
Modelo0,Kyoto,camera7,PUC,1024,0.08435893386261471
Modelo0,Kyoto,camera7,UFPR04,64,0.1986243776159028
Modelo0,Kyoto,camera7,UFPR04,128,0.15722343470990052
Modelo0,Kyoto,camera7,UFPR04,256,0.18207155881824968
Modelo0,Kyoto,camera7,UFPR04,512,0.15495592528556446
Modelo0,Kyoto,camera7,UFPR04,1024,0.13426490178849806
Modelo0,Kyoto,camera7,UFPR05,64,0.2577796543716259
Modelo0,Kyoto,camera7,UFPR05,128,0.29205296015924237
Modelo0,Kyoto,camera7,UFPR05,256,0.204409325331001
Modelo0,Kyoto,camera7,UFPR05,512,0.18895557499170612
Modelo0,Kyoto,camera7,UFPR05,1024,0.220345628374099
Modelo0,Kyoto,camera7,camera1,64,0.8594972955774738
Modelo0,Kyoto,camera7,camera1,128,0.906076996500159
Modelo0,Kyoto,camera7,camera1,256,0.8418071905822463
Modelo0,Kyoto,camera7,camera1,512,0.879923639834553
Modelo0,Kyoto,camera7,camera1,1024,0.9029589564110723
Modelo0,Kyoto,camera7,camera2,64,0.8915750915750916
Modelo0,Kyoto,camera7,camera2,128,0.9326007326007326
Modelo0,Kyoto,camera7,camera2,256,0.9089133089133089
Modelo0,Kyoto,camera7,camera2,512,0.9308913308913309
Modelo0,Kyoto,camera7,camera2,1024,0.9416361416361416
Modelo0,Kyoto,camera7,camera3,64,0.9107802766339351
Modelo0,Kyoto,camera7,camera3,128,0.9327420546932742
Modelo0,Kyoto,camera7,camera3,256,0.9343258367648611
Modelo0,Kyoto,camera7,camera3,512,0.9428782599514307
Modelo0,Kyoto,camera7,camera3,1024,0.9460458240946046
Modelo0,Kyoto,camera7,camera4,64,0.9279681467181468
Modelo0,Kyoto,camera7,camera4,128,0.9375
Modelo0,Kyoto,camera7,camera4,256,0.9236245173745173
Modelo0,Kyoto,camera7,camera4,512,0.949203667953668
Modelo0,Kyoto,camera7,camera4,1024,0.9609676640926641
Modelo0,Kyoto,camera7,camera5,64,0.9021979076686822
Modelo0,Kyoto,camera7,camera5,128,0.928064113638545
Modelo0,Kyoto,camera7,camera5,256,0.9060850369517228
Modelo0,Kyoto,camera7,camera5,512,0.935406468950955
Modelo0,Kyoto,camera7,camera5,1024,0.9466839427968136
Modelo0,Kyoto,camera7,camera6,64,0.9074497712353292
Modelo0,Kyoto,camera7,camera6,128,0.9369902526357669
Modelo0,Kyoto,camera7,camera6,256,0.9271931569524567
Modelo0,Kyoto,camera7,camera6,512,0.9506664014322658
Modelo0,Kyoto,camera7,camera6,1024,0.9563357867515416
Modelo0,Kyoto,camera7,camera7,64,0.8901952085181899
Modelo0,Kyoto,camera7,camera7,128,0.9230257320319432
Modelo0,Kyoto,camera7,camera7,256,0.87122892635315
Modelo0,Kyoto,camera7,camera7,512,0.899622892635315
Modelo0,Kyoto,camera7,camera7,1024,0.9239130434782609
Modelo0,Kyoto,camera7,camera8,64,0.9114764989204451
Modelo0,Kyoto,camera7,camera8,128,0.9313652217239661
Modelo0,Kyoto,camera7,camera8,256,0.9337734595582129
Modelo0,Kyoto,camera7,camera8,512,0.9457316060455074
Modelo0,Kyoto,camera7,camera8,1024,0.951835243315064
Modelo0,Kyoto,camera7,camera9,64,0.8305307004011108
Modelo0,Kyoto,camera7,camera9,128,0.9015735883986424
Modelo0,Kyoto,camera7,camera9,256,0.8657821659981487
Modelo0,Kyoto,camera7,camera9,512,0.9016507250848503
Modelo0,Kyoto,camera7,camera9,1024,0.912295587781549
Modelo0,Kyoto,camera8,PUC,64,0.1929268332928672
Modelo0,Kyoto,camera8,PUC,128,0.10988560261937708
Modelo0,Kyoto,camera8,PUC,256,0.12070538372506913
Modelo0,Kyoto,camera8,PUC,512,0.07928613017210288
Modelo0,Kyoto,camera8,PUC,1024,0.08184374727442878
Modelo0,Kyoto,camera8,UFPR04,64,0.3108944379883412
Modelo0,Kyoto,camera8,UFPR04,128,0.24954886010411648
Modelo0,Kyoto,camera8,UFPR04,256,0.14529066636433208
Modelo0,Kyoto,camera8,UFPR04,512,0.21706678760050263
Modelo0,Kyoto,camera8,UFPR04,1024,0.1830352503235925
Modelo0,Kyoto,camera8,UFPR05,64,0.19790089573845643
Modelo0,Kyoto,camera8,UFPR05,128,0.16699339505986668
Modelo0,Kyoto,camera8,UFPR05,256,0.2522604578218777
Modelo0,Kyoto,camera8,UFPR05,512,0.22024911783333836
Modelo0,Kyoto,camera8,UFPR05,1024,0.21159332870886993
Modelo0,Kyoto,camera8,camera1,64,0.7489659560929048
Modelo0,Kyoto,camera8,camera1,128,0.7949093223035316
Modelo0,Kyoto,camera8,camera1,256,0.8275532930321349
Modelo0,Kyoto,camera8,camera1,512,0.77989182309895
Modelo0,Kyoto,camera8,camera1,1024,0.7754374801145403
Modelo0,Kyoto,camera8,camera2,64,0.8717948717948718
Modelo0,Kyoto,camera8,camera2,128,0.9076923076923077
Modelo0,Kyoto,camera8,camera2,256,0.897924297924298
Modelo0,Kyoto,camera8,camera2,512,0.9174603174603174
Modelo0,Kyoto,camera8,camera2,1024,0.8879120879120879
Modelo0,Kyoto,camera8,camera3,64,0.9047619047619048
Modelo0,Kyoto,camera8,camera3,128,0.9284130503642699
Modelo0,Kyoto,camera8,camera3,256,0.9407665505226481
Modelo0,Kyoto,camera8,camera3,512,0.9359096188364481
Modelo0,Kyoto,camera8,camera3,1024,0.9233449477351916
Modelo0,Kyoto,camera8,camera4,64,0.9016650579150579
Modelo0,Kyoto,camera8,camera4,128,0.925132722007722
Modelo0,Kyoto,camera8,camera4,256,0.9166264478764479
Modelo0,Kyoto,camera8,camera4,512,0.9177123552123552
Modelo0,Kyoto,camera8,camera4,1024,0.9087234555984556
Modelo0,Kyoto,camera8,camera5,64,0.8656780881082637
Modelo0,Kyoto,camera8,camera5,128,0.9030137249256167
Modelo0,Kyoto,camera8,camera5,256,0.9041174776849985
Modelo0,Kyoto,camera8,camera5,512,0.9036855744313274
Modelo0,Kyoto,camera8,camera5,1024,0.8876571647950859
Modelo0,Kyoto,camera8,camera6,64,0.9090909090909091
Modelo0,Kyoto,camera8,camera6,128,0.9321165705191964
Modelo0,Kyoto,camera8,camera6,256,0.9341058285259598
Modelo0,Kyoto,camera8,camera6,512,0.9339566341754526
Modelo0,Kyoto,camera8,camera6,1024,0.9308732842649692
Modelo0,Kyoto,camera8,camera7,64,0.7852609642890973
Modelo0,Kyoto,camera8,camera7,128,0.8270815572605854
Modelo0,Kyoto,camera8,camera7,256,0.859050866723501
Modelo0,Kyoto,camera8,camera7,512,0.8403429004452022
Modelo0,Kyoto,camera8,camera7,1024,0.8395851094060812
Modelo0,Kyoto,camera8,camera8,64,0.9225501543209876
Modelo0,Kyoto,camera8,camera8,128,0.9488811728395061
Modelo0,Kyoto,camera8,camera8,256,0.9545717592592593
Modelo0,Kyoto,camera8,camera8,512,0.9549575617283951
Modelo0,Kyoto,camera8,camera8,1024,0.9510995370370371
Modelo0,Kyoto,camera8,camera9,64,0.8072354211663066
Modelo0,Kyoto,camera8,camera9,128,0.8620796050601666
Modelo0,Kyoto,camera8,camera9,256,0.8978710274606603
Modelo0,Kyoto,camera8,camera9,512,0.8735729713051528
Modelo0,Kyoto,camera8,camera9,1024,0.8796667695155816
Modelo0,Kyoto,camera9,PUC,64,0.1692081758886246
Modelo0,Kyoto,camera9,PUC,128,0.13596386805995903
Modelo0,Kyoto,camera9,PUC,256,0.09391758579803547
Modelo0,Kyoto,camera9,PUC,512,0.10372610631672494
Modelo0,Kyoto,camera9,PUC,1024,0.11944896905636894
Modelo0,Kyoto,camera9,UFPR04,64,0.30137089840612985
Modelo0,Kyoto,camera9,UFPR04,128,0.2908458754948367
Modelo0,Kyoto,camera9,UFPR04,256,0.20227128860670993
Modelo0,Kyoto,camera9,UFPR04,512,0.17904821291913495
Modelo0,Kyoto,camera9,UFPR04,1024,0.17474939296883119
Modelo0,Kyoto,camera9,UFPR05,64,0.2560183370027445
Modelo0,Kyoto,camera9,UFPR05,128,0.17710890611333957
Modelo0,Kyoto,camera9,UFPR05,256,0.1327502488162379
Modelo0,Kyoto,camera9,UFPR05,512,0.11773682781916338
Modelo0,Kyoto,camera9,UFPR05,1024,0.13727418041439213
Modelo0,Kyoto,camera9,camera1,64,0.8096722876232898
Modelo0,Kyoto,camera9,camera1,128,0.8097995545657015
Modelo0,Kyoto,camera9,camera1,256,0.8311167674196628
Modelo0,Kyoto,camera9,camera1,512,0.8256442888959593
Modelo0,Kyoto,camera9,camera1,1024,0.8041998090995864
Modelo0,Kyoto,camera9,camera2,64,0.8989010989010989
Modelo0,Kyoto,camera9,camera2,128,0.9025641025641026
Modelo0,Kyoto,camera9,camera2,256,0.9086691086691087
Modelo0,Kyoto,camera9,camera2,512,0.9257631257631258
Modelo0,Kyoto,camera9,camera2,1024,0.9057387057387057
Modelo0,Kyoto,camera9,camera3,64,0.9205997254777742
Modelo0,Kyoto,camera9,camera3,128,0.9347481786506177
Modelo0,Kyoto,camera9,camera3,256,0.9387604265653046
Modelo0,Kyoto,camera9,camera3,512,0.9371766444937176
Modelo0,Kyoto,camera9,camera3,1024,0.9165874775630873
Modelo0,Kyoto,camera9,camera4,64,0.9237451737451737
Modelo0,Kyoto,camera9,camera4,128,0.9192205598455598
Modelo0,Kyoto,camera9,camera4,256,0.931648166023166
Modelo0,Kyoto,camera9,camera4,512,0.943653474903475
Modelo0,Kyoto,camera9,camera4,1024,0.9254946911196911
Modelo0,Kyoto,camera9,camera5,64,0.8884249928016125
Modelo0,Kyoto,camera9,camera5,128,0.8825703042518476
Modelo0,Kyoto,camera9,camera5,256,0.898166810634418
Modelo0,Kyoto,camera9,camera5,512,0.9151550052788175
Modelo0,Kyoto,camera9,camera5,1024,0.8932239178424033
Modelo0,Kyoto,camera9,camera6,64,0.9184901531728665
Modelo0,Kyoto,camera9,camera6,128,0.9248060473443406
Modelo0,Kyoto,camera9,camera6,256,0.9360453550825542
Modelo0,Kyoto,camera9,camera6,512,0.9472846628207678
Modelo0,Kyoto,camera9,camera6,1024,0.9309727471653073
Modelo0,Kyoto,camera9,camera7,64,0.8206876953680022
Modelo0,Kyoto,camera9,camera7,128,0.8147674528748697
Modelo0,Kyoto,camera9,camera7,256,0.8364592213697073
Modelo0,Kyoto,camera9,camera7,512,0.8512361466325661
Modelo0,Kyoto,camera9,camera7,1024,0.8366013071895425
Modelo0,Kyoto,camera9,camera8,64,0.9207357581797043
Modelo0,Kyoto,camera9,camera8,128,0.9225211758844046
Modelo0,Kyoto,camera9,camera8,256,0.9392542766982229
Modelo0,Kyoto,camera9,camera8,512,0.9512539445274871
Modelo0,Kyoto,camera9,camera8,1024,0.9404583956153463
Modelo0,Kyoto,camera9,camera9,64,0.872792937399679
Modelo0,Kyoto,camera9,camera9,128,0.8776083467094703
Modelo0,Kyoto,camera9,camera9,256,0.8972712680577849
Modelo0,Kyoto,camera9,camera9,512,0.9189406099518459
Modelo0,Kyoto,camera9,camera9,1024,0.8860353130016051
Modelo0,PKLot,camera1,camera1,64,0.9360858794384805
Modelo0,PKLot,camera1,camera1,128,0.9362510322047894
Modelo0,PKLot,camera1,camera1,256,0.9587118084227911
Modelo0,PKLot,camera1,camera1,512,0.9187448389760529
Modelo0,PKLot,camera1,camera1,1024,0.9542526837324525
Modelo0,PKLot,camera1,camera2,64,0.9506715506715506
Modelo0,PKLot,camera1,camera2,128,0.9457875457875458
Modelo0,PKLot,camera1,camera2,256,0.9553113553113554
Modelo0,PKLot,camera1,camera2,512,0.938949938949939
Modelo0,PKLot,camera1,camera2,1024,0.958974358974359
Modelo0,PKLot,camera1,camera3,64,0.9468905078661176
Modelo0,PKLot,camera1,camera3,128,0.9493189737092176
Modelo0,PKLot,camera1,camera3,256,0.9377045718509133
Modelo0,PKLot,camera1,camera3,512,0.9407665505226481
Modelo0,PKLot,camera1,camera3,1024,0.9501636574807306
Modelo0,PKLot,camera1,camera4,64,0.9491433397683398
Modelo0,PKLot,camera1,camera4,128,0.9501085907335908
Modelo0,PKLot,camera1,camera4,256,0.9584338803088803
Modelo0,PKLot,camera1,camera4,512,0.9450410231660231
Modelo0,PKLot,camera1,camera4,1024,0.950832528957529
Modelo0,PKLot,camera1,camera5,64,0.9263844898742681
Modelo0,PKLot,camera1,camera5,128,0.9316633074191382
Modelo0,PKLot,camera1,camera5,256,0.9356944044534025
Modelo0,PKLot,camera1,camera5,512,0.9200499088204243
Modelo0,PKLot,camera1,camera5,1024,0.9381898454746137
Modelo0,PKLot,camera1,camera6,64,0.9432066839069028
Modelo0,PKLot,camera1,camera6,128,0.940521185597772
Modelo0,PKLot,camera1,camera6,256,0.9501193554804058
Modelo0,PKLot,camera1,camera6,512,0.9394768251442212
Modelo0,PKLot,camera1,camera6,1024,0.9507161328824348
Modelo0,PKLot,camera1,camera7,64,0.8723595718480629
Modelo0,PKLot,camera1,camera7,128,0.8769536800227338
Modelo0,PKLot,camera1,camera7,256,0.8979350194183954
Modelo0,PKLot,camera1,camera7,512,0.8627450980392157
Modelo0,PKLot,camera1,camera7,1024,0.8886520791891636
Modelo0,PKLot,camera1,camera8,64,0.9378010297292808
Modelo0,PKLot,camera1,camera8,128,0.9397110114598903
Modelo0,PKLot,camera1,camera8,256,0.9400431821956485
Modelo0,PKLot,camera1,camera8,512,0.9362232187344295
Modelo0,PKLot,camera1,camera8,1024,0.9433233682112606
Modelo0,PKLot,camera1,camera9,64,0.8984881209503239
Modelo0,PKLot,camera1,camera9,128,0.9175408824436903
Modelo0,PKLot,camera1,camera9,256,0.9226319037334156
Modelo0,PKLot,camera1,camera9,512,0.9009564949089787
Modelo0,PKLot,camera1,camera9,1024,0.9204720765195927
Modelo0,PKLot,camera2,camera1,64,0.8482341711740375
Modelo0,PKLot,camera2,camera1,128,0.8460069996818327
Modelo0,PKLot,camera2,camera1,256,0.815272033089405
Modelo0,PKLot,camera2,camera1,512,0.9039770919503659
Modelo0,PKLot,camera2,camera1,1024,0.8761692650334075
Modelo0,PKLot,camera2,camera2,64,0.9603174603174603
Modelo0,PKLot,camera2,camera2,128,0.971655328798186
Modelo0,PKLot,camera2,camera2,256,0.971655328798186
Modelo0,PKLot,camera2,camera2,512,0.9807256235827665
Modelo0,PKLot,camera2,camera2,1024,0.9920634920634921
Modelo0,PKLot,camera2,camera3,64,0.9295744905501003
Modelo0,PKLot,camera2,camera3,128,0.9318973709217612
Modelo0,PKLot,camera2,camera3,256,0.9232393622637525
Modelo0,PKLot,camera2,camera3,512,0.9541759053954176
Modelo0,PKLot,camera2,camera3,1024,0.9485798754091437
Modelo0,PKLot,camera2,camera4,64,0.9298383204633205
Modelo0,PKLot,camera2,camera4,128,0.917953667953668
Modelo0,PKLot,camera2,camera4,256,0.9132480694980695
Modelo0,PKLot,camera2,camera4,512,0.9543918918918919
Modelo0,PKLot,camera2,camera4,1024,0.9577099420849421
Modelo0,PKLot,camera2,camera5,64,0.9099721662347634
Modelo0,PKLot,camera2,camera5,128,0.8914963048277186
Modelo0,PKLot,camera2,camera5,256,0.878683174968807
Modelo0,PKLot,camera2,camera5,512,0.9337268451866781
Modelo0,PKLot,camera2,camera5,1024,0.9298877051540455
Modelo0,PKLot,camera2,camera6,64,0.9101352695444599
Modelo0,PKLot,camera2,camera6,128,0.9023771633180824
Modelo0,PKLot,camera2,camera6,256,0.8970061666998209
Modelo0,PKLot,camera2,camera6,512,0.9404714541476029
Modelo0,PKLot,camera2,camera6,1024,0.9309230157151382
Modelo0,PKLot,camera2,camera7,64,0.8421426541631145
Modelo0,PKLot,camera2,camera7,128,0.8263711281614095
Modelo0,PKLot,camera2,camera7,256,0.8114521170787156
Modelo0,PKLot,camera2,camera7,512,0.8870417732310315
Modelo0,PKLot,camera2,camera7,1024,0.8856682769726248
Modelo0,PKLot,camera2,camera8,64,0.9245142002989537
Modelo0,PKLot,camera2,camera8,128,0.9248463710347118
Modelo0,PKLot,camera2,camera8,256,0.9174970935060621
Modelo0,PKLot,camera2,camera8,512,0.9482228865636937
Modelo0,PKLot,camera2,camera8,1024,0.9440707523667164
Modelo0,PKLot,camera2,camera9,64,0.8701018204257945
Modelo0,PKLot,camera2,camera9,128,0.8647022523912373
Modelo0,PKLot,camera2,camera9,256,0.8609996914532552
Modelo0,PKLot,camera2,camera9,512,0.9176180191298982
Modelo0,PKLot,camera2,camera9,1024,0.9146868250539957
Modelo0,PKLot,camera3,camera1,64,0.8416162901686287
Modelo0,PKLot,camera3,camera1,128,0.8536430162265352
Modelo0,PKLot,camera3,camera1,256,0.869424117085587
Modelo0,PKLot,camera3,camera1,512,0.8416799236398346
Modelo0,PKLot,camera3,camera1,1024,0.873814826598791
Modelo0,PKLot,camera3,camera2,64,0.9008547008547009
Modelo0,PKLot,camera3,camera2,128,0.8700854700854701
Modelo0,PKLot,camera3,camera2,256,0.9406593406593406
Modelo0,PKLot,camera3,camera2,512,0.9318681318681319
Modelo0,PKLot,camera3,camera2,1024,0.9594627594627595
Modelo0,PKLot,camera3,camera3,64,0.949615975422427
Modelo0,PKLot,camera3,camera3,128,0.9514592933947773
Modelo0,PKLot,camera3,camera3,256,0.9526881720430107
Modelo0,PKLot,camera3,camera3,512,0.9609831029185868
Modelo0,PKLot,camera3,camera3,1024,0.9692780337941628
Modelo0,PKLot,camera3,camera4,64,0.933940637065637
Modelo0,PKLot,camera3,camera4,128,0.930682915057915
Modelo0,PKLot,camera3,camera4,256,0.9482987451737451
Modelo0,PKLot,camera3,camera4,512,0.9309242277992278
Modelo0,PKLot,camera3,camera4,1024,0.9530043436293436
Modelo0,PKLot,camera3,camera5,64,0.9175064785488051
Modelo0,PKLot,camera3,camera5,128,0.9009501871580766
Modelo0,PKLot,camera3,camera5,256,0.9179383818024762
Modelo0,PKLot,camera3,camera5,512,0.8985987138880891
Modelo0,PKLot,camera3,camera5,1024,0.916978596794318
Modelo0,PKLot,camera3,camera6,64,0.9344042172269743
Modelo0,PKLot,camera3,camera6,128,0.9356972349313706
Modelo0,PKLot,camera3,camera6,256,0.9431569524567336
Modelo0,PKLot,camera3,camera6,512,0.9348020688283271
Modelo0,PKLot,camera3,camera6,1024,0.9408693057489557
Modelo0,PKLot,camera3,camera7,64,0.8581509898645449
Modelo0,PKLot,camera3,camera7,128,0.8678128256133372
Modelo0,PKLot,camera3,camera7,256,0.8639291465378421
Modelo0,PKLot,camera3,camera7,512,0.8597139338827319
Modelo0,PKLot,camera3,camera7,1024,0.8770484039026238
Modelo0,PKLot,camera3,camera8,64,0.9401677462215579
Modelo0,PKLot,camera3,camera8,128,0.9338980235841222
Modelo0,PKLot,camera3,camera8,256,0.9421607706361069
Modelo0,PKLot,camera3,camera8,512,0.9317804351436638
Modelo0,PKLot,camera3,camera8,1024,0.9360986547085202
Modelo0,PKLot,camera3,camera9,64,0.8824436902190682
Modelo0,PKLot,camera3,camera9,128,0.8903116322122802
Modelo0,PKLot,camera3,camera9,256,0.9011107682813946
Modelo0,PKLot,camera3,camera9,512,0.8885374884294971
Modelo0,PKLot,camera3,camera9,1024,0.9029620487503857
Modelo0,PKLot,camera4,camera1,64,0.7814190264078905
Modelo0,PKLot,camera4,camera1,128,0.8579700922685333
Modelo0,PKLot,camera4,camera1,256,0.8600699968183264
Modelo0,PKLot,camera4,camera1,512,0.8452433980273624
Modelo0,PKLot,camera4,camera1,1024,0.8349984091632199
Modelo0,PKLot,camera4,camera2,64,0.8776556776556776
Modelo0,PKLot,camera4,camera2,128,0.944078144078144
Modelo0,PKLot,camera4,camera2,256,0.9409035409035409
Modelo0,PKLot,camera4,camera2,512,0.9194139194139194
Modelo0,PKLot,camera4,camera2,1024,0.9225885225885226
Modelo0,PKLot,camera4,camera3,64,0.890296695174744
Modelo0,PKLot,camera4,camera3,128,0.9258789990497308
Modelo0,PKLot,camera4,camera3,256,0.9326364692218351
Modelo0,PKLot,camera4,camera3,512,0.9215499947207264
Modelo0,PKLot,camera4,camera3,1024,0.9289409777214656
Modelo0,PKLot,camera4,camera4,64,0.9428214341509139
Modelo0,PKLot,camera4,camera4,128,0.9620371816903609
Modelo0,PKLot,camera4,camera4,256,0.9561006092798
Modelo0,PKLot,camera4,camera4,512,0.945164817997188
Modelo0,PKLot,camera4,camera4,1024,0.9471957506639588
Modelo0,PKLot,camera4,camera5,64,0.9078126499664075
Modelo0,PKLot,camera4,camera5,128,0.9305115654093483
Modelo0,PKLot,camera4,camera5,256,0.9286399846434399
Modelo0,PKLot,camera4,camera5,512,0.9266244361263077
Modelo0,PKLot,camera4,camera5,1024,0.921201650830214
Modelo0,PKLot,camera4,camera6,64,0.9132186194549433
Modelo0,PKLot,camera4,camera6,128,0.9444002387109608
Modelo0,PKLot,camera4,camera6,256,0.945096479013328
Modelo0,PKLot,camera4,camera6,512,0.9351501889795106
Modelo0,PKLot,camera4,camera6,1024,0.9454445991645116
Modelo0,PKLot,camera4,camera7,64,0.8137728521360235
Modelo0,PKLot,camera4,camera7,128,0.8642133181775126
Modelo0,PKLot,camera4,camera7,256,0.8690442360519087
Modelo0,PKLot,camera4,camera7,512,0.8779956427015251
Modelo0,PKLot,camera4,camera7,1024,0.8743014113858104
Modelo0,PKLot,camera4,camera8,64,0.9167497093506062
Modelo0,PKLot,camera4,camera8,128,0.9435724962630793
Modelo0,PKLot,camera4,camera8,256,0.9473509383823285
Modelo0,PKLot,camera4,camera8,512,0.949634612190666
Modelo0,PKLot,camera4,camera8,1024,0.9540773957814317
Modelo0,PKLot,camera4,camera9,64,0.8187287874112928
Modelo0,PKLot,camera4,camera9,128,0.8806695464362851
Modelo0,PKLot,camera4,camera9,256,0.9090558469608145
Modelo0,PKLot,camera4,camera9,512,0.9012650416538106
Modelo0,PKLot,camera4,camera9,1024,0.8989509410675718
Modelo0,PKLot,camera5,camera1,64,0.8359529112313077
Modelo0,PKLot,camera5,camera1,128,0.7989818644607063
Modelo0,PKLot,camera5,camera1,256,0.8442252624880687
Modelo0,PKLot,camera5,camera1,512,0.8847597836461979
Modelo0,PKLot,camera5,camera1,1024,0.9032134902958956
Modelo0,PKLot,camera5,camera2,64,0.882051282051282
Modelo0,PKLot,camera5,camera2,128,0.8710622710622711
Modelo0,PKLot,camera5,camera2,256,0.9218559218559218
Modelo0,PKLot,camera5,camera2,512,0.947008547008547
Modelo0,PKLot,camera5,camera2,1024,0.9523809523809523
Modelo0,PKLot,camera5,camera3,64,0.9112026185196916
Modelo0,PKLot,camera5,camera3,128,0.9019110970330483
Modelo0,PKLot,camera5,camera3,256,0.9282018794213917
Modelo0,PKLot,camera5,camera3,512,0.9427726744799916
Modelo0,PKLot,camera5,camera3,1024,0.9368598880794002
Modelo0,PKLot,camera5,camera4,64,0.939128861003861
Modelo0,PKLot,camera5,camera4,128,0.924831081081081
Modelo0,PKLot,camera5,camera4,256,0.9519787644787645
Modelo0,PKLot,camera5,camera4,512,0.965190637065637
Modelo0,PKLot,camera5,camera4,1024,0.9694739382239382
Modelo0,PKLot,camera5,camera5,64,0.8844971453667105
Modelo0,PKLot,camera5,camera5,128,0.8777997364953887
Modelo0,PKLot,camera5,camera5,256,0.9229249011857708
Modelo0,PKLot,camera5,camera5,512,0.9414800175669741
Modelo0,PKLot,camera5,camera5,1024,0.9478480456741326
Modelo0,PKLot,camera5,camera6,64,0.9262979908494132
Modelo0,PKLot,camera5,camera6,128,0.9303759697632783
Modelo0,PKLot,camera5,camera6,256,0.9572806843047543
Modelo0,PKLot,camera5,camera6,512,0.9599164511637159
Modelo0,PKLot,camera5,camera6,1024,0.9617565148199722
Modelo0,PKLot,camera5,camera7,64,0.8323387325944871
Modelo0,PKLot,camera5,camera7,128,0.8345173818319599
Modelo0,PKLot,camera5,camera7,256,0.8785166240409207
Modelo0,PKLot,camera5,camera7,512,0.8991664298569669
Modelo0,PKLot,camera5,camera7,1024,0.9120015155820782
Modelo0,PKLot,camera5,camera8,64,0.9291230692575984
Modelo0,PKLot,camera5,camera8,128,0.9323202125892709
Modelo0,PKLot,camera5,camera8,256,0.9550323866467364
Modelo0,PKLot,camera5,camera8,512,0.9584371366882578
Modelo0,PKLot,camera5,camera8,1024,0.9582295299784089
Modelo0,PKLot,camera5,camera9,64,0.8349274915149645
Modelo0,PKLot,camera5,camera9,128,0.8316106140080222
Modelo0,PKLot,camera5,camera9,256,0.9009564949089787
Modelo0,PKLot,camera5,camera9,512,0.9104443073125579
Modelo0,PKLot,camera5,camera9,1024,0.9210891700092564
Modelo0,PKLot,camera6,camera1,64,0.775119312758511
Modelo0,PKLot,camera6,camera1,128,0.6937321030862234
Modelo0,PKLot,camera6,camera1,256,0.7684377982818963
Modelo0,PKLot,camera6,camera1,512,0.7358574610244989
Modelo0,PKLot,camera6,camera1,1024,0.7544384346166083
Modelo0,PKLot,camera6,camera2,64,0.8905982905982905
Modelo0,PKLot,camera6,camera2,128,0.8224664224664224
Modelo0,PKLot,camera6,camera2,256,0.9101343101343101
Modelo0,PKLot,camera6,camera2,512,0.8844932844932845
Modelo0,PKLot,camera6,camera2,1024,0.9167277167277167
Modelo0,PKLot,camera6,camera3,64,0.921233238306409
Modelo0,PKLot,camera6,camera3,128,0.883011297645444
Modelo0,PKLot,camera6,camera3,256,0.9128919860627178
Modelo0,PKLot,camera6,camera3,512,0.8936754302607961
Modelo0,PKLot,camera6,camera3,1024,0.9156372083201352
Modelo0,PKLot,camera6,camera4,64,0.9119811776061776
Modelo0,PKLot,camera6,camera4,128,0.87566361003861
Modelo0,PKLot,camera6,camera4,256,0.9428088803088803
Modelo0,PKLot,camera6,camera4,512,0.9279078185328186
Modelo0,PKLot,camera6,camera4,1024,0.9359917953667953
Modelo0,PKLot,camera6,camera5,64,0.900710240906037
Modelo0,PKLot,camera6,camera5,128,0.8601593243113542
Modelo0,PKLot,camera6,camera5,256,0.9310874364142432
Modelo0,PKLot,camera6,camera5,512,0.9132354352625012
Modelo0,PKLot,camera6,camera5,1024,0.9216335540838853
Modelo0,PKLot,camera6,camera6,64,0.9302030456852792
Modelo0,PKLot,camera6,camera6,128,0.9207429626211352
Modelo0,PKLot,camera6,camera6,256,0.9605445316105214
Modelo0,PKLot,camera6,camera6,512,0.9493539455468389
Modelo0,PKLot,camera6,camera6,1024,0.9636594370096908
Modelo0,PKLot,camera6,camera7,64,0.8286445012787724
Modelo0,PKLot,camera6,camera7,128,0.8081367812825613
Modelo0,PKLot,camera6,camera7,256,0.8482523444160273
Modelo0,PKLot,camera6,camera7,512,0.8286918632187175
Modelo0,PKLot,camera6,camera7,1024,0.8579141801648196
Modelo0,PKLot,camera6,camera8,64,0.9299534960969938
Modelo0,PKLot,camera6,camera8,128,0.9148812489619664
Modelo0,PKLot,camera6,camera8,256,0.9438216243148979
Modelo0,PKLot,camera6,camera8,512,0.9283756851021425
Modelo0,PKLot,camera6,camera8,1024,0.9448181365221724
Modelo0,PKLot,camera6,camera9,64,0.853594569577291
Modelo0,PKLot,camera6,camera9,128,0.8215828448009873
Modelo0,PKLot,camera6,camera9,256,0.8775840789879666
Modelo0,PKLot,camera6,camera9,512,0.8506633755013885
Modelo0,PKLot,camera6,camera9,1024,0.89069731564332
Modelo0,PKLot,camera7,camera1,64,0.8689150493159402
Modelo0,PKLot,camera7,camera1,128,0.9157492841234489
Modelo0,PKLot,camera7,camera1,256,0.8935412026726058
Modelo0,PKLot,camera7,camera1,512,0.8951320394527521
Modelo0,PKLot,camera7,camera1,1024,0.8780782691695832
Modelo0,PKLot,camera7,camera2,64,0.915995115995116
Modelo0,PKLot,camera7,camera2,128,0.9367521367521368
Modelo0,PKLot,camera7,camera2,256,0.9487179487179487
Modelo0,PKLot,camera7,camera2,512,0.9550671550671551
Modelo0,PKLot,camera7,camera2,1024,0.9316239316239316
Modelo0,PKLot,camera7,camera3,64,0.9274627811213177
Modelo0,PKLot,camera7,camera3,128,0.9473128497518741
Modelo0,PKLot,camera7,camera3,256,0.9538591489811002
Modelo0,PKLot,camera7,camera3,512,0.9497413155949741
Modelo0,PKLot,camera7,camera3,1024,0.9425615035371133
Modelo0,PKLot,camera7,camera4,64,0.9463682432432432
Modelo0,PKLot,camera7,camera4,128,0.9520994208494209
Modelo0,PKLot,camera7,camera4,256,0.9548745173745173
Modelo0,PKLot,camera7,camera4,512,0.960605694980695
Modelo0,PKLot,camera7,camera4,1024,0.959942084942085
Modelo0,PKLot,camera7,camera5,64,0.9365582109607448
Modelo0,PKLot,camera7,camera5,128,0.9457241577886554
Modelo0,PKLot,camera7,camera5,256,0.9490354160668011
Modelo0,PKLot,camera7,camera5,512,0.9554659756214607
Modelo0,PKLot,camera7,camera5,1024,0.949611287071696
Modelo0,PKLot,camera7,camera6,64,0.9301770439626019
Modelo0,PKLot,camera7,camera6,128,0.9462900338173861
Modelo0,PKLot,camera7,camera6,256,0.9536005569922419
Modelo0,PKLot,camera7,camera6,512,0.9626019494728466
Modelo0,PKLot,camera7,camera6,1024,0.9572309528545853
Modelo0,PKLot,camera7,camera7,64,0.9232475598935226
Modelo0,PKLot,camera7,camera7,128,0.9383318544809228
Modelo0,PKLot,camera7,camera7,256,0.9262422360248447
Modelo0,PKLot,camera7,camera7,512,0.9354480922803904
Modelo0,PKLot,camera7,camera7,1024,0.926907719609583
Modelo0,PKLot,camera7,camera8,64,0.9284587277860821
Modelo0,PKLot,camera7,camera8,128,0.9464789902009633
Modelo0,PKLot,camera7,camera8,256,0.9571499750871948
Modelo0,PKLot,camera7,camera8,512,0.9592260421856834
Modelo0,PKLot,camera7,camera8,1024,0.9573575817970437
Modelo0,PKLot,camera7,camera9,64,0.8852206109225548
Modelo0,PKLot,camera7,camera9,128,0.9088244369021907
Modelo0,PKLot,camera7,camera9,256,0.9264116013576057
Modelo0,PKLot,camera7,camera9,512,0.9326596729404505
Modelo0,PKLot,camera7,camera9,1024,0.9173094723850663
Modelo0,PKLot,camera8,camera1,64,0.7644288895959275
Modelo0,PKLot,camera8,camera1,128,0.7387846006999682
Modelo0,PKLot,camera8,camera1,256,0.7813553929366847
Modelo0,PKLot,camera8,camera1,512,0.70130448615972
Modelo0,PKLot,camera8,camera1,1024,0.809608654152084
Modelo0,PKLot,camera8,camera2,64,0.8664224664224665
Modelo0,PKLot,camera8,camera2,128,0.8380952380952381
Modelo0,PKLot,camera8,camera2,256,0.8647130647130647
Modelo0,PKLot,camera8,camera2,512,0.8395604395604396
Modelo0,PKLot,camera8,camera2,1024,0.8957264957264958
Modelo0,PKLot,camera8,camera3,64,0.8926195755464048
Modelo0,PKLot,camera8,camera3,128,0.9132087424770352
Modelo0,PKLot,camera8,camera3,256,0.9180656741632351
Modelo0,PKLot,camera8,camera3,512,0.9100411783338612
Modelo0,PKLot,camera8,camera3,1024,0.9382324992081089
Modelo0,PKLot,camera8,camera4,64,0.923503861003861
Modelo0,PKLot,camera8,camera4,128,0.9133083976833977
Modelo0,PKLot,camera8,camera4,256,0.9296573359073359
Modelo0,PKLot,camera8,camera4,512,0.9093267374517374
Modelo0,PKLot,camera8,camera4,1024,0.9438344594594594
Modelo0,PKLot,camera8,camera5,64,0.8971110471254439
Modelo0,PKLot,camera8,camera5,128,0.8874652077934543
Modelo0,PKLot,camera8,camera5,256,0.9079566177176313
Modelo0,PKLot,camera8,camera5,512,0.8825703042518476
Modelo0,PKLot,camera8,camera5,1024,0.9202418658220558
Modelo0,PKLot,camera8,camera6,64,0.9220708175850407
Modelo0,PKLot,camera8,camera6,128,0.9287845633578675
Modelo0,PKLot,camera8,camera6,256,0.9362940123333996
Modelo0,PKLot,camera8,camera6,512,0.9273920827531331
Modelo0,PKLot,camera8,camera6,1024,0.9538989456932564
Modelo0,PKLot,camera8,camera7,64,0.8092734678412428
Modelo0,PKLot,camera8,camera7,128,0.8156199677938808
Modelo0,PKLot,camera8,camera7,256,0.8356540683906413
Modelo0,PKLot,camera8,camera7,512,0.8182722364308042
Modelo0,PKLot,camera8,camera7,1024,0.8660604338353699
Modelo0,PKLot,camera8,camera8,64,0.941358024691358
Modelo0,PKLot,camera8,camera8,128,0.9456983024691358
Modelo0,PKLot,camera8,camera8,256,0.9561149691358025
Modelo0,PKLot,camera8,camera8,512,0.9490740740740741
Modelo0,PKLot,camera8,camera8,1024,0.9708719135802469
Modelo0,PKLot,camera8,camera9,64,0.8152576365319346
Modelo0,PKLot,camera8,camera9,128,0.8389385991977785
Modelo0,PKLot,camera8,camera9,256,0.8808238198087011
Modelo0,PKLot,camera8,camera9,512,0.8603825979635915
Modelo0,PKLot,camera8,camera9,1024,0.9114470842332614
Modelo0,PKLot,camera9,camera1,64,0.8346166083359847
Modelo0,PKLot,camera9,camera1,128,0.8681514476614699
Modelo0,PKLot,camera9,camera1,256,0.8853961183582565
Modelo0,PKLot,camera9,camera1,512,0.8453070314985682
Modelo0,PKLot,camera9,camera1,1024,0.8437798281896277
Modelo0,PKLot,camera9,camera2,64,0.8930402930402931
Modelo0,PKLot,camera9,camera2,128,0.9294261294261295
Modelo0,PKLot,camera9,camera2,256,0.9487179487179487
Modelo0,PKLot,camera9,camera2,512,0.9277167277167278
Modelo0,PKLot,camera9,camera2,1024,0.9196581196581196
Modelo0,PKLot,camera9,camera3,64,0.9227114349065568
Modelo0,PKLot,camera9,camera3,128,0.9485798754091437
Modelo0,PKLot,camera9,camera3,256,0.9469960933375567
Modelo0,PKLot,camera9,camera3,512,0.9452011403230915
Modelo0,PKLot,camera9,camera3,1024,0.9431950163657481
Modelo0,PKLot,camera9,camera4,64,0.9438947876447876
Modelo0,PKLot,camera9,camera4,128,0.9473938223938224
Modelo0,PKLot,camera9,camera4,256,0.9559000965250966
Modelo0,PKLot,camera9,camera4,512,0.9471525096525096
Modelo0,PKLot,camera9,camera4,1024,0.9452220077220077
Modelo0,PKLot,camera9,camera5,64,0.9261925328726365
Modelo0,PKLot,camera9,camera5,128,0.927008350129571
Modelo0,PKLot,camera9,camera5,256,0.9359823399558499
Modelo0,PKLot,camera9,camera5,512,0.9319512429215856
Modelo0,PKLot,camera9,camera5,1024,0.9272962856320184
Modelo0,PKLot,camera9,camera6,64,0.945046747563159
Modelo0,PKLot,camera9,camera6,128,0.9572806843047543
Modelo0,PKLot,camera9,camera6,256,0.9576785359061071
Modelo0,PKLot,camera9,camera6,512,0.9589218221603342
Modelo0,PKLot,camera9,camera6,1024,0.9572806843047543
Modelo0,PKLot,camera9,camera7,64,0.8618925831202046
Modelo0,PKLot,camera9,camera7,128,0.8657762621956996
Modelo0,PKLot,camera9,camera7,256,0.8706071800700956
Modelo0,PKLot,camera9,camera7,512,0.8782324524012504
Modelo0,PKLot,camera9,camera7,1024,0.8839632471346026
Modelo0,PKLot,camera9,camera8,64,0.9370121242318552
Modelo0,PKLot,camera9,camera8,128,0.9498422189005149
Modelo0,PKLot,camera9,camera8,256,0.9491363560870287
Modelo0,PKLot,camera9,camera8,512,0.9513785085533965
Modelo0,PKLot,camera9,camera8,1024,0.9503819963461219
Modelo0,PKLot,camera9,camera9,64,0.9143258426966292
Modelo0,PKLot,camera9,camera9,128,0.9259630818619583
Modelo0,PKLot,camera9,camera9,256,0.9329855537720706
Modelo0,PKLot,camera9,camera9,512,0.9458266452648475
Modelo0,PKLot,camera9,camera9,1024,0.9466292134831461
Modelo1,CNR,PUC,PUC,64,0.939999101648475
Modelo1,CNR,PUC,PUC,128,0.9674197846950845
Modelo1,CNR,PUC,PUC,256,0.9784455524113252
Modelo1,CNR,PUC,PUC,512,0.9773615415712168
Modelo1,CNR,PUC,PUC,1024,0.983967419784695
Modelo1,CNR,PUC,UFPR04,64,0.8482374838203754
Modelo1,CNR,PUC,UFPR04,128,0.8793684986253224
Modelo1,CNR,PUC,UFPR04,256,0.9055865763442079
Modelo1,CNR,PUC,UFPR04,512,0.8531882127301759
Modelo1,CNR,PUC,UFPR04,1024,0.9070982492937653
Modelo1,CNR,PUC,UFPR05,64,0.680700907802274
Modelo1,CNR,PUC,UFPR05,128,0.8068824079379919
Modelo1,CNR,PUC,UFPR05,256,0.8709231836414634
Modelo1,CNR,PUC,UFPR05,512,0.8671653044605966
Modelo1,CNR,PUC,UFPR05,1024,0.867237687366167
Modelo1,CNR,UFPR04,PUC,64,0.7511638925753672
Modelo1,CNR,UFPR04,PUC,128,0.8340707599540808
Modelo1,CNR,UFPR04,PUC,256,0.8867081699954976
Modelo1,CNR,UFPR04,PUC,512,0.923599144789415
Modelo1,CNR,UFPR04,PUC,1024,0.9045030561756434
Modelo1,CNR,UFPR04,UFPR04,64,0.916569076262465
Modelo1,CNR,UFPR04,UFPR04,128,0.9481883672238192
Modelo1,CNR,UFPR04,UFPR04,256,0.9654707406224493
Modelo1,CNR,UFPR04,UFPR04,512,0.9688065580751624
Modelo1,CNR,UFPR04,UFPR04,1024,0.9761879413747826
Modelo1,CNR,UFPR04,UFPR05,64,0.6023524444310402
Modelo1,CNR,UFPR04,UFPR05,128,0.7820671351449167
Modelo1,CNR,UFPR04,UFPR05,256,0.860880055493561
Modelo1,CNR,UFPR04,UFPR05,512,0.9046536176373013
Modelo1,CNR,UFPR04,UFPR05,1024,0.8577012395572579
Modelo1,CNR,UFPR05,PUC,64,0.6655744738026934
Modelo1,CNR,UFPR05,PUC,128,0.687501620609915
Modelo1,CNR,UFPR05,PUC,256,0.8481129028836248
Modelo1,CNR,UFPR05,PUC,512,0.8228125302022757
Modelo1,CNR,UFPR05,PUC,1024,0.8547414920926022
Modelo1,CNR,UFPR05,UFPR04,64,0.8135634855399034
Modelo1,CNR,UFPR05,UFPR04,128,0.801347278516293
Modelo1,CNR,UFPR05,UFPR04,256,0.8626550645767788
Modelo1,CNR,UFPR05,UFPR04,512,0.855096699828992
Modelo1,CNR,UFPR05,UFPR04,1024,0.9157431289740464
Modelo1,CNR,UFPR05,UFPR05,64,0.8848042005265834
Modelo1,CNR,UFPR05,UFPR05,128,0.9207848671780747
Modelo1,CNR,UFPR05,UFPR05,256,0.9653699361878096
Modelo1,CNR,UFPR05,UFPR05,512,0.9679118010819998
Modelo1,CNR,UFPR05,UFPR05,1024,0.9730334691523829
Modelo1,Kyoto,PUC,PUC,64,0.9425444309691716
Modelo1,Kyoto,PUC,PUC,128,0.9661291530042372
Modelo1,Kyoto,PUC,PUC,256,0.9779574480827681
Modelo1,Kyoto,PUC,PUC,512,0.973178217970025
Modelo1,Kyoto,PUC,PUC,1024,0.9826678045785983
Modelo1,Kyoto,PUC,UFPR04,64,0.852120593709551
Modelo1,Kyoto,PUC,UFPR04,128,0.872575418308249
Modelo1,Kyoto,PUC,UFPR04,256,0.9085815783755185
Modelo1,Kyoto,PUC,UFPR04,512,0.8864733614882421
Modelo1,Kyoto,PUC,UFPR04,1024,0.9305291800119044
Modelo1,Kyoto,PUC,UFPR05,64,0.7638326748499563
Modelo1,Kyoto,PUC,UFPR05,128,0.8603673432457701
Modelo1,Kyoto,PUC,UFPR05,256,0.8929818741140634
Modelo1,Kyoto,PUC,UFPR05,512,0.8844225955303556
Modelo1,Kyoto,PUC,UFPR05,1024,0.8664475073136895
Modelo1,Kyoto,PUC,camera1,64,0.08405981546293351
Modelo1,Kyoto,PUC,camera1,128,0.08965956092904868
Modelo1,Kyoto,PUC,camera1,256,0.0907413299395482
Modelo1,Kyoto,PUC,camera1,512,0.12892141266306076
Modelo1,Kyoto,PUC,camera1,1024,0.0869869551384028
Modelo1,Kyoto,PUC,camera2,64,0.07936507936507936
Modelo1,Kyoto,PUC,camera2,128,0.07448107448107448
Modelo1,Kyoto,PUC,camera2,256,0.07545787545787545
Modelo1,Kyoto,PUC,camera2,512,0.10525030525030525
Modelo1,Kyoto,PUC,camera2,1024,0.06935286935286936
Modelo1,Kyoto,PUC,camera3,64,0.08626333016576919
Modelo1,Kyoto,PUC,camera3,128,0.06567416323513885
Modelo1,Kyoto,PUC,camera3,256,0.06715235983528667
Modelo1,Kyoto,PUC,camera3,512,0.08605215922289093
Modelo1,Kyoto,PUC,camera3,1024,0.06715235983528667
Modelo1,Kyoto,PUC,camera4,64,0.05501930501930502
Modelo1,Kyoto,PUC,camera4,128,0.044461872586872585
Modelo1,Kyoto,PUC,camera4,256,0.04753861003861004
Modelo1,Kyoto,PUC,camera4,512,0.05954391891891892
Modelo1,Kyoto,PUC,camera4,1024,0.0464527027027027
Modelo1,Kyoto,PUC,camera5,64,0.0695364238410596
Modelo1,Kyoto,PUC,camera5,128,0.05744313273826663
Modelo1,Kyoto,PUC,camera5,256,0.05389192820808139
Modelo1,Kyoto,PUC,camera5,512,0.07030425184758614
Modelo1,Kyoto,PUC,camera5,1024,0.051972358191765045
Modelo1,Kyoto,PUC,camera6,64,0.07056892778993436
Modelo1,Kyoto,PUC,camera6,128,0.05629600159140641
Modelo1,Kyoto,PUC,camera6,256,0.0525164113785558
Modelo1,Kyoto,PUC,camera6,512,0.05923015715138254
Modelo1,Kyoto,PUC,camera6,1024,0.049184404217226974
Modelo1,Kyoto,PUC,camera7,64,0.10746424173534148
Modelo1,Kyoto,PUC,camera7,128,0.11238988348962774
Modelo1,Kyoto,PUC,camera7,256,0.11887846926210098
Modelo1,Kyoto,PUC,camera7,512,0.14743771904897224
Modelo1,Kyoto,PUC,camera7,1024,0.10675381263616558
Modelo1,Kyoto,PUC,camera8,64,0.07801860156120245
Modelo1,Kyoto,PUC,camera8,128,0.05991529646238167
Modelo1,Kyoto,PUC,camera8,256,0.059084869622986216
Modelo1,Kyoto,PUC,camera8,512,0.06539611360239163
Modelo1,Kyoto,PUC,camera8,1024,0.058462049493439625
Modelo1,Kyoto,PUC,camera9,64,0.10336315951866708
Modelo1,Kyoto,PUC,camera9,128,0.09271829682196853
Modelo1,Kyoto,PUC,camera9,256,0.09580376427028695
Modelo1,Kyoto,PUC,camera9,512,0.11647639617402036
Modelo1,Kyoto,PUC,camera9,1024,0.08978710274606604
Modelo1,Kyoto,UFPR04,PUC,64,0.7271057910580049
Modelo1,Kyoto,UFPR04,PUC,128,0.7986577814027056
Modelo1,Kyoto,UFPR04,PUC,256,0.8822977537757265
Modelo1,Kyoto,UFPR04,PUC,512,0.8756173050494669
Modelo1,Kyoto,UFPR04,PUC,1024,0.9174090042265507
Modelo1,Kyoto,UFPR04,UFPR04,64,0.9237375350438269
Modelo1,Kyoto,UFPR04,UFPR04,128,0.9424985509303618
Modelo1,Kyoto,UFPR04,UFPR04,256,0.9568236393531826
Modelo1,Kyoto,UFPR04,UFPR04,512,0.9568709559127956
Modelo1,Kyoto,UFPR04,UFPR04,1024,0.9713379940144552
Modelo1,Kyoto,UFPR04,UFPR05,64,0.6237114334831257
Modelo1,Kyoto,UFPR04,UFPR05,128,0.667852942063516
Modelo1,Kyoto,UFPR04,UFPR05,256,0.8552945079470399
Modelo1,Kyoto,UFPR04,UFPR05,512,0.8034623156497874
Modelo1,Kyoto,UFPR04,UFPR05,1024,0.8648611152999367
Modelo1,Kyoto,UFPR04,camera1,64,0.22634425707922368
Modelo1,Kyoto,UFPR04,camera1,128,0.15812917594654788
Modelo1,Kyoto,UFPR04,camera1,256,0.127521476296532
Modelo1,Kyoto,UFPR04,camera1,512,0.1440661788100541
Modelo1,Kyoto,UFPR04,camera1,1024,0.12007636016544702
Modelo1,Kyoto,UFPR04,camera2,64,0.2771672771672772
Modelo1,Kyoto,UFPR04,camera2,128,0.22271062271062272
Modelo1,Kyoto,UFPR04,camera2,256,0.08547008547008547
Modelo1,Kyoto,UFPR04,camera2,512,0.09426129426129426
Modelo1,Kyoto,UFPR04,camera2,1024,0.10085470085470086
Modelo1,Kyoto,UFPR04,camera3,64,0.27177700348432055
Modelo1,Kyoto,UFPR04,camera3,128,0.1835075493612079
Modelo1,Kyoto,UFPR04,camera3,256,0.07179812057860839
Modelo1,Kyoto,UFPR04,camera3,512,0.09576602259529089
Modelo1,Kyoto,UFPR04,camera3,1024,0.082039911308204
Modelo1,Kyoto,UFPR04,camera4,64,0.28812741312741313
Modelo1,Kyoto,UFPR04,camera4,128,0.20704633204633205
Modelo1,Kyoto,UFPR04,camera4,256,0.0851230694980695
Modelo1,Kyoto,UFPR04,camera4,512,0.13465250965250966
Modelo1,Kyoto,UFPR04,camera4,1024,0.09218146718146718
Modelo1,Kyoto,UFPR04,camera5,64,0.29283040598905846
Modelo1,Kyoto,UFPR04,camera5,128,0.21220846530377196
Modelo1,Kyoto,UFPR04,camera5,256,0.10365678088108264
Modelo1,Kyoto,UFPR04,camera5,512,0.1345618581437758
Modelo1,Kyoto,UFPR04,camera5,1024,0.10869565217391304
Modelo1,Kyoto,UFPR04,camera6,64,0.29391287049930376
Modelo1,Kyoto,UFPR04,camera6,128,0.20723095285458523
Modelo1,Kyoto,UFPR04,camera6,256,0.0677342351302964
Modelo1,Kyoto,UFPR04,camera6,512,0.09623035607718321
Modelo1,Kyoto,UFPR04,camera6,1024,0.0692759100855381
Modelo1,Kyoto,UFPR04,camera7,64,0.2563228189826655
Modelo1,Kyoto,UFPR04,camera7,128,0.182675002368097
Modelo1,Kyoto,UFPR04,camera7,256,0.11968362224116699
Modelo1,Kyoto,UFPR04,camera7,512,0.13256606990622335
Modelo1,Kyoto,UFPR04,camera7,1024,0.1238514729563323
Modelo1,Kyoto,UFPR04,camera8,64,0.30464208603222054
Modelo1,Kyoto,UFPR04,camera8,128,0.2338481979737585
Modelo1,Kyoto,UFPR04,camera8,256,0.06975585450921774
Modelo1,Kyoto,UFPR04,camera8,512,0.10280684271715662
Modelo1,Kyoto,UFPR04,camera8,1024,0.08183856502242152
Modelo1,Kyoto,UFPR04,camera9,64,0.30870101820425794
Modelo1,Kyoto,UFPR04,camera9,128,0.2489972230792965
Modelo1,Kyoto,UFPR04,camera9,256,0.11794199321197162
Modelo1,Kyoto,UFPR04,camera9,512,0.14910521443998767
Modelo1,Kyoto,UFPR04,camera9,1024,0.1291268127121259
Modelo1,Kyoto,UFPR05,PUC,64,0.6470629833837392
Modelo1,Kyoto,UFPR05,PUC,128,0.7538888744834674
Modelo1,Kyoto,UFPR05,PUC,256,0.8716948397423053
Modelo1,Kyoto,UFPR05,PUC,512,0.8954182116481191
Modelo1,Kyoto,UFPR05,PUC,1024,0.9095004278410176
Modelo1,Kyoto,UFPR05,UFPR04,64,0.6635677371200741
Modelo1,Kyoto,UFPR05,UFPR04,128,0.7171565431818826
Modelo1,Kyoto,UFPR05,UFPR04,256,0.787128104834519
Modelo1,Kyoto,UFPR05,UFPR04,512,0.8715266951994936
Modelo1,Kyoto,UFPR05,UFPR04,1024,0.8838090379146472
Modelo1,Kyoto,UFPR05,UFPR05,64,0.9306488204988125
Modelo1,Kyoto,UFPR05,UFPR05,128,0.9626839058220088
Modelo1,Kyoto,UFPR05,UFPR05,256,0.9749986721601299
Modelo1,Kyoto,UFPR05,UFPR05,512,0.976979050480678
Modelo1,Kyoto,UFPR05,UFPR05,1024,0.9793843375596579
Modelo1,Kyoto,UFPR05,camera1,64,0.4077632834871142
Modelo1,Kyoto,UFPR05,camera1,128,0.34253897550111356
Modelo1,Kyoto,UFPR05,camera1,256,0.26146993318485523
Modelo1,Kyoto,UFPR05,camera1,512,0.23989818644607064
Modelo1,Kyoto,UFPR05,camera1,1024,0.21368119630925866
Modelo1,Kyoto,UFPR05,camera2,64,0.35555555555555557
Modelo1,Kyoto,UFPR05,camera2,128,0.2905982905982906
Modelo1,Kyoto,UFPR05,camera2,256,0.18681318681318682
Modelo1,Kyoto,UFPR05,camera2,512,0.2026862026862027
Modelo1,Kyoto,UFPR05,camera2,1024,0.19877899877899877
Modelo1,Kyoto,UFPR05,camera3,64,0.3575124062928941
Modelo1,Kyoto,UFPR05,camera3,128,0.22278534473656425
Modelo1,Kyoto,UFPR05,camera3,256,0.12163446309787773
Modelo1,Kyoto,UFPR05,camera3,512,0.12068419385492556
Modelo1,Kyoto,UFPR05,camera3,1024,0.11318762538274733
Modelo1,Kyoto,UFPR05,camera4,64,0.3158783783783784
Modelo1,Kyoto,UFPR05,camera4,128,0.19751447876447875
Modelo1,Kyoto,UFPR05,camera4,256,0.11335666023166023
Modelo1,Kyoto,UFPR05,camera4,512,0.11751930501930502
Modelo1,Kyoto,UFPR05,camera4,1024,0.10418677606177607
Modelo1,Kyoto,UFPR05,camera5,64,0.3598713888089068
Modelo1,Kyoto,UFPR05,camera5,128,0.2686438237834725
Modelo1,Kyoto,UFPR05,camera5,256,0.1779921297629331
Modelo1,Kyoto,UFPR05,camera5,512,0.16772243017564065
Modelo1,Kyoto,UFPR05,camera5,1024,0.1472790095018716
Modelo1,Kyoto,UFPR05,camera6,64,0.27983887010145214
Modelo1,Kyoto,UFPR05,camera6,128,0.18395663417545255
Modelo1,Kyoto,UFPR05,camera6,256,0.10856375571911676
Modelo1,Kyoto,UFPR05,camera6,512,0.10185000994629004
Modelo1,Kyoto,UFPR05,camera6,1024,0.09090909090909091
Modelo1,Kyoto,UFPR05,camera7,64,0.37600644122383253
Modelo1,Kyoto,UFPR05,camera7,128,0.2887183859050867
Modelo1,Kyoto,UFPR05,camera7,256,0.231505162451454
Modelo1,Kyoto,UFPR05,camera7,512,0.20540873354172587
Modelo1,Kyoto,UFPR05,camera7,1024,0.19418395377474662
Modelo1,Kyoto,UFPR05,camera8,64,0.2891961468194652
Modelo1,Kyoto,UFPR05,camera8,128,0.1914964291645906
Modelo1,Kyoto,UFPR05,camera8,256,0.12061949842218901
Modelo1,Kyoto,UFPR05,camera8,512,0.11090350440126225
Modelo1,Kyoto,UFPR05,camera8,1024,0.10488290981564524
Modelo1,Kyoto,UFPR05,camera9,64,0.4183893859919778
Modelo1,Kyoto,UFPR05,camera9,128,0.30191298981795744
Modelo1,Kyoto,UFPR05,camera9,256,0.2322585621721691
Modelo1,Kyoto,UFPR05,camera9,512,0.17371181734032706
Modelo1,Kyoto,UFPR05,camera9,1024,0.18119407590249922
Modelo1,Kyoto,camera1,PUC,64,0.12308856426926404
Modelo1,Kyoto,camera1,PUC,128,0.16289781553569702
Modelo1,Kyoto,camera1,PUC,256,0.19013113386120037
Modelo1,Kyoto,camera1,PUC,512,0.17656751284112365
Modelo1,Kyoto,camera1,PUC,1024,0.1590507822536732
Modelo1,Kyoto,camera1,UFPR04,64,0.2211766484321117
Modelo1,Kyoto,camera1,UFPR04,128,0.3155900720879038
Modelo1,Kyoto,camera1,UFPR04,256,0.4015759190499136
Modelo1,Kyoto,camera1,UFPR04,512,0.337528225768355
Modelo1,Kyoto,camera1,UFPR04,1024,0.26397588881645456
Modelo1,Kyoto,camera1,UFPR05,64,0.28730584793557923
Modelo1,Kyoto,camera1,UFPR05,128,0.31401514009108183
Modelo1,Kyoto,camera1,UFPR05,256,0.32469161866272583
Modelo1,Kyoto,camera1,UFPR05,512,0.3005338239285822
Modelo1,Kyoto,camera1,UFPR05,1024,0.32624181922369333
Modelo1,Kyoto,camera1,camera1,64,0.8992568125516103
Modelo1,Kyoto,camera1,camera1,128,0.9129644921552436
Modelo1,Kyoto,camera1,camera1,256,0.9279933938893477
Modelo1,Kyoto,camera1,camera1,512,0.9441783649876135
Modelo1,Kyoto,camera1,camera1,1024,0.9303055326176713
Modelo1,Kyoto,camera1,camera2,64,0.9294261294261295
Modelo1,Kyoto,camera1,camera2,128,0.936019536019536
Modelo1,Kyoto,camera1,camera2,256,0.9406593406593406
Modelo1,Kyoto,camera1,camera2,512,0.947008547008547
Modelo1,Kyoto,camera1,camera2,1024,0.9316239316239316
Modelo1,Kyoto,camera1,camera3,64,0.9302080033787351
Modelo1,Kyoto,camera1,camera3,128,0.9448843839087742
Modelo1,Kyoto,camera1,camera3,256,0.9436173582515046
Modelo1,Kyoto,camera1,camera3,512,0.9505859993664871
Modelo1,Kyoto,camera1,camera3,1024,0.9466793369232394
Modelo1,Kyoto,camera1,camera4,64,0.9271838803088803
Modelo1,Kyoto,camera1,camera4,128,0.941722972972973
Modelo1,Kyoto,camera1,camera4,256,0.9387065637065637
Modelo1,Kyoto,camera1,camera4,512,0.9499276061776062
Modelo1,Kyoto,camera1,camera4,1024,0.9320704633204633
Modelo1,Kyoto,camera1,camera5,64,0.9018139936654189
Modelo1,Kyoto,camera1,camera5,128,0.9206257798253191
Modelo1,Kyoto,camera1,camera5,256,0.9238410596026491
Modelo1,Kyoto,camera1,camera5,512,0.9311834149150591
Modelo1,Kyoto,camera1,camera5,1024,0.9132354352625012
Modelo1,Kyoto,camera1,camera6,64,0.9247563158941715
Modelo1,Kyoto,camera1,camera6,128,0.9318181818181818
Modelo1,Kyoto,camera1,camera6,256,0.9298289238114184
Modelo1,Kyoto,camera1,camera6,512,0.935896160732047
Modelo1,Kyoto,camera1,camera6,1024,0.9275412771036403
Modelo1,Kyoto,camera1,camera7,64,0.8651605569764138
Modelo1,Kyoto,camera1,camera7,128,0.8931041015439992
Modelo1,Kyoto,camera1,camera7,256,0.8971298664393293
Modelo1,Kyoto,camera1,camera7,512,0.8926304821445487
Modelo1,Kyoto,camera1,camera7,1024,0.8836790754949323
Modelo1,Kyoto,camera1,camera8,64,0.9249294137186513
Modelo1,Kyoto,camera1,camera8,128,0.9359740906826108
Modelo1,Kyoto,camera1,camera8,256,0.9398770968277694
Modelo1,Kyoto,camera1,camera8,512,0.945067264573991
Modelo1,Kyoto,camera1,camera8,1024,0.9333582461385151
Modelo1,Kyoto,camera1,camera9,64,0.882675100277692
Modelo1,Kyoto,camera1,camera9,128,0.9014193150262265
Modelo1,Kyoto,camera1,camera9,256,0.8982567108917001
Modelo1,Kyoto,camera1,camera9,512,0.9163838321505708
Modelo1,Kyoto,camera1,camera9,1024,0.896328293736501
Modelo1,Kyoto,camera2,PUC,64,0.14600811365720387
Modelo1,Kyoto,camera2,PUC,128,0.18445015946801566
Modelo1,Kyoto,camera2,PUC,256,0.16875558373779828
Modelo1,Kyoto,camera2,PUC,512,0.10401840541413361
Modelo1,Kyoto,camera2,PUC,1024,0.1294979291551849
Modelo1,Kyoto,camera2,UFPR04,64,0.3093922129947186
Modelo1,Kyoto,camera2,UFPR04,128,0.20055176062658844
Modelo1,Kyoto,camera2,UFPR04,256,0.22073259450317922
Modelo1,Kyoto,camera2,UFPR04,512,0.23886322194193285
Modelo1,Kyoto,camera2,UFPR04,1024,0.19388150373666657
Modelo1,Kyoto,camera2,UFPR05,64,0.43429743342280663
Modelo1,Kyoto,camera2,UFPR05,128,0.34368609946617606
Modelo1,Kyoto,camera2,UFPR05,256,0.2781132189281298
Modelo1,Kyoto,camera2,UFPR05,512,0.2535573182133486
Modelo1,Kyoto,camera2,UFPR05,1024,0.2286756944235003
Modelo1,Kyoto,camera2,camera1,64,0.7736557429207763
Modelo1,Kyoto,camera2,camera1,128,0.84543429844098
Modelo1,Kyoto,camera2,camera1,256,0.870314985682469
Modelo1,Kyoto,camera2,camera1,512,0.7924912503977092
Modelo1,Kyoto,camera2,camera1,1024,0.8166083359847279
Modelo1,Kyoto,camera2,camera2,64,0.953514739229025
Modelo1,Kyoto,camera2,camera2,128,0.9693877551020408
Modelo1,Kyoto,camera2,camera2,256,0.9750566893424036
Modelo1,Kyoto,camera2,camera2,512,0.9727891156462585
Modelo1,Kyoto,camera2,camera2,1024,0.9727891156462585
Modelo1,Kyoto,camera2,camera3,64,0.9051842466476613
Modelo1,Kyoto,camera2,camera3,128,0.935804033365009
Modelo1,Kyoto,camera2,camera3,256,0.9417168197656003
Modelo1,Kyoto,camera2,camera3,512,0.9184880160489917
Modelo1,Kyoto,camera2,camera3,1024,0.9266180973498047
Modelo1,Kyoto,camera2,camera4,64,0.8882118725868726
Modelo1,Kyoto,camera2,camera4,128,0.9279681467181468
Modelo1,Kyoto,camera2,camera4,256,0.931949806949807
Modelo1,Kyoto,camera2,camera4,512,0.9022080115830116
Modelo1,Kyoto,camera2,camera4,1024,0.9115588803088803
Modelo1,Kyoto,camera2,camera5,64,0.8449467319320472
Modelo1,Kyoto,camera2,camera5,128,0.8880410787983491
Modelo1,Kyoto,camera2,camera5,256,0.8953354448603513
Modelo1,Kyoto,camera2,camera5,512,0.8617429695748152
Modelo1,Kyoto,camera2,camera5,1024,0.8723006046645552
Modelo1,Kyoto,camera2,camera6,64,0.8695046747563159
Modelo1,Kyoto,camera2,camera6,128,0.915307340362045
Modelo1,Kyoto,camera2,camera6,256,0.9266958424507659
Modelo1,Kyoto,camera2,camera6,512,0.9005370996618262
Modelo1,Kyoto,camera2,camera6,1024,0.9052615874278894
Modelo1,Kyoto,camera2,camera7,64,0.7598276025385999
Modelo1,Kyoto,camera2,camera7,128,0.8489627735152032
Modelo1,Kyoto,camera2,camera7,256,0.8561617883868523
Modelo1,Kyoto,camera2,camera7,512,0.7928388746803069
Modelo1,Kyoto,camera2,camera7,1024,0.8246660983233873
Modelo1,Kyoto,camera2,camera8,64,0.866965620328849
Modelo1,Kyoto,camera2,camera8,128,0.9175801361900017
Modelo1,Kyoto,camera2,camera8,256,0.9296213253612357
Modelo1,Kyoto,camera2,camera8,512,0.9104799867131705
Modelo1,Kyoto,camera2,camera8,1024,0.9132619166251453
Modelo1,Kyoto,camera2,camera9,64,0.8082381980870101
Modelo1,Kyoto,camera2,camera9,128,0.8875347115087936
Modelo1,Kyoto,camera2,camera9,256,0.9024992286331379
Modelo1,Kyoto,camera2,camera9,512,0.8607682813946312
Modelo1,Kyoto,camera2,camera9,1024,0.8777383523603826
Modelo1,Kyoto,camera3,PUC,64,0.14695337122221097
Modelo1,Kyoto,camera3,PUC,128,0.10060039177508055
Modelo1,Kyoto,camera3,PUC,256,0.09879473767334633
Modelo1,Kyoto,camera3,PUC,512,0.08281022009650585
Modelo1,Kyoto,camera3,PUC,1024,0.09590474821025734
Modelo1,Kyoto,camera3,UFPR04,64,0.24936934894135654
Modelo1,Kyoto,camera3,UFPR04,128,0.1888740870912578
Modelo1,Kyoto,camera3,UFPR04,256,0.18271401982181154
Modelo1,Kyoto,camera3,UFPR04,512,0.17341723118203375
Modelo1,Kyoto,camera3,UFPR04,1024,0.23600049129370862
Modelo1,Kyoto,camera3,UFPR05,64,0.17117953976535874
Modelo1,Kyoto,camera3,UFPR05,128,0.1147389691467865
Modelo1,Kyoto,camera3,UFPR05,256,0.15634104412341285
Modelo1,Kyoto,camera3,UFPR05,512,0.1273818499864282
Modelo1,Kyoto,camera3,UFPR05,1024,0.150870102844045
Modelo1,Kyoto,camera3,camera1,64,0.8237989182309895
Modelo1,Kyoto,camera3,camera1,128,0.8651606745147948
Modelo1,Kyoto,camera3,camera1,256,0.8422526248806872
Modelo1,Kyoto,camera3,camera1,512,0.8528157811008591
Modelo1,Kyoto,camera3,camera1,1024,0.8113903913458479
Modelo1,Kyoto,camera3,camera2,64,0.8822954822954823
Modelo1,Kyoto,camera3,camera2,128,0.8561660561660561
Modelo1,Kyoto,camera3,camera2,256,0.8898656898656898
Modelo1,Kyoto,camera3,camera2,512,0.915995115995116
Modelo1,Kyoto,camera3,camera2,1024,0.9238095238095239
Modelo1,Kyoto,camera3,camera3,64,0.9526881720430107
Modelo1,Kyoto,camera3,camera3,128,0.9539170506912442
Modelo1,Kyoto,camera3,camera3,256,0.9502304147465438
Modelo1,Kyoto,camera3,camera3,512,0.9655913978494624
Modelo1,Kyoto,camera3,camera3,1024,0.9662058371735791
Modelo1,Kyoto,camera3,camera4,64,0.9278474903474904
Modelo1,Kyoto,camera3,camera4,128,0.934905888030888
Modelo1,Kyoto,camera3,camera4,256,0.9294763513513513
Modelo1,Kyoto,camera3,camera4,512,0.9451616795366795
Modelo1,Kyoto,camera3,camera4,1024,0.9265202702702703
Modelo1,Kyoto,camera3,camera5,64,0.8896727133122181
Modelo1,Kyoto,camera3,camera5,128,0.8955274018619829
Modelo1,Kyoto,camera3,camera5,256,0.88343411075919
Modelo1,Kyoto,camera3,camera5,512,0.9040214991841827
Modelo1,Kyoto,camera3,camera5,1024,0.8736922929263845
Modelo1,Kyoto,camera3,camera6,64,0.9219216232345335
Modelo1,Kyoto,camera3,camera6,128,0.9243087328426497
Modelo1,Kyoto,camera3,camera6,256,0.9245573900934951
Modelo1,Kyoto,camera3,camera6,512,0.9356475034812015
Modelo1,Kyoto,camera3,camera6,1024,0.9116769444997016
Modelo1,Kyoto,camera3,camera7,64,0.8321019228947618
Modelo1,Kyoto,camera3,camera7,128,0.8464052287581699
Modelo1,Kyoto,camera3,camera7,256,0.8311546840958606
Modelo1,Kyoto,camera3,camera7,512,0.8446528369802027
Modelo1,Kyoto,camera3,camera7,1024,0.8288339490385526
Modelo1,Kyoto,camera3,camera8,64,0.9287908985218403
Modelo1,Kyoto,camera3,camera8,128,0.9336904168742733
Modelo1,Kyoto,camera3,camera8,256,0.9341056302939711
Modelo1,Kyoto,camera3,camera8,512,0.9403753529314067
Modelo1,Kyoto,camera3,camera8,1024,0.9247633283507724
Modelo1,Kyoto,camera3,camera9,64,0.8794353594569577
Modelo1,Kyoto,camera3,camera9,128,0.896559703795125
Modelo1,Kyoto,camera3,camera9,256,0.8838321505708114
Modelo1,Kyoto,camera3,camera9,512,0.8921629126812712
Modelo1,Kyoto,camera3,camera9,1024,0.8774298056155507
Modelo1,Kyoto,camera4,PUC,64,0.13395077588909607
Modelo1,Kyoto,camera4,PUC,128,0.1226571873755077
Modelo1,Kyoto,camera4,PUC,256,0.13950917324143197
Modelo1,Kyoto,camera4,PUC,512,0.10975359657538605
Modelo1,Kyoto,camera4,PUC,1024,0.09986492952998777
Modelo1,Kyoto,camera4,UFPR04,64,0.2851298621543229
Modelo1,Kyoto,camera4,UFPR04,128,0.22674149447766975
Modelo1,Kyoto,camera4,UFPR04,256,0.1736250862125979
Modelo1,Kyoto,camera4,UFPR04,512,0.1521498823729486
Modelo1,Kyoto,camera4,UFPR04,1024,0.12535547934204436
Modelo1,Kyoto,camera4,UFPR05,64,0.3153481919353379
Modelo1,Kyoto,camera4,UFPR05,128,0.25898000422233614
Modelo1,Kyoto,camera4,UFPR05,256,0.2004463612510179
Modelo1,Kyoto,camera4,UFPR05,512,0.1562686612178424
Modelo1,Kyoto,camera4,UFPR05,1024,0.17140272039086768
Modelo1,Kyoto,camera4,camera1,64,0.8027362392618518
Modelo1,Kyoto,camera4,camera1,128,0.8145084314349348
Modelo1,Kyoto,camera4,camera1,256,0.8508431434934776
Modelo1,Kyoto,camera4,camera1,512,0.8337893732103087
Modelo1,Kyoto,camera4,camera1,1024,0.8339802736239262
Modelo1,Kyoto,camera4,camera2,64,0.9191697191697191
Modelo1,Kyoto,camera4,camera2,128,0.915995115995116
Modelo1,Kyoto,camera4,camera2,256,0.9433455433455433
Modelo1,Kyoto,camera4,camera2,512,0.9428571428571428
Modelo1,Kyoto,camera4,camera2,1024,0.9177045177045177
Modelo1,Kyoto,camera4,camera3,64,0.9045507338190265
Modelo1,Kyoto,camera4,camera3,128,0.9152148664343787
Modelo1,Kyoto,camera4,camera3,256,0.9464681659803611
Modelo1,Kyoto,camera4,camera3,512,0.9424559180656742
Modelo1,Kyoto,camera4,camera3,1024,0.9199662126491395
Modelo1,Kyoto,camera4,camera4,64,0.9371973129198563
Modelo1,Kyoto,camera4,camera4,128,0.9365724105608498
Modelo1,Kyoto,camera4,camera4,256,0.95219496953601
Modelo1,Kyoto,camera4,camera4,512,0.9411029526636463
Modelo1,Kyoto,camera4,camera4,1024,0.9311045149195438
Modelo1,Kyoto,camera4,camera5,64,0.8873212400422306
Modelo1,Kyoto,camera4,camera5,128,0.8926960360879163
Modelo1,Kyoto,camera4,camera5,256,0.9109799404933295
Modelo1,Kyoto,camera4,camera5,512,0.9056051444476437
Modelo1,Kyoto,camera4,camera5,1024,0.8915442940781265
Modelo1,Kyoto,camera4,camera6,64,0.9164511637159339
Modelo1,Kyoto,camera4,camera6,128,0.9200318281281082
Modelo1,Kyoto,camera4,camera6,256,0.9377362243883032
Modelo1,Kyoto,camera4,camera6,512,0.9353988462303561
Modelo1,Kyoto,camera4,camera6,1024,0.9243584642928188
Modelo1,Kyoto,camera4,camera7,64,0.8053424268258028
Modelo1,Kyoto,camera4,camera7,128,0.8381642512077294
Modelo1,Kyoto,camera4,camera7,256,0.8600928294022924
Modelo1,Kyoto,camera4,camera7,512,0.8608979823813584
Modelo1,Kyoto,camera4,camera7,1024,0.8542199488491049
Modelo1,Kyoto,camera4,camera8,64,0.9222305264906162
Modelo1,Kyoto,camera4,camera8,128,0.9337734595582129
Modelo1,Kyoto,camera4,camera8,256,0.9424514200298953
Modelo1,Kyoto,camera4,camera8,512,0.9513369872114267
Modelo1,Kyoto,camera4,camera8,1024,0.942326856003986
Modelo1,Kyoto,camera4,camera9,64,0.8562172169083616
Modelo1,Kyoto,camera4,camera9,128,0.8791268127121259
Modelo1,Kyoto,camera4,camera9,256,0.8962511570502931
Modelo1,Kyoto,camera4,camera9,512,0.908207343412527
Modelo1,Kyoto,camera4,camera9,1024,0.8930885529157667
Modelo1,Kyoto,camera5,PUC,64,0.14364614837007894
Modelo1,Kyoto,camera5,PUC,128,0.07388566862239906
Modelo1,Kyoto,camera5,PUC,256,0.08714991879271043
Modelo1,Kyoto,camera5,PUC,512,0.05037209203649967
Modelo1,Kyoto,camera5,PUC,1024,0.05420262456302464
Modelo1,Kyoto,camera5,UFPR04,64,0.36904660676662604
Modelo1,Kyoto,camera5,UFPR04,128,0.20027776990448118
Modelo1,Kyoto,camera5,UFPR04,256,0.13941403777292782
Modelo1,Kyoto,camera5,UFPR04,512,0.14317432423495177
Modelo1,Kyoto,camera5,UFPR04,1024,0.11355498237956219
Modelo1,Kyoto,camera5,UFPR05,64,0.3253852881744428
Modelo1,Kyoto,camera5,UFPR05,128,0.13294930180655667
Modelo1,Kyoto,camera5,UFPR05,256,0.11725427511536025
Modelo1,Kyoto,camera5,UFPR05,512,0.109786772024007
Modelo1,Kyoto,camera5,UFPR05,1024,0.14241939861869288
Modelo1,Kyoto,camera5,camera1,64,0.7695832007636016
Modelo1,Kyoto,camera5,camera1,128,0.8733057588291442
Modelo1,Kyoto,camera5,camera1,256,0.844543429844098
Modelo1,Kyoto,camera5,camera1,512,0.8561247216035635
Modelo1,Kyoto,camera5,camera1,1024,0.8704422526248807
Modelo1,Kyoto,camera5,camera2,64,0.8764346764346764
Modelo1,Kyoto,camera5,camera2,128,0.9482295482295482
Modelo1,Kyoto,camera5,camera2,256,0.9357753357753358
Modelo1,Kyoto,camera5,camera2,512,0.944078144078144
Modelo1,Kyoto,camera5,camera2,1024,0.938949938949939
Modelo1,Kyoto,camera5,camera3,64,0.8997993876042657
Modelo1,Kyoto,camera5,camera3,128,0.9531200506810263
Modelo1,Kyoto,camera5,camera3,256,0.9458346531517263
Modelo1,Kyoto,camera5,camera3,512,0.9550205891669307
Modelo1,Kyoto,camera5,camera3,1024,0.949635730123535
Modelo1,Kyoto,camera5,camera4,64,0.9159025096525096
Modelo1,Kyoto,camera5,camera4,128,0.9548141891891891
Modelo1,Kyoto,camera5,camera4,256,0.9496862934362934
Modelo1,Kyoto,camera5,camera4,512,0.9576496138996139
Modelo1,Kyoto,camera5,camera4,1024,0.9616916023166023
Modelo1,Kyoto,camera5,camera5,64,0.8445322793148881
Modelo1,Kyoto,camera5,camera5,128,0.9323671497584541
Modelo1,Kyoto,camera5,camera5,256,0.9175450153711023
Modelo1,Kyoto,camera5,camera5,512,0.9244620114185331
Modelo1,Kyoto,camera5,camera5,1024,0.9412604303908652
Modelo1,Kyoto,camera5,camera6,64,0.899343544857768
Modelo1,Kyoto,camera5,camera6,128,0.9495225780783768
Modelo1,Kyoto,camera5,camera6,256,0.9491247264770241
Modelo1,Kyoto,camera5,camera6,512,0.951959419136662
Modelo1,Kyoto,camera5,camera6,1024,0.9552416948478217
Modelo1,Kyoto,camera5,camera7,64,0.7531022070664014
Modelo1,Kyoto,camera5,camera7,128,0.8832054560954816
Modelo1,Kyoto,camera5,camera7,256,0.8778061949417448
Modelo1,Kyoto,camera5,camera7,512,0.8762906128635028
Modelo1,Kyoto,camera5,camera7,1024,0.892914653784219
Modelo1,Kyoto,camera5,camera8,64,0.8919199468526823
Modelo1,Kyoto,camera5,camera8,128,0.9543680451752201
Modelo1,Kyoto,camera5,camera8,256,0.9559043348281017
Modelo1,Kyoto,camera5,camera8,512,0.9556136854343132
Modelo1,Kyoto,camera5,camera8,1024,0.9597242982893207
Modelo1,Kyoto,camera5,camera9,64,0.7879512496143166
Modelo1,Kyoto,camera5,camera9,128,0.9021135452020981
Modelo1,Kyoto,camera5,camera9,256,0.8994137611848195
Modelo1,Kyoto,camera5,camera9,512,0.9066646096883678
Modelo1,Kyoto,camera5,camera9,1024,0.9196235729713051
Modelo1,Kyoto,camera6,PUC,64,0.11679941917340644
Modelo1,Kyoto,camera6,PUC,128,0.09283325043668071
Modelo1,Kyoto,camera6,PUC,256,0.11104065550429845
Modelo1,Kyoto,camera6,PUC,512,0.08960617411125753
Modelo1,Kyoto,camera6,PUC,1024,0.06764838304382365
Modelo1,Kyoto,camera6,UFPR04,64,0.3427623933561974
Modelo1,Kyoto,camera6,UFPR04,128,0.2344415785644776
Modelo1,Kyoto,camera6,UFPR04,256,0.2702587795130523
Modelo1,Kyoto,camera6,UFPR04,512,0.23296769743865914
Modelo1,Kyoto,camera6,UFPR04,1024,0.1516680366202772
Modelo1,Kyoto,camera6,UFPR05,64,0.38191633742497816
Modelo1,Kyoto,camera6,UFPR05,128,0.326651989021926
Modelo1,Kyoto,camera6,UFPR05,256,0.2231806255089423
Modelo1,Kyoto,camera6,UFPR05,512,0.26518080646620623
Modelo1,Kyoto,camera6,UFPR05,1024,0.22173899930633048
Modelo1,Kyoto,camera6,camera1,64,0.7716831053133948
Modelo1,Kyoto,camera6,camera1,128,0.7996818326439707
Modelo1,Kyoto,camera6,camera1,256,0.7595927457842825
Modelo1,Kyoto,camera6,camera1,512,0.7790645879732739
Modelo1,Kyoto,camera6,camera1,1024,0.8274260260897232
Modelo1,Kyoto,camera6,camera2,64,0.8901098901098901
Modelo1,Kyoto,camera6,camera2,128,0.884004884004884
Modelo1,Kyoto,camera6,camera2,256,0.8581196581196581
Modelo1,Kyoto,camera6,camera2,512,0.8742368742368742
Modelo1,Kyoto,camera6,camera2,1024,0.9142857142857143
Modelo1,Kyoto,camera6,camera3,64,0.9096188364481047
Modelo1,Kyoto,camera6,camera3,128,0.9094076655052264
Modelo1,Kyoto,camera6,camera3,256,0.8839615668883961
Modelo1,Kyoto,camera6,camera3,512,0.8951536268609439
Modelo1,Kyoto,camera6,camera3,1024,0.9213388237778481
Modelo1,Kyoto,camera6,camera4,64,0.925796332046332
Modelo1,Kyoto,camera6,camera4,128,0.9123431467181468
Modelo1,Kyoto,camera6,camera4,256,0.9162041505791506
Modelo1,Kyoto,camera6,camera4,512,0.9197031853281853
Modelo1,Kyoto,camera6,camera4,1024,0.9452220077220077
Modelo1,Kyoto,camera6,camera5,64,0.8754678951914772
Modelo1,Kyoto,camera6,camera5,128,0.8835300892600058
Modelo1,Kyoto,camera6,camera5,256,0.8913523370764949
Modelo1,Kyoto,camera6,camera5,512,0.8996544773970631
Modelo1,Kyoto,camera6,camera5,1024,0.9311354256646511
Modelo1,Kyoto,camera6,camera6,64,0.9153207198892478
Modelo1,Kyoto,camera6,camera6,128,0.9152053530226119
Modelo1,Kyoto,camera6,camera6,256,0.9258191047531149
Modelo1,Kyoto,camera6,camera6,512,0.9300876788186433
Modelo1,Kyoto,camera6,camera6,1024,0.9548915551453623
Modelo1,Kyoto,camera6,camera7,64,0.7881026806858009
Modelo1,Kyoto,camera6,camera7,128,0.8344226579520697
Modelo1,Kyoto,camera6,camera7,256,0.8070000947238799
Modelo1,Kyoto,camera6,camera7,512,0.8240030311641565
Modelo1,Kyoto,camera6,camera7,1024,0.8770010419626788
Modelo1,Kyoto,camera6,camera8,64,0.9062863311742235
Modelo1,Kyoto,camera6,camera8,128,0.924804849692742
Modelo1,Kyoto,camera6,camera8,256,0.9190333831589437
Modelo1,Kyoto,camera6,camera8,512,0.9241820295631955
Modelo1,Kyoto,camera6,camera8,1024,0.9480983225377844
Modelo1,Kyoto,camera6,camera9,64,0.8192687442147485
Modelo1,Kyoto,camera6,camera9,128,0.8709503239740821
Modelo1,Kyoto,camera6,camera9,256,0.8650107991360692
Modelo1,Kyoto,camera6,camera9,512,0.8728016044430731
Modelo1,Kyoto,camera6,camera9,1024,0.8893088552915767
Modelo1,Kyoto,camera7,PUC,64,0.09642570063386474
Modelo1,Kyoto,camera7,PUC,128,0.11155925067712029
Modelo1,Kyoto,camera7,PUC,256,0.12006892601296959
Modelo1,Kyoto,camera7,PUC,512,0.08616930246592004
Modelo1,Kyoto,camera7,PUC,1024,0.088050388592792
Modelo1,Kyoto,camera7,UFPR04,64,0.24318093780410607
Modelo1,Kyoto,camera7,UFPR04,128,0.14418525551996825
Modelo1,Kyoto,camera7,UFPR04,256,0.16179624538231155
Modelo1,Kyoto,camera7,UFPR04,512,0.14733142484623452
Modelo1,Kyoto,camera7,UFPR04,1024,0.10432432943132754
Modelo1,Kyoto,camera7,UFPR05,64,0.24972705612691137
Modelo1,Kyoto,camera7,UFPR05,128,0.20504870766354014
Modelo1,Kyoto,camera7,UFPR05,256,0.214470549205296
Modelo1,Kyoto,camera7,UFPR05,512,0.17700033175498386
Modelo1,Kyoto,camera7,UFPR05,1024,0.18853937328467593
Modelo1,Kyoto,camera7,camera1,64,0.8592427616926503
Modelo1,Kyoto,camera7,camera1,128,0.8703786191536749
Modelo1,Kyoto,camera7,camera1,256,0.8904867960547248
Modelo1,Kyoto,camera7,camera1,512,0.8828507795100222
Modelo1,Kyoto,camera7,camera1,1024,0.9002863506204264
Modelo1,Kyoto,camera7,camera2,64,0.9252747252747253
Modelo1,Kyoto,camera7,camera2,128,0.9282051282051282
Modelo1,Kyoto,camera7,camera2,256,0.9316239316239316
Modelo1,Kyoto,camera7,camera2,512,0.9299145299145299
Modelo1,Kyoto,camera7,camera2,1024,0.9418803418803419
Modelo1,Kyoto,camera7,camera3,64,0.9340090803505438
Modelo1,Kyoto,camera7,camera3,128,0.9468905078661176
Modelo1,Kyoto,camera7,camera3,256,0.9502692429521697
Modelo1,Kyoto,camera7,camera3,512,0.9479463625805089
Modelo1,Kyoto,camera7,camera3,1024,0.9558652729384437
Modelo1,Kyoto,camera7,camera4,64,0.9373793436293436
Modelo1,Kyoto,camera7,camera4,128,0.9393701737451737
Modelo1,Kyoto,camera7,camera4,256,0.9523407335907336
Modelo1,Kyoto,camera7,camera4,512,0.9511341698841699
Modelo1,Kyoto,camera7,camera4,1024,0.9639237451737451
Modelo1,Kyoto,camera7,camera5,64,0.9195220270659372
Modelo1,Kyoto,camera7,camera5,128,0.9179383818024762
Modelo1,Kyoto,camera7,camera5,256,0.9343986946923889
Modelo1,Kyoto,camera7,camera5,512,0.9426048565121413
Modelo1,Kyoto,camera7,camera5,1024,0.959017180151646
Modelo1,Kyoto,camera7,camera6,64,0.9324149592202109
Modelo1,Kyoto,camera7,camera6,128,0.9415158146011537
Modelo1,Kyoto,camera7,camera6,256,0.9514621046349712
Modelo1,Kyoto,camera7,camera6,512,0.9503680127312513
Modelo1,Kyoto,camera7,camera6,1024,0.9643922816789338
Modelo1,Kyoto,camera7,camera7,64,0.9009538598047915
Modelo1,Kyoto,camera7,camera7,128,0.9155944986690329
Modelo1,Kyoto,camera7,camera7,256,0.9193655723158829
Modelo1,Kyoto,camera7,camera7,512,0.9157054125998225
Modelo1,Kyoto,camera7,camera7,1024,0.9335625554569654
Modelo1,Kyoto,camera7,camera8,64,0.9418285999003487
Modelo1,Kyoto,camera7,camera8,128,0.9523334994187012
Modelo1,Kyoto,camera7,camera8,256,0.9581880086364392
Modelo1,Kyoto,camera7,camera8,512,0.9584371366882578
Modelo1,Kyoto,camera7,camera8,1024,0.9688174721807009
Modelo1,Kyoto,camera7,camera9,64,0.8864547979018821
Modelo1,Kyoto,camera7,camera9,128,0.9109842641160136
Modelo1,Kyoto,camera7,camera9,256,0.923788954026535
Modelo1,Kyoto,camera7,camera9,512,0.9247917309472385
Modelo1,Kyoto,camera7,camera9,1024,0.933585313174946
Modelo1,Kyoto,camera8,PUC,64,0.1589376342159666
Modelo1,Kyoto,camera8,PUC,128,0.11186805053002784
Modelo1,Kyoto,camera8,PUC,256,0.12755084000631745
Modelo1,Kyoto,camera8,PUC,512,0.07903626158883417
Modelo1,Kyoto,camera8,PUC,1024,0.07400588841246232
Modelo1,Kyoto,camera8,UFPR04,64,0.289381442324953
Modelo1,Kyoto,camera8,UFPR04,128,0.1796812259667621
Modelo1,Kyoto,camera8,UFPR04,256,0.17141426452387026
Modelo1,Kyoto,camera8,UFPR04,512,0.2237653883582287
Modelo1,Kyoto,camera8,UFPR04,1024,0.17934109955311167
Modelo1,Kyoto,camera8,UFPR05,64,0.2340139337093223
Modelo1,Kyoto,camera8,UFPR05,128,0.1777301927194861
Modelo1,Kyoto,camera8,UFPR05,256,0.233965678438942
Modelo1,Kyoto,camera8,UFPR05,512,0.19537955786108513
Modelo1,Kyoto,camera8,UFPR05,1024,0.18464276020146575
Modelo1,Kyoto,camera8,camera1,64,0.7466751511294941
Modelo1,Kyoto,camera8,camera1,128,0.8563792554883869
Modelo1,Kyoto,camera8,camera1,256,0.8290804963410754
Modelo1,Kyoto,camera8,camera1,512,0.8108813235762011
Modelo1,Kyoto,camera8,camera1,1024,0.7981546293350302
Modelo1,Kyoto,camera8,camera2,64,0.8549450549450549
Modelo1,Kyoto,camera8,camera2,128,0.9347985347985348
Modelo1,Kyoto,camera8,camera2,256,0.9098901098901099
Modelo1,Kyoto,camera8,camera2,512,0.9067155067155067
Modelo1,Kyoto,camera8,camera2,1024,0.8837606837606837
Modelo1,Kyoto,camera8,camera3,64,0.8776264386020484
Modelo1,Kyoto,camera8,camera3,128,0.9547038327526133
Modelo1,Kyoto,camera8,camera3,256,0.9381269137366698
Modelo1,Kyoto,camera8,camera3,512,0.9310526871502481
Modelo1,Kyoto,camera8,camera3,1024,0.9234505332066307
Modelo1,Kyoto,camera8,camera4,64,0.9008807915057915
Modelo1,Kyoto,camera8,camera4,128,0.9542109073359073
Modelo1,Kyoto,camera8,camera4,256,0.9343629343629344
Modelo1,Kyoto,camera8,camera4,512,0.9329753861003861
Modelo1,Kyoto,camera8,camera4,1024,0.924167471042471
Modelo1,Kyoto,camera8,camera5,64,0.8579518187925904
Modelo1,Kyoto,camera8,camera5,128,0.9302236299069009
Modelo1,Kyoto,camera8,camera5,256,0.8992225741433919
Modelo1,Kyoto,camera8,camera5,512,0.8952394663595354
Modelo1,Kyoto,camera8,camera5,1024,0.8978308858815626
Modelo1,Kyoto,camera8,camera6,64,0.9052615874278894
Modelo1,Kyoto,camera8,camera6,128,0.9501690869305749
Modelo1,Kyoto,camera8,camera6,256,0.9346031430276507
Modelo1,Kyoto,camera8,camera6,512,0.9382832703401631
Modelo1,Kyoto,camera8,camera6,1024,0.938183807439825
Modelo1,Kyoto,camera8,camera7,64,0.7908970351425595
Modelo1,Kyoto,camera8,camera7,128,0.8862366202519655
Modelo1,Kyoto,camera8,camera7,256,0.8594297622430614
Modelo1,Kyoto,camera8,camera7,512,0.8501468220138297
Modelo1,Kyoto,camera8,camera7,1024,0.8620820308799848
Modelo1,Kyoto,camera8,camera8,64,0.9171489197530864
Modelo1,Kyoto,camera8,camera8,128,0.9611304012345679
Modelo1,Kyoto,camera8,camera8,256,0.9535108024691358
Modelo1,Kyoto,camera8,camera8,512,0.9530285493827161
Modelo1,Kyoto,camera8,camera8,1024,0.9549575617283951
Modelo1,Kyoto,camera8,camera9,64,0.8323048441838938
Modelo1,Kyoto,camera8,camera9,128,0.9019592718296822
Modelo1,Kyoto,camera8,camera9,256,0.9018049984572662
Modelo1,Kyoto,camera8,camera9,512,0.8882289416846653
Modelo1,Kyoto,camera8,camera9,1024,0.8903116322122802
Modelo1,Kyoto,camera9,PUC,64,0.14432975109788956
Modelo1,Kyoto,camera9,PUC,128,0.10620593414312755
Modelo1,Kyoto,camera9,PUC,256,0.11534263818793418
Modelo1,Kyoto,camera9,PUC,512,0.07932384618467174
Modelo1,Kyoto,camera9,PUC,1024,0.1622755013283108
Modelo1,Kyoto,camera9,UFPR04,64,0.3017015768638455
Modelo1,Kyoto,camera9,UFPR04,128,0.2586094498455259
Modelo1,Kyoto,camera9,UFPR04,256,0.16382755590827924
Modelo1,Kyoto,camera9,UFPR04,512,0.1673705393838043
Modelo1,Kyoto,camera9,UFPR04,1024,0.14461041353703127
Modelo1,Kyoto,camera9,UFPR05,64,0.2912869077419549
Modelo1,Kyoto,camera9,UFPR05,128,0.20922882046023464
Modelo1,Kyoto,camera9,UFPR05,256,0.11217540790783244
Modelo1,Kyoto,camera9,UFPR05,512,0.0977470820641192
Modelo1,Kyoto,camera9,UFPR05,1024,0.18925717043158308
Modelo1,Kyoto,camera9,camera1,64,0.8320076360165447
Modelo1,Kyoto,camera9,camera1,128,0.8240534521158129
Modelo1,Kyoto,camera9,camera1,256,0.8524339802736239
Modelo1,Kyoto,camera9,camera1,512,0.8411708558701877
Modelo1,Kyoto,camera9,camera1,1024,0.9020044543429844
Modelo1,Kyoto,camera9,camera2,64,0.8930402930402931
Modelo1,Kyoto,camera9,camera2,128,0.905006105006105
Modelo1,Kyoto,camera9,camera2,256,0.9174603174603174
Modelo1,Kyoto,camera9,camera2,512,0.9326007326007326
Modelo1,Kyoto,camera9,camera2,1024,0.9540903540903541
Modelo1,Kyoto,camera9,camera3,64,0.9292577341357829
Modelo1,Kyoto,camera9,camera3,128,0.9379157427937915
Modelo1,Kyoto,camera9,camera3,256,0.9481575335233872
Modelo1,Kyoto,camera9,camera3,512,0.9453067257945307
Modelo1,Kyoto,camera9,camera3,1024,0.9477351916376306
Modelo1,Kyoto,camera9,camera4,64,0.9393701737451737
Modelo1,Kyoto,camera9,camera4,128,0.9266409266409267
Modelo1,Kyoto,camera9,camera4,256,0.9493243243243243
Modelo1,Kyoto,camera9,camera4,512,0.951496138996139
Modelo1,Kyoto,camera9,camera4,1024,0.9653716216216216
Modelo1,Kyoto,camera9,camera5,64,0.8956713696132066
Modelo1,Kyoto,camera9,camera5,128,0.8887129283040599
Modelo1,Kyoto,camera9,camera5,256,0.9081965639696707
Modelo1,Kyoto,camera9,camera5,512,0.9139072847682119
Modelo1,Kyoto,camera9,camera5,1024,0.9365582109607448
Modelo1,Kyoto,camera9,camera6,64,0.9205291426297991
Modelo1,Kyoto,camera9,camera6,128,0.9254028247463696
Modelo1,Kyoto,camera9,camera6,256,0.9449970161129898
Modelo1,Kyoto,camera9,camera6,512,0.945643524965188
Modelo1,Kyoto,camera9,camera6,1024,0.9604634971155759
Modelo1,Kyoto,camera9,camera7,64,0.8344700198920147
Modelo1,Kyoto,camera9,camera7,128,0.8320545609548167
Modelo1,Kyoto,camera9,camera7,256,0.8656815383158094
Modelo1,Kyoto,camera9,camera7,512,0.8563038742066875
Modelo1,Kyoto,camera9,camera7,1024,0.90153452685422
Modelo1,Kyoto,camera9,camera8,64,0.930119581464873
Modelo1,Kyoto,camera9,camera8,128,0.9364723467862481
Modelo1,Kyoto,camera9,camera8,256,0.9515445939212755
Modelo1,Kyoto,camera9,camera8,512,0.9516276366052151
Modelo1,Kyoto,camera9,camera8,1024,0.9622155788075071
Modelo1,Kyoto,camera9,camera9,64,0.9087078651685393
Modelo1,Kyoto,camera9,camera9,128,0.9173354735152488
Modelo1,Kyoto,camera9,camera9,256,0.9279695024077047
Modelo1,Kyoto,camera9,camera9,512,0.9351926163723917
Modelo1,Kyoto,camera9,camera9,1024,0.9518459069020867
Modelo1,PKLot,camera1,camera1,64,0.9222130470685383
Modelo1,PKLot,camera1,camera1,128,0.9352601156069364
Modelo1,PKLot,camera1,camera1,256,0.922708505367465
Modelo1,PKLot,camera1,camera1,512,0.9430222956234517
Modelo1,PKLot,camera1,camera1,1024,0.9535920726672171
Modelo1,PKLot,camera1,camera2,64,0.9409035409035409
Modelo1,PKLot,camera1,camera2,128,0.946031746031746
Modelo1,PKLot,camera1,camera2,256,0.944078144078144
Modelo1,PKLot,camera1,camera2,512,0.9577533577533578
Modelo1,PKLot,camera1,camera2,1024,0.9643467643467644
Modelo1,PKLot,camera1,camera3,64,0.9384436701509872
Modelo1,PKLot,camera1,camera3,128,0.9421391616513568
Modelo1,PKLot,camera1,camera3,256,0.9352761060078133
Modelo1,PKLot,camera1,camera3,512,0.9502692429521697
Modelo1,PKLot,camera1,camera3,1024,0.9589272516101784
Modelo1,PKLot,camera1,camera4,64,0.9508928571428571
Modelo1,PKLot,camera1,camera4,128,0.9597611003861004
Modelo1,PKLot,camera1,camera4,256,0.957347972972973
Modelo1,PKLot,camera1,camera4,512,0.9609676640926641
Modelo1,PKLot,camera1,camera4,1024,0.9585545366795367
Modelo1,PKLot,camera1,camera5,64,0.9282080813897687
Modelo1,PKLot,camera1,camera5,128,0.943276706017852
Modelo1,PKLot,camera1,camera5,256,0.9339667914387177
Modelo1,PKLot,camera1,camera5,512,0.9415011037527594
Modelo1,PKLot,camera1,camera5,1024,0.9500431903253671
Modelo1,PKLot,camera1,camera6,64,0.9420628605530137
Modelo1,PKLot,camera1,camera6,128,0.9408693057489557
Modelo1,PKLot,camera1,camera6,256,0.9383827332405013
Modelo1,PKLot,camera1,camera6,512,0.9467376168689079
Modelo1,PKLot,camera1,camera6,1024,0.9563855182017108
Modelo1,PKLot,camera1,camera7,64,0.8588614189637207
Modelo1,PKLot,camera1,camera7,128,0.8829212844558113
Modelo1,PKLot,camera1,camera7,256,0.881926683716965
Modelo1,PKLot,camera1,camera7,512,0.8786113479208109
Modelo1,PKLot,camera1,camera7,1024,0.9018186984938903
Modelo1,PKLot,camera1,camera8,64,0.9360156120245806
Modelo1,PKLot,camera1,camera8,128,0.9376349443614017
Modelo1,PKLot,camera1,camera8,256,0.9435309749211095
Modelo1,PKLot,camera1,camera8,512,0.9456070420195981
Modelo1,PKLot,camera1,camera8,1024,0.9526656701544594
Modelo1,PKLot,camera1,camera9,64,0.8992594878124036
Modelo1,PKLot,camera1,camera9,128,0.906278926257328
Modelo1,PKLot,camera1,camera9,256,0.9058932428262881
Modelo1,PKLot,camera1,camera9,512,0.8990280777537797
Modelo1,PKLot,camera1,camera9,1024,0.9073588398642395
Modelo1,PKLot,camera2,camera1,64,0.6591791282214445
Modelo1,PKLot,camera2,camera1,128,0.8677696468342349
Modelo1,PKLot,camera2,camera1,256,0.855042952593064
Modelo1,PKLot,camera2,camera1,512,0.8706967865097041
Modelo1,PKLot,camera2,camera1,1024,0.8841870824053452
Modelo1,PKLot,camera2,camera2,64,0.9342403628117913
Modelo1,PKLot,camera2,camera2,128,0.9784580498866213
Modelo1,PKLot,camera2,camera2,256,0.9761904761904762
Modelo1,PKLot,camera2,camera2,512,0.9784580498866213
Modelo1,PKLot,camera2,camera2,1024,0.9784580498866213
Modelo1,PKLot,camera2,camera3,64,0.8360257628550312
Modelo1,PKLot,camera2,camera3,128,0.9452011403230915
Modelo1,PKLot,camera2,camera3,256,0.9401330376940134
Modelo1,PKLot,camera2,camera3,512,0.952803294266709
Modelo1,PKLot,camera2,camera3,1024,0.9537535635096611
Modelo1,PKLot,camera2,camera4,64,0.8413368725868726
Modelo1,PKLot,camera2,camera4,128,0.9524010617760618
Modelo1,PKLot,camera2,camera4,256,0.9365950772200772
Modelo1,PKLot,camera2,camera4,512,0.9534869691119691
Modelo1,PKLot,camera2,camera4,1024,0.9543918918918919
Modelo1,PKLot,camera2,camera5,64,0.7724829638161052
Modelo1,PKLot,camera2,camera5,128,0.9236491026010174
Modelo1,PKLot,camera2,camera5,256,0.901238122660524
Modelo1,PKLot,camera2,camera5,512,0.9246088876091756
Modelo1,PKLot,camera2,camera5,1024,0.9292638448987427
Modelo1,PKLot,camera2,camera6,64,0.7992341356673961
Modelo1,PKLot,camera2,camera6,128,0.9321165705191964
Modelo1,PKLot,camera2,camera6,256,0.9246071215436642
Modelo1,PKLot,camera2,camera6,512,0.9425104436045355
Modelo1,PKLot,camera2,camera6,1024,0.941665008951661
Modelo1,PKLot,camera2,camera7,64,0.6687505920242494
Modelo1,PKLot,camera2,camera7,128,0.8627924599791608
Modelo1,PKLot,camera2,camera7,256,0.855072463768116
Modelo1,PKLot,camera2,camera7,512,0.8759117173439424
Modelo1,PKLot,camera2,camera7,1024,0.8899782135076253
Modelo1,PKLot,camera2,camera8,64,0.7960056469025079
Modelo1,PKLot,camera2,camera8,128,0.9331921607706362
Modelo1,PKLot,camera2,camera8,256,0.9254276698222886
Modelo1,PKLot,camera2,camera8,512,0.9444029231024746
Modelo1,PKLot,camera2,camera8,1024,0.941787078558379
Modelo1,PKLot,camera2,camera9,64,0.7009410675717371
Modelo1,PKLot,camera2,camera9,128,0.8927800061709349
Modelo1,PKLot,camera2,camera9,256,0.8950169700709657
Modelo1,PKLot,camera2,camera9,512,0.9141468682505399
Modelo1,PKLot,camera2,camera9,1024,0.92170626349892
Modelo1,PKLot,camera3,camera1,64,0.7769646834234808
Modelo1,PKLot,camera3,camera1,128,0.8599427298759147
Modelo1,PKLot,camera3,camera1,256,0.8652243079860006
Modelo1,PKLot,camera3,camera1,512,0.8012090359529113
Modelo1,PKLot,camera3,camera1,1024,0.8268533248488705
Modelo1,PKLot,camera3,camera2,64,0.881074481074481
Modelo1,PKLot,camera3,camera2,128,0.8971916971916972
Modelo1,PKLot,camera3,camera2,256,0.9240537240537241
Modelo1,PKLot,camera3,camera2,512,0.9133089133089133
Modelo1,PKLot,camera3,camera2,1024,0.9484737484737484
Modelo1,PKLot,camera3,camera3,64,0.9465437788018434
Modelo1,PKLot,camera3,camera3,128,0.9625192012288787
Modelo1,PKLot,camera3,camera3,256,0.9637480798771121
Modelo1,PKLot,camera3,camera3,512,0.9622119815668203
Modelo1,PKLot,camera3,camera3,1024,0.9643625192012288
Modelo1,PKLot,camera3,camera4,64,0.927726833976834
Modelo1,PKLot,camera3,camera4,128,0.9479971042471043
Modelo1,PKLot,camera3,camera4,256,0.9525217181467182
Modelo1,PKLot,camera3,camera4,512,0.9392495173745173
Modelo1,PKLot,camera3,camera4,1024,0.944980694980695
Modelo1,PKLot,camera3,camera5,64,0.8999904021499184
Modelo1,PKLot,camera3,camera5,128,0.9215375755830694
Modelo1,PKLot,camera3,camera5,256,0.9172665322967656
Modelo1,PKLot,camera3,camera5,512,0.8986467031384969
Modelo1,PKLot,camera3,camera5,1024,0.9008542086572607
Modelo1,PKLot,camera3,camera6,64,0.9149094887606922
Modelo1,PKLot,camera3,camera6,128,0.9367415953849214
Modelo1,PKLot,camera3,camera6,256,0.9446986274119753
Modelo1,PKLot,camera3,camera6,512,0.9321165705191964
Modelo1,PKLot,camera3,camera6,1024,0.9374875671374577
Modelo1,PKLot,camera3,camera7,64,0.8185090461305295
Modelo1,PKLot,camera3,camera7,128,0.8716491427488869
Modelo1,PKLot,camera3,camera7,256,0.8809794449180638
Modelo1,PKLot,camera3,camera7,512,0.8310125982760254
Modelo1,PKLot,camera3,camera7,1024,0.8592403144832812
Modelo1,PKLot,camera3,camera8,64,0.9205696728118252
Modelo1,PKLot,camera3,camera8,128,0.9417040358744395
Modelo1,PKLot,camera3,camera8,256,0.938880584620495
Modelo1,PKLot,camera3,camera8,512,0.9295798040192659
Modelo1,PKLot,camera3,camera8,1024,0.9365553894701877
Modelo1,PKLot,camera3,camera9,64,0.8466522678185745
Modelo1,PKLot,camera3,camera9,128,0.904273372415921
Modelo1,PKLot,camera3,camera9,256,0.9164609688367787
Modelo1,PKLot,camera3,camera9,512,0.8822122801604443
Modelo1,PKLot,camera3,camera9,1024,0.8978710274606603
Modelo1,PKLot,camera4,camera1,64,0.765956092904868
Modelo1,PKLot,camera4,camera1,128,0.7699650015908368
Modelo1,PKLot,camera4,camera1,256,0.8147629653197582
Modelo1,PKLot,camera4,camera1,512,0.7912185809735921
Modelo1,PKLot,camera4,camera1,1024,0.8262169901368119
Modelo1,PKLot,camera4,camera2,64,0.8778998778998779
Modelo1,PKLot,camera4,camera2,128,0.9142857142857143
Modelo1,PKLot,camera4,camera2,256,0.9382173382173382
Modelo1,PKLot,camera4,camera2,512,0.9421245421245421
Modelo1,PKLot,camera4,camera2,1024,0.9433455433455433
Modelo1,PKLot,camera4,camera3,64,0.8604160067574702
Modelo1,PKLot,camera4,camera3,128,0.8882905712174005
Modelo1,PKLot,camera4,camera3,256,0.9361207897793263
Modelo1,PKLot,camera4,camera3,512,0.9218667511350438
Modelo1,PKLot,camera4,camera3,1024,0.9337979094076655
Modelo1,PKLot,camera4,camera4,64,0.9337603499453211
Modelo1,PKLot,camera4,camera4,128,0.9440712388689267
Modelo1,PKLot,camera4,camera4,256,0.9584439931260741
Modelo1,PKLot,camera4,camera4,512,0.9489142321512264
Modelo1,PKLot,camera4,camera4,1024,0.9511013904077488
Modelo1,PKLot,camera4,camera5,64,0.8959593051156541
Modelo1,PKLot,camera4,camera5,128,0.9066129187062099
Modelo1,PKLot,camera4,camera5,256,0.917554467799213
Modelo1,PKLot,camera4,camera5,512,0.9040694884345907
Modelo1,PKLot,camera4,camera5,1024,0.9130434782608695
Modelo1,PKLot,camera4,camera6,64,0.9000397851601353
Modelo1,PKLot,camera4,camera6,128,0.9110304356475035
Modelo1,PKLot,camera4,camera6,256,0.9307738213646309
Modelo1,PKLot,camera4,camera6,512,0.9339069027252834
Modelo1,PKLot,camera4,camera6,1024,0.9423115178038591
Modelo1,PKLot,camera4,camera7,64,0.7752202330207445
Modelo1,PKLot,camera4,camera7,128,0.7989959268731647
Modelo1,PKLot,camera4,camera7,256,0.8436108743014114
Modelo1,PKLot,camera4,camera7,512,0.8341858482523444
Modelo1,PKLot,camera4,camera7,1024,0.8639765084777873
Modelo1,PKLot,camera4,camera8,64,0.8885982394951005
Modelo1,PKLot,camera4,camera8,128,0.9135525660189338
Modelo1,PKLot,camera4,camera8,256,0.9372612522836739
Modelo1,PKLot,camera4,camera8,512,0.9420362066101976
Modelo1,PKLot,camera4,camera8,1024,0.9517937219730942
Modelo1,PKLot,camera4,camera9,64,0.7846343721073743
Modelo1,PKLot,camera4,camera9,128,0.8295279234804073
Modelo1,PKLot,camera4,camera9,256,0.8814409132983647
Modelo1,PKLot,camera4,camera9,512,0.89069731564332
Modelo1,PKLot,camera4,camera9,1024,0.9045047824745449
Modelo1,PKLot,camera5,camera1,64,0.7609290486796054
Modelo1,PKLot,camera5,camera1,128,0.8594336621062679
Modelo1,PKLot,camera5,camera1,256,0.8306076996500159
Modelo1,PKLot,camera5,camera1,512,0.8555520203627108
Modelo1,PKLot,camera5,camera1,1024,0.8829144129812281
Modelo1,PKLot,camera5,camera2,64,0.8622710622710623
Modelo1,PKLot,camera5,camera2,128,0.9355311355311355
Modelo1,PKLot,camera5,camera2,256,0.9333333333333333
Modelo1,PKLot,camera5,camera2,512,0.947985347985348
Modelo1,PKLot,camera5,camera2,1024,0.958974358974359
Modelo1,PKLot,camera5,camera3,64,0.8751979727589484
Modelo1,PKLot,camera5,camera3,128,0.9299968324358568
Modelo1,PKLot,camera5,camera3,256,0.9227114349065568
Modelo1,PKLot,camera5,camera3,512,0.9339034948791046
Modelo1,PKLot,camera5,camera3,1024,0.938338084679548
Modelo1,PKLot,camera5,camera4,64,0.9164454633204633
Modelo1,PKLot,camera5,camera4,128,0.9526423745173745
Modelo1,PKLot,camera5,camera4,256,0.9568653474903475
Modelo1,PKLot,camera5,camera4,512,0.9592181467181468
Modelo1,PKLot,camera5,camera4,1024,0.9639840733590733
Modelo1,PKLot,camera5,camera5,64,0.8685770750988142
Modelo1,PKLot,camera5,camera5,128,0.9303908651734739
Modelo1,PKLot,camera5,camera5,256,0.9259991216512956
Modelo1,PKLot,camera5,camera5,512,0.9340140535792709
Modelo1,PKLot,camera5,camera5,1024,0.9479578392621871
Modelo1,PKLot,camera5,camera6,64,0.9052615874278894
Modelo1,PKLot,camera5,camera6,128,0.950268549830913
Modelo1,PKLot,camera5,camera6,256,0.9498209667793913
Modelo1,PKLot,camera5,camera6,512,0.9591704794111796
Modelo1,PKLot,camera5,camera6,1024,0.9613586632186194
Modelo1,PKLot,camera5,camera7,64,0.7740835464620631
Modelo1,PKLot,camera5,camera7,128,0.8750592024249313
Modelo1,PKLot,camera5,camera7,256,0.8632660793786113
Modelo1,PKLot,camera5,camera7,512,0.8838211613147674
Modelo1,PKLot,camera5,camera7,1024,0.9066496163682864
Modelo1,PKLot,camera5,camera8,64,0.8911725626972263
Modelo1,PKLot,camera5,camera8,128,0.9392542766982229
Modelo1,PKLot,camera5,camera8,256,0.9505065603720312
Modelo1,PKLot,camera5,camera8,512,0.9575236671649228
Modelo1,PKLot,camera5,camera8,1024,0.9648729446935725
Modelo1,PKLot,camera5,camera9,64,0.7684356680037026
Modelo1,PKLot,camera5,camera9,128,0.8815180499845726
Modelo1,PKLot,camera5,camera9,256,0.8874575748225856
Modelo1,PKLot,camera5,camera9,512,0.9107528540573897
Modelo1,PKLot,camera5,camera9,1024,0.9319654427645788
Modelo1,PKLot,camera6,camera1,64,0.8155265669742284
Modelo1,PKLot,camera6,camera1,128,0.7798281896277441
Modelo1,PKLot,camera6,camera1,256,0.8208081450843143
Modelo1,PKLot,camera6,camera1,512,0.8562519885459752
Modelo1,PKLot,camera6,camera1,1024,0.7435571110404072
Modelo1,PKLot,camera6,camera2,64,0.9096459096459096
Modelo1,PKLot,camera6,camera2,128,0.8932844932844933
Modelo1,PKLot,camera6,camera2,256,0.928937728937729
Modelo1,PKLot,camera6,camera2,512,0.9374847374847375
Modelo1,PKLot,camera6,camera2,1024,0.8822954822954823
Modelo1,PKLot,camera6,camera3,64,0.9163763066202091
Modelo1,PKLot,camera6,camera3,128,0.9060289304191743
Modelo1,PKLot,camera6,camera3,256,0.9164818920916482
Modelo1,PKLot,camera6,camera3,512,0.9271460247070004
Modelo1,PKLot,camera6,camera3,1024,0.8875514729173266
Modelo1,PKLot,camera6,camera4,64,0.9481780888030888
Modelo1,PKLot,camera6,camera4,128,0.9375
Modelo1,PKLot,camera6,camera4,256,0.9520994208494209
Modelo1,PKLot,camera6,camera4,512,0.9546935328185329
Modelo1,PKLot,camera6,camera4,1024,0.9274855212355212
Modelo1,PKLot,camera6,camera5,64,0.9261925328726365
Modelo1,PKLot,camera6,camera5,128,0.914435166522699
Modelo1,PKLot,camera6,camera5,256,0.9405893079950092
Modelo1,PKLot,camera6,camera5,512,0.9444764372780498
Modelo1,PKLot,camera6,camera5,1024,0.9090603704770132
Modelo1,PKLot,camera6,camera6,64,0.9397784956160591
Modelo1,PKLot,camera6,camera6,128,0.9290493770189202
Modelo1,PKLot,camera6,camera6,256,0.9597369635440701
Modelo1,PKLot,camera6,camera6,512,0.9627365020766036
Modelo1,PKLot,camera6,camera6,1024,0.9450853714813106
Modelo1,PKLot,camera6,camera7,64,0.8420952922231695
Modelo1,PKLot,camera6,camera7,128,0.8461210571184996
Modelo1,PKLot,camera6,camera7,256,0.8579615421047646
Modelo1,PKLot,camera6,camera7,512,0.8682864450127877
Modelo1,PKLot,camera6,camera7,1024,0.8248081841432225
Modelo1,PKLot,camera6,camera8,64,0.9292061119415379
Modelo1,PKLot,camera6,camera8,128,0.931033050988208
Modelo1,PKLot,camera6,camera8,256,0.9386314565686763
Modelo1,PKLot,camera6,camera8,512,0.945067264573991
Modelo1,PKLot,camera6,camera8,1024,0.9216077063610696
Modelo1,PKLot,camera6,camera9,64,0.847732181425486
Modelo1,PKLot,camera6,camera9,128,0.8570657204566492
Modelo1,PKLot,camera6,camera9,256,0.8854520209811787
Modelo1,PKLot,camera6,camera9,512,0.910058623881518
Modelo1,PKLot,camera6,camera9,1024,0.8441067571737119
Modelo1,PKLot,camera7,camera1,64,0.8538975501113586
Modelo1,PKLot,camera7,camera1,128,0.8781419026407891
Modelo1,PKLot,camera7,camera1,256,0.883423480750875
Modelo1,PKLot,camera7,camera1,512,0.8727330575882914
Modelo1,PKLot,camera7,camera1,1024,0.8641425389755011
Modelo1,PKLot,camera7,camera2,64,0.9186813186813186
Modelo1,PKLot,camera7,camera2,128,0.9357753357753358
Modelo1,PKLot,camera7,camera2,256,0.9428571428571428
Modelo1,PKLot,camera7,camera2,512,0.9409035409035409
Modelo1,PKLot,camera7,camera2,1024,0.9330891330891331
Modelo1,PKLot,camera7,camera3,64,0.9311582726216873
Modelo1,PKLot,camera7,camera3,128,0.9493189737092176
Modelo1,PKLot,camera7,camera3,256,0.9578713968957872
Modelo1,PKLot,camera7,camera3,512,0.947207264280435
Modelo1,PKLot,camera7,camera3,1024,0.9486854608805828
Modelo1,PKLot,camera7,camera4,64,0.9484194015444015
Modelo1,PKLot,camera7,camera4,128,0.9525820463320464
Modelo1,PKLot,camera7,camera4,256,0.9612089768339769
Modelo1,PKLot,camera7,camera4,512,0.9588561776061776
Modelo1,PKLot,camera7,camera4,1024,0.9608470077220077
Modelo1,PKLot,camera7,camera5,64,0.9368941357136001
Modelo1,PKLot,camera7,camera5,128,0.9435166522698916
Modelo1,PKLot,camera7,camera5,256,0.9494193300700643
Modelo1,PKLot,camera7,camera5,512,0.9512909108359727
Modelo1,PKLot,camera7,camera5,1024,0.9497072655725117
Modelo1,PKLot,camera7,camera6,64,0.9417644718519992
Modelo1,PKLot,camera7,camera6,128,0.9498706982295604
Modelo1,PKLot,camera7,camera6,256,0.9564849811020489
Modelo1,PKLot,camera7,camera6,512,0.9585239705589815
Modelo1,PKLot,camera7,camera6,1024,0.9610602745176049
Modelo1,PKLot,camera7,camera7,64,0.9140417036379769
Modelo1,PKLot,camera7,camera7,128,0.9302351375332741
Modelo1,PKLot,camera7,camera7,256,0.9263531499556344
Modelo1,PKLot,camera7,camera7,512,0.9213620230700976
Modelo1,PKLot,camera7,camera7,1024,0.9225820763087844
Modelo1,PKLot,camera7,camera8,64,0.9384238498588274
Modelo1,PKLot,camera7,camera8,128,0.9514200298953662
Modelo1,PKLot,camera7,camera8,256,0.9593506062115927
Modelo1,PKLot,camera7,camera8,512,0.9586032220561369
Modelo1,PKLot,camera7,camera8,1024,0.961302109284172
Modelo1,PKLot,camera7,camera9,64,0.8917772292502314
Modelo1,PKLot,camera7,camera9,128,0.9214748534402962
Modelo1,PKLot,camera7,camera9,256,0.9263344646713977
Modelo1,PKLot,camera7,camera9,512,0.9268744214748534
Modelo1,PKLot,camera7,camera9,1024,0.9226319037334156
Modelo1,PKLot,camera8,camera1,64,0.6864778873687559
Modelo1,PKLot,camera8,camera1,128,0.7738466433343939
Modelo1,PKLot,camera8,camera1,256,0.7894368437798281
Modelo1,PKLot,camera8,camera1,512,0.845879732739421
Modelo1,PKLot,camera8,camera1,1024,0.817053770283169
Modelo1,PKLot,camera8,camera2,64,0.8234432234432234
Modelo1,PKLot,camera8,camera2,128,0.9001221001221001
Modelo1,PKLot,camera8,camera2,256,0.9125763125763126
Modelo1,PKLot,camera8,camera2,512,0.9345543345543346
Modelo1,PKLot,camera8,camera2,1024,0.9101343101343101
Modelo1,PKLot,camera8,camera3,64,0.8322246858832225
Modelo1,PKLot,camera8,camera3,128,0.9166930630345265
Modelo1,PKLot,camera8,camera3,256,0.9126808151198396
Modelo1,PKLot,camera8,camera3,512,0.9388660120367437
Modelo1,PKLot,camera8,camera3,1024,0.9142645971914265
Modelo1,PKLot,camera8,camera4,64,0.8909869691119691
Modelo1,PKLot,camera8,camera4,128,0.9359917953667953
Modelo1,PKLot,camera8,camera4,256,0.9416626447876448
Modelo1,PKLot,camera8,camera4,512,0.9582528957528957
Modelo1,PKLot,camera8,camera4,1024,0.9442567567567568
Modelo1,PKLot,camera8,camera5,64,0.8467703234475478
Modelo1,PKLot,camera8,camera5,128,0.9142911987714752
Modelo1,PKLot,camera8,camera5,256,0.918562242057779
Modelo1,PKLot,camera8,camera5,512,0.9342547269411652
Modelo1,PKLot,camera8,camera5,1024,0.9208177368269508
Modelo1,PKLot,camera8,camera6,64,0.8803958623433459
Modelo1,PKLot,camera8,camera6,128,0.9288840262582057
Modelo1,PKLot,camera8,camera6,256,0.9372389098866123
Modelo1,PKLot,camera8,camera6,512,0.9552416948478217
Modelo1,PKLot,camera8,camera6,1024,0.9510642530336184
Modelo1,PKLot,camera8,camera7,64,0.7399355877616747
Modelo1,PKLot,camera8,camera7,128,0.8364118594297623
Modelo1,PKLot,camera8,camera7,256,0.8581509898645449
Modelo1,PKLot,camera8,camera7,512,0.8675286539736667
Modelo1,PKLot,camera8,camera7,1024,0.8632187174386663
Modelo1,PKLot,camera8,camera8,64,0.8804012345679012
Modelo1,PKLot,camera8,camera8,128,0.949266975308642
Modelo1,PKLot,camera8,camera8,256,0.9521604938271605
Modelo1,PKLot,camera8,camera8,512,0.9640239197530864
Modelo1,PKLot,camera8,camera8,1024,0.9649884259259259
Modelo1,PKLot,camera8,camera9,64,0.7269361308238198
Modelo1,PKLot,camera8,camera9,128,0.8522061092255476
Modelo1,PKLot,camera8,camera9,256,0.8879975316260413
Modelo1,PKLot,camera8,camera9,512,0.9048904659055848
Modelo1,PKLot,camera8,camera9,1024,0.8908515890157359
Modelo1,PKLot,camera9,camera1,64,0.7959274578428254
Modelo1,PKLot,camera9,camera1,128,0.8342984409799554
Modelo1,PKLot,camera9,camera1,256,0.851543111676742
Modelo1,PKLot,camera9,camera1,512,0.8189627744193446
Modelo1,PKLot,camera9,camera1,1024,0.8949411390391346
Modelo1,PKLot,camera9,camera2,64,0.9076923076923077
Modelo1,PKLot,camera9,camera2,128,0.928937728937729
Modelo1,PKLot,camera9,camera2,256,0.9335775335775336
Modelo1,PKLot,camera9,camera2,512,0.9330891330891331
Modelo1,PKLot,camera9,camera2,1024,0.9506715506715506
Modelo1,PKLot,camera9,camera3,64,0.9123640587055222
Modelo1,PKLot,camera9,camera3,128,0.9420335761799177
Modelo1,PKLot,camera9,camera3,256,0.9414000633512829
Modelo1,PKLot,camera9,camera3,512,0.9352761060078133
Modelo1,PKLot,camera9,camera3,1024,0.9530144652095872
Modelo1,PKLot,camera9,camera4,64,0.9294160231660231
Modelo1,PKLot,camera9,camera4,128,0.9447997104247104
Modelo1,PKLot,camera9,camera4,256,0.9451616795366795
Modelo1,PKLot,camera9,camera4,512,0.9498069498069498
Modelo1,PKLot,camera9,camera4,1024,0.9630188223938224
Modelo1,PKLot,camera9,camera5,64,0.9075247144639601
Modelo1,PKLot,camera9,camera5,128,0.9206737690757271
Modelo1,PKLot,camera9,camera5,256,0.9240810058546886
Modelo1,PKLot,camera9,camera5,512,0.9235531241002015
Modelo1,PKLot,camera9,camera5,1024,0.9372780497168635
Modelo1,PKLot,camera9,camera6,64,0.92102645713149
Modelo1,PKLot,camera9,camera6,128,0.9448478217624826
Modelo1,PKLot,camera9,camera6,256,0.9522080763875075
Modelo1,PKLot,camera9,camera6,512,0.9526556594390292
Modelo1,PKLot,camera9,camera6,1024,0.9612094688681122
Modelo1,PKLot,camera9,camera7,64,0.8305389788765748
Modelo1,PKLot,camera9,camera7,128,0.8577720943449844
Modelo1,PKLot,camera9,camera7,256,0.8668655868144359
Modelo1,PKLot,camera9,camera7,512,0.8600928294022924
Modelo1,PKLot,camera9,camera7,1024,0.8931514634839443
Modelo1,PKLot,camera9,camera8,64,0.9256352765321375
Modelo1,PKLot,camera9,camera8,128,0.947641587776117
Modelo1,PKLot,camera9,camera8,256,0.9512954658694569
Modelo1,PKLot,camera9,camera8,512,0.9497176548746056
Modelo1,PKLot,camera9,camera8,1024,0.9599734263411394
Modelo1,PKLot,camera9,camera9,64,0.8806179775280899
Modelo1,PKLot,camera9,camera9,128,0.9301765650080257
Modelo1,PKLot,camera9,camera9,256,0.9329855537720706
Modelo1,PKLot,camera9,camera9,512,0.9345906902086677
Modelo1,PKLot,camera9,camera9,1024,0.954454253611557
Modelo2,CNR,PUC,PUC,64,0.9564688796059231
Modelo2,CNR,PUC,PUC,128,0.977954453577685
Modelo2,CNR,PUC,PUC,256,0.9847429966012368
Modelo2,CNR,PUC,PUC,512,0.9888185180194343
Modelo2,CNR,PUC,PUC,1024,0.990357693632185
Modelo2,CNR,PUC,UFPR04,64,0.8763262568143382
Modelo2,CNR,PUC,UFPR04,128,0.9084682029043016
Modelo2,CNR,PUC,UFPR04,256,0.8898746256247461
Modelo2,CNR,PUC,UFPR04,512,0.9438602458358134
Modelo2,CNR,PUC,UFPR04,1024,0.9551505531778199
Modelo2,CNR,PUC,UFPR05,64,0.6985071025726091
Modelo2,CNR,PUC,UFPR05,128,0.7805109026751516
Modelo2,CNR,PUC,UFPR05,256,0.8549144976927949
Modelo2,CNR,PUC,UFPR05,512,0.8498899176644449
Modelo2,CNR,PUC,UFPR05,1024,0.8153813674337244
Modelo2,CNR,UFPR04,PUC,64,0.837651423897337
Modelo2,CNR,UFPR04,PUC,128,0.8259170294868501
Modelo2,CNR,UFPR04,PUC,256,0.9579678612427898
Modelo2,CNR,UFPR04,PUC,512,0.9565582252730286
Modelo2,CNR,UFPR04,PUC,1024,0.9763332021130396
Modelo2,CNR,UFPR04,UFPR04,64,0.9489217738978198
Modelo2,CNR,UFPR04,UFPR04,128,0.9471119154926245
Modelo2,CNR,UFPR04,UFPR04,256,0.9723079834865207
Modelo2,CNR,UFPR04,UFPR04,512,0.9699184972260667
Modelo2,CNR,UFPR04,UFPR04,1024,0.9788021812933981
Modelo2,CNR,UFPR04,UFPR05,64,0.5985644057061857
Modelo2,CNR,UFPR04,UFPR05,128,0.6198389480351058
Modelo2,CNR,UFPR04,UFPR05,256,0.7207226226739452
Modelo2,CNR,UFPR04,UFPR05,512,0.8235063485840094
Modelo2,CNR,UFPR04,UFPR05,1024,0.7788460958470308
Modelo2,CNR,UFPR05,PUC,64,0.6934748941005084
Modelo2,CNR,UFPR05,PUC,128,0.7844529881689583
Modelo2,CNR,UFPR05,PUC,256,0.7906454859826082
Modelo2,CNR,UFPR05,PUC,512,0.8519340064070077
Modelo2,CNR,UFPR05,PUC,1024,0.84430358561417
Modelo2,CNR,UFPR05,UFPR04,64,0.6402785257409559
Modelo2,CNR,UFPR05,UFPR04,128,0.767098438252884
Modelo2,CNR,UFPR05,UFPR04,256,0.7817994576873294
Modelo2,CNR,UFPR05,UFPR04,512,0.9060306302731405
Modelo2,CNR,UFPR05,UFPR04,1024,0.9030072843740257
Modelo2,CNR,UFPR05,UFPR05,64,0.9577746921308415
Modelo2,CNR,UFPR05,UFPR05,128,0.9819944913614532
Modelo2,CNR,UFPR05,UFPR05,256,0.9656051535362272
Modelo2,CNR,UFPR05,UFPR05,512,0.9849005637628706
Modelo2,CNR,UFPR05,UFPR05,1024,0.9794146881852602
Modelo2,Kyoto,PUC,PUC,64,0.9462815733129707
Modelo2,Kyoto,PUC,PUC,128,0.9664345925227208
Modelo2,Kyoto,PUC,PUC,256,0.974393987033793
Modelo2,Kyoto,PUC,PUC,512,0.9778406623845244
Modelo2,Kyoto,PUC,PUC,1024,0.978945634760215
Modelo2,Kyoto,PUC,UFPR04,64,0.8724998346607712
Modelo2,Kyoto,PUC,UFPR04,128,0.9204860028532827
Modelo2,Kyoto,PUC,UFPR04,256,0.9271184679194656
Modelo2,Kyoto,PUC,UFPR04,512,0.9044528216320399
Modelo2,Kyoto,PUC,UFPR04,1024,0.8835917349281482
Modelo2,Kyoto,PUC,UFPR05,64,0.6972042102723407
Modelo2,Kyoto,PUC,UFPR05,128,0.8302982778900383
Modelo2,Kyoto,PUC,UFPR05,256,0.8233495189552734
Modelo2,Kyoto,PUC,UFPR05,512,0.8242000180957264
Modelo2,Kyoto,PUC,UFPR05,1024,0.7898241698585518
Modelo2,Kyoto,PUC,camera1,64,0.10760419980909959
Modelo2,Kyoto,PUC,camera1,128,0.12058542793509386
Modelo2,Kyoto,PUC,camera1,256,0.120521794463888
Modelo2,Kyoto,PUC,camera1,512,0.10652243079860006
Modelo2,Kyoto,PUC,camera1,1024,0.10690423162583519
Modelo2,Kyoto,PUC,camera2,64,0.12014652014652015
Modelo2,Kyoto,PUC,camera2,128,0.13846153846153847
Modelo2,Kyoto,PUC,camera2,256,0.13894993894993896
Modelo2,Kyoto,PUC,camera2,512,0.12673992673992673
Modelo2,Kyoto,PUC,camera2,1024,0.11746031746031746
Modelo2,Kyoto,PUC,camera3,64,0.13937282229965156
Modelo2,Kyoto,PUC,camera3,128,0.15024812585788194
Modelo2,Kyoto,PUC,camera3,256,0.14803083095766023
Modelo2,Kyoto,PUC,camera3,512,0.1503537113293211
Modelo2,Kyoto,PUC,camera3,1024,0.14349065568577762
Modelo2,Kyoto,PUC,camera4,64,0.07577220077220077
Modelo2,Kyoto,PUC,camera4,128,0.07559121621621621
Modelo2,Kyoto,PUC,camera4,256,0.07860762548262548
Modelo2,Kyoto,PUC,camera4,512,0.07456563706563707
Modelo2,Kyoto,PUC,camera4,1024,0.07794401544401544
Modelo2,Kyoto,PUC,camera5,64,0.08801228524810442
Modelo2,Kyoto,PUC,camera5,128,0.09295517804011902
Modelo2,Kyoto,PUC,camera5,256,0.08863614550340723
Modelo2,Kyoto,PUC,camera5,512,0.08407716671465591
Modelo2,Kyoto,PUC,camera5,1024,0.0839811882138401
Modelo2,Kyoto,PUC,camera6,64,0.09742391088124129
Modelo2,Kyoto,PUC,camera6,128,0.09394270936940521
Modelo2,Kyoto,PUC,camera6,256,0.08618460314302764
Modelo2,Kyoto,PUC,camera6,512,0.08499104833896956
Modelo2,Kyoto,PUC,camera6,1024,0.08852198130097473
Modelo2,Kyoto,PUC,camera7,64,0.12304631997726627
Modelo2,Kyoto,PUC,camera7,128,0.151179312304632
Modelo2,Kyoto,PUC,camera7,256,0.14038078999715828
Modelo2,Kyoto,PUC,camera7,512,0.1423699914748508
Modelo2,Kyoto,PUC,camera7,1024,0.12981907738940987
Modelo2,Kyoto,PUC,camera8,64,0.1170071416708188
Modelo2,Kyoto,PUC,camera8,128,0.10089686098654709
Modelo2,Kyoto,PUC,camera8,256,0.08827437302773626
Modelo2,Kyoto,PUC,camera8,512,0.09163760172728783
Modelo2,Kyoto,PUC,camera8,1024,0.10239162929745889
Modelo2,Kyoto,PUC,camera9,64,0.1285097192224622
Modelo2,Kyoto,PUC,camera9,128,0.14563406356062944
Modelo2,Kyoto,PUC,camera9,256,0.13799753162604134
Modelo2,Kyoto,PUC,camera9,512,0.13352360382597964
Modelo2,Kyoto,PUC,camera9,1024,0.14679111385374885
Modelo2,Kyoto,UFPR04,PUC,64,0.7546644099919146
Modelo2,Kyoto,UFPR04,PUC,128,0.789648368900319
Modelo2,Kyoto,UFPR04,PUC,256,0.8939920749228589
Modelo2,Kyoto,UFPR04,PUC,512,0.9096135758787242
Modelo2,Kyoto,UFPR04,PUC,1024,0.9180713916972912
Modelo2,Kyoto,UFPR04,UFPR04,64,0.9262216544235069
Modelo2,Kyoto,UFPR04,UFPR04,128,0.9570838804310539
Modelo2,Kyoto,UFPR04,UFPR04,256,0.9652459869642879
Modelo2,Kyoto,UFPR04,UFPR04,512,0.9735855305960703
Modelo2,Kyoto,UFPR04,UFPR04,1024,0.9780332871996877
Modelo2,Kyoto,UFPR04,UFPR05,64,0.6041197937087192
Modelo2,Kyoto,UFPR04,UFPR05,128,0.6633229785565642
Modelo2,Kyoto,UFPR04,UFPR05,256,0.7160840848086377
Modelo2,Kyoto,UFPR04,UFPR05,512,0.8099104261543566
Modelo2,Kyoto,UFPR04,UFPR05,1024,0.7952347920499442
Modelo2,Kyoto,UFPR04,camera1,64,0.295195672923958
Modelo2,Kyoto,UFPR04,camera1,128,0.291695832007636
Modelo2,Kyoto,UFPR04,camera1,256,0.2523703468024181
Modelo2,Kyoto,UFPR04,camera1,512,0.25300668151447664
Modelo2,Kyoto,UFPR04,camera1,1024,0.21202672605790646
Modelo2,Kyoto,UFPR04,camera2,64,0.22612942612942613
Modelo2,Kyoto,UFPR04,camera2,128,0.12380952380952381
Modelo2,Kyoto,UFPR04,camera2,256,0.10671550671550671
Modelo2,Kyoto,UFPR04,camera2,512,0.13137973137973138
Modelo2,Kyoto,UFPR04,camera2,1024,0.14554334554334555
Modelo2,Kyoto,UFPR04,camera3,64,0.2415795586527294
Modelo2,Kyoto,UFPR04,camera3,128,0.18899799387604266
Modelo2,Kyoto,UFPR04,camera3,256,0.15193749340090804
Modelo2,Kyoto,UFPR04,camera3,512,0.12765283496990815
Modelo2,Kyoto,UFPR04,camera3,1024,0.13008130081300814
Modelo2,Kyoto,UFPR04,camera4,64,0.2298503861003861
Modelo2,Kyoto,UFPR04,camera4,128,0.16053330115830117
Modelo2,Kyoto,UFPR04,camera4,256,0.1361003861003861
Modelo2,Kyoto,UFPR04,camera4,512,0.13622104247104247
Modelo2,Kyoto,UFPR04,camera4,1024,0.10798745173745174
Modelo2,Kyoto,UFPR04,camera5,64,0.25391112390824455
Modelo2,Kyoto,UFPR04,camera5,128,0.17645647374988002
Modelo2,Kyoto,UFPR04,camera5,256,0.14919857951818793
Modelo2,Kyoto,UFPR04,camera5,512,0.16565889240810058
Modelo2,Kyoto,UFPR04,camera5,1024,0.13696132066417122
Modelo2,Kyoto,UFPR04,camera6,64,0.26611298985478415
Modelo2,Kyoto,UFPR04,camera6,128,0.1396459120747961
Modelo2,Kyoto,UFPR04,camera6,256,0.11333797493534911
Modelo2,Kyoto,UFPR04,camera6,512,0.11507857569126716
Modelo2,Kyoto,UFPR04,camera6,1024,0.10105430674358465
Modelo2,Kyoto,UFPR04,camera7,64,0.24779766979255471
Modelo2,Kyoto,UFPR04,camera7,128,0.1540210287013356
Modelo2,Kyoto,UFPR04,camera7,256,0.15089514066496162
Modelo2,Kyoto,UFPR04,camera7,512,0.15762053613716018
Modelo2,Kyoto,UFPR04,camera7,1024,0.13313441318556407
Modelo2,Kyoto,UFPR04,camera8,64,0.27586779604716827
Modelo2,Kyoto,UFPR04,camera8,128,0.1438299285832918
Modelo2,Kyoto,UFPR04,camera8,256,0.11816973924597243
Modelo2,Kyoto,UFPR04,camera8,512,0.11949842218900515
Modelo2,Kyoto,UFPR04,camera8,1024,0.10899352267065271
Modelo2,Kyoto,UFPR04,camera9,64,0.28077753779697623
Modelo2,Kyoto,UFPR04,camera9,128,0.19361308238198088
Modelo2,Kyoto,UFPR04,camera9,256,0.17726010490589325
Modelo2,Kyoto,UFPR04,camera9,512,0.19430731255785252
Modelo2,Kyoto,UFPR04,camera9,1024,0.16638383215057082
Modelo2,Kyoto,UFPR05,PUC,64,0.682023369784288
Modelo2,Kyoto,UFPR05,PUC,128,0.7298001287058928
Modelo2,Kyoto,UFPR05,PUC,256,0.7430195911112787
Modelo2,Kyoto,UFPR05,PUC,512,0.8720696426172084
Modelo2,Kyoto,UFPR05,PUC,1024,0.8072263880081938
Modelo2,Kyoto,UFPR05,UFPR04,64,0.7039294048732557
Modelo2,Kyoto,UFPR05,UFPR04,128,0.7954328581011498
Modelo2,Kyoto,UFPR05,UFPR04,256,0.7056300369415077
Modelo2,Kyoto,UFPR05,UFPR04,512,0.8791984354184972
Modelo2,Kyoto,UFPR05,UFPR04,1024,0.8442315505040484
Modelo2,Kyoto,UFPR05,UFPR05,64,0.9543374837813845
Modelo2,Kyoto,UFPR05,UFPR05,128,0.9648084496141677
Modelo2,Kyoto,UFPR05,UFPR05,256,0.9592466974725516
Modelo2,Kyoto,UFPR05,UFPR05,512,0.9754387562313628
Modelo2,Kyoto,UFPR05,UFPR05,1024,0.9700591078433605
Modelo2,Kyoto,UFPR05,camera1,64,0.37836461979000957
Modelo2,Kyoto,UFPR05,camera1,128,0.32993954820235444
Modelo2,Kyoto,UFPR05,camera1,256,0.37492841234489344
Modelo2,Kyoto,UFPR05,camera1,512,0.3007317849188673
Modelo2,Kyoto,UFPR05,camera1,1024,0.29818644607063316
Modelo2,Kyoto,UFPR05,camera2,64,0.4095238095238095
Modelo2,Kyoto,UFPR05,camera2,128,0.3562881562881563
Modelo2,Kyoto,UFPR05,camera2,256,0.37606837606837606
Modelo2,Kyoto,UFPR05,camera2,512,0.3238095238095238
Modelo2,Kyoto,UFPR05,camera2,1024,0.29426129426129427
Modelo2,Kyoto,UFPR05,camera3,64,0.38971597508182876
Modelo2,Kyoto,UFPR05,camera3,128,0.336289726533629
Modelo2,Kyoto,UFPR05,camera3,256,0.35212754724949846
Modelo2,Kyoto,UFPR05,camera3,512,0.2954281490866857
Modelo2,Kyoto,UFPR05,camera3,1024,0.28307464892830747
Modelo2,Kyoto,UFPR05,camera4,64,0.32547055984555984
Modelo2,Kyoto,UFPR05,camera4,128,0.2612210424710425
Modelo2,Kyoto,UFPR05,camera4,256,0.2524734555984556
Modelo2,Kyoto,UFPR05,camera4,512,0.17778716216216217
Modelo2,Kyoto,UFPR05,camera4,1024,0.18864623552123552
Modelo2,Kyoto,UFPR05,camera5,64,0.3493137537191669
Modelo2,Kyoto,UFPR05,camera5,128,0.29057491121988677
Modelo2,Kyoto,UFPR05,camera5,256,0.3114022458969191
Modelo2,Kyoto,UFPR05,camera5,512,0.23543526250119973
Modelo2,Kyoto,UFPR05,camera5,1024,0.23428352049140994
Modelo2,Kyoto,UFPR05,camera6,64,0.3154465884225184
Modelo2,Kyoto,UFPR05,camera6,128,0.2569624030236722
Modelo2,Kyoto,UFPR05,camera6,256,0.27605927988860157
Modelo2,Kyoto,UFPR05,camera6,512,0.19280883230555004
Modelo2,Kyoto,UFPR05,camera6,1024,0.18519992042967973
Modelo2,Kyoto,UFPR05,camera7,64,0.3758643554039974
Modelo2,Kyoto,UFPR05,camera7,128,0.30112721417069244
Modelo2,Kyoto,UFPR05,camera7,256,0.3561617883868523
Modelo2,Kyoto,UFPR05,camera7,512,0.2651321398124467
Modelo2,Kyoto,UFPR05,camera7,1024,0.24727668845315903
Modelo2,Kyoto,UFPR05,camera8,64,0.3285999003487793
Modelo2,Kyoto,UFPR05,camera8,128,0.26096163428001995
Modelo2,Kyoto,UFPR05,camera8,256,0.2896944029231025
Modelo2,Kyoto,UFPR05,camera8,512,0.21690749045009133
Modelo2,Kyoto,UFPR05,camera8,1024,0.204741737252948
Modelo2,Kyoto,UFPR05,camera9,64,0.4431502622647331
Modelo2,Kyoto,UFPR05,camera9,128,0.35868559086701635
Modelo2,Kyoto,UFPR05,camera9,256,0.41491823511261955
Modelo2,Kyoto,UFPR05,camera9,512,0.28394014193150263
Modelo2,Kyoto,UFPR05,camera9,1024,0.2575593952483801
Modelo2,Kyoto,camera1,PUC,64,0.20001980090659865
Modelo2,Kyoto,camera1,PUC,128,0.20053603882863494
Modelo2,Kyoto,camera1,PUC,256,0.16643604896481332
Modelo2,Kyoto,camera1,PUC,512,0.1451854331330456
Modelo2,Kyoto,camera1,PUC,1024,0.10848068115118699
Modelo2,Kyoto,camera1,UFPR04,64,0.3108377502527328
Modelo2,Kyoto,camera1,UFPR04,128,0.392590912955982
Modelo2,Kyoto,camera1,UFPR04,256,0.3385486050093062
Modelo2,Kyoto,camera1,UFPR04,512,0.28220099581455554
Modelo2,Kyoto,camera1,UFPR04,1024,0.2398269134472757
Modelo2,Kyoto,camera1,UFPR05,64,0.26697831528787286
Modelo2,Kyoto,camera1,UFPR05,128,0.2632928190125765
Modelo2,Kyoto,camera1,UFPR05,256,0.19717103477395423
Modelo2,Kyoto,camera1,UFPR05,512,0.2653135084597521
Modelo2,Kyoto,camera1,UFPR05,1024,0.23630605905238714
Modelo2,Kyoto,camera1,camera1,64,0.9327828241123038
Modelo2,Kyoto,camera1,camera1,128,0.9281585466556564
Modelo2,Kyoto,camera1,camera1,256,0.9383980181668043
Modelo2,Kyoto,camera1,camera1,512,0.935590421139554
Modelo2,Kyoto,camera1,camera1,1024,0.9339388934764657
Modelo2,Kyoto,camera1,camera2,64,0.9313797313797314
Modelo2,Kyoto,camera1,camera2,128,0.9413919413919414
Modelo2,Kyoto,camera1,camera2,256,0.9496947496947497
Modelo2,Kyoto,camera1,camera2,512,0.9445665445665445
Modelo2,Kyoto,camera1,camera2,1024,0.9296703296703297
Modelo2,Kyoto,camera1,camera3,64,0.922077922077922
Modelo2,Kyoto,camera1,camera3,128,0.9291521486643438
Modelo2,Kyoto,camera1,camera3,256,0.9423503325942351
Modelo2,Kyoto,camera1,camera3,512,0.9402386231654525
Modelo2,Kyoto,camera1,camera3,1024,0.9275683665927569
Modelo2,Kyoto,camera1,camera4,64,0.9388272200772201
Modelo2,Kyoto,camera1,camera4,128,0.9546332046332047
Modelo2,Kyoto,camera1,camera4,256,0.9635617760617761
Modelo2,Kyoto,camera1,camera4,512,0.956081081081081
Modelo2,Kyoto,camera1,camera4,1024,0.9434724903474904
Modelo2,Kyoto,camera1,camera5,64,0.9136673385161723
Modelo2,Kyoto,camera1,camera5,128,0.924368941357136
Modelo2,Kyoto,camera1,camera5,256,0.9397734907380747
Modelo2,Kyoto,camera1,camera5,512,0.9372780497168635
Modelo2,Kyoto,camera1,camera5,1024,0.9268163931279393
Modelo2,Kyoto,camera1,camera6,64,0.9292818778595584
Modelo2,Kyoto,camera1,camera6,128,0.9351999204296797
Modelo2,Kyoto,camera1,camera6,256,0.9456932564153571
Modelo2,Kyoto,camera1,camera6,512,0.9455440620648499
Modelo2,Kyoto,camera1,camera6,1024,0.939924408195743
Modelo2,Kyoto,camera1,camera7,64,0.883442265795207
Modelo2,Kyoto,camera1,camera7,128,0.8809320829781188
Modelo2,Kyoto,camera1,camera7,256,0.8940987022828455
Modelo2,Kyoto,camera1,camera7,512,0.8928672918442739
Modelo2,Kyoto,camera1,camera7,1024,0.8816425120772947
Modelo2,Kyoto,camera1,camera8,64,0.928292642418203
Modelo2,Kyoto,camera1,camera8,128,0.9319880418535127
Modelo2,Kyoto,camera1,camera8,256,0.9459392127553563
Modelo2,Kyoto,camera1,camera8,512,0.9456900847035377
Modelo2,Kyoto,camera1,camera8,1024,0.9409981730609533
Modelo2,Kyoto,camera1,camera9,64,0.9017278617710583
Modelo2,Kyoto,camera1,camera9,128,0.9129126812712126
Modelo2,Kyoto,camera1,camera9,256,0.9119099043505091
Modelo2,Kyoto,camera1,camera9,512,0.913992594878124
Modelo2,Kyoto,camera1,camera9,1024,0.8980253008330762
Modelo2,Kyoto,camera2,PUC,64,0.14043793005094019
Modelo2,Kyoto,camera2,PUC,128,0.09884659719062851
Modelo2,Kyoto,camera2,PUC,256,0.09000926399558723
Modelo2,Kyoto,camera2,PUC,512,0.07497236123453938
Modelo2,Kyoto,camera2,PUC,1024,0.0929157542141751
Modelo2,Kyoto,camera2,UFPR04,64,0.33269087232977146
Modelo2,Kyoto,camera2,UFPR04,128,0.1760154190640855
Modelo2,Kyoto,camera2,UFPR04,256,0.20611660667214649
Modelo2,Kyoto,camera2,UFPR04,512,0.1367875060230719
Modelo2,Kyoto,camera2,UFPR04,1024,0.16650132743780882
Modelo2,Kyoto,camera2,UFPR05,64,0.48587628555056245
Modelo2,Kyoto,camera2,UFPR05,128,0.27932563259643517
Modelo2,Kyoto,camera2,UFPR05,256,0.3069517748891637
Modelo2,Kyoto,camera2,UFPR05,512,0.2235968272159725
Modelo2,Kyoto,camera2,UFPR05,1024,0.20302801821636457
Modelo2,Kyoto,camera2,camera1,64,0.7459751829462297
Modelo2,Kyoto,camera2,camera1,128,0.8234171174037543
Modelo2,Kyoto,camera2,camera1,256,0.841934457524658
Modelo2,Kyoto,camera2,camera1,512,0.8806872414890232
Modelo2,Kyoto,camera2,camera1,1024,0.8315622017181037
Modelo2,Kyoto,camera2,camera2,64,0.9308390022675737
Modelo2,Kyoto,camera2,camera2,128,0.963718820861678
Modelo2,Kyoto,camera2,camera2,256,0.9580498866213152
Modelo2,Kyoto,camera2,camera2,512,0.9773242630385488
Modelo2,Kyoto,camera2,camera2,1024,0.9648526077097506
Modelo2,Kyoto,camera2,camera3,64,0.869285186358357
Modelo2,Kyoto,camera2,camera3,128,0.9014887551472918
Modelo2,Kyoto,camera2,camera3,256,0.9121528877626438
Modelo2,Kyoto,camera2,camera3,512,0.9364375461936437
Modelo2,Kyoto,camera2,camera3,1024,0.9150036954915004
Modelo2,Kyoto,camera2,camera4,64,0.8857987451737451
Modelo2,Kyoto,camera2,camera4,128,0.918315637065637
Modelo2,Kyoto,camera2,camera4,256,0.9208494208494209
Modelo2,Kyoto,camera2,camera4,512,0.9607263513513513
Modelo2,Kyoto,camera2,camera4,1024,0.9376809845559846
Modelo2,Kyoto,camera2,camera5,64,0.8456665706881659
Modelo2,Kyoto,camera2,camera5,128,0.8707649486515021
Modelo2,Kyoto,camera2,camera5,256,0.8796909492273731
Modelo2,Kyoto,camera2,camera5,512,0.9267204146271235
Modelo2,Kyoto,camera2,camera5,1024,0.9121796717535272
Modelo2,Kyoto,camera2,camera6,64,0.856972349313706
Modelo2,Kyoto,camera2,camera6,128,0.9028247463696042
Modelo2,Kyoto,camera2,camera6,256,0.9056594390292421
Modelo2,Kyoto,camera2,camera6,512,0.9415655460513228
Modelo2,Kyoto,camera2,camera6,1024,0.9316192560175055
Modelo2,Kyoto,camera2,camera7,64,0.7872501657667899
Modelo2,Kyoto,camera2,camera7,128,0.8292602064980582
Modelo2,Kyoto,camera2,camera7,256,0.8349910012314105
Modelo2,Kyoto,camera2,camera7,512,0.88581036279246
Modelo2,Kyoto,camera2,camera7,1024,0.8709860755896561
Modelo2,Kyoto,camera2,camera8,64,0.877013785085534
Modelo2,Kyoto,camera2,camera8,128,0.9102308586613519
Modelo2,Kyoto,camera2,camera8,256,0.9143829928583291
Modelo2,Kyoto,camera2,camera8,512,0.9501328682943033
Modelo2,Kyoto,camera2,camera8,1024,0.9375103803354924
Modelo2,Kyoto,camera2,camera9,64,0.8081610614008022
Modelo2,Kyoto,camera2,camera9,128,0.8714131440913299
Modelo2,Kyoto,camera2,camera9,256,0.8748071582844801
Modelo2,Kyoto,camera2,camera9,512,0.9135297747608763
Modelo2,Kyoto,camera2,camera9,1024,0.8890774452329528
Modelo2,Kyoto,camera3,PUC,64,0.15430092192078224
Modelo2,Kyoto,camera3,PUC,128,0.10854432692239695
Modelo2,Kyoto,camera3,PUC,256,0.08048125632037867
Modelo2,Kyoto,camera3,PUC,512,0.08813289237028639
Modelo2,Kyoto,camera3,PUC,1024,0.12654429392088595
Modelo2,Kyoto,camera3,UFPR04,64,0.26774562323441325
Modelo2,Kyoto,camera3,UFPR04,128,0.257258392146859
Modelo2,Kyoto,camera3,UFPR04,256,0.2164715663766144
Modelo2,Kyoto,camera3,UFPR04,512,0.18237389340816115
Modelo2,Kyoto,camera3,UFPR04,1024,0.18496263333427812
Modelo2,Kyoto,camera3,UFPR05,64,0.21271526374521219
Modelo2,Kyoto,camera3,UFPR05,128,0.14694936212564466
Modelo2,Kyoto,camera3,UFPR05,256,0.14979039116928552
Modelo2,Kyoto,camera3,UFPR05,512,0.1586995204632506
Modelo2,Kyoto,camera3,UFPR05,1024,0.19364840003619146
Modelo2,Kyoto,camera3,camera1,64,0.7959274578428254
Modelo2,Kyoto,camera3,camera1,128,0.8055997454661151
Modelo2,Kyoto,camera3,camera1,256,0.8207445116131085
Modelo2,Kyoto,camera3,camera1,512,0.7900095450206809
Modelo2,Kyoto,camera3,camera1,1024,0.839707286032453
Modelo2,Kyoto,camera3,camera2,64,0.881074481074481
Modelo2,Kyoto,camera3,camera2,128,0.8774114774114774
Modelo2,Kyoto,camera3,camera2,256,0.9118437118437118
Modelo2,Kyoto,camera3,camera2,512,0.9108669108669109
Modelo2,Kyoto,camera3,camera2,1024,0.9250305250305251
Modelo2,Kyoto,camera3,camera3,64,0.9324116743471582
Modelo2,Kyoto,camera3,camera3,128,0.9290322580645162
Modelo2,Kyoto,camera3,camera3,256,0.9468509984639016
Modelo2,Kyoto,camera3,camera3,512,0.9440860215053763
Modelo2,Kyoto,camera3,camera3,1024,0.9566820276497696
Modelo2,Kyoto,camera3,camera4,64,0.913730694980695
Modelo2,Kyoto,camera3,camera4,128,0.9206684362934363
Modelo2,Kyoto,camera3,camera4,256,0.9442567567567568
Modelo2,Kyoto,camera3,camera4,512,0.9381032818532818
Modelo2,Kyoto,camera3,camera4,1024,0.9539695945945946
Modelo2,Kyoto,camera3,camera5,64,0.8831941645071504
Modelo2,Kyoto,camera3,camera5,128,0.8695172281408965
Modelo2,Kyoto,camera3,camera5,256,0.8996544773970631
Modelo2,Kyoto,camera3,camera5,512,0.890200595066705
Modelo2,Kyoto,camera3,camera5,1024,0.9085804779729341
Modelo2,Kyoto,camera3,camera6,64,0.8961607320469465
Modelo2,Kyoto,camera3,camera6,128,0.906156753530933
Modelo2,Kyoto,camera3,camera6,256,0.9249055102446787
Modelo2,Kyoto,camera3,camera6,512,0.9172468669186393
Modelo2,Kyoto,camera3,camera6,1024,0.9361448179828924
Modelo2,Kyoto,camera3,camera7,64,0.8263237662214644
Modelo2,Kyoto,camera3,camera7,128,0.8131571469167377
Modelo2,Kyoto,camera3,camera7,256,0.8337595907928389
Modelo2,Kyoto,camera3,camera7,512,0.8453632660793786
Modelo2,Kyoto,camera3,camera7,1024,0.8757222695841622
Modelo2,Kyoto,camera3,camera8,64,0.915504069091513
Modelo2,Kyoto,camera3,camera8,128,0.9118086696562033
Modelo2,Kyoto,camera3,camera8,256,0.9245142002989537
Modelo2,Kyoto,camera3,camera8,512,0.9316143497757847
Modelo2,Kyoto,camera3,camera8,1024,0.9454824779936888
Modelo2,Kyoto,camera3,camera9,64,0.8559086701635298
Modelo2,Kyoto,camera3,camera9,128,0.8441067571737119
Modelo2,Kyoto,camera3,camera9,256,0.8663221228016045
Modelo2,Kyoto,camera3,camera9,512,0.859379821042888
Modelo2,Kyoto,camera3,camera9,1024,0.8853748842949707
Modelo2,Kyoto,camera4,PUC,64,0.15440228370456105
Modelo2,Kyoto,camera4,PUC,128,0.09432303293315072
Modelo2,Kyoto,camera4,PUC,256,0.08846055022947837
Modelo2,Kyoto,camera4,PUC,512,0.09111952911558308
Modelo2,Kyoto,camera4,PUC,1024,0.2600259769036568
Modelo2,Kyoto,camera4,UFPR04,64,0.3515300964636301
Modelo2,Kyoto,camera4,UFPR04,128,0.27789272790831704
Modelo2,Kyoto,camera4,UFPR04,256,0.2562852526855815
Modelo2,Kyoto,camera4,UFPR04,512,0.19055582324764037
Modelo2,Kyoto,camera4,UFPR04,1024,0.4881853311036157
Modelo2,Kyoto,camera4,UFPR05,64,0.3866272581958561
Modelo2,Kyoto,camera4,UFPR05,128,0.22030943692131374
Modelo2,Kyoto,camera4,UFPR05,256,0.28785475163615526
Modelo2,Kyoto,camera4,UFPR05,512,0.2302681183460506
Modelo2,Kyoto,camera4,UFPR05,1024,0.1553095877190337
Modelo2,Kyoto,camera4,camera1,64,0.7854279350938593
Modelo2,Kyoto,camera4,camera1,128,0.8335348393254852
Modelo2,Kyoto,camera4,camera1,256,0.8167992363983455
Modelo2,Kyoto,camera4,camera1,512,0.7553293032134903
Modelo2,Kyoto,camera4,camera1,1024,0.874260260897232
Modelo2,Kyoto,camera4,camera2,64,0.904029304029304
Modelo2,Kyoto,camera4,camera2,128,0.9264957264957265
Modelo2,Kyoto,camera4,camera2,256,0.9250305250305251
Modelo2,Kyoto,camera4,camera2,512,0.8915750915750916
Modelo2,Kyoto,camera4,camera2,1024,0.9362637362637363
Modelo2,Kyoto,camera4,camera3,64,0.8703410410727483
Modelo2,Kyoto,camera4,camera3,128,0.8977932636469221
Modelo2,Kyoto,camera4,camera3,256,0.9013831696758526
Modelo2,Kyoto,camera4,camera3,512,0.8860732763171788
Modelo2,Kyoto,camera4,camera3,1024,0.9271460247070004
Modelo2,Kyoto,camera4,camera4,64,0.9392282455866271
Modelo2,Kyoto,camera4,camera4,128,0.957662865177316
Modelo2,Kyoto,camera4,camera4,256,0.9495391345102328
Modelo2,Kyoto,camera4,camera4,512,0.9286049054835182
Modelo2,Kyoto,camera4,camera4,1024,0.9596937978440868
Modelo2,Kyoto,camera4,camera5,64,0.8946156061042326
Modelo2,Kyoto,camera4,camera5,128,0.9127555427584221
Modelo2,Kyoto,camera4,camera5,256,0.9041174776849985
Modelo2,Kyoto,camera4,camera5,512,0.8570400230348402
Modelo2,Kyoto,camera4,camera5,1024,0.9220174680871485
Modelo2,Kyoto,camera4,camera6,64,0.8945693256415357
Modelo2,Kyoto,camera4,camera6,128,0.9213248458325045
Modelo2,Kyoto,camera4,camera6,256,0.9167992838671176
Modelo2,Kyoto,camera4,camera6,512,0.8901432265764869
Modelo2,Kyoto,camera4,camera6,1024,0.9391287049930376
Modelo2,Kyoto,camera4,camera7,64,0.7992800985128351
Modelo2,Kyoto,camera4,camera7,128,0.8194562849294307
Modelo2,Kyoto,camera4,camera7,256,0.8261343184616842
Modelo2,Kyoto,camera4,camera7,512,0.81495690063465
Modelo2,Kyoto,camera4,camera7,1024,0.8887468030690537
Modelo2,Kyoto,camera4,camera8,64,0.8951170901843548
Modelo2,Kyoto,camera4,camera8,128,0.9185351270553064
Modelo2,Kyoto,camera4,camera8,256,0.9228948679621325
Modelo2,Kyoto,camera4,camera8,512,0.9166251453246969
Modelo2,Kyoto,camera4,camera8,1024,0.9519598073409733
Modelo2,Kyoto,camera4,camera9,64,0.8252082690527615
Modelo2,Kyoto,camera4,camera9,128,0.8582227707497686
Modelo2,Kyoto,camera4,camera9,256,0.8615396482567109
Modelo2,Kyoto,camera4,camera9,512,0.8215828448009873
Modelo2,Kyoto,camera4,camera9,1024,0.9128355445850046
Modelo2,Kyoto,camera5,PUC,64,0.17090775370500894
Modelo2,Kyoto,camera5,PUC,128,0.07684401835826912
Modelo2,Kyoto,camera5,PUC,256,0.06279951817793944
Modelo2,Kyoto,camera5,PUC,512,0.04936318870028263
Modelo2,Kyoto,camera5,PUC,1024,0.04292789405572069
Modelo2,Kyoto,camera5,UFPR04,64,0.36363292801602376
Modelo2,Kyoto,camera5,UFPR04,128,0.2099808206494525
Modelo2,Kyoto,camera5,UFPR04,256,0.15760135294728986
Modelo2,Kyoto,camera5,UFPR04,512,0.10885934827999962
Modelo2,Kyoto,camera5,UFPR04,1024,0.14373175363510104
Modelo2,Kyoto,camera5,UFPR05,64,0.40325723075067105
Modelo2,Kyoto,camera5,UFPR05,128,0.21814398166299726
Modelo2,Kyoto,camera5,UFPR05,256,0.18244714539916157
Modelo2,Kyoto,camera5,UFPR05,512,0.213541635250475
Modelo2,Kyoto,camera5,UFPR05,1024,0.1940103145640438
Modelo2,Kyoto,camera5,camera1,64,0.765510658606427
Modelo2,Kyoto,camera5,camera1,128,0.8164174355711104
Modelo2,Kyoto,camera5,camera1,256,0.8212535793827553
Modelo2,Kyoto,camera5,camera1,512,0.8614062997136493
Modelo2,Kyoto,camera5,camera1,1024,0.8334075723830735
Modelo2,Kyoto,camera5,camera2,64,0.8273504273504273
Modelo2,Kyoto,camera5,camera2,128,0.884981684981685
Modelo2,Kyoto,camera5,camera2,256,0.9098901098901099
Modelo2,Kyoto,camera5,camera2,512,0.9267399267399268
Modelo2,Kyoto,camera5,camera2,1024,0.9076923076923077
Modelo2,Kyoto,camera5,camera3,64,0.8572484426142962
Modelo2,Kyoto,camera5,camera3,128,0.9021222679759265
Modelo2,Kyoto,camera5,camera3,256,0.90655685777637
Modelo2,Kyoto,camera5,camera3,512,0.9219723366064829
Modelo2,Kyoto,camera5,camera3,1024,0.900010558547144
Modelo2,Kyoto,camera5,camera4,64,0.9159025096525096
Modelo2,Kyoto,camera5,camera4,128,0.9457649613899614
Modelo2,Kyoto,camera5,camera4,256,0.9467905405405406
Modelo2,Kyoto,camera5,camera4,512,0.9600627413127413
Modelo2,Kyoto,camera5,camera4,1024,0.952159749034749
Modelo2,Kyoto,camera5,camera5,64,0.855072463768116
Modelo2,Kyoto,camera5,camera5,128,0.8983311374615722
Modelo2,Kyoto,camera5,camera5,256,0.9065656565656566
Modelo2,Kyoto,camera5,camera5,512,0.9355511638120334
Modelo2,Kyoto,camera5,camera5,1024,0.9123847167325428
Modelo2,Kyoto,camera5,camera6,64,0.8804455937935151
Modelo2,Kyoto,camera5,camera6,128,0.9227173264372389
Modelo2,Kyoto,camera5,camera6,256,0.9346528744778198
Modelo2,Kyoto,camera5,camera6,512,0.946837079769246
Modelo2,Kyoto,camera5,camera6,1024,0.940521185597772
Modelo2,Kyoto,camera5,camera7,64,0.7545230652647532
Modelo2,Kyoto,camera5,camera7,128,0.8451264563796533
Modelo2,Kyoto,camera5,camera7,256,0.8658236241356446
Modelo2,Kyoto,camera5,camera7,512,0.8987875343374064
Modelo2,Kyoto,camera5,camera7,1024,0.8725490196078431
Modelo2,Kyoto,camera5,camera8,64,0.8693738581630959
Modelo2,Kyoto,camera5,camera8,128,0.9356419199468526
Modelo2,Kyoto,camera5,camera8,256,0.945814648729447
Modelo2,Kyoto,camera5,camera8,512,0.9575651885068925
Modelo2,Kyoto,camera5,camera8,1024,0.9512539445274871
Modelo2,Kyoto,camera5,camera9,64,0.7527769207034866
Modelo2,Kyoto,camera5,camera9,128,0.8238198087010182
Modelo2,Kyoto,camera5,camera9,256,0.8538259796359149
Modelo2,Kyoto,camera5,camera9,512,0.8988738043813638
Modelo2,Kyoto,camera5,camera9,1024,0.8781240357914224
Modelo2,Kyoto,camera6,PUC,64,0.11589187762096821
Modelo2,Kyoto,camera6,PUC,128,0.09626305032966152
Modelo2,Kyoto,camera6,PUC,256,0.10542096963153813
Modelo2,Kyoto,camera6,PUC,512,0.05301692741789106
Modelo2,Kyoto,camera6,PUC,1024,0.06679505825945317
Modelo2,Kyoto,camera6,UFPR04,64,0.3426584658409153
Modelo2,Kyoto,camera6,UFPR04,128,0.250559791389133
Modelo2,Kyoto,camera6,UFPR04,256,0.2640703683758019
Modelo2,Kyoto,camera6,UFPR04,512,0.1195355384862485
Modelo2,Kyoto,camera6,UFPR04,1024,0.1575541131676162
Modelo2,Kyoto,camera6,UFPR05,64,0.43122115993606175
Modelo2,Kyoto,camera6,UFPR05,128,0.34173176101577346
Modelo2,Kyoto,camera6,UFPR05,256,0.2976927948849413
Modelo2,Kyoto,camera6,UFPR05,512,0.24118587326959617
Modelo2,Kyoto,camera6,UFPR05,1024,0.21241366830533523
Modelo2,Kyoto,camera6,camera1,64,0.7794463888005091
Modelo2,Kyoto,camera6,camera1,128,0.7361756283805282
Modelo2,Kyoto,camera6,camera1,256,0.7177855552020362
Modelo2,Kyoto,camera6,camera1,512,0.8198536430162265
Modelo2,Kyoto,camera6,camera1,1024,0.7903277123767102
Modelo2,Kyoto,camera6,camera2,64,0.8881562881562881
Modelo2,Kyoto,camera6,camera2,128,0.8507936507936508
Modelo2,Kyoto,camera6,camera2,256,0.8454212454212454
Modelo2,Kyoto,camera6,camera2,512,0.9096459096459096
Modelo2,Kyoto,camera6,camera2,1024,0.8940170940170941
Modelo2,Kyoto,camera6,camera3,64,0.890296695174744
Modelo2,Kyoto,camera6,camera3,128,0.8734030197444832
Modelo2,Kyoto,camera6,camera3,256,0.8427832330271354
Modelo2,Kyoto,camera6,camera3,512,0.9027557808045613
Modelo2,Kyoto,camera6,camera3,1024,0.8802660753880266
Modelo2,Kyoto,camera6,camera4,64,0.9351472007722008
Modelo2,Kyoto,camera6,camera4,128,0.8965974903474904
Modelo2,Kyoto,camera6,camera4,256,0.9073962355212355
Modelo2,Kyoto,camera6,camera4,512,0.9485400579150579
Modelo2,Kyoto,camera6,camera4,1024,0.9333976833976834
Modelo2,Kyoto,camera6,camera5,64,0.8988866493905365
Modelo2,Kyoto,camera6,camera5,128,0.8556963240234188
Modelo2,Kyoto,camera6,camera5,256,0.8764276801996352
Modelo2,Kyoto,camera6,camera5,512,0.9261925328726365
Modelo2,Kyoto,camera6,camera5,1024,0.9106440157404742
Modelo2,Kyoto,camera6,camera6,64,0.9088601753576373
Modelo2,Kyoto,camera6,camera6,128,0.8759806183664052
Modelo2,Kyoto,camera6,camera6,256,0.9070143054914629
Modelo2,Kyoto,camera6,camera6,512,0.9465851407475773
Modelo2,Kyoto,camera6,camera6,1024,0.9411628980156899
Modelo2,Kyoto,camera6,camera7,64,0.8204035237283319
Modelo2,Kyoto,camera6,camera7,128,0.8068580089040447
Modelo2,Kyoto,camera6,camera7,256,0.8082315051624515
Modelo2,Kyoto,camera6,camera7,512,0.869328407691579
Modelo2,Kyoto,camera6,camera7,1024,0.8609453443213034
Modelo2,Kyoto,camera6,camera8,64,0.9177462215578808
Modelo2,Kyoto,camera6,camera8,128,0.9118501909981731
Modelo2,Kyoto,camera6,camera8,256,0.9157531971433317
Modelo2,Kyoto,camera6,camera8,512,0.9471848530144494
Modelo2,Kyoto,camera6,camera8,1024,0.9411642584288324
Modelo2,Kyoto,camera6,camera9,64,0.8328448009873496
Modelo2,Kyoto,camera6,camera9,128,0.82034865782166
Modelo2,Kyoto,camera6,camera9,256,0.804612773835236
Modelo2,Kyoto,camera6,camera9,512,0.8761956186362234
Modelo2,Kyoto,camera6,camera9,1024,0.8463437210737427
Modelo2,Kyoto,camera7,PUC,64,0.10527482008283379
Modelo2,Kyoto,camera7,PUC,128,0.16484019018299337
Modelo2,Kyoto,camera7,PUC,256,0.08450979791289015
Modelo2,Kyoto,camera7,PUC,512,0.1134474085563489
Modelo2,Kyoto,camera7,PUC,1024,0.17641429154006266
Modelo2,Kyoto,camera7,UFPR04,64,0.18470753852404032
Modelo2,Kyoto,camera7,UFPR04,128,0.1800780401160209
Modelo2,Kyoto,camera7,UFPR04,256,0.14844628364653306
Modelo2,Kyoto,camera7,UFPR04,512,0.12167077652749828
Modelo2,Kyoto,camera7,UFPR04,1024,0.25957314135086873
Modelo2,Kyoto,camera7,UFPR05,64,0.32150677081762524
Modelo2,Kyoto,camera7,UFPR05,128,0.29542479717706666
Modelo2,Kyoto,camera7,UFPR05,256,0.24166239406460174
Modelo2,Kyoto,camera7,UFPR05,512,0.24379768977893054
Modelo2,Kyoto,camera7,UFPR05,1024,0.2586120577856863
Modelo2,Kyoto,camera7,camera1,64,0.8610881323576202
Modelo2,Kyoto,camera7,camera1,128,0.8813235762010818
Modelo2,Kyoto,camera7,camera1,256,0.8735602927139675
Modelo2,Kyoto,camera7,camera1,512,0.8843143493477569
Modelo2,Kyoto,camera7,camera1,1024,0.8910594972955774
Modelo2,Kyoto,camera7,camera2,64,0.905982905982906
Modelo2,Kyoto,camera7,camera2,128,0.9333333333333333
Modelo2,Kyoto,camera7,camera2,256,0.937973137973138
Modelo2,Kyoto,camera7,camera2,512,0.9448107448107448
Modelo2,Kyoto,camera7,camera2,1024,0.9565323565323566
Modelo2,Kyoto,camera7,camera3,64,0.8959983106324569
Modelo2,Kyoto,camera7,camera3,128,0.9384436701509872
Modelo2,Kyoto,camera7,camera3,256,0.9388660120367437
Modelo2,Kyoto,camera7,camera3,512,0.947207264280435
Modelo2,Kyoto,camera7,camera3,1024,0.9505859993664871
Modelo2,Kyoto,camera7,camera4,64,0.9354488416988417
Modelo2,Kyoto,camera7,camera4,128,0.953125
Modelo2,Kyoto,camera7,camera4,256,0.9607263513513513
Modelo2,Kyoto,camera7,camera4,512,0.9648889961389961
Modelo2,Kyoto,camera7,camera4,1024,0.9681467181467182
Modelo2,Kyoto,camera7,camera5,64,0.9309434686630195
Modelo2,Kyoto,camera7,camera5,128,0.9304155869085325
Modelo2,Kyoto,camera7,camera5,256,0.9435166522698916
Modelo2,Kyoto,camera7,camera5,512,0.9536903733563682
Modelo2,Kyoto,camera7,camera5,1024,0.9586332661483827
Modelo2,Kyoto,camera7,camera6,64,0.9243087328426497
Modelo2,Kyoto,camera7,camera6,128,0.9382832703401631
Modelo2,Kyoto,camera7,camera6,256,0.9437039984085936
Modelo2,Kyoto,camera7,camera6,512,0.9585737020091506
Modelo2,Kyoto,camera7,camera6,1024,0.958772627809827
Modelo2,Kyoto,camera7,camera7,64,0.9315661047027507
Modelo2,Kyoto,camera7,camera7,128,0.9279059449866903
Modelo2,Kyoto,camera7,camera7,256,0.9114906832298136
Modelo2,Kyoto,camera7,camera7,512,0.9435448092280391
Modelo2,Kyoto,camera7,camera7,1024,0.9519742679680568
Modelo2,Kyoto,camera7,camera8,64,0.9240574655372862
Modelo2,Kyoto,camera7,camera8,128,0.9463129048330842
Modelo2,Kyoto,camera7,camera8,256,0.9495515695067265
Modelo2,Kyoto,camera7,camera8,512,0.9534130543099153
Modelo2,Kyoto,camera7,camera8,1024,0.9592260421856834
Modelo2,Kyoto,camera7,camera9,64,0.9105985806849738
Modelo2,Kyoto,camera7,camera9,128,0.9122184510953409
Modelo2,Kyoto,camera7,camera9,256,0.9109842641160136
Modelo2,Kyoto,camera7,camera9,512,0.9321197161369947
Modelo2,Kyoto,camera7,camera9,1024,0.9387534711508794
Modelo2,Kyoto,camera8,PUC,64,0.18428515191302688
Modelo2,Kyoto,camera8,PUC,128,0.12929049108605614
Modelo2,Kyoto,camera8,PUC,256,0.08178245875400438
Modelo2,Kyoto,camera8,PUC,512,0.08264285529073152
Modelo2,Kyoto,camera8,PUC,1024,0.05831838443460161
Modelo2,Kyoto,camera8,UFPR04,64,0.3665523463998564
Modelo2,Kyoto,camera8,UFPR04,128,0.2707500732216585
Modelo2,Kyoto,camera8,UFPR04,256,0.18706007955178897
Modelo2,Kyoto,camera8,UFPR04,512,0.1946751320351842
Modelo2,Kyoto,camera8,UFPR04,1024,0.13814801167767354
Modelo2,Kyoto,camera8,UFPR05,64,0.31010646319027657
Modelo2,Kyoto,camera8,UFPR05,128,0.2695901317972072
Modelo2,Kyoto,camera8,UFPR05,256,0.22646198389480351
Modelo2,Kyoto,camera8,UFPR05,512,0.1882860331151793
Modelo2,Kyoto,camera8,UFPR05,1024,0.16735530958771902
Modelo2,Kyoto,camera8,camera1,64,0.7054406617881005
Modelo2,Kyoto,camera8,camera1,128,0.7844097995545657
Modelo2,Kyoto,camera8,camera1,256,0.7919821826280624
Modelo2,Kyoto,camera8,camera1,512,0.7286032453070315
Modelo2,Kyoto,camera8,camera1,1024,0.8338530066815145
Modelo2,Kyoto,camera8,camera2,64,0.8432234432234432
Modelo2,Kyoto,camera8,camera2,128,0.9076923076923077
Modelo2,Kyoto,camera8,camera2,256,0.9128205128205128
Modelo2,Kyoto,camera8,camera2,512,0.8827838827838828
Modelo2,Kyoto,camera8,camera2,1024,0.9443223443223443
Modelo2,Kyoto,camera8,camera3,64,0.8442614296272832
Modelo2,Kyoto,camera8,camera3,128,0.9064512723049308
Modelo2,Kyoto,camera8,camera3,256,0.9166930630345265
Modelo2,Kyoto,camera8,camera3,512,0.8879738148030831
Modelo2,Kyoto,camera8,camera3,1024,0.9229226058494351
Modelo2,Kyoto,camera8,camera4,64,0.9008204633204633
Modelo2,Kyoto,camera8,camera4,128,0.9294763513513513
Modelo2,Kyoto,camera8,camera4,256,0.941059362934363
Modelo2,Kyoto,camera8,camera4,512,0.9164454633204633
Modelo2,Kyoto,camera8,camera4,1024,0.9578909266409267
Modelo2,Kyoto,camera8,camera5,64,0.8586716575487091
Modelo2,Kyoto,camera8,camera5,128,0.9010941549093003
Modelo2,Kyoto,camera8,camera5,256,0.9141952202706594
Modelo2,Kyoto,camera8,camera5,512,0.8804107879834917
Modelo2,Kyoto,camera8,camera5,1024,0.9313273826662828
Modelo2,Kyoto,camera8,camera6,64,0.8796001591406405
Modelo2,Kyoto,camera8,camera6,128,0.9201810224786154
Modelo2,Kyoto,camera8,camera6,256,0.9334593196737617
Modelo2,Kyoto,camera8,camera6,512,0.9145613686095087
Modelo2,Kyoto,camera8,camera6,1024,0.953650288442411
Modelo2,Kyoto,camera8,camera7,64,0.7598276025385999
Modelo2,Kyoto,camera8,camera7,128,0.8316756654352562
Modelo2,Kyoto,camera8,camera7,256,0.8673392062138865
Modelo2,Kyoto,camera8,camera7,512,0.8334754191531685
Modelo2,Kyoto,camera8,camera7,1024,0.8801269299990527
Modelo2,Kyoto,camera8,camera8,64,0.9008487654320988
Modelo2,Kyoto,camera8,camera8,128,0.9420331790123457
Modelo2,Kyoto,camera8,camera8,256,0.9581404320987654
Modelo2,Kyoto,camera8,camera8,512,0.9431905864197531
Modelo2,Kyoto,camera8,camera8,1024,0.9646990740740741
Modelo2,Kyoto,camera8,camera9,64,0.7655044739278001
Modelo2,Kyoto,camera8,camera9,128,0.8502005553841407
Modelo2,Kyoto,camera8,camera9,256,0.8840635606294354
Modelo2,Kyoto,camera8,camera9,512,0.8349274915149645
Modelo2,Kyoto,camera8,camera9,1024,0.8974853440296204
Modelo2,Kyoto,camera9,PUC,64,0.1758862673640986
Modelo2,Kyoto,camera9,PUC,128,0.13677947683176064
Modelo2,Kyoto,camera9,PUC,256,0.09146368773027394
Modelo2,Kyoto,camera9,PUC,512,0.08376962116622626
Modelo2,Kyoto,camera9,PUC,1024,0.4267826119753054
Modelo2,Kyoto,camera9,UFPR04,64,0.30467768298328657
Modelo2,Kyoto,camera9,UFPR04,128,0.23149381631284072
Modelo2,Kyoto,camera9,UFPR04,256,0.16280717666732802
Modelo2,Kyoto,camera9,UFPR04,512,0.11557684494959515
Modelo2,Kyoto,camera9,UFPR04,1024,0.5498426915336867
Modelo2,Kyoto,camera9,UFPR05,64,0.1922007419247821
Modelo2,Kyoto,camera9,UFPR05,128,0.15145519799740628
Modelo2,Kyoto,camera9,UFPR05,256,0.12535512863045511
Modelo2,Kyoto,camera9,UFPR05,512,0.11295352414271496
Modelo2,Kyoto,camera9,UFPR05,1024,0.20880055493560937
Modelo2,Kyoto,camera9,camera1,64,0.7882278078269169
Modelo2,Kyoto,camera9,camera1,128,0.8477251034043907
Modelo2,Kyoto,camera9,camera1,256,0.8504613426662424
Modelo2,Kyoto,camera9,camera1,512,0.8708240534521158
Modelo2,Kyoto,camera9,camera1,1024,0.9124403436207446
Modelo2,Kyoto,camera9,camera2,64,0.8927960927960928
Modelo2,Kyoto,camera9,camera2,128,0.9233211233211234
Modelo2,Kyoto,camera9,camera2,256,0.9201465201465201
Modelo2,Kyoto,camera9,camera2,512,0.9418803418803419
Modelo2,Kyoto,camera9,camera2,1024,0.9601953601953602
Modelo2,Kyoto,camera9,camera3,64,0.8915637208320135
Modelo2,Kyoto,camera9,camera3,128,0.9087741526765917
Modelo2,Kyoto,camera9,camera3,256,0.9183824305775525
Modelo2,Kyoto,camera9,camera3,512,0.9388660120367437
Modelo2,Kyoto,camera9,camera3,1024,0.9254566571639742
Modelo2,Kyoto,camera9,camera4,64,0.921875
Modelo2,Kyoto,camera9,camera4,128,0.9480574324324325
Modelo2,Kyoto,camera9,camera4,256,0.9477557915057915
Modelo2,Kyoto,camera9,camera4,512,0.9582528957528957
Modelo2,Kyoto,camera9,camera4,1024,0.9575289575289575
Modelo2,Kyoto,camera9,camera5,64,0.8959593051156541
Modelo2,Kyoto,camera9,camera5,128,0.9072367789615127
Modelo2,Kyoto,camera9,camera5,256,0.9200019195700163
Modelo2,Kyoto,camera9,camera5,512,0.9363182647087053
Modelo2,Kyoto,camera9,camera5,1024,0.9331029849313753
Modelo2,Kyoto,camera9,camera6,64,0.9129202307539288
Modelo2,Kyoto,camera9,camera6,128,0.9373881042371196
Modelo2,Kyoto,camera9,camera6,256,0.9392778993435449
Modelo2,Kyoto,camera9,camera6,512,0.9517604933359857
Modelo2,Kyoto,camera9,camera6,1024,0.9499701611298985
Modelo2,Kyoto,camera9,camera7,64,0.8403902623851472
Modelo2,Kyoto,camera9,camera7,128,0.8515676802121815
Modelo2,Kyoto,camera9,camera7,256,0.867670739793502
Modelo2,Kyoto,camera9,camera7,512,0.8979823813583404
Modelo2,Kyoto,camera9,camera7,1024,0.9191531685137824
Modelo2,Kyoto,camera9,camera8,64,0.9291230692575984
Modelo2,Kyoto,camera9,camera8,128,0.9400016608536788
Modelo2,Kyoto,camera9,camera8,256,0.9475170237502076
Modelo2,Kyoto,camera9,camera8,512,0.9567762830094668
Modelo2,Kyoto,camera9,camera8,1024,0.9486380999833914
Modelo2,Kyoto,camera9,camera9,64,0.8902487961476726
Modelo2,Kyoto,camera9,camera9,128,0.9163322632423756
Modelo2,Kyoto,camera9,camera9,256,0.9187399678972713
Modelo2,Kyoto,camera9,camera9,512,0.94723113964687
Modelo2,Kyoto,camera9,camera9,1024,0.9608747993579454
Modelo2,PKLot,camera1,camera1,64,0.9232039636663915
Modelo2,PKLot,camera1,camera1,128,0.9526011560693641
Modelo2,PKLot,camera1,camera1,256,0.9534269199009083
Modelo2,PKLot,camera1,camera1,512,0.936746490503716
Modelo2,PKLot,camera1,camera1,1024,0.9580511973575557
Modelo2,PKLot,camera1,camera2,64,0.9404151404151404
Modelo2,PKLot,camera1,camera2,128,0.9553113553113554
Modelo2,PKLot,camera1,camera2,256,0.9570207570207571
Modelo2,PKLot,camera1,camera2,512,0.9499389499389499
Modelo2,PKLot,camera1,camera2,1024,0.9577533577533578
Modelo2,PKLot,camera1,camera3,64,0.950480413895048
Modelo2,PKLot,camera1,camera3,128,0.9529088797381481
Modelo2,PKLot,camera1,camera3,256,0.9507971703093654
Modelo2,PKLot,camera1,camera3,512,0.9478407771090698
Modelo2,PKLot,camera1,camera3,1024,0.9552317601098089
Modelo2,PKLot,camera1,camera4,64,0.9475144787644788
Modelo2,PKLot,camera1,camera4,128,0.9553571428571429
Modelo2,PKLot,camera1,camera4,256,0.9568050193050193
Modelo2,PKLot,camera1,camera4,512,0.950229247104247
Modelo2,PKLot,camera1,camera4,1024,0.9598214285714286
Modelo2,PKLot,camera1,camera5,64,0.9387657164795086
Modelo2,PKLot,camera1,camera5,128,0.9451482867837604
Modelo2,PKLot,camera1,camera5,256,0.9452442652845763
Modelo2,PKLot,camera1,camera5,512,0.9377099529705346
Modelo2,PKLot,camera1,camera5,1024,0.946443996544774
Modelo2,PKLot,camera1,camera6,64,0.9403719912472648
Modelo2,PKLot,camera1,camera6,128,0.941068231549632
Modelo2,PKLot,camera1,camera6,256,0.9426596379550428
Modelo2,PKLot,camera1,camera6,512,0.9420131291028446
Modelo2,PKLot,camera1,camera6,1024,0.9487268748756714
Modelo2,PKLot,camera1,camera7,64,0.8894098702282845
Modelo2,PKLot,camera1,camera7,128,0.8992611537368571
Modelo2,PKLot,camera1,camera7,256,0.8925831202046036
Modelo2,PKLot,camera1,camera7,512,0.8691863218717438
Modelo2,PKLot,camera1,camera7,1024,0.8863313441318557
Modelo2,PKLot,camera1,camera8,64,0.9361816973924597
Modelo2,PKLot,camera1,camera8,128,0.937759508387311
Modelo2,PKLot,camera1,camera8,256,0.9453163926258097
Modelo2,PKLot,camera1,camera8,512,0.945980734097326
Modelo2,PKLot,camera1,camera8,1024,0.946894203620661
Modelo2,PKLot,camera1,camera9,64,0.9053532860228325
Modelo2,PKLot,camera1,camera9,128,0.9058161061400802
Modelo2,PKLot,camera1,camera9,256,0.9086701635297748
Modelo2,PKLot,camera1,camera9,512,0.9098272138228942
Modelo2,PKLot,camera1,camera9,1024,0.9076673866090713
Modelo2,PKLot,camera2,camera1,64,0.7989182309895004
Modelo2,PKLot,camera2,camera1,128,0.818771874005727
Modelo2,PKLot,camera2,camera1,256,0.8837416481069043
Modelo2,PKLot,camera2,camera1,512,0.886859688195991
Modelo2,PKLot,camera2,camera1,1024,0.8562519885459752
Modelo2,PKLot,camera2,camera2,64,0.9727891156462585
Modelo2,PKLot,camera2,camera2,128,0.9705215419501134
Modelo2,PKLot,camera2,camera2,256,0.9897959183673469
Modelo2,PKLot,camera2,camera2,512,0.9852607709750567
Modelo2,PKLot,camera2,camera2,1024,0.9943310657596371
Modelo2,PKLot,camera2,camera3,64,0.9379157427937915
Modelo2,PKLot,camera2,camera3,128,0.9320029563932003
Modelo2,PKLot,camera2,camera3,256,0.9541759053954176
Modelo2,PKLot,camera2,camera3,512,0.961038961038961
Modelo2,PKLot,camera2,camera3,1024,0.9498469010664132
Modelo2,PKLot,camera2,camera4,64,0.9187982625482626
Modelo2,PKLot,camera2,camera4,128,0.9192205598455598
Modelo2,PKLot,camera2,camera4,256,0.9496259652509652
Modelo2,PKLot,camera2,camera4,512,0.9489623552123552
Modelo2,PKLot,camera2,camera4,1024,0.9475144787644788
Modelo2,PKLot,camera2,camera5,64,0.8949035416066801
Modelo2,PKLot,camera2,camera5,128,0.8914963048277186
Modelo2,PKLot,camera2,camera5,256,0.9222094250887801
Modelo2,PKLot,camera2,camera5,512,0.9249928016124388
Modelo2,PKLot,camera2,camera5,1024,0.9120357040023035
Modelo2,PKLot,camera2,camera6,64,0.9082454744380346
Modelo2,PKLot,camera2,camera6,128,0.9095882235925999
Modelo2,PKLot,camera2,camera6,256,0.9368410582852597
Modelo2,PKLot,camera2,camera6,512,0.9424109807041974
Modelo2,PKLot,camera2,camera6,1024,0.9302765068629402
Modelo2,PKLot,camera2,camera7,64,0.8279814341195415
Modelo2,PKLot,camera2,camera7,128,0.8318177512550914
Modelo2,PKLot,camera2,camera7,256,0.8776167471819646
Modelo2,PKLot,camera2,camera7,512,0.882637112816141
Modelo2,PKLot,camera2,camera7,1024,0.853509519749929
Modelo2,PKLot,camera2,camera8,64,0.9202790234180369
Modelo2,PKLot,camera2,camera8,128,0.9272546088689586
Modelo2,PKLot,camera2,camera8,256,0.9426175053977744
Modelo2,PKLot,camera2,camera8,512,0.9455655206776283
Modelo2,PKLot,camera2,camera8,1024,0.9355588772629131
Modelo2,PKLot,camera2,camera9,64,0.869021906818883
Modelo2,PKLot,camera2,camera9,128,0.8839864239432274
Modelo2,PKLot,camera2,camera9,256,0.9203178031471768
Modelo2,PKLot,camera2,camera9,512,0.9190836161678494
Modelo2,PKLot,camera2,camera9,1024,0.8941684665226782
Modelo2,PKLot,camera3,camera1,64,0.8626789691377664
Modelo2,PKLot,camera3,camera1,128,0.849315940184537
Modelo2,PKLot,camera3,camera1,256,0.8901686286986955
Modelo2,PKLot,camera3,camera1,512,0.8748329621380846
Modelo2,PKLot,camera3,camera1,1024,0.8050906776964684
Modelo2,PKLot,camera3,camera2,64,0.9282051282051282
Modelo2,PKLot,camera3,camera2,128,0.8901098901098901
Modelo2,PKLot,camera3,camera2,256,0.9482295482295482
Modelo2,PKLot,camera3,camera2,512,0.9496947496947497
Modelo2,PKLot,camera3,camera2,1024,0.9323565323565324
Modelo2,PKLot,camera3,camera3,64,0.9701996927803379
Modelo2,PKLot,camera3,camera3,128,0.9606758832565284
Modelo2,PKLot,camera3,camera3,256,0.9674347158218126
Modelo2,PKLot,camera3,camera3,512,0.971121351766513
Modelo2,PKLot,camera3,camera3,1024,0.9637480798771121
Modelo2,PKLot,camera3,camera4,64,0.9480574324324325
Modelo2,PKLot,camera3,camera4,128,0.9367760617760618
Modelo2,PKLot,camera3,camera4,256,0.9533059845559846
Modelo2,PKLot,camera3,camera4,512,0.9451013513513513
Modelo2,PKLot,camera3,camera4,1024,0.9246500965250966
Modelo2,PKLot,camera3,camera5,64,0.9295037911507822
Modelo2,PKLot,camera3,camera5,128,0.9019099721662348
Modelo2,PKLot,camera3,camera5,256,0.9212976293310299
Modelo2,PKLot,camera3,camera5,512,0.9167866397926865
Modelo2,PKLot,camera3,camera5,1024,0.8893847778097707
Modelo2,PKLot,camera3,camera6,64,0.9476825144221206
Modelo2,PKLot,camera3,camera6,128,0.9295305351104038
Modelo2,PKLot,camera3,camera6,256,0.9473343942709369
Modelo2,PKLot,camera3,camera6,512,0.9404714541476029
Modelo2,PKLot,camera3,camera6,1024,0.9263477222995823
Modelo2,PKLot,camera3,camera7,64,0.861418963720754
Modelo2,PKLot,camera3,camera7,128,0.8435635123614663
Modelo2,PKLot,camera3,camera7,256,0.8723122099081179
Modelo2,PKLot,camera3,camera7,512,0.8612295159609737
Modelo2,PKLot,camera3,camera7,1024,0.8337122288528939
Modelo2,PKLot,camera3,camera8,64,0.9504235176880916
Modelo2,PKLot,camera3,camera8,128,0.9368045175220063
Modelo2,PKLot,camera3,camera8,256,0.9429081547915629
Modelo2,PKLot,camera3,camera8,512,0.9416625145324697
Modelo2,PKLot,camera3,camera8,1024,0.9350190998173061
Modelo2,PKLot,camera3,camera9,64,0.9128355445850046
Modelo2,PKLot,camera3,camera9,128,0.9016507250848503
Modelo2,PKLot,camera3,camera9,256,0.9209348966368405
Modelo2,PKLot,camera3,camera9,512,0.9129126812712126
Modelo2,PKLot,camera3,camera9,1024,0.8794353594569577
Modelo2,PKLot,camera4,camera1,64,0.7984727966910595
Modelo2,PKLot,camera4,camera1,128,0.8067451479478206
Modelo2,PKLot,camera4,camera1,256,0.7956092904867961
Modelo2,PKLot,camera4,camera1,512,0.771619471842189
Modelo2,PKLot,camera4,camera1,1024,0.8717149220489978
Modelo2,PKLot,camera4,camera2,64,0.8984126984126984
Modelo2,PKLot,camera4,camera2,128,0.9157509157509157
Modelo2,PKLot,camera4,camera2,256,0.9184371184371184
Modelo2,PKLot,camera4,camera2,512,0.896947496947497
Modelo2,PKLot,camera4,camera2,1024,0.9438339438339438
Modelo2,PKLot,camera4,camera3,64,0.9053954175905395
Modelo2,PKLot,camera4,camera3,128,0.9102523492767395
Modelo2,PKLot,camera4,camera3,256,0.9091964945623482
Modelo2,PKLot,camera4,camera3,512,0.8923028191320874
Modelo2,PKLot,camera4,camera3,1024,0.9475240206947524
Modelo2,PKLot,camera4,camera4,64,0.9534447742540229
Modelo2,PKLot,camera4,camera4,128,0.951413841587252
Modelo2,PKLot,camera4,camera4,256,0.9351663802530854
Modelo2,PKLot,camera4,camera4,512,0.9268864239962505
Modelo2,PKLot,camera4,camera4,1024,0.9615685049211061
Modelo2,PKLot,camera4,camera5,64,0.9142432095210673
Modelo2,PKLot,camera4,camera5,128,0.9098281984835397
Modelo2,PKLot,camera4,camera5,256,0.8888089068048757
Modelo2,PKLot,camera4,camera5,512,0.8701890776466071
Modelo2,PKLot,camera4,camera5,1024,0.9345426624436126
Modelo2,PKLot,camera4,camera6,64,0.9228665207877462
Modelo2,PKLot,camera4,camera6,128,0.9301770439626019
Modelo2,PKLot,camera4,camera6,256,0.9163517008155958
Modelo2,PKLot,camera4,camera6,512,0.9076984284861747
Modelo2,PKLot,camera4,camera6,1024,0.9509150586831112
Modelo2,PKLot,camera4,camera7,64,0.8044899119067918
Modelo2,PKLot,camera4,camera7,128,0.8327176281140476
Modelo2,PKLot,camera4,camera7,256,0.813393956616463
Modelo2,PKLot,camera4,camera7,512,0.8159041394335512
Modelo2,PKLot,camera4,camera7,1024,0.8894098702282845
Modelo2,PKLot,camera4,camera8,64,0.9259674472678957
Modelo2,PKLot,camera4,camera8,128,0.9372612522836739
Modelo2,PKLot,camera4,camera8,256,0.9245557216409235
Modelo2,PKLot,camera4,camera8,512,0.924804849692742
Modelo2,PKLot,camera4,camera8,1024,0.955655206776283
Modelo2,PKLot,camera4,camera9,64,0.8505862388151805
Modelo2,PKLot,camera4,camera9,128,0.8939370564640543
Modelo2,PKLot,camera4,camera9,256,0.8760413452638075
Modelo2,PKLot,camera4,camera9,512,0.876966985498303
Modelo2,PKLot,camera4,camera9,1024,0.9156124652884912
Modelo2,PKLot,camera5,camera1,64,0.8356983773464842
Modelo2,PKLot,camera5,camera1,128,0.8596881959910914
Modelo2,PKLot,camera5,camera1,256,0.7651924912503977
Modelo2,PKLot,camera5,camera1,512,0.8020362710785873
Modelo2,PKLot,camera5,camera1,1024,0.8913140311804009
Modelo2,PKLot,camera5,camera2,64,0.9152625152625152
Modelo2,PKLot,camera5,camera2,128,0.9340659340659341
Modelo2,PKLot,camera5,camera2,256,0.8788766788766789
Modelo2,PKLot,camera5,camera2,512,0.9089133089133089
Modelo2,PKLot,camera5,camera2,1024,0.9477411477411477
Modelo2,PKLot,camera5,camera3,64,0.9247175588639003
Modelo2,PKLot,camera5,camera3,128,0.936648717136522
Modelo2,PKLot,camera5,camera3,256,0.8999049730757048
Modelo2,PKLot,camera5,camera3,512,0.9097244219195438
Modelo2,PKLot,camera5,camera3,1024,0.9381269137366698
Modelo2,PKLot,camera5,camera4,64,0.9490226833976834
Modelo2,PKLot,camera5,camera4,128,0.9551761583011583
Modelo2,PKLot,camera5,camera4,256,0.9233228764478765
Modelo2,PKLot,camera5,camera4,512,0.9406973938223938
Modelo2,PKLot,camera5,camera4,1024,0.9606660231660231
Modelo2,PKLot,camera5,camera5,64,0.8981115502854633
Modelo2,PKLot,camera5,camera5,128,0.9185331576635924
Modelo2,PKLot,camera5,camera5,256,0.863965744400527
Modelo2,PKLot,camera5,camera5,512,0.9012955643390426
Modelo2,PKLot,camera5,camera5,1024,0.9456521739130435
Modelo2,PKLot,camera5,camera6,64,0.9317187189178436
Modelo2,PKLot,camera5,camera6,128,0.9491247264770241
Modelo2,PKLot,camera5,camera6,256,0.927889397254824
Modelo2,PKLot,camera5,camera6,512,0.9435050726079173
Modelo2,PKLot,camera5,camera6,1024,0.9555898149990054
Modelo2,PKLot,camera5,camera7,64,0.8239083072842663
Modelo2,PKLot,camera5,camera7,128,0.8620346689400398
Modelo2,PKLot,camera5,camera7,256,0.8292602064980582
Modelo2,PKLot,camera5,camera7,512,0.8575826465852041
Modelo2,PKLot,camera5,camera7,1024,0.9003504783555935
Modelo2,PKLot,camera5,camera8,64,0.9321956485633616
Modelo2,PKLot,camera5,camera8,128,0.9528317555223385
Modelo2,PKLot,camera5,camera8,256,0.9354758345789735
Modelo2,PKLot,camera5,camera8,512,0.9520013286829431
Modelo2,PKLot,camera5,camera8,1024,0.9584786580302276
Modelo2,PKLot,camera5,camera9,64,0.851666152422092
Modelo2,PKLot,camera5,camera9,128,0.8995680345572354
Modelo2,PKLot,camera5,camera9,256,0.867093489663684
Modelo2,PKLot,camera5,camera9,512,0.8936285097192225
Modelo2,PKLot,camera5,camera9,1024,0.9204720765195927
Modelo2,PKLot,camera6,camera1,64,0.8139993636652879
Modelo2,PKLot,camera6,camera1,128,0.7813553929366847
Modelo2,PKLot,camera6,camera1,256,0.7913458479160038
Modelo2,PKLot,camera6,camera1,512,0.7555202036271078
Modelo2,PKLot,camera6,camera1,1024,0.8352529430480433
Modelo2,PKLot,camera6,camera2,64,0.9179487179487179
Modelo2,PKLot,camera6,camera2,128,0.8857142857142857
Modelo2,PKLot,camera6,camera2,256,0.8974358974358975
Modelo2,PKLot,camera6,camera2,512,0.8485958485958486
Modelo2,PKLot,camera6,camera2,1024,0.9321123321123321
Modelo2,PKLot,camera6,camera3,64,0.9296800760215395
Modelo2,PKLot,camera6,camera3,128,0.9117305458768873
Modelo2,PKLot,camera6,camera3,256,0.9119417168197655
Modelo2,PKLot,camera6,camera3,512,0.8794213916165136
Modelo2,PKLot,camera6,camera3,1024,0.9318973709217612
Modelo2,PKLot,camera6,camera4,64,0.9443774131274131
Modelo2,PKLot,camera6,camera4,128,0.9282697876447876
Modelo2,PKLot,camera6,camera4,256,0.9397321428571429
Modelo2,PKLot,camera6,camera4,512,0.9109555984555985
Modelo2,PKLot,camera6,camera4,1024,0.950229247104247
Modelo2,PKLot,camera6,camera5,64,0.9198579518187926
Modelo2,PKLot,camera6,camera5,128,0.901238122660524
Modelo2,PKLot,camera6,camera5,256,0.9140032632690277
Modelo2,PKLot,camera6,camera5,512,0.8817064977445053
Modelo2,PKLot,camera6,camera5,1024,0.9325751031768884
Modelo2,PKLot,camera6,camera6,64,0.9355099215505307
Modelo2,PKLot,camera6,camera6,128,0.9253576372865713
Modelo2,PKLot,camera6,camera6,256,0.9415089986155976
Modelo2,PKLot,camera6,camera6,512,0.9177434240886018
Modelo2,PKLot,camera6,camera6,1024,0.9631979695431472
Modelo2,PKLot,camera6,camera7,64,0.8415743108837738
Modelo2,PKLot,camera6,camera7,128,0.8363171355498721
Modelo2,PKLot,camera6,camera7,256,0.8330017997537179
Modelo2,PKLot,camera6,camera7,512,0.802358624609264
Modelo2,PKLot,camera6,camera7,1024,0.8697546651510846
Modelo2,PKLot,camera6,camera8,64,0.9358080053147317
Modelo2,PKLot,camera6,camera8,128,0.9306178375685102
Modelo2,PKLot,camera6,camera8,256,0.9331506394286664
Modelo2,PKLot,camera6,camera8,512,0.9087776116924099
Modelo2,PKLot,camera6,camera8,1024,0.9504650390300614
Modelo2,PKLot,camera6,camera9,64,0.8744214748534404
Modelo2,PKLot,camera6,camera9,128,0.8810552298673249
Modelo2,PKLot,camera6,camera9,256,0.8747300215982722
Modelo2,PKLot,camera6,camera9,512,0.8514347423634681
Modelo2,PKLot,camera6,camera9,1024,0.9069731564331996
Modelo2,PKLot,camera7,camera1,64,0.9059497295577473
Modelo2,PKLot,camera7,camera1,128,0.8999681832643971
Modelo2,PKLot,camera7,camera1,256,0.8940502704422526
Modelo2,PKLot,camera7,camera1,512,0.9013681196309259
Modelo2,PKLot,camera7,camera1,1024,0.8469615017499205
Modelo2,PKLot,camera7,camera2,64,0.8998778998778999
Modelo2,PKLot,camera7,camera2,128,0.9387057387057387
Modelo2,PKLot,camera7,camera2,256,0.9396825396825397
Modelo2,PKLot,camera7,camera2,512,0.9526251526251526
Modelo2,PKLot,camera7,camera2,1024,0.9340659340659341
Modelo2,PKLot,camera7,camera3,64,0.9105691056910569
Modelo2,PKLot,camera7,camera3,128,0.9571322985957132
Modelo2,PKLot,camera7,camera3,256,0.9566043712385176
Modelo2,PKLot,camera7,camera3,512,0.960194277267448
Modelo2,PKLot,camera7,camera3,1024,0.9460458240946046
Modelo2,PKLot,camera7,camera4,64,0.9431105212355212
Modelo2,PKLot,camera7,camera4,128,0.9466698841698842
Modelo2,PKLot,camera7,camera4,256,0.9615106177606177
Modelo2,PKLot,camera7,camera4,512,0.9666988416988417
Modelo2,PKLot,camera7,camera4,1024,0.958675193050193
Modelo2,PKLot,camera7,camera5,64,0.9367981572127844
Modelo2,PKLot,camera7,camera5,128,0.9426048565121413
Modelo2,PKLot,camera7,camera5,256,0.9470198675496688
Modelo2,PKLot,camera7,camera5,512,0.9573375563873693
Modelo2,PKLot,camera7,camera5,1024,0.943276706017852
Modelo2,PKLot,camera7,camera6,64,0.9383330017903322
Modelo2,PKLot,camera7,camera6,128,0.9489755321265169
Modelo2,PKLot,camera7,camera6,256,0.9538492142430873
Modelo2,PKLot,camera7,camera6,512,0.9619057091704795
Modelo2,PKLot,camera7,camera6,1024,0.9567336383528944
Modelo2,PKLot,camera7,camera7,64,0.9362244897959183
Modelo2,PKLot,camera7,camera7,128,0.9321206743566992
Modelo2,PKLot,camera7,camera7,256,0.9149290150842946
Modelo2,PKLot,camera7,camera7,512,0.9273513753327418
Modelo2,PKLot,camera7,camera7,1024,0.9082741792369121
Modelo2,PKLot,camera7,camera8,64,0.927918950340475
Modelo2,PKLot,camera7,camera8,128,0.9520843713668826
Modelo2,PKLot,camera7,camera8,256,0.9558212921441621
Modelo2,PKLot,camera7,camera8,512,0.9611775452582627
Modelo2,PKLot,camera7,camera8,1024,0.9608038531805349
Modelo2,PKLot,camera7,camera9,64,0.9205492132058006
Modelo2,PKLot,camera7,camera9,128,0.9221690836161679
Modelo2,PKLot,camera7,camera9,256,0.9251774143782783
Modelo2,PKLot,camera7,camera9,512,0.9380592409750077
Modelo2,PKLot,camera7,camera9,1024,0.9260259179265659
Modelo2,PKLot,camera8,camera1,64,0.693413935730194
Modelo2,PKLot,camera8,camera1,128,0.8339802736239262
Modelo2,PKLot,camera8,camera1,256,0.7790645879732739
Modelo2,PKLot,camera8,camera1,512,0.768119630925867
Modelo2,PKLot,camera8,camera1,1024,0.8262806236080178
Modelo2,PKLot,camera8,camera2,64,0.8456654456654457
Modelo2,PKLot,camera8,camera2,128,0.9338217338217338
Modelo2,PKLot,camera8,camera2,256,0.8942612942612943
Modelo2,PKLot,camera8,camera2,512,0.8884004884004884
Modelo2,PKLot,camera8,camera2,1024,0.9213675213675213
Modelo2,PKLot,camera8,camera3,64,0.8680181607010875
Modelo2,PKLot,camera8,camera3,128,0.9387604265653046
Modelo2,PKLot,camera8,camera3,256,0.9213388237778481
Modelo2,PKLot,camera8,camera3,512,0.9095132509766656
Modelo2,PKLot,camera8,camera3,1024,0.9273571956498786
Modelo2,PKLot,camera8,camera4,64,0.9022683397683398
Modelo2,PKLot,camera8,camera4,128,0.950832528957529
Modelo2,PKLot,camera8,camera4,256,0.9288730694980695
Modelo2,PKLot,camera8,camera4,512,0.9263996138996139
Modelo2,PKLot,camera8,camera4,1024,0.946971525096525
Modelo2,PKLot,camera8,camera5,64,0.8586716575487091
Modelo2,PKLot,camera8,camera5,128,0.9320472214224014
Modelo2,PKLot,camera8,camera5,256,0.9017180151646031
Modelo2,PKLot,camera8,camera5,512,0.8946635953546406
Modelo2,PKLot,camera8,camera5,1024,0.9261445436222286
Modelo2,PKLot,camera8,camera6,64,0.8934752337378158
Modelo2,PKLot,camera8,camera6,128,0.9437537298587627
Modelo2,PKLot,camera8,camera6,256,0.9313705987666601
Modelo2,PKLot,camera8,camera6,512,0.9265466481002586
Modelo2,PKLot,camera8,camera6,1024,0.9472846628207678
Modelo2,PKLot,camera8,camera7,64,0.7753623188405797
Modelo2,PKLot,camera8,camera7,128,0.8734962584067444
Modelo2,PKLot,camera8,camera7,256,0.852751728710808
Modelo2,PKLot,camera8,camera7,512,0.836269773609927
Modelo2,PKLot,camera8,camera7,1024,0.8764326986833381
Modelo2,PKLot,camera8,camera8,64,0.9169560185185185
Modelo2,PKLot,camera8,camera8,128,0.9620949074074074
Modelo2,PKLot,camera8,camera8,256,0.9530285493827161
Modelo2,PKLot,camera8,camera8,512,0.9490740740740741
Modelo2,PKLot,camera8,camera8,1024,0.9662422839506173
Modelo2,PKLot,camera8,camera9,64,0.7935822277074976
Modelo2,PKLot,camera8,camera9,128,0.8994137611848195
Modelo2,PKLot,camera8,camera9,256,0.8940141931502623
Modelo2,PKLot,camera8,camera9,512,0.8794353594569577
Modelo2,PKLot,camera8,camera9,1024,0.910058623881518
Modelo2,PKLot,camera9,camera1,64,0.7878460069996819
Modelo2,PKLot,camera9,camera1,128,0.8092904867960548
Modelo2,PKLot,camera9,camera1,256,0.7826280623608017
Modelo2,PKLot,camera9,camera1,512,0.8221444479796373
Modelo2,PKLot,camera9,camera1,1024,0.8404708876869234
Modelo2,PKLot,camera9,camera2,64,0.9023199023199023
Modelo2,PKLot,camera9,camera2,128,0.9042735042735043
Modelo2,PKLot,camera9,camera2,256,0.8710622710622711
Modelo2,PKLot,camera9,camera2,512,0.9189255189255189
Modelo2,PKLot,camera9,camera2,1024,0.9052503052503053
Modelo2,PKLot,camera9,camera3,64,0.9153204519058178
Modelo2,PKLot,camera9,camera3,128,0.9185936015204308
Modelo2,PKLot,camera9,camera3,256,0.9088797381480308
Modelo2,PKLot,camera9,camera3,512,0.9282018794213917
Modelo2,PKLot,camera9,camera3,1024,0.928518635835709
Modelo2,PKLot,camera9,camera4,64,0.9288127413127413
Modelo2,PKLot,camera9,camera4,128,0.928390444015444
Modelo2,PKLot,camera9,camera4,256,0.9200048262548263
Modelo2,PKLot,camera9,camera4,512,0.939792471042471
Modelo2,PKLot,camera9,camera4,1024,0.9491433397683398
Modelo2,PKLot,camera9,camera5,64,0.8949035416066801
Modelo2,PKLot,camera9,camera5,128,0.8995105096458393
Modelo2,PKLot,camera9,camera5,256,0.8925040790862847
Modelo2,PKLot,camera9,camera5,512,0.91280353200883
Modelo2,PKLot,camera9,camera5,1024,0.9210576830789903
Modelo2,PKLot,camera9,camera6,64,0.9300278496120947
Modelo2,PKLot,camera9,camera6,128,0.9355977720310324
Modelo2,PKLot,camera9,camera6,256,0.9315197931171673
Modelo2,PKLot,camera9,camera6,512,0.9440521185597772
Modelo2,PKLot,camera9,camera6,1024,0.9451462104634971
Modelo2,PKLot,camera9,camera7,64,0.8129203372170124
Modelo2,PKLot,camera9,camera7,128,0.829923273657289
Modelo2,PKLot,camera9,camera7,256,0.82675002368097
Modelo2,PKLot,camera9,camera7,512,0.853556881689874
Modelo2,PKLot,camera9,camera7,1024,0.8631239935587761
Modelo2,PKLot,camera9,camera8,64,0.9320295631954825
Modelo2,PKLot,camera9,camera8,128,0.9354758345789735
Modelo2,PKLot,camera9,camera8,256,0.9325278192991198
Modelo2,PKLot,camera9,camera8,512,0.9479322371699054
Modelo2,PKLot,camera9,camera8,1024,0.9512954658694569
Modelo2,PKLot,camera9,camera9,64,0.8922552166934189
Modelo2,PKLot,camera9,camera9,128,0.9131219903691814
Modelo2,PKLot,camera9,camera9,256,0.911115569823435
Modelo2,PKLot,camera9,camera9,512,0.9386035313001605
Modelo2,PKLot,camera9,camera9,1024,0.9468298555377207
Modelo3,CNR,PUC,PUC,64,0.9686205812334366
Modelo3,CNR,PUC,PUC,128,0.98151791462666
Modelo3,CNR,PUC,PUC,256,0.9814550300199134
Modelo3,CNR,PUC,PUC,512,0.9860785458683317
Modelo3,CNR,PUC,PUC,1024,0.9873751665693452
Modelo3,CNR,PUC,UFPR04,64,0.9052936897102312
Modelo3,CNR,PUC,UFPR04,128,0.9220543635384485
Modelo3,CNR,PUC,UFPR04,256,0.7706036299046701
Modelo3,CNR,PUC,UFPR04,512,0.8634203490074922
Modelo3,CNR,PUC,UFPR04,1024,0.8787921733133036
Modelo3,CNR,PUC,UFPR05,64,0.8309255964049823
Modelo3,CNR,PUC,UFPR05,128,0.8877884006393824
Modelo3,CNR,PUC,UFPR05,256,0.8490273547063968
Modelo3,CNR,PUC,UFPR05,512,0.8833187562204059
Modelo3,CNR,PUC,UFPR05,1024,0.8806224929879061
Modelo3,CNR,UFPR04,PUC,64,0.9127298614172263
Modelo3,CNR,UFPR04,PUC,128,0.9184438373214088
Modelo3,CNR,UFPR04,PUC,256,0.963868059959031
Modelo3,CNR,UFPR04,PUC,512,0.9803499574516233
Modelo3,CNR,UFPR04,PUC,1024,0.9820683932742921
Modelo3,CNR,UFPR04,UFPR04,64,0.9407596673645859
Modelo3,CNR,UFPR04,UFPR04,128,0.9530738020038563
Modelo3,CNR,UFPR04,UFPR04,256,0.963660882217254
Modelo3,CNR,UFPR04,UFPR04,512,0.9607035972414446
Modelo3,CNR,UFPR04,UFPR04,1024,0.969539964749163
Modelo3,CNR,UFPR04,UFPR05,64,0.7695690201164158
Modelo3,CNR,UFPR04,UFPR05,128,0.8043067828814429
Modelo3,CNR,UFPR04,UFPR05,256,0.9085984859908918
Modelo3,CNR,UFPR04,UFPR05,512,0.8934523630002714
Modelo3,CNR,UFPR04,UFPR05,1024,0.9167536266851645
Modelo3,CNR,UFPR05,PUC,64,0.7823173189572465
Modelo3,CNR,UFPR05,PUC,128,0.7305898077190535
Modelo3,CNR,UFPR05,PUC,256,0.8219639199194763
Modelo3,CNR,UFPR05,PUC,512,0.8552270857544263
Modelo3,CNR,UFPR05,PUC,1024,0.8467433401772181
Modelo3,CNR,UFPR05,UFPR04,64,0.8562210065852253
Modelo3,CNR,UFPR05,UFPR04,128,0.7937794658125714
Modelo3,CNR,UFPR05,UFPR04,256,0.8657256502555672
Modelo3,CNR,UFPR05,UFPR04,512,0.9152801791332446
Modelo3,CNR,UFPR05,UFPR04,1024,0.9200986366599586
Modelo3,CNR,UFPR05,UFPR05,64,0.9659086597922499
Modelo3,CNR,UFPR05,UFPR05,128,0.9555818594310775
Modelo3,CNR,UFPR05,UFPR05,256,0.95748636118762
Modelo3,CNR,UFPR05,UFPR05,512,0.9739364002640505
Modelo3,CNR,UFPR05,UFPR05,1024,0.9709468636422268
Modelo3,Kyoto,PUC,PUC,64,0.9544655557052808
Modelo3,Kyoto,PUC,PUC,128,0.9729147015227059
Modelo3,Kyoto,PUC,PUC,256,0.97389091017982
Modelo3,Kyoto,PUC,PUC,512,0.9819760739043855
Modelo3,Kyoto,PUC,PUC,1024,0.9825450298701882
Modelo3,Kyoto,PUC,UFPR04,64,0.8289069659779107
Modelo3,Kyoto,PUC,UFPR04,128,0.8870969265799344
Modelo3,Kyoto,PUC,UFPR04,256,0.8201203669586085
Modelo3,Kyoto,PUC,UFPR04,512,0.8026794403030905
Modelo3,Kyoto,PUC,UFPR04,1024,0.9266555180786636
Modelo3,Kyoto,PUC,UFPR05,64,0.7206381759507796
Modelo3,Kyoto,PUC,UFPR05,128,0.7442892903459299
Modelo3,Kyoto,PUC,UFPR05,256,0.6948758934764906
Modelo3,Kyoto,PUC,UFPR05,512,0.6994420484362276
Modelo3,Kyoto,PUC,UFPR05,1024,0.7444642157010586
Modelo3,Kyoto,PUC,camera1,64,0.09443207126948774
Modelo3,Kyoto,PUC,camera1,128,0.11893095768374165
Modelo3,Kyoto,PUC,camera1,256,0.1070314985682469
Modelo3,Kyoto,PUC,camera1,512,0.08609608654152084
Modelo3,Kyoto,PUC,camera1,1024,0.16595609290486796
Modelo3,Kyoto,PUC,camera2,64,0.10744810744810745
Modelo3,Kyoto,PUC,camera2,128,0.11208791208791209
Modelo3,Kyoto,PUC,camera2,256,0.1072039072039072
Modelo3,Kyoto,PUC,camera2,512,0.06813186813186813
Modelo3,Kyoto,PUC,camera2,1024,0.12893772893772895
Modelo3,Kyoto,PUC,camera3,64,0.1334600358990603
Modelo3,Kyoto,PUC,camera3,128,0.10875303558230387
Modelo3,Kyoto,PUC,camera3,256,0.11825572801182557
Modelo3,Kyoto,PUC,camera3,512,0.11403230915426038
Modelo3,Kyoto,PUC,camera3,1024,0.10188997993876042
Modelo3,Kyoto,PUC,camera4,64,0.07130791505791506
Modelo3,Kyoto,PUC,camera4,128,0.06316361003861004
Modelo3,Kyoto,PUC,camera4,256,0.07022200772200772
Modelo3,Kyoto,PUC,camera4,512,0.04741795366795367
Modelo3,Kyoto,PUC,camera4,1024,0.07884893822393822
Modelo3,Kyoto,PUC,camera5,64,0.08167770419426049
Modelo3,Kyoto,PUC,camera5,128,0.07644687589979844
Modelo3,Kyoto,PUC,camera5,256,0.07351953162491602
Modelo3,Kyoto,PUC,camera5,512,0.059794606008254154
Modelo3,Kyoto,PUC,camera5,1024,0.09631442556867262
Modelo3,Kyoto,PUC,camera6,64,0.0810622637756117
Modelo3,Kyoto,PUC,camera6,128,0.07046946488959618
Modelo3,Kyoto,PUC,camera6,256,0.07041973343942709
Modelo3,Kyoto,PUC,camera6,512,0.05415754923413567
Modelo3,Kyoto,PUC,camera6,1024,0.07300576884821962
Modelo3,Kyoto,PUC,camera7,64,0.1411859429762243
Modelo3,Kyoto,PUC,camera7,128,0.15383158094155536
Modelo3,Kyoto,PUC,camera7,256,0.14099649521644406
Modelo3,Kyoto,PUC,camera7,512,0.11627356256512267
Modelo3,Kyoto,PUC,camera7,1024,0.16690347636639197
Modelo3,Kyoto,PUC,camera8,64,0.09632951336987211
Modelo3,Kyoto,PUC,camera8,128,0.07926424182029564
Modelo3,Kyoto,PUC,camera8,256,0.0740325527321043
Modelo3,Kyoto,PUC,camera8,512,0.06053811659192825
Modelo3,Kyoto,PUC,camera8,1024,0.07424015944195317
Modelo3,Kyoto,PUC,camera9,64,0.16383832150570812
Modelo3,Kyoto,PUC,camera9,128,0.17078062326442456
Modelo3,Kyoto,PUC,camera9,256,0.15697315643319962
Modelo3,Kyoto,PUC,camera9,512,0.11177105831533478
Modelo3,Kyoto,PUC,camera9,1024,0.19068188830607838
Modelo3,Kyoto,UFPR04,PUC,64,0.896443615739835
Modelo3,Kyoto,UFPR04,PUC,128,0.9549034352215698
Modelo3,Kyoto,UFPR04,PUC,256,0.9618738257944525
Modelo3,Kyoto,UFPR04,PUC,512,0.9648439617842502
Modelo3,Kyoto,UFPR04,PUC,1024,0.9695796786124279
Modelo3,Kyoto,UFPR04,UFPR04,64,0.9485905579805293
Modelo3,Kyoto,UFPR04,UFPR04,128,0.9526361238274365
Modelo3,Kyoto,UFPR04,UFPR04,256,0.9508262654222411
Modelo3,Kyoto,UFPR04,UFPR04,512,0.9639920981345447
Modelo3,Kyoto,UFPR04,UFPR04,1024,0.9632705206004472
Modelo3,Kyoto,UFPR04,UFPR05,64,0.6466628464577615
Modelo3,Kyoto,UFPR04,UFPR05,128,0.7521609313267184
Modelo3,Kyoto,UFPR04,UFPR05,256,0.7650088970654764
Modelo3,Kyoto,UFPR04,UFPR05,512,0.754428929034593
Modelo3,Kyoto,UFPR04,UFPR05,1024,0.7957897276593178
Modelo3,Kyoto,UFPR04,camera1,64,0.24129812281259944
Modelo3,Kyoto,UFPR04,camera1,128,0.17365574292077632
Modelo3,Kyoto,UFPR04,camera1,256,0.13687559656379256
Modelo3,Kyoto,UFPR04,camera1,512,0.16048361438116449
Modelo3,Kyoto,UFPR04,camera1,1024,0.15062042634425707
Modelo3,Kyoto,UFPR04,camera2,64,0.29645909645909646
Modelo3,Kyoto,UFPR04,camera2,128,0.12673992673992673
Modelo3,Kyoto,UFPR04,camera2,256,0.08571428571428572
Modelo3,Kyoto,UFPR04,camera2,512,0.0971916971916972
Modelo3,Kyoto,UFPR04,camera2,1024,0.10476190476190476
Modelo3,Kyoto,UFPR04,camera3,64,0.27631717875620315
Modelo3,Kyoto,UFPR04,camera3,128,0.1423292154999472
Modelo3,Kyoto,UFPR04,camera3,256,0.11360996726850385
Modelo3,Kyoto,UFPR04,camera3,512,0.11888924084046035
Modelo3,Kyoto,UFPR04,camera3,1024,0.11434906556857777
Modelo3,Kyoto,UFPR04,camera4,64,0.26206563706563707
Modelo3,Kyoto,UFPR04,camera4,128,0.10786679536679537
Modelo3,Kyoto,UFPR04,camera4,256,0.08144305019305019
Modelo3,Kyoto,UFPR04,camera4,512,0.0834942084942085
Modelo3,Kyoto,UFPR04,camera4,1024,0.09489623552123552
Modelo3,Kyoto,UFPR04,camera5,64,0.2853440829254247
Modelo3,Kyoto,UFPR04,camera5,128,0.13504175064785487
Modelo3,Kyoto,UFPR04,camera5,256,0.0984259525866206
Modelo3,Kyoto,UFPR04,camera5,512,0.10960744793166331
Modelo3,Kyoto,UFPR04,camera5,1024,0.095066705058067
Modelo3,Kyoto,UFPR04,camera6,64,0.2787945096479013
Modelo3,Kyoto,UFPR04,camera6,128,0.11900736025462502
Modelo3,Kyoto,UFPR04,camera6,256,0.08200716132882435
Modelo3,Kyoto,UFPR04,camera6,512,0.08449373383727869
Modelo3,Kyoto,UFPR04,camera6,1024,0.07991844042172269
Modelo3,Kyoto,UFPR04,camera7,64,0.24988159515013736
Modelo3,Kyoto,UFPR04,camera7,128,0.15278961826276405
Modelo3,Kyoto,UFPR04,camera7,256,0.1225253386378706
Modelo3,Kyoto,UFPR04,camera7,512,0.13142938334754192
Modelo3,Kyoto,UFPR04,camera7,1024,0.13412901392441035
Modelo3,Kyoto,UFPR04,camera8,64,0.29247633283507724
Modelo3,Kyoto,UFPR04,camera8,128,0.15337983723633947
Modelo3,Kyoto,UFPR04,camera8,256,0.09450257432320212
Modelo3,Kyoto,UFPR04,camera8,512,0.09674472678956984
Modelo3,Kyoto,UFPR04,camera8,1024,0.07718817472180702
Modelo3,Kyoto,UFPR04,camera9,64,0.3224313483492749
Modelo3,Kyoto,UFPR04,camera9,128,0.1740203640851589
Modelo3,Kyoto,UFPR04,camera9,256,0.14833384757790805
Modelo3,Kyoto,UFPR04,camera9,512,0.1634526380746683
Modelo3,Kyoto,UFPR04,camera9,1024,0.18628509719222464
Modelo3,Kyoto,UFPR05,PUC,64,0.6845762723850428
Modelo3,Kyoto,UFPR05,PUC,128,0.7292461747712877
Modelo3,Kyoto,UFPR05,PUC,256,0.8402184700028051
Modelo3,Kyoto,UFPR05,PUC,512,0.7730651096239478
Modelo3,Kyoto,UFPR05,PUC,1024,0.8587511756788293
Modelo3,Kyoto,UFPR05,UFPR04,64,0.6723826800071805
Modelo3,Kyoto,UFPR05,UFPR04,128,0.7085589032812751
Modelo3,Kyoto,UFPR05,UFPR04,256,0.807412866226392
Modelo3,Kyoto,UFPR05,UFPR04,512,0.7770849276758973
Modelo3,Kyoto,UFPR05,UFPR04,1024,0.8703834925313908
Modelo3,Kyoto,UFPR05,UFPR05,64,0.9571904425879978
Modelo3,Kyoto,UFPR05,UFPR05,128,0.9718346194410933
Modelo3,Kyoto,UFPR05,UFPR05,256,0.9820020790178537
Modelo3,Kyoto,UFPR05,UFPR05,512,0.9836486004567769
Modelo3,Kyoto,UFPR05,UFPR05,1024,0.9810080960293794
Modelo3,Kyoto,UFPR05,camera1,64,0.4256442888959593
Modelo3,Kyoto,UFPR05,camera1,128,0.4370346802418072
Modelo3,Kyoto,UFPR05,camera1,256,0.317021953547566
Modelo3,Kyoto,UFPR05,camera1,512,0.3791282214444798
Modelo3,Kyoto,UFPR05,camera1,1024,0.2549793191218581
Modelo3,Kyoto,UFPR05,camera2,64,0.4112332112332112
Modelo3,Kyoto,UFPR05,camera2,128,0.42515262515262514
Modelo3,Kyoto,UFPR05,camera2,256,0.27985347985347986
Modelo3,Kyoto,UFPR05,camera2,512,0.30573870573870576
Modelo3,Kyoto,UFPR05,camera2,1024,0.2061050061050061
Modelo3,Kyoto,UFPR05,camera3,64,0.30630345264491604
Modelo3,Kyoto,UFPR05,camera3,128,0.3177066835603421
Modelo3,Kyoto,UFPR05,camera3,256,0.22447471227959032
Modelo3,Kyoto,UFPR05,camera3,512,0.2932108541864639
Modelo3,Kyoto,UFPR05,camera3,1024,0.1708372927885123
Modelo3,Kyoto,UFPR05,camera4,64,0.3211269305019305
Modelo3,Kyoto,UFPR05,camera4,128,0.31141409266409265
Modelo3,Kyoto,UFPR05,camera4,256,0.22104247104247104
Modelo3,Kyoto,UFPR05,camera4,512,0.2675555019305019
Modelo3,Kyoto,UFPR05,camera4,1024,0.16023166023166024
Modelo3,Kyoto,UFPR05,camera5,64,0.35080142048181207
Modelo3,Kyoto,UFPR05,camera5,128,0.3555043670217871
Modelo3,Kyoto,UFPR05,camera5,256,0.2584701026969959
Modelo3,Kyoto,UFPR05,camera5,512,0.3198963432191189
Modelo3,Kyoto,UFPR05,camera5,1024,0.2008350129570976
Modelo3,Kyoto,UFPR05,camera6,64,0.2674060075591804
Modelo3,Kyoto,UFPR05,camera6,128,0.27113586632186193
Modelo3,Kyoto,UFPR05,camera6,256,0.18102247861547643
Modelo3,Kyoto,UFPR05,camera6,512,0.23149990053709965
Modelo3,Kyoto,UFPR05,camera6,1024,0.13253431470061666
Modelo3,Kyoto,UFPR05,camera7,64,0.37572226958416216
Modelo3,Kyoto,UFPR05,camera7,128,0.35009946007388465
Modelo3,Kyoto,UFPR05,camera7,256,0.2826086956521739
Modelo3,Kyoto,UFPR05,camera7,512,0.3372170124088283
Modelo3,Kyoto,UFPR05,camera7,1024,0.24168797953964194
Modelo3,Kyoto,UFPR05,camera8,64,0.26993024414549077
Modelo3,Kyoto,UFPR05,camera8,128,0.268435475834579
Modelo3,Kyoto,UFPR05,camera8,256,0.19598073409732603
Modelo3,Kyoto,UFPR05,camera8,512,0.24053313403089188
Modelo3,Kyoto,UFPR05,camera8,1024,0.14706859325693405
Modelo3,Kyoto,UFPR05,camera9,64,0.4695310089478556
Modelo3,Kyoto,UFPR05,camera9,128,0.45904041962357295
Modelo3,Kyoto,UFPR05,camera9,256,0.3857605677260105
Modelo3,Kyoto,UFPR05,camera9,512,0.4302684356680037
Modelo3,Kyoto,UFPR05,camera9,1024,0.3002159827213823
Modelo3,Kyoto,camera1,PUC,64,0.06800668516322783
Modelo3,Kyoto,camera1,PUC,128,0.08928323075363664
Modelo3,Kyoto,camera1,PUC,256,0.12229652800531796
Modelo3,Kyoto,camera1,PUC,512,0.10974181032145829
Modelo3,Kyoto,camera1,PUC,1024,0.08774394599067001
Modelo3,Kyoto,camera1,UFPR04,64,0.16186238107385467
Modelo3,Kyoto,camera1,UFPR04,128,0.27561577052804626
Modelo3,Kyoto,camera1,UFPR04,256,0.4170705667828765
Modelo3,Kyoto,camera1,UFPR04,512,0.41024914259799894
Modelo3,Kyoto,camera1,UFPR04,1024,0.37654828377880445
Modelo3,Kyoto,camera1,UFPR05,64,0.31502850076906835
Modelo3,Kyoto,camera1,UFPR05,128,0.373610399010767
Modelo3,Kyoto,camera1,UFPR05,256,0.4001146062671532
Modelo3,Kyoto,camera1,UFPR05,512,0.3523237928642519
Modelo3,Kyoto,camera1,UFPR05,1024,0.35911572217028076
Modelo3,Kyoto,camera1,camera1,64,0.849215524360033
Modelo3,Kyoto,camera1,camera1,128,0.9397192402972749
Modelo3,Kyoto,camera1,camera1,256,0.9539223781998348
Modelo3,Kyoto,camera1,camera1,512,0.9488026424442609
Modelo3,Kyoto,camera1,camera1,1024,0.9488026424442609
Modelo3,Kyoto,camera1,camera2,64,0.9111111111111111
Modelo3,Kyoto,camera1,camera2,128,0.9426129426129426
Modelo3,Kyoto,camera1,camera2,256,0.9426129426129426
Modelo3,Kyoto,camera1,camera2,512,0.9489621489621489
Modelo3,Kyoto,camera1,camera2,1024,0.9335775335775336
Modelo3,Kyoto,camera1,camera3,64,0.9205997254777742
Modelo3,Kyoto,camera1,camera3,128,0.935804033365009
Modelo3,Kyoto,camera1,camera3,256,0.9124696441769613
Modelo3,Kyoto,camera1,camera3,512,0.9328476401647133
Modelo3,Kyoto,camera1,camera3,1024,0.9286242213071482
Modelo3,Kyoto,camera1,camera4,64,0.8806708494208494
Modelo3,Kyoto,camera1,camera4,128,0.9425675675675675
Modelo3,Kyoto,camera1,camera4,256,0.9481780888030888
Modelo3,Kyoto,camera1,camera4,512,0.9438947876447876
Modelo3,Kyoto,camera1,camera4,1024,0.9367157335907336
Modelo3,Kyoto,camera1,camera5,64,0.8478740762069297
Modelo3,Kyoto,camera1,camera5,128,0.9192340915634898
Modelo3,Kyoto,camera1,camera5,256,0.9307515116613878
Modelo3,Kyoto,camera1,camera5,512,0.9278721566369134
Modelo3,Kyoto,camera1,camera5,1024,0.9214415970822536
Modelo3,Kyoto,camera1,camera6,64,0.8829321663019694
Modelo3,Kyoto,camera1,camera6,128,0.937089715536105
Modelo3,Kyoto,camera1,camera6,256,0.9367415953849214
Modelo3,Kyoto,camera1,camera6,512,0.9402227968967575
Modelo3,Kyoto,camera1,camera6,1024,0.9315695245673364
Modelo3,Kyoto,camera1,camera7,64,0.7801458747750308
Modelo3,Kyoto,camera1,camera7,128,0.8643080420574026
Modelo3,Kyoto,camera1,camera7,256,0.8909254523065264
Modelo3,Kyoto,camera1,camera7,512,0.8773325755422942
Modelo3,Kyoto,camera1,camera7,1024,0.8659657099554797
Modelo3,Kyoto,camera1,camera8,64,0.9021341969772463
Modelo3,Kyoto,camera1,camera8,128,0.9327769473509384
Modelo3,Kyoto,camera1,camera8,256,0.9370121242318552
Modelo3,Kyoto,camera1,camera8,512,0.9362647400763993
Modelo3,Kyoto,camera1,camera8,1024,0.9336488955323036
Modelo3,Kyoto,camera1,camera9,64,0.7935050910212897
Modelo3,Kyoto,camera1,camera9,128,0.8782011724776304
Modelo3,Kyoto,camera1,camera9,256,0.9054304227090404
Modelo3,Kyoto,camera1,camera9,512,0.8903887688984882
Modelo3,Kyoto,camera1,camera9,1024,0.8722616476396174
Modelo3,Kyoto,camera2,PUC,64,0.11783425226826456
Modelo3,Kyoto,camera2,PUC,128,0.11630439650844014
Modelo3,Kyoto,camera2,PUC,256,0.06457217076867591
Modelo3,Kyoto,camera2,PUC,512,0.08549984324282275
Modelo3,Kyoto,camera2,PUC,1024,0.08610329944392454
Modelo3,Kyoto,camera2,UFPR04,64,0.29664692043876306
Modelo3,Kyoto,camera2,UFPR04,128,0.31676161862381075
Modelo3,Kyoto,camera2,UFPR04,256,0.19596005404230796
Modelo3,Kyoto,camera2,UFPR04,512,0.22423778615496537
Modelo3,Kyoto,camera2,UFPR04,1024,0.19507194618444298
Modelo3,Kyoto,camera2,UFPR05,64,0.44560726241819226
Modelo3,Kyoto,camera2,UFPR05,128,0.38427481376481587
Modelo3,Kyoto,camera2,UFPR05,256,0.29019513224960036
Modelo3,Kyoto,camera2,UFPR05,512,0.30052779201978463
Modelo3,Kyoto,camera2,UFPR05,1024,0.2535150948517658
Modelo3,Kyoto,camera2,camera1,64,0.7642379891823099
Modelo3,Kyoto,camera2,camera1,128,0.7518930957683742
Modelo3,Kyoto,camera2,camera1,256,0.8488068724148903
Modelo3,Kyoto,camera2,camera1,512,0.8052815781100859
Modelo3,Kyoto,camera2,camera1,1024,0.8785237034680242
Modelo3,Kyoto,camera2,camera2,64,0.9693877551020408
Modelo3,Kyoto,camera2,camera2,128,0.9773242630385488
Modelo3,Kyoto,camera2,camera2,256,0.981859410430839
Modelo3,Kyoto,camera2,camera2,512,0.9761904761904762
Modelo3,Kyoto,camera2,camera2,1024,0.9920634920634921
Modelo3,Kyoto,camera2,camera3,64,0.90169992609017
Modelo3,Kyoto,camera2,camera3,128,0.9050786611762222
Modelo3,Kyoto,camera2,camera3,256,0.9339034948791046
Modelo3,Kyoto,camera2,camera3,512,0.9244008024495829
Modelo3,Kyoto,camera2,camera3,1024,0.9313694435645655
Modelo3,Kyoto,camera2,camera4,64,0.8712596525096525
Modelo3,Kyoto,camera2,camera4,128,0.863296332046332
Modelo3,Kyoto,camera2,camera4,256,0.908844111969112
Modelo3,Kyoto,camera2,camera4,512,0.896778474903475
Modelo3,Kyoto,camera2,camera4,1024,0.940094111969112
Modelo3,Kyoto,camera2,camera5,64,0.8206641712256455
Modelo3,Kyoto,camera2,camera5,128,0.8120261061522219
Modelo3,Kyoto,camera2,camera5,256,0.8684134753815146
Modelo3,Kyoto,camera2,camera5,512,0.849265764468759
Modelo3,Kyoto,camera2,camera5,1024,0.9116517899990402
Modelo3,Kyoto,camera2,camera6,64,0.8451859956236324
Modelo3,Kyoto,camera2,camera6,128,0.8461806246270142
Modelo3,Kyoto,camera2,camera6,256,0.9095384921424309
Modelo3,Kyoto,camera2,camera6,512,0.8898945693256415
Modelo3,Kyoto,camera2,camera6,1024,0.9340063656256217
Modelo3,Kyoto,camera2,camera7,64,0.7457137444349721
Modelo3,Kyoto,camera2,camera7,128,0.7279056550156294
Modelo3,Kyoto,camera2,camera7,256,0.8040636544472861
Modelo3,Kyoto,camera2,camera7,512,0.7678791323292602
Modelo3,Kyoto,camera2,camera7,1024,0.8501941839537748
Modelo3,Kyoto,camera2,camera8,64,0.8711592758677961
Modelo3,Kyoto,camera2,camera8,128,0.8722803521009799
Modelo3,Kyoto,camera2,camera8,256,0.916957316060455
Modelo3,Kyoto,camera2,camera8,512,0.9091513037701379
Modelo3,Kyoto,camera2,camera8,1024,0.9401262248795881
Modelo3,Kyoto,camera2,camera9,64,0.7575593952483801
Modelo3,Kyoto,camera2,camera9,128,0.7479173094723851
Modelo3,Kyoto,camera2,camera9,256,0.8346189447701327
Modelo3,Kyoto,camera2,camera9,512,0.8117864856525764
Modelo3,Kyoto,camera2,camera9,1024,0.8795896328293736
Modelo3,Kyoto,camera3,PUC,64,0.19722410147493183
Modelo3,Kyoto,camera3,PUC,128,0.1229117704603475
Modelo3,Kyoto,camera3,PUC,256,0.08928087350285109
Modelo3,Kyoto,camera3,PUC,512,0.09983664252056113
Modelo3,Kyoto,camera3,PUC,1024,0.10386754136385816
Modelo3,Kyoto,camera3,UFPR04,64,0.25218483980990714
Modelo3,Kyoto,camera3,UFPR04,128,0.17234961216140887
Modelo3,Kyoto,camera3,UFPR04,256,0.15504095688897707
Modelo3,Kyoto,camera3,UFPR04,512,0.2255416040739586
Modelo3,Kyoto,camera3,UFPR04,1024,0.21678334892246062
Modelo3,Kyoto,camera3,UFPR05,64,0.22348222094881925
Modelo3,Kyoto,camera3,UFPR05,128,0.23502126247851132
Modelo3,Kyoto,camera3,UFPR05,256,0.2954428929034593
Modelo3,Kyoto,camera3,UFPR05,512,0.23405012516210755
Modelo3,Kyoto,camera3,UFPR05,1024,0.2319208613565763
Modelo3,Kyoto,camera3,camera1,64,0.7134584791600381
Modelo3,Kyoto,camera3,camera1,128,0.8276805599745466
Modelo3,Kyoto,camera3,camera1,256,0.8596245625198855
Modelo3,Kyoto,camera3,camera1,512,0.811772192173083
Modelo3,Kyoto,camera3,camera1,1024,0.8702513522112632
Modelo3,Kyoto,camera3,camera2,64,0.8595848595848596
Modelo3,Kyoto,camera3,camera2,128,0.9084249084249084
Modelo3,Kyoto,camera3,camera2,256,0.937973137973138
Modelo3,Kyoto,camera3,camera2,512,0.9316239316239316
Modelo3,Kyoto,camera3,camera2,1024,0.9377289377289377
Modelo3,Kyoto,camera3,camera3,64,0.9133640552995391
Modelo3,Kyoto,camera3,camera3,128,0.9505376344086022
Modelo3,Kyoto,camera3,camera3,256,0.9554531490015361
Modelo3,Kyoto,camera3,camera3,512,0.9591397849462365
Modelo3,Kyoto,camera3,camera3,1024,0.9741935483870968
Modelo3,Kyoto,camera3,camera4,64,0.8359676640926641
Modelo3,Kyoto,camera3,camera4,128,0.8951496138996139
Modelo3,Kyoto,camera3,camera4,256,0.9279681467181468
Modelo3,Kyoto,camera3,camera4,512,0.9040781853281853
Modelo3,Kyoto,camera3,camera4,1024,0.9400337837837838
Modelo3,Kyoto,camera3,camera5,64,0.7933102984931375
Modelo3,Kyoto,camera3,camera5,128,0.8527689797485364
Modelo3,Kyoto,camera3,camera5,256,0.8820424224973606
Modelo3,Kyoto,camera3,camera5,512,0.842979172665323
Modelo3,Kyoto,camera3,camera5,1024,0.8959113158652462
Modelo3,Kyoto,camera3,camera6,64,0.8491147801869903
Modelo3,Kyoto,camera3,camera6,128,0.9017803859160534
Modelo3,Kyoto,camera3,camera6,256,0.9131191565546052
Modelo3,Kyoto,camera3,camera6,512,0.8893972548239507
Modelo3,Kyoto,camera3,camera6,1024,0.9217226974338572
Modelo3,Kyoto,camera3,camera7,64,0.7526285876669508
Modelo3,Kyoto,camera3,camera7,128,0.7955858671971204
Modelo3,Kyoto,camera3,camera7,256,0.8145306431751445
Modelo3,Kyoto,camera3,camera7,512,0.7676423226295349
Modelo3,Kyoto,camera3,camera7,1024,0.8302548072369044
Modelo3,Kyoto,camera3,camera8,64,0.8679206111941538
Modelo3,Kyoto,camera3,camera8,128,0.9127221391795383
Modelo3,Kyoto,camera3,camera8,256,0.9259259259259259
Modelo3,Kyoto,camera3,camera8,512,0.9044593921275536
Modelo3,Kyoto,camera3,camera8,1024,0.9337734595582129
Modelo3,Kyoto,camera3,camera9,64,0.7607991360691144
Modelo3,Kyoto,camera3,camera9,128,0.8296821968528232
Modelo3,Kyoto,camera3,camera9,256,0.855368713360074
Modelo3,Kyoto,camera3,camera9,512,0.8113236655353286
Modelo3,Kyoto,camera3,camera9,1024,0.8813637766121567
Modelo3,Kyoto,camera4,PUC,64,0.14071372839284998
Modelo3,Kyoto,camera4,PUC,128,0.12060873644286142
Modelo3,Kyoto,camera4,PUC,256,0.11582116009740161
Modelo3,Kyoto,camera4,PUC,512,0.09732145593237519
Modelo3,Kyoto,camera4,PUC,1024,0.0686407856245418
Modelo3,Kyoto,camera4,UFPR04,64,0.3028636754438177
Modelo3,Kyoto,camera4,UFPR04,128,0.2744158801243351
Modelo3,Kyoto,camera4,UFPR04,256,0.27975397522745954
Modelo3,Kyoto,camera4,UFPR04,512,0.18712621524333212
Modelo3,Kyoto,camera4,UFPR04,1024,0.21575352172557466
Modelo3,Kyoto,camera4,UFPR05,64,0.32364206653195404
Modelo3,Kyoto,camera4,UFPR05,128,0.2772024006997014
Modelo3,Kyoto,camera4,UFPR05,256,0.323171577645746
Modelo3,Kyoto,camera4,UFPR05,512,0.22779503573905963
Modelo3,Kyoto,camera4,UFPR05,1024,0.18669964110142653
Modelo3,Kyoto,camera4,camera1,64,0.7151129494113904
Modelo3,Kyoto,camera4,camera1,128,0.7526566974228445
Modelo3,Kyoto,camera4,camera1,256,0.7764556156538339
Modelo3,Kyoto,camera4,camera1,512,0.8066815144766147
Modelo3,Kyoto,camera4,camera1,1024,0.7888641425389755
Modelo3,Kyoto,camera4,camera2,64,0.85006105006105
Modelo3,Kyoto,camera4,camera2,128,0.8847374847374847
Modelo3,Kyoto,camera4,camera2,256,0.9306471306471307
Modelo3,Kyoto,camera4,camera2,512,0.9335775335775336
Modelo3,Kyoto,camera4,camera2,1024,0.9326007326007326
Modelo3,Kyoto,camera4,camera3,64,0.8697075282441136
Modelo3,Kyoto,camera4,camera3,128,0.8885017421602788
Modelo3,Kyoto,camera4,camera3,256,0.9075071270193221
Modelo3,Kyoto,camera4,camera3,512,0.9233449477351916
Modelo3,Kyoto,camera4,camera3,1024,0.9294689050786612
Modelo3,Kyoto,camera4,camera4,64,0.8850179659428214
Modelo3,Kyoto,camera4,camera4,128,0.9142321512263709
Modelo3,Kyoto,camera4,camera4,256,0.9122012185596
Modelo3,Kyoto,camera4,camera4,512,0.9379784408686143
Modelo3,Kyoto,camera4,camera4,1024,0.9257928448679894
Modelo3,Kyoto,camera4,camera5,64,0.816729052692197
Modelo3,Kyoto,camera4,camera5,128,0.8564161627795374
Modelo3,Kyoto,camera4,camera5,256,0.8514252807371149
Modelo3,Kyoto,camera4,camera5,512,0.8912563585756791
Modelo3,Kyoto,camera4,camera5,1024,0.8701890776466071
Modelo3,Kyoto,camera4,camera6,64,0.8587626815197931
Modelo3,Kyoto,camera4,camera6,128,0.8938233538889994
Modelo3,Kyoto,camera4,camera6,256,0.896459120747961
Modelo3,Kyoto,camera4,camera6,512,0.9182912273721902
Modelo3,Kyoto,camera4,camera6,1024,0.9093395663417545
Modelo3,Kyoto,camera4,camera7,64,0.7345836885478829
Modelo3,Kyoto,camera4,camera7,128,0.7710050203656342
Modelo3,Kyoto,camera4,camera7,256,0.7678317703893152
Modelo3,Kyoto,camera4,camera7,512,0.8140096618357487
Modelo3,Kyoto,camera4,camera7,1024,0.7902339679833286
Modelo3,Kyoto,camera4,camera8,64,0.8803770137850855
Modelo3,Kyoto,camera4,camera8,128,0.9069091513037701
Modelo3,Kyoto,camera4,camera8,256,0.9041687427337651
Modelo3,Kyoto,camera4,camera8,512,0.9313237003819963
Modelo3,Kyoto,camera4,camera8,1024,0.924265072247135
Modelo3,Kyoto,camera4,camera9,64,0.7250848503548287
Modelo3,Kyoto,camera4,camera9,128,0.7869484726936131
Modelo3,Kyoto,camera4,camera9,256,0.8019129898179574
Modelo3,Kyoto,camera4,camera9,512,0.8537488429497069
Modelo3,Kyoto,camera4,camera9,1024,0.8158747300215983
Modelo3,Kyoto,camera5,PUC,64,0.04495748698208254
Modelo3,Kyoto,camera5,PUC,128,0.13145916180876568
Modelo3,Kyoto,camera5,PUC,256,0.06452974025453594
Modelo3,Kyoto,camera5,PUC,512,0.04182234343729595
Modelo3,Kyoto,camera5,PUC,1024,0.06037862162117565
Modelo3,Kyoto,camera5,UFPR04,64,0.21580076150524835
Modelo3,Kyoto,camera5,UFPR04,128,0.278639116427161
Modelo3,Kyoto,camera5,UFPR04,256,0.13606001341609741
Modelo3,Kyoto,camera5,UFPR04,512,0.11886473361488242
Modelo3,Kyoto,camera5,UFPR04,1024,0.21410957739293104
Modelo3,Kyoto,camera5,UFPR05,64,0.20114003076273487
Modelo3,Kyoto,camera5,UFPR05,128,0.22509274059776216
Modelo3,Kyoto,camera5,UFPR05,256,0.22114787224417168
Modelo3,Kyoto,camera5,UFPR05,512,0.21336067798654884
Modelo3,Kyoto,camera5,UFPR05,1024,0.26630274150254846
Modelo3,Kyoto,camera5,camera1,64,0.8521794463888005
Modelo3,Kyoto,camera5,camera1,128,0.7452115812917595
Modelo3,Kyoto,camera5,camera1,256,0.8163538020999046
Modelo3,Kyoto,camera5,camera1,512,0.8792873051224944
Modelo3,Kyoto,camera5,camera1,1024,0.8067451479478206
Modelo3,Kyoto,camera5,camera2,64,0.9235653235653236
Modelo3,Kyoto,camera5,camera2,128,0.8476190476190476
Modelo3,Kyoto,camera5,camera2,256,0.8991452991452992
Modelo3,Kyoto,camera5,camera2,512,0.9338217338217338
Modelo3,Kyoto,camera5,camera2,1024,0.8910866910866911
Modelo3,Kyoto,camera5,camera3,64,0.926829268292683
Modelo3,Kyoto,camera5,camera3,128,0.8769929257734136
Modelo3,Kyoto,camera5,camera3,256,0.9075071270193221
Modelo3,Kyoto,camera5,camera3,512,0.932530883750396
Modelo3,Kyoto,camera5,camera3,1024,0.9087741526765917
Modelo3,Kyoto,camera5,camera4,64,0.9318291505791506
Modelo3,Kyoto,camera5,camera4,128,0.8659507722007722
Modelo3,Kyoto,camera5,camera4,256,0.9136703667953668
Modelo3,Kyoto,camera5,camera4,512,0.9482987451737451
Modelo3,Kyoto,camera5,camera4,1024,0.9109555984555985
Modelo3,Kyoto,camera5,camera5,64,0.863746157224418
Modelo3,Kyoto,camera5,camera5,128,0.7727272727272727
Modelo3,Kyoto,camera5,camera5,256,0.8448616600790514
Modelo3,Kyoto,camera5,camera5,512,0.9071146245059288
Modelo3,Kyoto,camera5,camera5,1024,0.8420070267896355
Modelo3,Kyoto,camera5,camera6,64,0.9198329023274319
Modelo3,Kyoto,camera5,camera6,128,0.8685597772031033
Modelo3,Kyoto,camera5,camera6,256,0.9133180823552814
Modelo3,Kyoto,camera5,camera6,512,0.9431072210065645
Modelo3,Kyoto,camera5,camera6,1024,0.9116769444997016
Modelo3,Kyoto,camera5,camera7,64,0.7978118783745383
Modelo3,Kyoto,camera5,camera7,128,0.7483186511319504
Modelo3,Kyoto,camera5,camera7,256,0.8113100312588803
Modelo3,Kyoto,camera5,camera7,512,0.8587193331438856
Modelo3,Kyoto,camera5,camera7,1024,0.8085156768021218
Modelo3,Kyoto,camera5,camera8,64,0.9233100813818302
Modelo3,Kyoto,camera5,camera8,128,0.8933731938216243
Modelo3,Kyoto,camera5,camera8,256,0.9271715661850191
Modelo3,Kyoto,camera5,camera8,512,0.9475170237502076
Modelo3,Kyoto,camera5,camera8,1024,0.924804849692742
Modelo3,Kyoto,camera5,camera9,64,0.7968219685282321
Modelo3,Kyoto,camera5,camera9,128,0.7142085775995063
Modelo3,Kyoto,camera5,camera9,256,0.8104751619870411
Modelo3,Kyoto,camera5,camera9,512,0.8768127121258871
Modelo3,Kyoto,camera5,camera9,1024,0.7975161987041036
Modelo3,Kyoto,camera6,PUC,64,0.09088144678624215
Modelo3,Kyoto,camera6,PUC,128,0.07437126228422315
Modelo3,Kyoto,camera6,PUC,256,0.09978006850170783
Modelo3,Kyoto,camera6,PUC,512,0.11805583384210663
Modelo3,Kyoto,camera6,PUC,1024,0.09156976401562386
Modelo3,Kyoto,camera6,UFPR04,64,0.2508526780231097
Modelo3,Kyoto,camera6,UFPR04,128,0.18482091399525713
Modelo3,Kyoto,camera6,UFPR04,256,0.20367903404098522
Modelo3,Kyoto,camera6,UFPR04,512,0.18944096444734182
Modelo3,Kyoto,camera6,UFPR04,1024,0.17072456374063472
Modelo3,Kyoto,camera6,UFPR05,64,0.2770395391621679
Modelo3,Kyoto,camera6,UFPR05,128,0.29527399945712823
Modelo3,Kyoto,camera6,UFPR05,256,0.2752963175196791
Modelo3,Kyoto,camera6,UFPR05,512,0.26404077570347134
Modelo3,Kyoto,camera6,UFPR05,1024,0.235745091534216
Modelo3,Kyoto,camera6,camera1,64,0.7818644607063315
Modelo3,Kyoto,camera6,camera1,128,0.8234807508749602
Modelo3,Kyoto,camera6,camera1,256,0.7473751193127585
Modelo3,Kyoto,camera6,camera1,512,0.7340757238307349
Modelo3,Kyoto,camera6,camera1,1024,0.7479478205536112
Modelo3,Kyoto,camera6,camera2,64,0.9186813186813186
Modelo3,Kyoto,camera6,camera2,128,0.9235653235653236
Modelo3,Kyoto,camera6,camera2,256,0.8981684981684982
Modelo3,Kyoto,camera6,camera2,512,0.8725274725274725
Modelo3,Kyoto,camera6,camera2,1024,0.8815628815628815
Modelo3,Kyoto,camera6,camera3,64,0.9239784605638264
Modelo3,Kyoto,camera6,camera3,128,0.9273571956498786
Modelo3,Kyoto,camera6,camera3,256,0.8975820927040439
Modelo3,Kyoto,camera6,camera3,512,0.8823777848168092
Modelo3,Kyoto,camera6,camera3,1024,0.8844894942455918
Modelo3,Kyoto,camera6,camera4,64,0.9032335907335908
Modelo3,Kyoto,camera6,camera4,128,0.9273045366795367
Modelo3,Kyoto,camera6,camera4,256,0.9041988416988417
Modelo3,Kyoto,camera6,camera4,512,0.8810328185328186
Modelo3,Kyoto,camera6,camera4,1024,0.8853764478764479
Modelo3,Kyoto,camera6,camera5,64,0.8678376043766196
Modelo3,Kyoto,camera6,camera5,128,0.9017180151646031
Modelo3,Kyoto,camera6,camera5,256,0.8721566369133315
Modelo3,Kyoto,camera6,camera5,512,0.8491217967175353
Modelo3,Kyoto,camera6,camera5,1024,0.8533928400038392
Modelo3,Kyoto,camera6,camera6,64,0.9029764651592063
Modelo3,Kyoto,camera6,camera6,128,0.9311259806183664
Modelo3,Kyoto,camera6,camera6,256,0.9210890632210429
Modelo3,Kyoto,camera6,camera6,512,0.9043608675588372
Modelo3,Kyoto,camera6,camera6,1024,0.9153207198892478
Modelo3,Kyoto,camera6,camera7,64,0.7896182627640428
Modelo3,Kyoto,camera6,camera7,128,0.8270815572605854
Modelo3,Kyoto,camera6,camera7,256,0.8004167850715165
Modelo3,Kyoto,camera6,camera7,512,0.7766884531590414
Modelo3,Kyoto,camera6,camera7,1024,0.7788671023965141
Modelo3,Kyoto,camera6,camera8,64,0.9110197641587776
Modelo3,Kyoto,camera6,camera8,128,0.9312821790400265
Modelo3,Kyoto,camera6,camera8,256,0.9184936057133366
Modelo3,Kyoto,camera6,camera8,512,0.9021341969772463
Modelo3,Kyoto,camera6,camera8,1024,0.9091928251121076
Modelo3,Kyoto,camera6,camera9,64,0.7996760259179265
Modelo3,Kyoto,camera6,camera9,128,0.8498148719531009
Modelo3,Kyoto,camera6,camera9,256,0.798904659055847
Modelo3,Kyoto,camera6,camera9,512,0.7685899413761185
Modelo3,Kyoto,camera6,camera9,1024,0.7735266892934279
Modelo3,Kyoto,camera7,PUC,64,0.06012875303790695
Modelo3,Kyoto,camera7,PUC,128,0.07968686280564703
Modelo3,Kyoto,camera7,PUC,256,0.09741103146222624
Modelo3,Kyoto,camera7,PUC,512,0.09215907671201232
Modelo3,Kyoto,camera7,PUC,1024,0.1232795015828939
Modelo3,Kyoto,camera7,UFPR04,64,0.12147236945286888
Modelo3,Kyoto,camera7,UFPR04,128,0.0974367695549068
Modelo3,Kyoto,camera7,UFPR04,256,0.12408945324679006
Modelo3,Kyoto,camera7,UFPR04,512,0.13891329610838696
Modelo3,Kyoto,camera7,UFPR04,1024,0.24187711988511285
Modelo3,Kyoto,camera7,UFPR05,64,0.30316976807310675
Modelo3,Kyoto,camera7,UFPR05,128,0.3528485689296378
Modelo3,Kyoto,camera7,UFPR05,256,0.35840998884096875
Modelo3,Kyoto,camera7,UFPR05,512,0.2863347106191754
Modelo3,Kyoto,camera7,UFPR05,1024,0.3965316524414151
Modelo3,Kyoto,camera7,camera1,64,0.8649697741011773
Modelo3,Kyoto,camera7,camera1,128,0.9102131721285396
Modelo3,Kyoto,camera7,camera1,256,0.8876232898504613
Modelo3,Kyoto,camera7,camera1,512,0.8517340120903595
Modelo3,Kyoto,camera7,camera1,1024,0.924467069678651
Modelo3,Kyoto,camera7,camera2,64,0.9089133089133089
Modelo3,Kyoto,camera7,camera2,128,0.9431013431013431
Modelo3,Kyoto,camera7,camera2,256,0.9328449328449329
Modelo3,Kyoto,camera7,camera2,512,0.9262515262515263
Modelo3,Kyoto,camera7,camera2,1024,0.9455433455433455
Modelo3,Kyoto,camera7,camera3,64,0.9214444092492873
Modelo3,Kyoto,camera7,camera3,128,0.9191215288776264
Modelo3,Kyoto,camera7,camera3,256,0.9372822299651568
Modelo3,Kyoto,camera7,camera3,512,0.9367543026079611
Modelo3,Kyoto,camera7,camera3,1024,0.9391827684510611
Modelo3,Kyoto,camera7,camera4,64,0.9333373552123552
Modelo3,Kyoto,camera7,camera4,128,0.9561414092664092
Modelo3,Kyoto,camera7,camera4,256,0.9414816602316602
Modelo3,Kyoto,camera7,camera4,512,0.9405767374517374
Modelo3,Kyoto,camera7,camera4,1024,0.9666385135135135
Modelo3,Kyoto,camera7,camera5,64,0.9111718974949611
Modelo3,Kyoto,camera7,camera5,128,0.9319032536711777
Modelo3,Kyoto,camera7,camera5,256,0.9228812745944909
Modelo3,Kyoto,camera7,camera5,512,0.9260965543718207
Modelo3,Kyoto,camera7,camera5,1024,0.953786351857184
Modelo3,Kyoto,camera7,camera6,64,0.9188382733240501
Modelo3,Kyoto,camera7,camera6,128,0.942759100855381
Modelo3,Kyoto,camera7,camera6,256,0.9303759697632783
Modelo3,Kyoto,camera7,camera6,512,0.9397254823950666
Modelo3,Kyoto,camera7,camera6,1024,0.9573801472050925
Modelo3,Kyoto,camera7,camera7,64,0.8646850044365573
Modelo3,Kyoto,camera7,camera7,128,0.9150399290150842
Modelo3,Kyoto,camera7,camera7,256,0.8868677905944987
Modelo3,Kyoto,camera7,camera7,512,0.8742236024844721
Modelo3,Kyoto,camera7,camera7,1024,0.9275732031943212
Modelo3,Kyoto,camera7,camera8,64,0.9266733100813819
Modelo3,Kyoto,camera7,camera8,128,0.9433233682112606
Modelo3,Kyoto,camera7,camera8,256,0.9372197309417041
Modelo3,Kyoto,camera7,camera8,512,0.9446935724962631
Modelo3,Kyoto,camera7,camera8,1024,0.9571914964291646
Modelo3,Kyoto,camera7,camera9,64,0.8338475779080531
Modelo3,Kyoto,camera7,camera9,128,0.8961740203640851
Modelo3,Kyoto,camera7,camera9,256,0.8793582227707498
Modelo3,Kyoto,camera7,camera9,512,0.8738043813637766
Modelo3,Kyoto,camera7,camera9,1024,0.9070502931194075
Modelo3,Kyoto,camera8,PUC,64,0.13434915127185465
Modelo3,Kyoto,camera8,PUC,128,0.11919202872074357
Modelo3,Kyoto,camera8,PUC,256,0.09679814625798223
Modelo3,Kyoto,camera8,PUC,512,0.10821431181241942
Modelo3,Kyoto,camera8,PUC,1024,0.0521471018780217
Modelo3,Kyoto,camera8,UFPR04,64,0.21304195837230616
Modelo3,Kyoto,camera8,UFPR04,128,0.21143580586340147
Modelo3,Kyoto,camera8,UFPR04,256,0.1825817484387253
Modelo3,Kyoto,camera8,UFPR04,512,0.24725300681197623
Modelo3,Kyoto,camera8,UFPR04,1024,0.10397475506174239
Modelo3,Kyoto,camera8,UFPR05,64,0.2156769309648038
Modelo3,Kyoto,camera8,UFPR05,128,0.21389148596073226
Modelo3,Kyoto,camera8,UFPR05,256,0.20495822903157704
Modelo3,Kyoto,camera8,UFPR05,512,0.21610519648942908
Modelo3,Kyoto,camera8,UFPR05,1024,0.2569774105015532
Modelo3,Kyoto,camera8,camera1,64,0.7464842507158765
Modelo3,Kyoto,camera8,camera1,128,0.7232580337257397
Modelo3,Kyoto,camera8,camera1,256,0.7536748329621381
Modelo3,Kyoto,camera8,camera1,512,0.7073496659242762
Modelo3,Kyoto,camera8,camera1,1024,0.8366528794145721
Modelo3,Kyoto,camera8,camera2,64,0.8620268620268621
Modelo3,Kyoto,camera8,camera2,128,0.8617826617826618
Modelo3,Kyoto,camera8,camera2,256,0.8993894993894994
Modelo3,Kyoto,camera8,camera2,512,0.8879120879120879
Modelo3,Kyoto,camera8,camera2,1024,0.9457875457875458
Modelo3,Kyoto,camera8,camera3,64,0.8943089430894309
Modelo3,Kyoto,camera8,camera3,128,0.8962094815753352
Modelo3,Kyoto,camera8,camera3,256,0.9131031570055961
Modelo3,Kyoto,camera8,camera3,512,0.8970541653468482
Modelo3,Kyoto,camera8,camera3,1024,0.928518635835709
Modelo3,Kyoto,camera8,camera4,64,0.896476833976834
Modelo3,Kyoto,camera8,camera4,128,0.8791626447876448
Modelo3,Kyoto,camera8,camera4,256,0.8850144787644788
Modelo3,Kyoto,camera8,camera4,512,0.8722249034749034
Modelo3,Kyoto,camera8,camera4,1024,0.9346645752895753
Modelo3,Kyoto,camera8,camera5,64,0.8500335924752855
Modelo3,Kyoto,camera8,camera5,128,0.8341011613398599
Modelo3,Kyoto,camera8,camera5,256,0.8316537095690565
Modelo3,Kyoto,camera8,camera5,512,0.8246472790095019
Modelo3,Kyoto,camera8,camera5,1024,0.9016220366637873
Modelo3,Kyoto,camera8,camera6,64,0.8925800676347723
Modelo3,Kyoto,camera8,camera6,128,0.8867117565148199
Modelo3,Kyoto,camera8,camera6,256,0.8939725482395067
Modelo3,Kyoto,camera8,camera6,512,0.8915357071812214
Modelo3,Kyoto,camera8,camera6,1024,0.936492938134076
Modelo3,Kyoto,camera8,camera7,64,0.7663635502510183
Modelo3,Kyoto,camera8,camera7,128,0.7522496921473903
Modelo3,Kyoto,camera8,camera7,256,0.7753149569006347
Modelo3,Kyoto,camera8,camera7,512,0.7594487070190395
Modelo3,Kyoto,camera8,camera7,1024,0.829970635597234
Modelo3,Kyoto,camera8,camera8,64,0.9117476851851852
Modelo3,Kyoto,camera8,camera8,128,0.9134837962962963
Modelo3,Kyoto,camera8,camera8,256,0.9237075617283951
Modelo3,Kyoto,camera8,camera8,512,0.9201388888888888
Modelo3,Kyoto,camera8,camera8,1024,0.9607445987654321
Modelo3,Kyoto,camera8,camera9,64,0.7782320271521136
Modelo3,Kyoto,camera8,camera9,128,0.7633446467139772
Modelo3,Kyoto,camera8,camera9,256,0.8005245294662141
Modelo3,Kyoto,camera8,camera9,512,0.7819345880900956
Modelo3,Kyoto,camera8,camera9,1024,0.8714902807775378
Modelo3,Kyoto,camera9,PUC,64,0.11573865631990722
Modelo3,Kyoto,camera9,PUC,128,0.10023737515410527
Modelo3,Kyoto,camera9,PUC,256,0.07958078652029711
Modelo3,Kyoto,camera9,PUC,512,0.04069086306023011
Modelo3,Kyoto,camera9,PUC,1024,0.06609024027457257
Modelo3,Kyoto,camera9,UFPR04,64,0.2170856835123721
Modelo3,Kyoto,camera9,UFPR04,128,0.1944483810927506
Modelo3,Kyoto,camera9,UFPR04,256,0.1290023903328515
Modelo3,Kyoto,camera9,UFPR04,512,0.1040030989295466
Modelo3,Kyoto,camera9,UFPR04,1024,0.13265874927959337
Modelo3,Kyoto,camera9,UFPR05,64,0.2949784359260488
Modelo3,Kyoto,camera9,UFPR05,128,0.2262629309044847
Modelo3,Kyoto,camera9,UFPR05,256,0.2496245136773532
Modelo3,Kyoto,camera9,UFPR05,512,0.22322284887052507
Modelo3,Kyoto,camera9,UFPR05,1024,0.21042313840214735
Modelo3,Kyoto,camera9,camera1,64,0.8252624880687242
Modelo3,Kyoto,camera9,camera1,128,0.817881005408845
Modelo3,Kyoto,camera9,camera1,256,0.8442252624880687
Modelo3,Kyoto,camera9,camera1,512,0.89086859688196
Modelo3,Kyoto,camera9,camera1,1024,0.8585427935093859
Modelo3,Kyoto,camera9,camera2,64,0.9245421245421246
Modelo3,Kyoto,camera9,camera2,128,0.9286935286935287
Modelo3,Kyoto,camera9,camera2,256,0.9391941391941392
Modelo3,Kyoto,camera9,camera2,512,0.9621489621489622
Modelo3,Kyoto,camera9,camera2,1024,0.9421245421245421
Modelo3,Kyoto,camera9,camera3,64,0.9174321613346004
Modelo3,Kyoto,camera9,camera3,128,0.9201773835920177
Modelo3,Kyoto,camera9,camera3,256,0.9332699820504698
Modelo3,Kyoto,camera9,camera3,512,0.9330588111075916
Modelo3,Kyoto,camera9,camera3,1024,0.9296800760215395
Modelo3,Kyoto,camera9,camera4,64,0.9205477799227799
Modelo3,Kyoto,camera9,camera4,128,0.9075772200772201
Modelo3,Kyoto,camera9,camera4,256,0.9281491312741312
Modelo3,Kyoto,camera9,camera4,512,0.9513151544401545
Modelo3,Kyoto,camera9,camera4,1024,0.9428088803088803
Modelo3,Kyoto,camera9,camera5,64,0.8853536807755062
Modelo3,Kyoto,camera9,camera5,128,0.8758038199443324
Modelo3,Kyoto,camera9,camera5,256,0.88756118629427
Modelo3,Kyoto,camera9,camera5,512,0.9304635761589404
Modelo3,Kyoto,camera9,camera5,1024,0.9134273922641328
Modelo3,Kyoto,camera9,camera6,64,0.9115277501491944
Modelo3,Kyoto,camera9,camera6,128,0.9135170081559578
Modelo3,Kyoto,camera9,camera6,256,0.9292818778595584
Modelo3,Kyoto,camera9,camera6,512,0.9486274119753332
Modelo3,Kyoto,camera9,camera6,1024,0.9404217226974338
Modelo3,Kyoto,camera9,camera7,64,0.8142464715354741
Modelo3,Kyoto,camera9,camera7,128,0.807852609642891
Modelo3,Kyoto,camera9,camera7,256,0.8252818035426731
Modelo3,Kyoto,camera9,camera7,512,0.8727858293075684
Modelo3,Kyoto,camera9,camera7,1024,0.8478260869565217
Modelo3,Kyoto,camera9,camera8,64,0.9230609533300116
Modelo3,Kyoto,camera9,camera8,128,0.9239329015113769
Modelo3,Kyoto,camera9,camera8,256,0.9399186181697392
Modelo3,Kyoto,camera9,camera8,512,0.9564441122737087
Modelo3,Kyoto,camera9,camera8,1024,0.952914798206278
Modelo3,Kyoto,camera9,camera9,64,0.8695826645264848
Modelo3,Kyoto,camera9,camera9,128,0.8663723916532905
Modelo3,Kyoto,camera9,camera9,256,0.8830256821829856
Modelo3,Kyoto,camera9,camera9,512,0.9287720706260032
Modelo3,Kyoto,camera9,camera9,1024,0.9032905296950241
Modelo3,PKLot,camera1,camera1,64,0.8781172584640793
Modelo3,PKLot,camera1,camera1,128,0.9448389760528488
Modelo3,PKLot,camera1,camera1,256,0.9545829892650702
Modelo3,PKLot,camera1,camera1,512,0.9663088356729975
Modelo3,PKLot,camera1,camera1,1024,0.9499587118084228
Modelo3,PKLot,camera1,camera2,64,0.9328449328449329
Modelo3,PKLot,camera1,camera2,128,0.9496947496947497
Modelo3,PKLot,camera1,camera2,256,0.9509157509157509
Modelo3,PKLot,camera1,camera2,512,0.9474969474969475
Modelo3,PKLot,camera1,camera2,1024,0.9494505494505494
Modelo3,PKLot,camera1,camera3,64,0.9449899693802133
Modelo3,PKLot,camera1,camera3,128,0.9394995248653786
Modelo3,PKLot,camera1,camera3,256,0.9477351916376306
Modelo3,PKLot,camera1,camera3,512,0.9308415162073699
Modelo3,PKLot,camera1,camera3,1024,0.951325097666561
Modelo3,PKLot,camera1,camera4,64,0.9336993243243243
Modelo3,PKLot,camera1,camera4,128,0.9546935328185329
Modelo3,PKLot,camera1,camera4,256,0.9610883204633205
Modelo3,PKLot,camera1,camera4,512,0.9542712355212355
Modelo3,PKLot,camera1,camera4,1024,0.9568653474903475
Modelo3,PKLot,camera1,camera5,64,0.9021979076686822
Modelo3,PKLot,camera1,camera5,128,0.9425568672617334
Modelo3,PKLot,camera1,camera5,256,0.9488434590651694
Modelo3,PKLot,camera1,camera5,512,0.942220942508878
Modelo3,PKLot,camera1,camera5,1024,0.9424608887609176
Modelo3,PKLot,camera1,camera6,64,0.933111199522578
Modelo3,PKLot,camera1,camera6,128,0.9489258006763477
Modelo3,PKLot,camera1,camera6,256,0.9535508255420728
Modelo3,PKLot,camera1,camera6,512,0.948478217624826
Modelo3,PKLot,camera1,camera6,1024,0.9534016311915655
Modelo3,PKLot,camera1,camera7,64,0.8405797101449275
Modelo3,PKLot,camera1,camera7,128,0.8951880269015818
Modelo3,PKLot,camera1,camera7,256,0.8986454485175713
Modelo3,PKLot,camera1,camera7,512,0.9092545230652648
Modelo3,PKLot,camera1,camera7,1024,0.8967983328597139
Modelo3,PKLot,camera1,camera8,64,0.9382577644909483
Modelo3,PKLot,camera1,camera8,128,0.9427420694236838
Modelo3,PKLot,camera1,camera8,256,0.9501743896362731
Modelo3,PKLot,camera1,camera8,512,0.945067264573991
Modelo3,PKLot,camera1,camera8,1024,0.9527902341803687
Modelo3,PKLot,camera1,camera9,64,0.8838321505708114
Modelo3,PKLot,camera1,camera9,128,0.9039648256710892
Modelo3,PKLot,camera1,camera9,256,0.9105214439987658
Modelo3,PKLot,camera1,camera9,512,0.9230947238506634
Modelo3,PKLot,camera1,camera9,1024,0.9152267818574514
Modelo3,PKLot,camera2,camera1,64,0.8302258988227808
Modelo3,PKLot,camera2,camera1,128,0.8481069042316258
Modelo3,PKLot,camera2,camera1,256,0.8361438116449252
Modelo3,PKLot,camera2,camera1,512,0.8622335348393255
Modelo3,PKLot,camera2,camera1,1024,0.8593063951638562
Modelo3,PKLot,camera2,camera2,64,0.9693877551020408
Modelo3,PKLot,camera2,camera2,128,0.9784580498866213
Modelo3,PKLot,camera2,camera2,256,0.9784580498866213
Modelo3,PKLot,camera2,camera2,512,0.9807256235827665
Modelo3,PKLot,camera2,camera2,1024,0.9852607709750567
Modelo3,PKLot,camera2,camera3,64,0.9336923239362264
Modelo3,PKLot,camera2,camera3,128,0.9438285291943829
Modelo3,PKLot,camera2,camera3,256,0.9410833069369655
Modelo3,PKLot,camera2,camera3,512,0.9503748284236089
Modelo3,PKLot,camera2,camera3,1024,0.9444620420230176
Modelo3,PKLot,camera2,camera4,64,0.9156008687258688
Modelo3,PKLot,camera2,camera4,128,0.9268219111969112
Modelo3,PKLot,camera2,camera4,256,0.9240468146718147
Modelo3,PKLot,camera2,camera4,512,0.940456081081081
Modelo3,PKLot,camera2,camera4,1024,0.934242277992278
Modelo3,PKLot,camera2,camera5,64,0.8916882618293502
Modelo3,PKLot,camera2,camera5,128,0.9002303484019579
Modelo3,PKLot,camera2,camera5,256,0.8939917458489298
Modelo3,PKLot,camera2,camera5,512,0.9185142528073712
Modelo3,PKLot,camera2,camera5,1024,0.9069008542086573
Modelo3,PKLot,camera2,camera6,64,0.900984682713348
Modelo3,PKLot,camera2,camera6,128,0.9158543863139049
Modelo3,PKLot,camera2,camera6,256,0.9219713546847026
Modelo3,PKLot,camera2,camera6,512,0.939327630793714
Modelo3,PKLot,camera2,camera6,1024,0.9241595384921424
Modelo3,PKLot,camera2,camera7,64,0.8534147958700389
Modelo3,PKLot,camera2,camera7,128,0.8562565122667425
Modelo3,PKLot,camera2,camera7,256,0.8491522212749835
Modelo3,PKLot,camera2,camera7,512,0.8707966278298759
Modelo3,PKLot,camera2,camera7,1024,0.8773325755422942
Modelo3,PKLot,camera2,camera8,64,0.9284587277860821
Modelo3,PKLot,camera2,camera8,128,0.938133200465039
Modelo3,PKLot,camera2,camera8,256,0.9418701212423185
Modelo3,PKLot,camera2,camera8,512,0.9498422189005149
Modelo3,PKLot,camera2,camera8,1024,0.9417040358744395
Modelo3,PKLot,camera2,camera9,64,0.8818265967294046
Modelo3,PKLot,camera2,camera9,128,0.9008793582227708
Modelo3,PKLot,camera2,camera9,256,0.9031163221228016
Modelo3,PKLot,camera2,camera9,512,0.9118327676643011
Modelo3,PKLot,camera2,camera9,1024,0.9144554149953718
Modelo3,PKLot,camera3,camera1,64,0.8220808145084314
Modelo3,PKLot,camera3,camera1,128,0.8324530703149857
Modelo3,PKLot,camera3,camera1,256,0.8629971364937957
Modelo3,PKLot,camera3,camera1,512,0.8566337893732103
Modelo3,PKLot,camera3,camera1,1024,0.8300349984091632
Modelo3,PKLot,camera3,camera2,64,0.8957264957264958
Modelo3,PKLot,camera3,camera2,128,0.8737484737484738
Modelo3,PKLot,camera3,camera2,256,0.9413919413919414
Modelo3,PKLot,camera3,camera2,512,0.9477411477411477
Modelo3,PKLot,camera3,camera2,1024,0.9304029304029304
Modelo3,PKLot,camera3,camera3,64,0.9554531490015361
Modelo3,PKLot,camera3,camera3,128,0.9542242703533026
Modelo3,PKLot,camera3,camera3,256,0.9615975422427036
Modelo3,PKLot,camera3,camera3,512,0.9686635944700461
Modelo3,PKLot,camera3,camera3,1024,0.9536098310291858
Modelo3,PKLot,camera3,camera4,64,0.9170487451737451
Modelo3,PKLot,camera3,camera4,128,0.9168074324324325
Modelo3,PKLot,camera3,camera4,256,0.942386583011583
Modelo3,PKLot,camera3,camera4,512,0.9384049227799228
Modelo3,PKLot,camera3,camera4,1024,0.9198238416988417
Modelo3,PKLot,camera3,camera5,64,0.8961992513676936
Modelo3,PKLot,camera3,camera5,128,0.8736922929263845
Modelo3,PKLot,camera3,camera5,256,0.9075727037143679
Modelo3,PKLot,camera3,camera5,512,0.8980228428831941
Modelo3,PKLot,camera3,camera5,1024,0.8798349169785968
Modelo3,PKLot,camera3,camera6,64,0.9272926198527949
Modelo3,PKLot,camera3,camera6,128,0.9333598567734235
Modelo3,PKLot,camera3,camera6,256,0.9426596379550428
Modelo3,PKLot,camera3,camera6,512,0.9403222597970957
Modelo3,PKLot,camera3,camera6,1024,0.923363835289437
Modelo3,PKLot,camera3,camera7,64,0.8521833854314673
Modelo3,PKLot,camera3,camera7,128,0.8435635123614663
Modelo3,PKLot,camera3,camera7,256,0.8699441129108648
Modelo3,PKLot,camera3,camera7,512,0.8570143033058634
Modelo3,PKLot,camera3,camera7,1024,0.8526570048309179
Modelo3,PKLot,camera3,camera8,64,0.9401677462215579
Modelo3,PKLot,camera3,camera8,128,0.931572828433815
Modelo3,PKLot,camera3,camera8,256,0.9495100481647567
Modelo3,PKLot,camera3,camera8,512,0.9434064108952002
Modelo3,PKLot,camera3,camera8,1024,0.9387975419365554
Modelo3,PKLot,camera3,camera9,64,0.8800524529466214
Modelo3,PKLot,camera3,camera9,128,0.8707189139154582
Modelo3,PKLot,camera3,camera9,256,0.8969453872261648
Modelo3,PKLot,camera3,camera9,512,0.8975624807158284
Modelo3,PKLot,camera3,camera9,1024,0.8751157050293119
Modelo3,PKLot,camera4,camera1,64,0.8237989182309895
Modelo3,PKLot,camera4,camera1,128,0.8180082723512567
Modelo3,PKLot,camera4,camera1,256,0.8986318803690742
Modelo3,PKLot,camera4,camera1,512,0.8195991091314031
Modelo3,PKLot,camera4,camera1,1024,0.7451479478205536
Modelo3,PKLot,camera4,camera2,64,0.9118437118437118
Modelo3,PKLot,camera4,camera2,128,0.9054945054945055
Modelo3,PKLot,camera4,camera2,256,0.9570207570207571
Modelo3,PKLot,camera4,camera2,512,0.9164835164835164
Modelo3,PKLot,camera4,camera2,1024,0.8800976800976801
Modelo3,PKLot,camera4,camera3,64,0.9246119733924612
Modelo3,PKLot,camera4,camera3,128,0.9134199134199135
Modelo3,PKLot,camera4,camera3,256,0.9494245591806567
Modelo3,PKLot,camera4,camera3,512,0.9283074648928308
Modelo3,PKLot,camera4,camera3,1024,0.9061345158906134
Modelo3,PKLot,camera4,camera4,64,0.9492266833307296
Modelo3,PKLot,camera4,camera4,128,0.9417278550226527
Modelo3,PKLot,camera4,camera4,256,0.9725042962037181
Modelo3,PKLot,camera4,camera4,512,0.9325105452273083
Modelo3,PKLot,camera4,camera4,1024,0.8993907201999688
Modelo3,PKLot,camera4,camera5,64,0.9140992417698436
Modelo3,PKLot,camera4,camera5,128,0.905989058450907
Modelo3,PKLot,camera4,camera5,256,0.945340243785392
Modelo3,PKLot,camera4,camera5,512,0.8990306171417602
Modelo3,PKLot,camera4,camera5,1024,0.8536807755062866
Modelo3,PKLot,camera4,camera6,64,0.9305251641137856
Modelo3,PKLot,camera4,camera6,128,0.9305251641137856
Modelo3,PKLot,camera4,camera6,256,0.9525561965386911
Modelo3,PKLot,camera4,camera6,512,0.929033220608713
Modelo3,PKLot,camera4,camera6,1024,0.9080962800875274
Modelo3,PKLot,camera4,camera7,64,0.8384010609074548
Modelo3,PKLot,camera4,camera7,128,0.8351804489911907
Modelo3,PKLot,camera4,camera7,256,0.8918253291654826
Modelo3,PKLot,camera4,camera7,512,0.8434687884815762
Modelo3,PKLot,camera4,camera7,1024,0.8111205834991001
Modelo3,PKLot,camera4,camera8,64,0.9401677462215579
Modelo3,PKLot,camera4,camera8,128,0.9397110114598903
Modelo3,PKLot,camera4,camera8,256,0.9553645573824946
Modelo3,PKLot,camera4,camera8,512,0.947641587776117
Modelo3,PKLot,camera4,camera8,1024,0.9269639594751702
Modelo3,PKLot,camera4,camera9,64,0.8793582227707498
Modelo3,PKLot,camera4,camera9,128,0.8760413452638075
Modelo3,PKLot,camera4,camera9,256,0.9193150262264733
Modelo3,PKLot,camera4,camera9,512,0.8873033014501697
Modelo3,PKLot,camera4,camera9,1024,0.8367016352977477
Modelo3,PKLot,camera5,camera1,64,0.8090995863824372
Modelo3,PKLot,camera5,camera1,128,0.832325803372574
Modelo3,PKLot,camera5,camera1,256,0.8643970728603245
Modelo3,PKLot,camera5,camera1,512,0.8909958638243716
Modelo3,PKLot,camera5,camera1,1024,0.877696468342348
Modelo3,PKLot,camera5,camera2,64,0.8930402930402931
Modelo3,PKLot,camera5,camera2,128,0.9018315018315018
Modelo3,PKLot,camera5,camera2,256,0.9145299145299145
Modelo3,PKLot,camera5,camera2,512,0.9384615384615385
Modelo3,PKLot,camera5,camera2,1024,0.9367521367521368
Modelo3,PKLot,camera5,camera3,64,0.9160595502058917
Modelo3,PKLot,camera5,camera3,128,0.9283074648928308
Modelo3,PKLot,camera5,camera3,256,0.9348537641220568
Modelo3,PKLot,camera5,camera3,512,0.9491078027663393
Modelo3,PKLot,camera5,camera3,1024,0.9429838454228698
Modelo3,PKLot,camera5,camera4,64,0.9321911196911197
Modelo3,PKLot,camera5,camera4,128,0.9398527992277992
Modelo3,PKLot,camera5,camera4,256,0.9523407335907336
Modelo3,PKLot,camera5,camera4,512,0.9610279922779923
Modelo3,PKLot,camera5,camera4,1024,0.9561414092664092
Modelo3,PKLot,camera5,camera5,64,0.8555116381203338
Modelo3,PKLot,camera5,camera5,128,0.8859244620114185
Modelo3,PKLot,camera5,camera5,256,0.9241326306543698
Modelo3,PKLot,camera5,camera5,512,0.9329161176987264
Modelo3,PKLot,camera5,camera5,1024,0.9257795344751867
Modelo3,PKLot,camera5,camera6,64,0.9244081957429878
Modelo3,PKLot,camera5,camera6,128,0.9455937935150189
Modelo3,PKLot,camera5,camera6,256,0.9612094688681122
Modelo3,PKLot,camera5,camera6,512,0.9613586632186194
Modelo3,PKLot,camera5,camera6,1024,0.9542967972946091
Modelo3,PKLot,camera5,camera7,64,0.8096523633608033
Modelo3,PKLot,camera5,camera7,128,0.8478734488964668
Modelo3,PKLot,camera5,camera7,256,0.8802216538789429
Modelo3,PKLot,camera5,camera7,512,0.8932935493037795
Modelo3,PKLot,camera5,camera7,1024,0.8728331912475135
Modelo3,PKLot,camera5,camera8,64,0.9293306759674472
Modelo3,PKLot,camera5,camera8,128,0.9486796213253612
Modelo3,PKLot,camera5,camera8,256,0.9610529812323534
Modelo3,PKLot,camera5,camera8,512,0.9635442617505398
Modelo3,PKLot,camera5,camera8,1024,0.9592675635276532
Modelo3,PKLot,camera5,camera9,64,0.8191916075285406
Modelo3,PKLot,camera5,camera9,128,0.8665535328602283
Modelo3,PKLot,camera5,camera9,256,0.902267818574514
Modelo3,PKLot,camera5,camera9,512,0.925717371181734
Modelo3,PKLot,camera5,camera9,1024,0.9161524220919469
Modelo3,PKLot,camera6,camera1,64,0.819662742602609
Modelo3,PKLot,camera6,camera1,128,0.877696468342348
Modelo3,PKLot,camera6,camera1,256,0.7529112313076678
Modelo3,PKLot,camera6,camera1,512,0.7401209035952911
Modelo3,PKLot,camera6,camera1,1024,0.7634743875278397
Modelo3,PKLot,camera6,camera2,64,0.9152625152625152
Modelo3,PKLot,camera6,camera2,128,0.9391941391941392
Modelo3,PKLot,camera6,camera2,256,0.8505494505494505
Modelo3,PKLot,camera6,camera2,512,0.8075702075702076
Modelo3,PKLot,camera6,camera2,1024,0.8476190476190476
Modelo3,PKLot,camera6,camera3,64,0.9367543026079611
Modelo3,PKLot,camera6,camera3,128,0.9483687044662654
Modelo3,PKLot,camera6,camera3,256,0.8840671523598352
Modelo3,PKLot,camera6,camera3,512,0.8585154682715659
Modelo3,PKLot,camera6,camera3,1024,0.8938866012036744
Modelo3,PKLot,camera6,camera4,64,0.932613416988417
Modelo3,PKLot,camera6,camera4,128,0.9470921814671814
Modelo3,PKLot,camera6,camera4,256,0.9114382239382239
Modelo3,PKLot,camera6,camera4,512,0.8918315637065637
Modelo3,PKLot,camera6,camera4,1024,0.9125241312741312
Modelo3,PKLot,camera6,camera5,64,0.9116517899990402
Modelo3,PKLot,camera6,camera5,128,0.9386697379786928
Modelo3,PKLot,camera6,camera5,256,0.880266820232268
Modelo3,PKLot,camera6,camera5,512,0.8691333141376332
Modelo3,PKLot,camera6,camera5,1024,0.8857375947787696
Modelo3,PKLot,camera6,camera6,64,0.9413936317489617
Modelo3,PKLot,camera6,camera6,128,0.9633133364097831
Modelo3,PKLot,camera6,camera6,256,0.932741116751269
Modelo3,PKLot,camera6,camera6,512,0.9223580987540378
Modelo3,PKLot,camera6,camera6,1024,0.9332025842178127
Modelo3,PKLot,camera6,camera7,64,0.8403429004452022
Modelo3,PKLot,camera6,camera7,128,0.8790849673202614
Modelo3,PKLot,camera6,camera7,256,0.8177038931514635
Modelo3,PKLot,camera6,camera7,512,0.8092734678412428
Modelo3,PKLot,camera6,camera7,1024,0.8201667140286066
Modelo3,PKLot,camera6,camera8,64,0.939960139511709
Modelo3,PKLot,camera6,camera8,128,0.955115429330676
Modelo3,PKLot,camera6,camera8,256,0.9191994685268228
Modelo3,PKLot,camera6,camera8,512,0.9054559043348281
Modelo3,PKLot,camera6,camera8,1024,0.9272130875269888
Modelo3,PKLot,camera6,camera9,64,0.8624652884912064
Modelo3,PKLot,camera6,camera9,128,0.9125269978401728
Modelo3,PKLot,camera6,camera9,256,0.8372415921012033
Modelo3,PKLot,camera6,camera9,512,0.8353131749460043
Modelo3,PKLot,camera6,camera9,1024,0.8354674483184202
Modelo3,PKLot,camera7,camera1,64,0.902195354756602
Modelo3,PKLot,camera7,camera1,128,0.907858733693923
Modelo3,PKLot,camera7,camera1,256,0.904804327076042
Modelo3,PKLot,camera7,camera1,512,0.8227807826916959
Modelo3,PKLot,camera7,camera1,1024,0.9037861915367483
Modelo3,PKLot,camera7,camera2,64,0.9423687423687424
Modelo3,PKLot,camera7,camera2,128,0.9499389499389499
Modelo3,PKLot,camera7,camera2,256,0.944078144078144
Modelo3,PKLot,camera7,camera2,512,0.896947496947497
Modelo3,PKLot,camera7,camera2,1024,0.9411477411477411
Modelo3,PKLot,camera7,camera3,64,0.9361207897793263
Modelo3,PKLot,camera7,camera3,128,0.941505648822722
Modelo3,PKLot,camera7,camera3,256,0.9502692429521697
Modelo3,PKLot,camera7,camera3,512,0.9274627811213177
Modelo3,PKLot,camera7,camera3,1024,0.9571322985957132
Modelo3,PKLot,camera7,camera4,64,0.9454633204633205
Modelo3,PKLot,camera7,camera4,128,0.9509531853281853
Modelo3,PKLot,camera7,camera4,256,0.950168918918919
Modelo3,PKLot,camera7,camera4,512,0.9376206563706564
Modelo3,PKLot,camera7,camera4,1024,0.9624758687258688
Modelo3,PKLot,camera7,camera5,64,0.9478356848066033
Modelo3,PKLot,camera7,camera5,128,0.9425088780113254
Modelo3,PKLot,camera7,camera5,256,0.9484115558114983
Modelo3,PKLot,camera7,camera5,512,0.9296477589020059
Modelo3,PKLot,camera7,camera5,1024,0.9562338036279874
Modelo3,PKLot,camera7,camera6,64,0.9437039984085936
Modelo3,PKLot,camera7,camera6,128,0.9501193554804058
Modelo3,PKLot,camera7,camera6,256,0.9538492142430873
Modelo3,PKLot,camera7,camera6,512,0.9505172070817585
Modelo3,PKLot,camera7,camera6,1024,0.9640441615277502
Modelo3,PKLot,camera7,camera7,64,0.9256876663708962
Modelo3,PKLot,camera7,camera7,128,0.9277950310559007
Modelo3,PKLot,camera7,camera7,256,0.9270186335403726
Modelo3,PKLot,camera7,camera7,512,0.8901952085181899
Modelo3,PKLot,camera7,camera7,1024,0.9283496007098492
Modelo3,PKLot,camera7,camera8,64,0.9494270054808172
Modelo3,PKLot,camera7,camera8,128,0.9537452250456735
Modelo3,PKLot,camera7,camera8,256,0.9563610695897692
Modelo3,PKLot,camera7,camera8,512,0.9488457066932403
Modelo3,PKLot,camera7,camera8,1024,0.9647068593256934
Modelo3,PKLot,camera7,camera9,64,0.9081302067263191
Modelo3,PKLot,camera7,camera9,128,0.9171551990126504
Modelo3,PKLot,camera7,camera9,256,0.9231718605368714
Modelo3,PKLot,camera7,camera9,512,0.8979481641468683
Modelo3,PKLot,camera7,camera9,1024,0.9309626658438753
Modelo3,PKLot,camera8,camera1,64,0.7977728285077951
Modelo3,PKLot,camera8,camera1,128,0.8034362074451161
Modelo3,PKLot,camera8,camera1,256,0.8378619153674833
Modelo3,PKLot,camera8,camera1,512,0.7806554247534203
Modelo3,PKLot,camera8,camera1,1024,0.89086859688196
Modelo3,PKLot,camera8,camera2,64,0.851037851037851
Modelo3,PKLot,camera8,camera2,128,0.8989010989010989
Modelo3,PKLot,camera8,camera2,256,0.906959706959707
Modelo3,PKLot,camera8,camera2,512,0.8869352869352869
Modelo3,PKLot,camera8,camera2,1024,0.9452991452991453
Modelo3,PKLot,camera8,camera3,64,0.912997571534157
Modelo3,PKLot,camera8,camera3,128,0.9332699820504698
Modelo3,PKLot,camera8,camera3,256,0.9453067257945307
Modelo3,PKLot,camera8,camera3,512,0.9260901699926091
Modelo3,PKLot,camera8,camera3,1024,0.947207264280435
Modelo3,PKLot,camera8,camera4,64,0.9230815637065637
Modelo3,PKLot,camera8,camera4,128,0.9306225868725869
Modelo3,PKLot,camera8,camera4,256,0.9338803088803089
Modelo3,PKLot,camera8,camera4,512,0.9249517374517374
Modelo3,PKLot,camera8,camera4,1024,0.9567446911196911
Modelo3,PKLot,camera8,camera5,64,0.8895767348114022
Modelo3,PKLot,camera8,camera5,128,0.9005662731548133
Modelo3,PKLot,camera8,camera5,256,0.9177464248008446
Modelo3,PKLot,camera8,camera5,512,0.9011901334101161
Modelo3,PKLot,camera8,camera5,1024,0.9427008350129571
Modelo3,PKLot,camera8,camera6,64,0.9242590013924806
Modelo3,PKLot,camera8,camera6,128,0.9328625422717326
Modelo3,PKLot,camera8,camera6,256,0.9418142033021683
Modelo3,PKLot,camera8,camera6,512,0.9379351501889795
Modelo3,PKLot,camera8,camera6,1024,0.9654863735826537
Modelo3,PKLot,camera8,camera7,64,0.822866344605475
Modelo3,PKLot,camera8,camera7,128,0.8349436392914654
Modelo3,PKLot,camera8,camera7,256,0.869281045751634
Modelo3,PKLot,camera8,camera7,512,0.8402955385052572
Modelo3,PKLot,camera8,camera7,1024,0.9017239746140002
Modelo3,PKLot,camera8,camera8,64,0.9401041666666666
Modelo3,PKLot,camera8,camera8,128,0.9539930555555556
Modelo3,PKLot,camera8,camera8,256,0.9631558641975309
Modelo3,PKLot,camera8,camera8,512,0.9559220679012346
Modelo3,PKLot,camera8,camera8,1024,0.974633487654321
Modelo3,PKLot,camera8,camera9,64,0.8388614625115705
Modelo3,PKLot,camera8,camera9,128,0.8680191298981795
Modelo3,PKLot,camera8,camera9,256,0.8954026535020055
Modelo3,PKLot,camera8,camera9,512,0.865087935822277
Modelo3,PKLot,camera8,camera9,1024,0.9207034865782165
Modelo3,PKLot,camera9,camera1,64,0.8320076360165447
Modelo3,PKLot,camera9,camera1,128,0.8759147311485842
Modelo3,PKLot,camera9,camera1,256,0.8869869551384028
Modelo3,PKLot,camera9,camera1,512,0.9102131721285396
Modelo3,PKLot,camera9,camera1,1024,0.8901049952274896
Modelo3,PKLot,camera9,camera2,64,0.9079365079365079
Modelo3,PKLot,camera9,camera2,128,0.9394383394383394
Modelo3,PKLot,camera9,camera2,256,0.9462759462759462
Modelo3,PKLot,camera9,camera2,512,0.958974358974359
Modelo3,PKLot,camera9,camera2,1024,0.9584859584859585
Modelo3,PKLot,camera9,camera3,64,0.9385492556224263
Modelo3,PKLot,camera9,camera3,128,0.9533312216239046
Modelo3,PKLot,camera9,camera3,256,0.9566043712385176
Modelo3,PKLot,camera9,camera3,512,0.9572378840671524
Modelo3,PKLot,camera9,camera3,1024,0.9529088797381481
Modelo3,PKLot,camera9,camera4,64,0.9314671814671814
Modelo3,PKLot,camera9,camera4,128,0.9493846525096525
Modelo3,PKLot,camera9,camera4,256,0.9571066602316602
Modelo3,PKLot,camera9,camera4,512,0.9638030888030888
Modelo3,PKLot,camera9,camera4,1024,0.9614502895752896
Modelo3,PKLot,camera9,camera5,64,0.8998944236491025
Modelo3,PKLot,camera9,camera5,128,0.9229292638448987
Modelo3,PKLot,camera9,camera5,256,0.9391976197331797
Modelo3,PKLot,camera9,camera5,512,0.9499472118245513
Modelo3,PKLot,camera9,camera5,1024,0.9386217487282849
Modelo3,PKLot,camera9,camera6,64,0.9385816590411776
Modelo3,PKLot,camera9,camera6,128,0.9520091505868311
Modelo3,PKLot,camera9,camera6,256,0.9561865924010344
Modelo3,PKLot,camera9,camera6,512,0.9642430873284265
Modelo3,PKLot,camera9,camera6,1024,0.9613586632186194
Modelo3,PKLot,camera9,camera7,64,0.8451264563796533
Modelo3,PKLot,camera9,camera7,128,0.8664393293549304
Modelo3,PKLot,camera9,camera7,256,0.8788955195604812
Modelo3,PKLot,camera9,camera7,512,0.9126645827413091
Modelo3,PKLot,camera9,camera7,1024,0.9012977171544947
Modelo3,PKLot,camera9,camera8,64,0.944153795050656
Modelo3,PKLot,camera9,camera8,128,0.9548663012788573
Modelo3,PKLot,camera9,camera8,256,0.957482145822953
Modelo3,PKLot,camera9,camera8,512,0.9616758013619
Modelo3,PKLot,camera9,camera8,1024,0.9630460056469025
Modelo3,PKLot,camera9,camera9,64,0.9077046548956661
Modelo3,PKLot,camera9,camera9,128,0.9420144462279294
Modelo3,PKLot,camera9,camera9,256,0.9420144462279294
Modelo3,PKLot,camera9,camera9,512,0.9620786516853933
Modelo3,PKLot,camera9,camera9,1024,0.9542536115569823
Modelo4,CNR,PUC,PUC,64,0.925338004761263
Modelo4,CNR,PUC,PUC,128,0.9475961610444834
Modelo4,CNR,PUC,PUC,256,0.9588375331267125
Modelo4,CNR,PUC,PUC,512,0.9690907185314948
Modelo4,CNR,PUC,PUC,1024,0.978685112817979
Modelo4,CNR,PUC,UFPR04,64,0.7343801668509018
Modelo4,CNR,PUC,UFPR04,128,0.7374696484415597
Modelo4,CNR,PUC,UFPR04,256,0.7870714170989106
Modelo4,CNR,PUC,UFPR04,512,0.8335837041656038
Modelo4,CNR,PUC,UFPR04,1024,0.8757971712819932
Modelo4,CNR,PUC,UFPR05,64,0.6709533431854511
Modelo4,CNR,PUC,UFPR05,128,0.717845402177519
Modelo4,CNR,PUC,UFPR05,256,0.8223240944596918
Modelo4,CNR,PUC,UFPR05,512,0.8466387188225714
Modelo4,CNR,PUC,UFPR05,1024,0.8569894743191483
Modelo4,CNR,UFPR04,PUC,64,0.8251556374831162
Modelo4,CNR,UFPR04,PUC,128,0.8852066012450999
Modelo4,CNR,UFPR04,PUC,256,0.8976976731577496
Modelo4,CNR,UFPR04,PUC,512,0.928549371439078
Modelo4,CNR,UFPR04,PUC,1024,0.9523316746145306
Modelo4,CNR,UFPR04,UFPR04,64,0.8950045542188627
Modelo4,CNR,UFPR04,UFPR04,128,0.916864804760046
Modelo4,CNR,UFPR04,UFPR04,256,0.9118965660006861
Modelo4,CNR,UFPR04,UFPR04,512,0.9455149816056875
Modelo4,CNR,UFPR04,UFPR04,1024,0.9554632882643103
Modelo4,CNR,UFPR04,UFPR05,64,0.6446361251017885
Modelo4,CNR,UFPR04,UFPR05,128,0.6657960611635552
Modelo4,CNR,UFPR04,UFPR05,256,0.8399071086045179
Modelo4,CNR,UFPR04,UFPR05,512,0.87232861839129
Modelo4,CNR,UFPR04,UFPR05,1024,0.908152124739874
Modelo4,CNR,UFPR05,PUC,64,0.6474189282523578
Modelo4,CNR,UFPR05,PUC,128,0.6106481732485037
Modelo4,CNR,UFPR05,PUC,256,0.6579629110161401
Modelo4,CNR,UFPR05,PUC,512,0.7322045245071578
Modelo4,CNR,UFPR05,PUC,1024,0.7498980489035248
Modelo4,CNR,UFPR05,UFPR04,64,0.6359419139669132
Modelo4,CNR,UFPR05,UFPR04,128,0.5903460786258893
Modelo4,CNR,UFPR05,UFPR04,256,0.6009655810965298
Modelo4,CNR,UFPR05,UFPR04,512,0.6745462619162345
Modelo4,CNR,UFPR05,UFPR04,1024,0.847972941054203
Modelo4,CNR,UFPR05,UFPR05,64,0.9155645595744842
Modelo4,CNR,UFPR05,UFPR05,128,0.919236985272359
Modelo4,CNR,UFPR05,UFPR05,256,0.9337369966538436
Modelo4,CNR,UFPR05,UFPR05,512,0.9631467528624433
Modelo4,CNR,UFPR05,UFPR05,1024,0.9696949003361331
Modelo4,Kyoto,PUC,PUC,64,0.8994834478731528
Modelo4,Kyoto,PUC,PUC,128,0.9287697075865786
Modelo4,Kyoto,PUC,PUC,256,0.9461617931096438
Modelo4,Kyoto,PUC,PUC,512,0.9542020392579617
Modelo4,Kyoto,PUC,PUC,1024,0.9663327793498929
Modelo4,Kyoto,PUC,UFPR04,64,0.7966799882845347
Modelo4,Kyoto,PUC,UFPR04,128,0.8428804928053816
Modelo4,Kyoto,PUC,UFPR04,256,0.8581956293755846
Modelo4,Kyoto,PUC,UFPR04,512,0.862116531088499
Modelo4,Kyoto,PUC,UFPR04,1024,0.8513553092788375
Modelo4,Kyoto,PUC,UFPR05,64,0.6302017673492777
Modelo4,Kyoto,PUC,UFPR05,128,0.658485387700938
Modelo4,Kyoto,PUC,UFPR05,256,0.7823626986759961
Modelo4,Kyoto,PUC,UFPR05,512,0.7853364297131827
Modelo4,Kyoto,PUC,UFPR05,1024,0.8043912296046084
Modelo4,Kyoto,PUC,camera1,64,0.13973910276805598
Modelo4,Kyoto,PUC,camera1,128,0.13089405027044226
Modelo4,Kyoto,PUC,camera1,256,0.11778555520203628
Modelo4,Kyoto,PUC,camera1,512,0.12745784282532613
Modelo4,Kyoto,PUC,camera1,1024,0.13006681514476615
Modelo4,Kyoto,PUC,camera2,64,0.17313797313797313
Modelo4,Kyoto,PUC,camera2,128,0.1592185592185592
Modelo4,Kyoto,PUC,camera2,256,0.12796092796092795
Modelo4,Kyoto,PUC,camera2,512,0.13894993894993896
Modelo4,Kyoto,PUC,camera2,1024,0.1675213675213675
Modelo4,Kyoto,PUC,camera3,64,0.20356878893464259
Modelo4,Kyoto,PUC,camera3,128,0.17284341674585577
Modelo4,Kyoto,PUC,camera3,256,0.15521064301552107
Modelo4,Kyoto,PUC,camera3,512,0.17358251504592967
Modelo4,Kyoto,PUC,camera3,1024,0.16988702354556012
Modelo4,Kyoto,PUC,camera4,64,0.13127413127413126
Modelo4,Kyoto,PUC,camera4,128,0.10111003861003862
Modelo4,Kyoto,PUC,camera4,256,0.08252895752895753
Modelo4,Kyoto,PUC,camera4,512,0.08952702702702703
Modelo4,Kyoto,PUC,camera4,1024,0.09749034749034749
Modelo4,Kyoto,PUC,camera5,64,0.1503023322775698
Modelo4,Kyoto,PUC,camera5,128,0.1201170937709953
Modelo4,Kyoto,PUC,camera5,256,0.08302140320568192
Modelo4,Kyoto,PUC,camera5,512,0.10835972742105768
Modelo4,Kyoto,PUC,camera5,1024,0.09645839331989635
Modelo4,Kyoto,PUC,camera6,64,0.16490948876069225
Modelo4,Kyoto,PUC,camera6,128,0.12840660433658246
Modelo4,Kyoto,PUC,camera6,256,0.08648299184404218
Modelo4,Kyoto,PUC,camera6,512,0.11249254028247464
Modelo4,Kyoto,PUC,camera6,1024,0.10930972747165307
Modelo4,Kyoto,PUC,camera7,64,0.12759306621199204
Modelo4,Kyoto,PUC,camera7,128,0.10372264847968173
Modelo4,Kyoto,PUC,camera7,256,0.10718007009567111
Modelo4,Kyoto,PUC,camera7,512,0.1012598276025386
Modelo4,Kyoto,PUC,camera7,1024,0.11632092450506773
Modelo4,Kyoto,PUC,camera8,64,0.16413386480651054
Modelo4,Kyoto,PUC,camera8,128,0.13307590101312075
Modelo4,Kyoto,PUC,camera8,256,0.10230858661351935
Modelo4,Kyoto,PUC,camera8,512,0.12414881248961966
Modelo4,Kyoto,PUC,camera8,1024,0.11966450755688424
Modelo4,Kyoto,PUC,camera9,64,0.15998148719531008
Modelo4,Kyoto,PUC,camera9,128,0.14262573279851898
Modelo4,Kyoto,PUC,camera9,256,0.12457574822585622
Modelo4,Kyoto,PUC,camera9,512,0.12897253933970998
Modelo4,Kyoto,PUC,camera9,1024,0.14092872570194384
Modelo4,Kyoto,UFPR04,PUC,64,0.7951313342275171
Modelo4,Kyoto,UFPR04,PUC,128,0.810670331405888
Modelo4,Kyoto,UFPR04,PUC,256,0.840166610485523
Modelo4,Kyoto,UFPR04,PUC,512,0.8511301838891338
Modelo4,Kyoto,UFPR04,PUC,1024,0.85177371335359
Modelo4,Kyoto,UFPR04,UFPR04,64,0.8373611554703857
Modelo4,Kyoto,UFPR04,UFPR04,128,0.8860498953121119
Modelo4,Kyoto,UFPR04,UFPR04,256,0.8692761749293209
Modelo4,Kyoto,UFPR04,UFPR04,512,0.9149248258159149
Modelo4,Kyoto,UFPR04,UFPR04,1024,0.9404521097271017
Modelo4,Kyoto,UFPR04,UFPR05,64,0.6455107518774316
Modelo4,Kyoto,UFPR04,UFPR05,128,0.6281991736284948
Modelo4,Kyoto,UFPR04,UFPR05,256,0.7118074614711826
Modelo4,Kyoto,UFPR04,UFPR05,512,0.6550411677775432
Modelo4,Kyoto,UFPR04,UFPR05,1024,0.6696142594323974
Modelo4,Kyoto,UFPR04,camera1,64,0.2369074132993955
Modelo4,Kyoto,UFPR04,camera1,128,0.22551702195354756
Modelo4,Kyoto,UFPR04,camera1,256,0.1820553611199491
Modelo4,Kyoto,UFPR04,camera1,512,0.19904549793191217
Modelo4,Kyoto,UFPR04,camera1,1024,0.26859688195991094
Modelo4,Kyoto,UFPR04,camera2,64,0.3201465201465201
Modelo4,Kyoto,UFPR04,camera2,128,0.3001221001221001
Modelo4,Kyoto,UFPR04,camera2,256,0.22197802197802197
Modelo4,Kyoto,UFPR04,camera2,512,0.1330891330891331
Modelo4,Kyoto,UFPR04,camera2,1024,0.15433455433455434
Modelo4,Kyoto,UFPR04,camera3,64,0.3147502903600465
Modelo4,Kyoto,UFPR04,camera3,128,0.29120473022912047
Modelo4,Kyoto,UFPR04,camera3,256,0.17727800654629922
Modelo4,Kyoto,UFPR04,camera3,512,0.1841410621898427
Modelo4,Kyoto,UFPR04,camera3,1024,0.24252982789568156
Modelo4,Kyoto,UFPR04,camera4,64,0.3330719111969112
Modelo4,Kyoto,UFPR04,camera4,128,0.3091216216216216
Modelo4,Kyoto,UFPR04,camera4,256,0.19136100386100385
Modelo4,Kyoto,UFPR04,camera4,512,0.15341457528957528
Modelo4,Kyoto,UFPR04,camera4,1024,0.2656853281853282
Modelo4,Kyoto,UFPR04,camera5,64,0.33213360207313564
Modelo4,Kyoto,UFPR04,camera5,128,0.31058642863998465
Modelo4,Kyoto,UFPR04,camera5,256,0.20174680871484788
Modelo4,Kyoto,UFPR04,camera5,512,0.18720606584125157
Modelo4,Kyoto,UFPR04,camera5,1024,0.27675400710240905
Modelo4,Kyoto,UFPR04,camera6,64,0.3520489357469664
Modelo4,Kyoto,UFPR04,camera6,128,0.31987268748756714
Modelo4,Kyoto,UFPR04,camera6,256,0.1803759697632783
Modelo4,Kyoto,UFPR04,camera6,512,0.14760294410185001
Modelo4,Kyoto,UFPR04,camera6,1024,0.22508454346528745
Modelo4,Kyoto,UFPR04,camera7,64,0.2524865018471157
Modelo4,Kyoto,UFPR04,camera7,128,0.24808184143222506
Modelo4,Kyoto,UFPR04,camera7,256,0.14739035710902718
Modelo4,Kyoto,UFPR04,camera7,512,0.1389125698588614
Modelo4,Kyoto,UFPR04,camera7,1024,0.21336553945249598
Modelo4,Kyoto,UFPR04,camera8,64,0.35695897691413386
Modelo4,Kyoto,UFPR04,camera8,128,0.3379422022919781
Modelo4,Kyoto,UFPR04,camera8,256,0.2281182527819299
Modelo4,Kyoto,UFPR04,camera8,512,0.18298455406078726
Modelo4,Kyoto,UFPR04,camera8,1024,0.26116924098986877
Modelo4,Kyoto,UFPR04,camera9,64,0.3577599506325208
Modelo4,Kyoto,UFPR04,camera9,128,0.34048133292193766
Modelo4,Kyoto,UFPR04,camera9,256,0.25123418697932737
Modelo4,Kyoto,UFPR04,camera9,512,0.2371181734032706
Modelo4,Kyoto,UFPR04,camera9,1024,0.33330762110459733
Modelo4,Kyoto,UFPR05,PUC,64,0.7277139617606777
Modelo4,Kyoto,UFPR05,PUC,128,0.6531871209246081
Modelo4,Kyoto,UFPR05,PUC,256,0.684364119814343
Modelo4,Kyoto,UFPR05,PUC,512,0.7979741786748951
Modelo4,Kyoto,UFPR05,PUC,1024,0.7974013667340054
Modelo4,Kyoto,UFPR05,UFPR04,64,0.6986479975057396
Modelo4,Kyoto,UFPR05,UFPR04,128,0.6007010383303573
Modelo4,Kyoto,UFPR05,UFPR04,256,0.6010411647440076
Modelo4,Kyoto,UFPR05,UFPR04,512,0.6816700206910234
Modelo4,Kyoto,UFPR05,UFPR04,1024,0.8025566168759389
Modelo4,Kyoto,UFPR05,UFPR05,64,0.9143960604887968
Modelo4,Kyoto,UFPR05,UFPR05,128,0.9130454576494959
Modelo4,Kyoto,UFPR05,UFPR05,256,0.9286608545218639
Modelo4,Kyoto,UFPR05,UFPR05,512,0.9659769486998551
Modelo4,Kyoto,UFPR05,UFPR05,1024,0.9665156723042954
Modelo4,Kyoto,UFPR05,camera1,64,0.31046770601336304
Modelo4,Kyoto,UFPR05,camera1,128,0.3689468660515431
Modelo4,Kyoto,UFPR05,camera1,256,0.39611835825644287
Modelo4,Kyoto,UFPR05,camera1,512,0.32325803372573975
Modelo4,Kyoto,UFPR05,camera1,1024,0.23563474387527839
Modelo4,Kyoto,UFPR05,camera2,64,0.33894993894993897
Modelo4,Kyoto,UFPR05,camera2,128,0.3514041514041514
Modelo4,Kyoto,UFPR05,camera2,256,0.378998778998779
Modelo4,Kyoto,UFPR05,camera2,512,0.2976800976800977
Modelo4,Kyoto,UFPR05,camera2,1024,0.26031746031746034
Modelo4,Kyoto,UFPR05,camera3,64,0.29965156794425085
Modelo4,Kyoto,UFPR05,camera3,128,0.31274416640270297
Modelo4,Kyoto,UFPR05,camera3,256,0.3548727695069159
Modelo4,Kyoto,UFPR05,camera3,512,0.23577235772357724
Modelo4,Kyoto,UFPR05,camera3,1024,0.19807834441980784
Modelo4,Kyoto,UFPR05,camera4,64,0.24613899613899615
Modelo4,Kyoto,UFPR05,camera4,128,0.24203667953667954
Modelo4,Kyoto,UFPR05,camera4,256,0.2782939189189189
Modelo4,Kyoto,UFPR05,camera4,512,0.16916023166023167
Modelo4,Kyoto,UFPR05,camera4,1024,0.12288851351351351
Modelo4,Kyoto,UFPR05,camera5,64,0.2486323063633746
Modelo4,Kyoto,UFPR05,camera5,128,0.2708993185526442
Modelo4,Kyoto,UFPR05,camera5,256,0.3198003647183031
Modelo4,Kyoto,UFPR05,camera5,512,0.21815913235435264
Modelo4,Kyoto,UFPR05,camera5,1024,0.159660236107112
Modelo4,Kyoto,UFPR05,camera6,64,0.2302566142828725
Modelo4,Kyoto,UFPR05,camera6,128,0.25591804257012135
Modelo4,Kyoto,UFPR05,camera6,256,0.29247065844440023
Modelo4,Kyoto,UFPR05,camera6,512,0.17575094489755322
Modelo4,Kyoto,UFPR05,camera6,1024,0.12960015914064055
Modelo4,Kyoto,UFPR05,camera7,64,0.24703987875343375
Modelo4,Kyoto,UFPR05,camera7,128,0.3203087998484418
Modelo4,Kyoto,UFPR05,camera7,256,0.35668276972624796
Modelo4,Kyoto,UFPR05,camera7,512,0.2624325092355783
Modelo4,Kyoto,UFPR05,camera7,1024,0.20029364402765937
Modelo4,Kyoto,UFPR05,camera8,64,0.2721308752698887
Modelo4,Kyoto,UFPR05,camera8,128,0.2633698721142667
Modelo4,Kyoto,UFPR05,camera8,256,0.30248297624979237
Modelo4,Kyoto,UFPR05,camera8,512,0.19975917621657532
Modelo4,Kyoto,UFPR05,camera8,1024,0.1527570171067929
Modelo4,Kyoto,UFPR05,camera9,64,0.3185745140388769
Modelo4,Kyoto,UFPR05,camera9,128,0.3727244677568652
Modelo4,Kyoto,UFPR05,camera9,256,0.40867016352977475
Modelo4,Kyoto,UFPR05,camera9,512,0.2771521135452021
Modelo4,Kyoto,UFPR05,camera9,1024,0.19322739895094107
Modelo4,Kyoto,camera1,PUC,64,0.20412377452424785
Modelo4,Kyoto,camera1,PUC,128,0.22826437981910458
Modelo4,Kyoto,camera1,PUC,256,0.1571296228634468
Modelo4,Kyoto,camera1,PUC,512,0.13144501830405236
Modelo4,Kyoto,camera1,PUC,1024,0.12575225765693987
Modelo4,Kyoto,camera1,UFPR04,64,0.23784284270098163
Modelo4,Kyoto,camera1,UFPR04,128,0.29585329214024547
Modelo4,Kyoto,camera1,UFPR04,256,0.19055582324764037
Modelo4,Kyoto,camera1,UFPR04,512,0.18927090124051663
Modelo4,Kyoto,camera1,UFPR04,1024,0.1764122332133443
Modelo4,Kyoto,camera1,UFPR05,64,0.38751998069789184
Modelo4,Kyoto,camera1,UFPR05,128,0.36956902011641585
Modelo4,Kyoto,camera1,UFPR05,256,0.34112857013601955
Modelo4,Kyoto,camera1,UFPR05,512,0.320698495038755
Modelo4,Kyoto,camera1,UFPR05,1024,0.26265946858883493
Modelo4,Kyoto,camera1,camera1,64,0.8710156895127993
Modelo4,Kyoto,camera1,camera1,128,0.8947976878612717
Modelo4,Kyoto,camera1,camera1,256,0.9169281585466557
Modelo4,Kyoto,camera1,camera1,512,0.9278282411230389
Modelo4,Kyoto,camera1,camera1,1024,0.9304706853839801
Modelo4,Kyoto,camera1,camera2,64,0.8673992673992674
Modelo4,Kyoto,camera1,camera2,128,0.9032967032967033
Modelo4,Kyoto,camera1,camera2,256,0.9111111111111111
Modelo4,Kyoto,camera1,camera2,512,0.9074481074481074
Modelo4,Kyoto,camera1,camera2,1024,0.9264957264957265
Modelo4,Kyoto,camera1,camera3,64,0.8682293316439658
Modelo4,Kyoto,camera1,camera3,128,0.8907190370605005
Modelo4,Kyoto,camera1,camera3,256,0.9178545032203569
Modelo4,Kyoto,camera1,camera3,512,0.9197550417062612
Modelo4,Kyoto,camera1,camera3,1024,0.9399218667511351
Modelo4,Kyoto,camera1,camera4,64,0.8997948841698842
Modelo4,Kyoto,camera1,camera4,128,0.9194015444015444
Modelo4,Kyoto,camera1,camera4,256,0.9390685328185329
Modelo4,Kyoto,camera1,camera4,512,0.9318894787644788
Modelo4,Kyoto,camera1,camera4,1024,0.9385859073359073
Modelo4,Kyoto,camera1,camera5,64,0.8927920145887321
Modelo4,Kyoto,camera1,camera5,128,0.9088684134753815
Modelo4,Kyoto,camera1,camera5,256,0.9245608983587676
Modelo4,Kyoto,camera1,camera5,512,0.9250887801132547
Modelo4,Kyoto,camera1,camera5,1024,0.9234571455993857
Modelo4,Kyoto,camera1,camera6,64,0.8961110005967774
Modelo4,Kyoto,camera1,camera6,128,0.8984981102048936
Modelo4,Kyoto,camera1,camera6,256,0.92047941117963
Modelo4,Kyoto,camera1,camera6,512,0.9182912273721902
Modelo4,Kyoto,camera1,camera6,1024,0.9325641535707181
Modelo4,Kyoto,camera1,camera7,64,0.8632660793786113
Modelo4,Kyoto,camera1,camera7,128,0.8816898740172397
Modelo4,Kyoto,camera1,camera7,256,0.921237093871365
Modelo4,Kyoto,camera1,camera7,512,0.9041394335511983
Modelo4,Kyoto,camera1,camera7,1024,0.8883205456095482
Modelo4,Kyoto,camera1,camera8,64,0.8869789071582793
Modelo4,Kyoto,camera1,camera8,128,0.9005979073243647
Modelo4,Kyoto,camera1,camera8,256,0.9266317887394121
Modelo4,Kyoto,camera1,camera8,512,0.9252615844544095
Modelo4,Kyoto,camera1,camera8,1024,0.9357249626307922
Modelo4,Kyoto,camera1,camera9,64,0.8721073742672015
Modelo4,Kyoto,camera1,camera9,128,0.884912064177723
Modelo4,Kyoto,camera1,camera9,256,0.9011107682813946
Modelo4,Kyoto,camera1,camera9,512,0.8928571428571429
Modelo4,Kyoto,camera1,camera9,1024,0.8938599197778463
Modelo4,Kyoto,camera2,PUC,64,0.2049936000641172
Modelo4,Kyoto,camera2,PUC,128,0.184421872458589
Modelo4,Kyoto,camera2,PUC,256,0.1455673077603053
Modelo4,Kyoto,camera2,PUC,512,0.19614919511671927
Modelo4,Kyoto,camera2,PUC,1024,0.17968144112884027
Modelo4,Kyoto,camera2,UFPR04,64,0.32552932173124344
Modelo4,Kyoto,camera2,UFPR04,128,0.21258845648743893
Modelo4,Kyoto,camera2,UFPR04,256,0.20407584819024405
Modelo4,Kyoto,camera2,UFPR04,512,0.20935725555776008
Modelo4,Kyoto,camera2,UFPR04,1024,0.18246837296750848
Modelo4,Kyoto,camera2,UFPR05,64,0.47795035739059627
Modelo4,Kyoto,camera2,UFPR05,128,0.3777844798986639
Modelo4,Kyoto,camera2,UFPR05,256,0.30661398799650147
Modelo4,Kyoto,camera2,UFPR05,512,0.32495099074102
Modelo4,Kyoto,camera2,UFPR05,1024,0.2192779805169346
Modelo4,Kyoto,camera2,camera1,64,0.7516385618835507
Modelo4,Kyoto,camera2,camera1,128,0.8447979637289215
Modelo4,Kyoto,camera2,camera1,256,0.849315940184537
Modelo4,Kyoto,camera2,camera1,512,0.8719694559338211
Modelo4,Kyoto,camera2,camera1,1024,0.855042952593064
Modelo4,Kyoto,camera2,camera2,64,0.9319727891156463
Modelo4,Kyoto,camera2,camera2,128,0.953514739229025
Modelo4,Kyoto,camera2,camera2,256,0.9693877551020408
Modelo4,Kyoto,camera2,camera2,512,0.9727891156462585
Modelo4,Kyoto,camera2,camera2,1024,0.9705215419501134
Modelo4,Kyoto,camera2,camera3,64,0.8793158061450744
Modelo4,Kyoto,camera2,camera3,128,0.9057121740048569
Modelo4,Kyoto,camera2,camera3,256,0.9167986485059656
Modelo4,Kyoto,camera2,camera3,512,0.9326364692218351
Modelo4,Kyoto,camera2,camera3,1024,0.9375989863794741
Modelo4,Kyoto,camera2,camera4,64,0.894546332046332
Modelo4,Kyoto,camera2,camera4,128,0.9166867760617761
Modelo4,Kyoto,camera2,camera4,256,0.9247104247104247
Modelo4,Kyoto,camera2,camera4,512,0.9460062741312741
Modelo4,Kyoto,camera2,camera4,1024,0.9494449806949807
Modelo4,Kyoto,camera2,camera5,64,0.8684614646319224
Modelo4,Kyoto,camera2,camera5,128,0.8888089068048757
Modelo4,Kyoto,camera2,camera5,256,0.8992225741433919
Modelo4,Kyoto,camera2,camera5,512,0.9098281984835397
Modelo4,Kyoto,camera2,camera5,1024,0.910692004990882
Modelo4,Kyoto,camera2,camera6,64,0.8639347523373782
Modelo4,Kyoto,camera2,camera6,128,0.8995922021086135
Modelo4,Kyoto,camera2,camera6,256,0.9145613686095087
Modelo4,Kyoto,camera2,camera6,512,0.9271931569524567
Modelo4,Kyoto,camera2,camera6,1024,0.9394768251442212
Modelo4,Kyoto,camera2,camera7,64,0.829165482618168
Modelo4,Kyoto,camera2,camera7,128,0.8837264374348773
Modelo4,Kyoto,camera2,camera7,256,0.8794638628398219
Modelo4,Kyoto,camera2,camera7,512,0.9073600454674623
Modelo4,Kyoto,camera2,camera7,1024,0.9010135455148243
Modelo4,Kyoto,camera2,camera8,64,0.8707440624480983
Modelo4,Kyoto,camera2,camera8,128,0.899269224381332
Modelo4,Kyoto,camera2,camera8,256,0.9175386148480319
Modelo4,Kyoto,camera2,camera8,512,0.9323202125892709
Modelo4,Kyoto,camera2,camera8,1024,0.9377179870453413
Modelo4,Kyoto,camera2,camera9,64,0.8426411601357605
Modelo4,Kyoto,camera2,camera9,128,0.8950941067571737
Modelo4,Kyoto,camera2,camera9,256,0.8970996605985807
Modelo4,Kyoto,camera2,camera9,512,0.9085158901573588
Modelo4,Kyoto,camera2,camera9,1024,0.9119099043505091
Modelo4,Kyoto,camera3,PUC,64,0.20145536663500094
Modelo4,Kyoto,camera3,PUC,128,0.1726497620355332
Modelo4,Kyoto,camera3,PUC,256,0.14742482137932172
Modelo4,Kyoto,camera3,PUC,512,0.1313507282726302
Modelo4,Kyoto,camera3,PUC,1024,0.11674048790376759
Modelo4,Kyoto,camera3,UFPR04,64,0.39650236671296163
Modelo4,Kyoto,camera3,UFPR04,128,0.26022505031036536
Modelo4,Kyoto,camera3,UFPR04,256,0.3558194684579991
Modelo4,Kyoto,camera3,UFPR04,512,0.3376982889751802
Modelo4,Kyoto,camera3,UFPR04,1024,0.24014814394905662
Modelo4,Kyoto,camera3,UFPR05,64,0.32986699641101425
Modelo4,Kyoto,camera3,UFPR05,128,0.33514491660886087
Modelo4,Kyoto,camera3,UFPR05,256,0.3245528847603824
Modelo4,Kyoto,camera3,UFPR05,512,0.3095273999457128
Modelo4,Kyoto,camera3,UFPR05,1024,0.21629218566215277
Modelo4,Kyoto,camera3,camera1,64,0.7789373210308622
Modelo4,Kyoto,camera3,camera1,128,0.8010817690104995
Modelo4,Kyoto,camera3,camera1,256,0.7632834871142221
Modelo4,Kyoto,camera3,camera1,512,0.7962456251988546
Modelo4,Kyoto,camera3,camera1,1024,0.8544702513522112
Modelo4,Kyoto,camera3,camera2,64,0.8898656898656898
Modelo4,Kyoto,camera3,camera2,128,0.8937728937728938
Modelo4,Kyoto,camera3,camera2,256,0.8896214896214896
Modelo4,Kyoto,camera3,camera2,512,0.9208791208791208
Modelo4,Kyoto,camera3,camera2,1024,0.9477411477411477
Modelo4,Kyoto,camera3,camera3,64,0.9324116743471582
Modelo4,Kyoto,camera3,camera3,128,0.9268817204301075
Modelo4,Kyoto,camera3,camera3,256,0.9382488479262673
Modelo4,Kyoto,camera3,camera3,512,0.9483870967741935
Modelo4,Kyoto,camera3,camera3,1024,0.971121351766513
Modelo4,Kyoto,camera3,camera4,64,0.929355694980695
Modelo4,Kyoto,camera3,camera4,128,0.8998552123552124
Modelo4,Kyoto,camera3,camera4,256,0.9064913127413128
Modelo4,Kyoto,camera3,camera4,512,0.9385255791505791
Modelo4,Kyoto,camera3,camera4,1024,0.9532456563706564
Modelo4,Kyoto,camera3,camera5,64,0.9115558114982244
Modelo4,Kyoto,camera3,camera5,128,0.8831941645071504
Modelo4,Kyoto,camera3,camera5,256,0.8812266052404262
Modelo4,Kyoto,camera3,camera5,512,0.9087724349745657
Modelo4,Kyoto,camera3,camera5,1024,0.9251847586140705
Modelo4,Kyoto,camera3,camera6,64,0.911279092898349
Modelo4,Kyoto,camera3,camera6,128,0.8861149791127909
Modelo4,Kyoto,camera3,camera6,256,0.9006862940123334
Modelo4,Kyoto,camera3,camera6,512,0.9195842450765864
Modelo4,Kyoto,camera3,camera6,1024,0.9394270936940521
Modelo4,Kyoto,camera3,camera7,64,0.8315335796154211
Modelo4,Kyoto,camera3,camera7,128,0.8649711092166336
Modelo4,Kyoto,camera3,camera7,256,0.809368191721133
Modelo4,Kyoto,camera3,camera7,512,0.8500520981339396
Modelo4,Kyoto,camera3,camera7,1024,0.8876574784503173
Modelo4,Kyoto,camera3,camera8,64,0.9086115263245308
Modelo4,Kyoto,camera3,camera8,128,0.899269224381332
Modelo4,Kyoto,camera3,camera8,256,0.9023418036870952
Modelo4,Kyoto,camera3,camera8,512,0.9237668161434978
Modelo4,Kyoto,camera3,camera8,1024,0.9414549078226209
Modelo4,Kyoto,camera3,camera9,64,0.8343103980253008
Modelo4,Kyoto,camera3,camera9,128,0.8637766121567417
Modelo4,Kyoto,camera3,camera9,256,0.8344646713977167
Modelo4,Kyoto,camera3,camera9,512,0.8779697624190065
Modelo4,Kyoto,camera3,camera9,1024,0.906278926257328
Modelo4,Kyoto,camera4,PUC,64,0.23886729385252567
Modelo4,Kyoto,camera4,PUC,128,0.13618544963380108
Modelo4,Kyoto,camera4,PUC,256,0.12299191698705633
Modelo4,Kyoto,camera4,PUC,512,0.13552541941384602
Modelo4,Kyoto,camera4,PUC,1024,0.10161636686365426
Modelo4,Kyoto,camera4,UFPR04,64,0.39867539657795037
Modelo4,Kyoto,camera4,UFPR04,128,0.3296864223425262
Modelo4,Kyoto,camera4,UFPR04,256,0.2934629592887579
Modelo4,Kyoto,camera4,UFPR04,512,0.2387026066910424
Modelo4,Kyoto,camera4,UFPR04,1024,0.24280301956671674
Modelo4,Kyoto,camera4,UFPR05,64,0.48246825707995294
Modelo4,Kyoto,camera4,UFPR05,128,0.39898663932201345
Modelo4,Kyoto,camera4,UFPR05,256,0.41669029164279037
Modelo4,Kyoto,camera4,UFPR05,512,0.35287269656482795
Modelo4,Kyoto,camera4,UFPR05,1024,0.2693548873541032
Modelo4,Kyoto,camera4,camera1,64,0.7642379891823099
Modelo4,Kyoto,camera4,camera1,128,0.8286350620426344
Modelo4,Kyoto,camera4,camera1,256,0.8306076996500159
Modelo4,Kyoto,camera4,camera1,512,0.8221444479796373
Modelo4,Kyoto,camera4,camera1,1024,0.8182628062360802
Modelo4,Kyoto,camera4,camera2,64,0.8134310134310134
Modelo4,Kyoto,camera4,camera2,128,0.9128205128205128
Modelo4,Kyoto,camera4,camera2,256,0.9035409035409036
Modelo4,Kyoto,camera4,camera2,512,0.9035409035409036
Modelo4,Kyoto,camera4,camera2,1024,0.9196581196581196
Modelo4,Kyoto,camera4,camera3,64,0.851335656213705
Modelo4,Kyoto,camera4,camera3,128,0.9036004645760743
Modelo4,Kyoto,camera4,camera3,256,0.9050786611762222
Modelo4,Kyoto,camera4,camera3,512,0.897687678175483
Modelo4,Kyoto,camera4,camera3,1024,0.9213388237778481
Modelo4,Kyoto,camera4,camera4,64,0.9078269020465553
Modelo4,Kyoto,camera4,camera4,128,0.9509451648179972
Modelo4,Kyoto,camera4,camera4,256,0.9362599593813467
Modelo4,Kyoto,camera4,camera4,512,0.927511326355257
Modelo4,Kyoto,camera4,camera4,1024,0.9406342758943915
Modelo4,Kyoto,camera4,camera5,64,0.8674057011229485
Modelo4,Kyoto,camera4,camera5,128,0.9236970918514252
Modelo4,Kyoto,camera4,camera5,256,0.9102601017372108
Modelo4,Kyoto,camera4,camera5,512,0.9021979076686822
Modelo4,Kyoto,camera4,camera5,1024,0.9179383818024762
Modelo4,Kyoto,camera4,camera6,64,0.8624925402824747
Modelo4,Kyoto,camera4,camera6,128,0.9190869305748955
Modelo4,Kyoto,camera4,camera6,256,0.9068032623831311
Modelo4,Kyoto,camera4,camera6,512,0.9008354883628407
Modelo4,Kyoto,camera4,camera6,1024,0.9239108812412969
Modelo4,Kyoto,camera4,camera7,64,0.7777777777777778
Modelo4,Kyoto,camera4,camera7,128,0.8612295159609737
Modelo4,Kyoto,camera4,camera7,256,0.8770484039026238
Modelo4,Kyoto,camera4,camera7,512,0.8758643554039973
Modelo4,Kyoto,camera4,camera7,1024,0.8762432509235578
Modelo4,Kyoto,camera4,camera8,64,0.8546753031057964
Modelo4,Kyoto,camera4,camera8,128,0.9224381332004651
Modelo4,Kyoto,camera4,camera8,256,0.9221059624647069
Modelo4,Kyoto,camera4,camera8,512,0.9211924929413718
Modelo4,Kyoto,camera4,camera8,1024,0.9400847035376183
Modelo4,Kyoto,camera4,camera9,64,0.7742980561555075
Modelo4,Kyoto,camera4,camera9,128,0.8893859919777847
Modelo4,Kyoto,camera4,camera9,256,0.8919315026226473
Modelo4,Kyoto,camera4,camera9,512,0.8893088552915767
Modelo4,Kyoto,camera4,camera9,1024,0.8958654736192533
Modelo4,Kyoto,camera5,PUC,64,0.14798820431706908
Modelo4,Kyoto,camera5,PUC,128,0.10359410027273391
Modelo4,Kyoto,camera5,PUC,256,0.13050447524061637
Modelo4,Kyoto,camera5,PUC,512,0.12011842827946623
Modelo4,Kyoto,camera5,PUC,1024,0.12312392303104736
Modelo4,Kyoto,camera5,UFPR04,64,0.36668461778294265
Modelo4,Kyoto,camera5,UFPR04,128,0.3005394782838733
Modelo4,Kyoto,camera5,UFPR04,256,0.29201742203074366
Modelo4,Kyoto,camera5,UFPR04,512,0.19145337906144005
Modelo4,Kyoto,camera5,UFPR04,1024,0.3652296325689937
Modelo4,Kyoto,camera5,UFPR05,64,0.4664475073136894
Modelo4,Kyoto,camera5,UFPR05,128,0.34068220888500167
Modelo4,Kyoto,camera5,UFPR05,256,0.3569985221823446
Modelo4,Kyoto,camera5,UFPR05,512,0.2243387519980698
Modelo4,Kyoto,camera5,UFPR05,1024,0.25402780709955664
Modelo4,Kyoto,camera5,camera1,64,0.7807190582246262
Modelo4,Kyoto,camera5,camera1,128,0.8434616608335985
Modelo4,Kyoto,camera5,camera1,256,0.7853006681514476
Modelo4,Kyoto,camera5,camera1,512,0.8709513203945275
Modelo4,Kyoto,camera5,camera1,1024,0.7844097995545657
Modelo4,Kyoto,camera5,camera2,64,0.8183150183150183
Modelo4,Kyoto,camera5,camera2,128,0.894993894993895
Modelo4,Kyoto,camera5,camera2,256,0.8566544566544566
Modelo4,Kyoto,camera5,camera2,512,0.9045177045177045
Modelo4,Kyoto,camera5,camera2,1024,0.8759462759462759
Modelo4,Kyoto,camera5,camera3,64,0.8722415795586528
Modelo4,Kyoto,camera5,camera3,128,0.8938866012036744
Modelo4,Kyoto,camera5,camera3,256,0.8762538274733397
Modelo4,Kyoto,camera5,camera3,512,0.9101467638053004
Modelo4,Kyoto,camera5,camera3,1024,0.8974765072326047
Modelo4,Kyoto,camera5,camera4,64,0.912463803088803
Modelo4,Kyoto,camera5,camera4,128,0.936534749034749
Modelo4,Kyoto,camera5,camera4,256,0.9111969111969112
Modelo4,Kyoto,camera5,camera4,512,0.9555984555984556
Modelo4,Kyoto,camera5,camera4,1024,0.9338199806949807
Modelo4,Kyoto,camera5,camera5,64,0.8725296442687747
Modelo4,Kyoto,camera5,camera5,128,0.9216073781291173
Modelo4,Kyoto,camera5,camera5,256,0.8961352657004831
Modelo4,Kyoto,camera5,camera5,512,0.9440052700922266
Modelo4,Kyoto,camera5,camera5,1024,0.9065656565656566
Modelo4,Kyoto,camera5,camera6,64,0.8847722299582256
Modelo4,Kyoto,camera5,camera6,128,0.9322160334195345
Modelo4,Kyoto,camera5,camera6,256,0.9075989655858365
Modelo4,Kyoto,camera5,camera6,512,0.9485776805251641
Modelo4,Kyoto,camera5,camera6,1024,0.9278396658046548
Modelo4,Kyoto,camera5,camera7,64,0.821256038647343
Modelo4,Kyoto,camera5,camera7,128,0.8847210381737236
Modelo4,Kyoto,camera5,camera7,256,0.8627924599791608
Modelo4,Kyoto,camera5,camera7,512,0.9176849483754854
Modelo4,Kyoto,camera5,camera7,1024,0.8378327176281141
Modelo4,Kyoto,camera5,camera8,64,0.8741903338315894
Modelo4,Kyoto,camera5,camera8,128,0.927918950340475
Modelo4,Kyoto,camera5,camera8,256,0.9228948679621325
Modelo4,Kyoto,camera5,camera8,512,0.9498837402424847
Modelo4,Kyoto,camera5,camera8,1024,0.928292642418203
Modelo4,Kyoto,camera5,camera9,64,0.8109379821042888
Modelo4,Kyoto,camera5,camera9,128,0.8832150570811478
Modelo4,Kyoto,camera5,camera9,256,0.8736501079913607
Modelo4,Kyoto,camera5,camera9,512,0.9129898179574205
Modelo4,Kyoto,camera5,camera9,1024,0.8562172169083616
Modelo4,Kyoto,camera6,PUC,64,0.10981724234659601
Modelo4,Kyoto,camera6,PUC,128,0.11877243808091499
Modelo4,Kyoto,camera6,PUC,256,0.17115762228827763
Modelo4,Kyoto,camera6,PUC,512,0.10217267804904497
Modelo4,Kyoto,camera6,PUC,1024,0.10469493638958755
Modelo4,Kyoto,camera6,UFPR04,64,0.3329837589637482
Modelo4,Kyoto,camera6,UFPR04,128,0.22081762610659184
Modelo4,Kyoto,camera6,UFPR04,256,0.375357841331028
Modelo4,Kyoto,camera6,UFPR04,512,0.26241697608722353
Modelo4,Kyoto,camera6,UFPR04,1024,0.17268029061912454
Modelo4,Kyoto,camera6,UFPR05,64,0.45102391651838225
Modelo4,Kyoto,camera6,UFPR05,128,0.35891063727116446
Modelo4,Kyoto,camera6,UFPR05,256,0.3412853997647556
Modelo4,Kyoto,camera6,UFPR05,512,0.2796875471242875
Modelo4,Kyoto,camera6,UFPR05,1024,0.22653436680037398
Modelo4,Kyoto,camera6,camera1,64,0.8400254533884823
Modelo4,Kyoto,camera6,camera1,128,0.8185809735921095
Modelo4,Kyoto,camera6,camera1,256,0.7477569201399936
Modelo4,Kyoto,camera6,camera1,512,0.8208081450843143
Modelo4,Kyoto,camera6,camera1,1024,0.8862233534839326
Modelo4,Kyoto,camera6,camera2,64,0.8703296703296703
Modelo4,Kyoto,camera6,camera2,128,0.8896214896214896
Modelo4,Kyoto,camera6,camera2,256,0.8192918192918193
Modelo4,Kyoto,camera6,camera2,512,0.9074481074481074
Modelo4,Kyoto,camera6,camera2,1024,0.9372405372405372
Modelo4,Kyoto,camera6,camera3,64,0.89198606271777
Modelo4,Kyoto,camera6,camera3,128,0.8959983106324569
Modelo4,Kyoto,camera6,camera3,256,0.8473234082990181
Modelo4,Kyoto,camera6,camera3,512,0.9005384859043396
Modelo4,Kyoto,camera6,camera3,1024,0.9326364692218351
Modelo4,Kyoto,camera6,camera4,64,0.9340612934362934
Modelo4,Kyoto,camera6,camera4,128,0.9215130308880309
Modelo4,Kyoto,camera6,camera4,256,0.9028716216216216
Modelo4,Kyoto,camera6,camera4,512,0.9423262548262549
Modelo4,Kyoto,camera6,camera4,1024,0.9600024131274131
Modelo4,Kyoto,camera6,camera5,64,0.9184662635569633
Modelo4,Kyoto,camera6,camera5,128,0.9162107687877915
Modelo4,Kyoto,camera6,camera5,256,0.8988386601401286
Modelo4,Kyoto,camera6,camera5,512,0.9353584797005471
Modelo4,Kyoto,camera6,camera5,1024,0.9538823303579999
Modelo4,Kyoto,camera6,camera6,64,0.9225888324873096
Modelo4,Kyoto,camera6,camera6,128,0.9130133825565298
Modelo4,Kyoto,camera6,camera6,256,0.8998615597600369
Modelo4,Kyoto,camera6,camera6,512,0.9383940932164282
Modelo4,Kyoto,camera6,camera6,1024,0.9600830641439778
Modelo4,Kyoto,camera6,camera7,64,0.8856209150326797
Modelo4,Kyoto,camera6,camera7,128,0.8843895045941081
Modelo4,Kyoto,camera6,camera7,256,0.8129203372170124
Modelo4,Kyoto,camera6,camera7,512,0.880316377758833
Modelo4,Kyoto,camera6,camera7,1024,0.9203845789523539
Modelo4,Kyoto,camera6,camera8,64,0.9193240325527321
Modelo4,Kyoto,camera6,camera8,128,0.9259674472678957
Modelo4,Kyoto,camera6,camera8,256,0.8998920445108786
Modelo4,Kyoto,camera6,camera8,512,0.9372197309417041
Modelo4,Kyoto,camera6,camera8,1024,0.9545341305430991
Modelo4,Kyoto,camera6,camera9,64,0.8694075902499229
Modelo4,Kyoto,camera6,camera9,128,0.8857605677260105
Modelo4,Kyoto,camera6,camera9,256,0.8451095340944152
Modelo4,Kyoto,camera6,camera9,512,0.9030391854365937
Modelo4,Kyoto,camera6,camera9,1024,0.9312712125887072
Modelo4,Kyoto,camera7,PUC,64,0.14534101168489214
Modelo4,Kyoto,camera7,PUC,128,0.1559462829690988
Modelo4,Kyoto,camera7,PUC,256,0.1310490001720793
Modelo4,Kyoto,camera7,PUC,512,0.14768411896573264
Modelo4,Kyoto,camera7,PUC,1024,0.12975486949081025
Modelo4,Kyoto,camera7,UFPR04,64,0.30140869022986877
Modelo4,Kyoto,camera7,UFPR04,128,0.2503991761382425
Modelo4,Kyoto,camera7,UFPR04,256,0.19768902997836418
Modelo4,Kyoto,camera7,UFPR04,512,0.16772956170932418
Modelo4,Kyoto,camera7,UFPR04,1024,0.14131307691580927
Modelo4,Kyoto,camera7,UFPR05,64,0.3897578188617788
Modelo4,Kyoto,camera7,UFPR05,128,0.3858913653225563
Modelo4,Kyoto,camera7,UFPR05,256,0.29742739089784964
Modelo4,Kyoto,camera7,UFPR05,512,0.27215369303616127
Modelo4,Kyoto,camera7,UFPR05,1024,0.3038091504056459
Modelo4,Kyoto,camera7,camera1,64,0.8503977091950365
Modelo4,Kyoto,camera7,camera1,128,0.851543111676742
Modelo4,Kyoto,camera7,camera1,256,0.900031816735603
Modelo4,Kyoto,camera7,camera1,512,0.8955138402799873
Modelo4,Kyoto,camera7,camera1,1024,0.9073496659242761
Modelo4,Kyoto,camera7,camera2,64,0.8612942612942613
Modelo4,Kyoto,camera7,camera2,128,0.8915750915750916
Modelo4,Kyoto,camera7,camera2,256,0.9228327228327229
Modelo4,Kyoto,camera7,camera2,512,0.937973137973138
Modelo4,Kyoto,camera7,camera2,1024,0.9411477411477411
Modelo4,Kyoto,camera7,camera3,64,0.9083518107908352
Modelo4,Kyoto,camera7,camera3,128,0.9140534262485482
Modelo4,Kyoto,camera7,camera3,256,0.9260901699926091
Modelo4,Kyoto,camera7,camera3,512,0.9303135888501742
Modelo4,Kyoto,camera7,camera3,1024,0.9355928624221307
Modelo4,Kyoto,camera7,camera4,64,0.9388272200772201
Modelo4,Kyoto,camera7,camera4,128,0.9245897683397684
Modelo4,Kyoto,camera7,camera4,256,0.9550555019305019
Modelo4,Kyoto,camera7,camera4,512,0.9563223938223938
Modelo4,Kyoto,camera7,camera4,1024,0.9562620656370656
Modelo4,Kyoto,camera7,camera5,64,0.9271523178807947
Modelo4,Kyoto,camera7,camera5,128,0.9208657260773587
Modelo4,Kyoto,camera7,camera5,256,0.9456281792878395
Modelo4,Kyoto,camera7,camera5,512,0.9502351473269988
Modelo4,Kyoto,camera7,camera5,1024,0.9523466743449467
Modelo4,Kyoto,camera7,camera6,64,0.9219713546847026
Modelo4,Kyoto,camera7,camera6,128,0.9108315098468271
Modelo4,Kyoto,camera7,camera6,256,0.9444002387109608
Modelo4,Kyoto,camera7,camera6,512,0.9465386910682315
Modelo4,Kyoto,camera7,camera6,1024,0.9500198925800676
Modelo4,Kyoto,camera7,camera7,64,0.9284605146406388
Modelo4,Kyoto,camera7,camera7,128,0.9174800354924578
Modelo4,Kyoto,camera7,camera7,256,0.9406610470275066
Modelo4,Kyoto,camera7,camera7,512,0.9433229813664596
Modelo4,Kyoto,camera7,camera7,1024,0.9511978704525288
Modelo4,Kyoto,camera7,camera8,64,0.9265487460554725
Modelo4,Kyoto,camera7,camera8,128,0.9243065935891048
Modelo4,Kyoto,camera7,camera8,256,0.9456070420195981
Modelo4,Kyoto,camera7,camera8,512,0.9507972097658196
Modelo4,Kyoto,camera7,camera8,1024,0.9523750207606709
Modelo4,Kyoto,camera7,camera9,64,0.9009564949089787
Modelo4,Kyoto,camera7,camera9,128,0.9041190990435051
Modelo4,Kyoto,camera7,camera9,256,0.9293427954335082
Modelo4,Kyoto,camera7,camera9,512,0.9325825362542425
Modelo4,Kyoto,camera7,camera9,1024,0.933585313174946
Modelo4,Kyoto,camera8,PUC,64,0.2795180836494014
Modelo4,Kyoto,camera8,PUC,128,0.15046567489268617
Modelo4,Kyoto,camera8,PUC,256,0.10470907989430088
Modelo4,Kyoto,camera8,PUC,512,0.09526121874580115
Modelo4,Kyoto,camera8,PUC,1024,0.07671436956506365
Modelo4,Kyoto,camera8,UFPR04,64,0.37600975029052464
Modelo4,Kyoto,camera8,UFPR04,128,0.35940969171319787
Modelo4,Kyoto,camera8,UFPR04,256,0.19308787543814895
Modelo4,Kyoto,camera8,UFPR04,512,0.24713963134075942
Modelo4,Kyoto,camera8,UFPR04,1024,0.16473455967801368
Modelo4,Kyoto,camera8,UFPR05,64,0.32358777935277616
Modelo4,Kyoto,camera8,UFPR05,128,0.3164580631540851
Modelo4,Kyoto,camera8,UFPR05,256,0.316747594776367
Modelo4,Kyoto,camera8,UFPR05,512,0.3173507856561209
Modelo4,Kyoto,camera8,UFPR05,1024,0.2510902675151552
Modelo4,Kyoto,camera8,camera1,64,0.7540566337893733
Modelo4,Kyoto,camera8,camera1,128,0.7885459751829462
Modelo4,Kyoto,camera8,camera1,256,0.8444161629016863
Modelo4,Kyoto,camera8,camera1,512,0.8155265669742284
Modelo4,Kyoto,camera8,camera1,1024,0.8859688195991091
Modelo4,Kyoto,camera8,camera2,64,0.8168498168498168
Modelo4,Kyoto,camera8,camera2,128,0.8888888888888888
Modelo4,Kyoto,camera8,camera2,256,0.9330891330891331
Modelo4,Kyoto,camera8,camera2,512,0.9103785103785104
Modelo4,Kyoto,camera8,camera2,1024,0.9409035409035409
Modelo4,Kyoto,camera8,camera3,64,0.8388765705838876
Modelo4,Kyoto,camera8,camera3,128,0.908246225319396
Modelo4,Kyoto,camera8,camera3,256,0.9384436701509872
Modelo4,Kyoto,camera8,camera3,512,0.9207053109492134
Modelo4,Kyoto,camera8,camera3,1024,0.9307359307359307
Modelo4,Kyoto,camera8,camera4,64,0.8858590733590733
Modelo4,Kyoto,camera8,camera4,128,0.9119208494208494
Modelo4,Kyoto,camera8,camera4,256,0.941059362934363
Modelo4,Kyoto,camera8,camera4,512,0.9242881274131274
Modelo4,Kyoto,camera8,camera4,1024,0.9555984555984556
Modelo4,Kyoto,camera8,camera5,64,0.8745560994337268
Modelo4,Kyoto,camera8,camera5,128,0.9040214991841827
Modelo4,Kyoto,camera8,camera5,256,0.9351185334485075
Modelo4,Kyoto,camera8,camera5,512,0.9129954890104617
Modelo4,Kyoto,camera8,camera5,1024,0.9416450715039831
Modelo4,Kyoto,camera8,camera6,64,0.8703998408593595
Modelo4,Kyoto,camera8,camera6,128,0.9154565347125522
Modelo4,Kyoto,camera8,camera6,256,0.9440521185597772
Modelo4,Kyoto,camera8,camera6,512,0.9239108812412969
Modelo4,Kyoto,camera8,camera6,1024,0.9501690869305749
Modelo4,Kyoto,camera8,camera7,64,0.7558018376432699
Modelo4,Kyoto,camera8,camera7,128,0.82281898266553
Modelo4,Kyoto,camera8,camera7,256,0.9010609074547693
Modelo4,Kyoto,camera8,camera7,512,0.8700861987307
Modelo4,Kyoto,camera8,camera7,1024,0.9092545230652648
Modelo4,Kyoto,camera8,camera8,64,0.8721064814814815
Modelo4,Kyoto,camera8,camera8,128,0.9231288580246914
Modelo4,Kyoto,camera8,camera8,256,0.9521604938271605
Modelo4,Kyoto,camera8,camera8,512,0.9455054012345679
Modelo4,Kyoto,camera8,camera8,1024,0.9652777777777778
Modelo4,Kyoto,camera8,camera9,64,0.7780777537796977
Modelo4,Kyoto,camera8,camera9,128,0.8351589015735884
Modelo4,Kyoto,camera8,camera9,256,0.9035791422400493
Modelo4,Kyoto,camera8,camera9,512,0.8874575748225856
Modelo4,Kyoto,camera8,camera9,1024,0.9321197161369947
Modelo4,Kyoto,camera9,PUC,64,0.20354624808178717
Modelo4,Kyoto,camera9,PUC,128,0.16221185555710085
Modelo4,Kyoto,camera9,PUC,256,0.1280010749063582
Modelo4,Kyoto,camera9,PUC,512,0.08951188407983537
Modelo4,Kyoto,camera9,PUC,1024,0.17079932016887345
Modelo4,Kyoto,camera9,UFPR04,64,0.3731281237304309
Modelo4,Kyoto,camera9,UFPR04,128,0.3304422588173049
Modelo4,Kyoto,camera9,UFPR04,256,0.31315249945674256
Modelo4,Kyoto,camera9,UFPR04,512,0.20339559536294322
Modelo4,Kyoto,camera9,UFPR04,1024,0.1811456591366458
Modelo4,Kyoto,camera9,UFPR05,64,0.4323732545163917
Modelo4,Kyoto,camera9,UFPR05,128,0.35568959797327865
Modelo4,Kyoto,camera9,UFPR05,256,0.334620140543475
Modelo4,Kyoto,camera9,UFPR05,512,0.2321983291612631
Modelo4,Kyoto,camera9,UFPR05,1024,0.22661881352353952
Modelo4,Kyoto,camera9,camera1,64,0.7867642379891823
Modelo4,Kyoto,camera9,camera1,128,0.8399618199172765
Modelo4,Kyoto,camera9,camera1,256,0.8547247852370347
Modelo4,Kyoto,camera9,camera1,512,0.876869233216672
Modelo4,Kyoto,camera9,camera1,1024,0.8848870505886096
Modelo4,Kyoto,camera9,camera2,64,0.8336996336996337
Modelo4,Kyoto,camera9,camera2,128,0.8788766788766789
Modelo4,Kyoto,camera9,camera2,256,0.9032967032967033
Modelo4,Kyoto,camera9,camera2,512,0.9277167277167278
Modelo4,Kyoto,camera9,camera2,1024,0.9416361416361416
Modelo4,Kyoto,camera9,camera3,64,0.8818498574596135
Modelo4,Kyoto,camera9,camera3,128,0.8932530883750396
Modelo4,Kyoto,camera9,camera3,256,0.919543870763383
Modelo4,Kyoto,camera9,camera3,512,0.9407665505226481
Modelo4,Kyoto,camera9,camera3,1024,0.9459402386231655
Modelo4,Kyoto,camera9,camera4,64,0.9075168918918919
Modelo4,Kyoto,camera9,camera4,128,0.9341819498069498
Modelo4,Kyoto,camera9,camera4,256,0.9382842664092664
Modelo4,Kyoto,camera9,camera4,512,0.9566240347490348
Modelo4,Kyoto,camera9,camera4,1024,0.9610883204633205
Modelo4,Kyoto,camera9,camera5,64,0.8908244553220078
Modelo4,Kyoto,camera9,camera5,128,0.9134753815145408
Modelo4,Kyoto,camera9,camera5,256,0.9147710912755542
Modelo4,Kyoto,camera9,camera5,512,0.9297917266532296
Modelo4,Kyoto,camera9,camera5,1024,0.9330549956809675
Modelo4,Kyoto,camera9,camera6,64,0.8882534314700616
Modelo4,Kyoto,camera9,camera6,128,0.9158046548637359
Modelo4,Kyoto,camera9,camera6,256,0.9266461110005968
Modelo4,Kyoto,camera9,camera6,512,0.941615277501492
Modelo4,Kyoto,camera9,camera6,1024,0.9482295603739805
Modelo4,Kyoto,camera9,camera7,64,0.8254712513024534
Modelo4,Kyoto,camera9,camera7,128,0.8491048593350383
Modelo4,Kyoto,camera9,camera7,256,0.8690915979918538
Modelo4,Kyoto,camera9,camera7,512,0.8932461873638344
Modelo4,Kyoto,camera9,camera7,1024,0.8958510940608128
Modelo4,Kyoto,camera9,camera8,64,0.8874771632619166
Modelo4,Kyoto,camera9,camera8,128,0.9067845872778608
Modelo4,Kyoto,camera9,camera8,256,0.9276283009466866
Modelo4,Kyoto,camera9,camera8,512,0.9496761335326358
Modelo4,Kyoto,camera9,camera8,1024,0.9537037037037037
Modelo4,Kyoto,camera9,camera9,64,0.8784109149277689
Modelo4,Kyoto,camera9,camera9,128,0.8928571428571429
Modelo4,Kyoto,camera9,camera9,256,0.9131219903691814
Modelo4,Kyoto,camera9,camera9,512,0.932784911717496
Modelo4,Kyoto,camera9,camera9,1024,0.9402086677367576
Modelo4,PKLot,camera1,camera1,64,0.8579686209744013
Modelo4,PKLot,camera1,camera1,128,0.8985962014863749
Modelo4,PKLot,camera1,camera1,256,0.9185796862097441
Modelo4,PKLot,camera1,camera1,512,0.9395540875309661
Modelo4,PKLot,camera1,camera1,1024,0.924525185796862
Modelo4,PKLot,camera1,camera2,64,0.9096459096459096
Modelo4,PKLot,camera1,camera2,128,0.926007326007326
Modelo4,PKLot,camera1,camera2,256,0.9438339438339438
Modelo4,PKLot,camera1,camera2,512,0.9465201465201465
Modelo4,PKLot,camera1,camera2,1024,0.945054945054945
Modelo4,PKLot,camera1,camera3,64,0.9175377468060395
Modelo4,PKLot,camera1,camera3,128,0.9152148664343787
Modelo4,PKLot,camera1,camera3,256,0.9462569950374828
Modelo4,PKLot,camera1,camera3,512,0.9457290676802872
Modelo4,PKLot,camera1,camera3,1024,0.9567099567099567
Modelo4,PKLot,camera1,camera4,64,0.93816361003861
Modelo4,PKLot,camera1,camera4,128,0.9380429536679536
Modelo4,PKLot,camera1,camera4,256,0.953426640926641
Modelo4,PKLot,camera1,camera4,512,0.9548141891891891
Modelo4,PKLot,camera1,camera4,1024,0.9510135135135135
Modelo4,PKLot,camera1,camera5,64,0.9016220366637873
Modelo4,PKLot,camera1,camera5,128,0.9177944140512525
Modelo4,PKLot,camera1,camera5,256,0.9262885113734524
Modelo4,PKLot,camera1,camera5,512,0.9404453402437853
Modelo4,PKLot,camera1,camera5,1024,0.9331029849313753
Modelo4,PKLot,camera1,camera6,64,0.9169982096677939
Modelo4,PKLot,camera1,camera6,128,0.915357071812214
Modelo4,PKLot,camera1,camera6,256,0.9401730654465884
Modelo4,PKLot,camera1,camera6,512,0.9402227968967575
Modelo4,PKLot,camera1,camera6,1024,0.9418142033021683
Modelo4,PKLot,camera1,camera7,64,0.8246187363834423
Modelo4,PKLot,camera1,camera7,128,0.8650184711565786
Modelo4,PKLot,camera1,camera7,256,0.8706545420100408
Modelo4,PKLot,camera1,camera7,512,0.8909254523065264
Modelo4,PKLot,camera1,camera7,1024,0.8747276688453159
Modelo4,PKLot,camera1,camera8,64,0.916417538614848
Modelo4,PKLot,camera1,camera8,128,0.9183690416874274
Modelo4,PKLot,camera1,camera8,256,0.9427835907656535
Modelo4,PKLot,camera1,camera8,512,0.9446935724962631
Modelo4,PKLot,camera1,camera8,1024,0.945440956651719
Modelo4,PKLot,camera1,camera9,64,0.8647022523912373
Modelo4,PKLot,camera1,camera9,128,0.8887688984881209
Modelo4,PKLot,camera1,camera9,256,0.8981795742054921
Modelo4,PKLot,camera1,camera9,512,0.9055075593952484
Modelo4,PKLot,camera1,camera9,1024,0.9122184510953409
Modelo4,PKLot,camera2,camera1,64,0.7673560292713968
Modelo4,PKLot,camera2,camera1,128,0.8270442252624881
Modelo4,PKLot,camera2,camera1,256,0.8499522748965956
Modelo4,PKLot,camera2,camera1,512,0.8174355711104041
Modelo4,PKLot,camera2,camera1,1024,0.9002227171492205
Modelo4,PKLot,camera2,camera2,64,0.9433106575963719
Modelo4,PKLot,camera2,camera2,128,0.9591836734693877
Modelo4,PKLot,camera2,camera2,256,0.971655328798186
Modelo4,PKLot,camera2,camera2,512,0.9591836734693877
Modelo4,PKLot,camera2,camera2,1024,0.9750566893424036
Modelo4,PKLot,camera2,camera3,64,0.8795269770879527
Modelo4,PKLot,camera2,camera3,128,0.9153204519058178
Modelo4,PKLot,camera2,camera3,256,0.9288353922500264
Modelo4,PKLot,camera2,camera3,512,0.9324252982789568
Modelo4,PKLot,camera2,camera3,1024,0.9476296061661915
Modelo4,PKLot,camera2,camera4,64,0.88996138996139
Modelo4,PKLot,camera2,camera4,128,0.9273045366795367
Modelo4,PKLot,camera2,camera4,256,0.9348455598455598
Modelo4,PKLot,camera2,camera4,512,0.9188585907335908
Modelo4,PKLot,camera2,camera4,1024,0.9571669884169884
Modelo4,PKLot,camera2,camera5,64,0.8597274210576831
Modelo4,PKLot,camera2,camera5,128,0.8976869181303389
Modelo4,PKLot,camera2,camera5,256,0.8994625203954314
Modelo4,PKLot,camera2,camera5,512,0.8863614550340724
Modelo4,PKLot,camera2,camera5,1024,0.9320472214224014
Modelo4,PKLot,camera2,camera6,64,0.8700517207081758
Modelo4,PKLot,camera2,camera6,128,0.9083946687885419
Modelo4,PKLot,camera2,camera6,256,0.9232146409389298
Modelo4,PKLot,camera2,camera6,512,0.9151581460115377
Modelo4,PKLot,camera2,camera6,1024,0.9491744579271931
Modelo4,PKLot,camera2,camera7,64,0.8051056171260775
Modelo4,PKLot,camera2,camera7,128,0.8203561617883869
Modelo4,PKLot,camera2,camera7,256,0.8341384863123994
Modelo4,PKLot,camera2,camera7,512,0.8184616841905844
Modelo4,PKLot,camera2,camera7,1024,0.8878942881500427
Modelo4,PKLot,camera2,camera8,64,0.8797957149975087
Modelo4,PKLot,camera2,camera8,128,0.9150473343298455
Modelo4,PKLot,camera2,camera8,256,0.9295382826772961
Modelo4,PKLot,camera2,camera8,512,0.9235176880916791
Modelo4,PKLot,camera2,camera8,1024,0.947807673143996
Modelo4,PKLot,camera2,camera9,64,0.8599969145325517
Modelo4,PKLot,camera2,camera9,128,0.8741129281086084
Modelo4,PKLot,camera2,camera9,256,0.8971767972847886
Modelo4,PKLot,camera2,camera9,512,0.8782011724776304
Modelo4,PKLot,camera2,camera9,1024,0.9119099043505091
Modelo4,PKLot,camera3,camera1,64,0.7968183264397073
Modelo4,PKLot,camera3,camera1,128,0.8360801781737194
Modelo4,PKLot,camera3,camera1,256,0.8403436207445116
Modelo4,PKLot,camera3,camera1,512,0.8682787146038816
Modelo4,PKLot,camera3,camera1,1024,0.8509067769646834
Modelo4,PKLot,camera3,camera2,64,0.8942612942612943
Modelo4,PKLot,camera3,camera2,128,0.9206349206349206
Modelo4,PKLot,camera3,camera2,256,0.9074481074481074
Modelo4,PKLot,camera3,camera2,512,0.9409035409035409
Modelo4,PKLot,camera3,camera2,1024,0.9326007326007326
Modelo4,PKLot,camera3,camera3,64,0.941321044546851
Modelo4,PKLot,camera3,camera3,128,0.9566820276497696
Modelo4,PKLot,camera3,camera3,256,0.9572964669738864
Modelo4,PKLot,camera3,camera3,512,0.9658986175115207
Modelo4,PKLot,camera3,camera3,1024,0.9628264208909371
Modelo4,PKLot,camera3,camera4,64,0.9331563706563707
Modelo4,PKLot,camera3,camera4,128,0.9309242277992278
Modelo4,PKLot,camera3,camera4,256,0.9271235521235521
Modelo4,PKLot,camera3,camera4,512,0.9375
Modelo4,PKLot,camera3,camera4,1024,0.9214527027027027
Modelo4,PKLot,camera3,camera5,64,0.8957193588636145
Modelo4,PKLot,camera3,camera5,128,0.8964391976197332
Modelo4,PKLot,camera3,camera5,256,0.8836260677608215
Modelo4,PKLot,camera3,camera5,512,0.8959113158652462
Modelo4,PKLot,camera3,camera5,1024,0.8823303579998081
Modelo4,PKLot,camera3,camera6,64,0.9160533121145813
Modelo4,PKLot,camera3,camera6,128,0.9208275313308136
Modelo4,PKLot,camera3,camera6,256,0.9271434255022877
Modelo4,PKLot,camera3,camera6,512,0.9335587825740999
Modelo4,PKLot,camera3,camera6,1024,0.9183409588223592
Modelo4,PKLot,camera3,camera7,64,0.8242398408638818
Modelo4,PKLot,camera3,camera7,128,0.8365539452495975
Modelo4,PKLot,camera3,camera7,256,0.8298285497773988
Modelo4,PKLot,camera3,camera7,512,0.8465473145780051
Modelo4,PKLot,camera3,camera7,1024,0.8505730794733353
Modelo4,PKLot,camera3,camera8,64,0.9243896362730444
Modelo4,PKLot,camera3,camera8,128,0.9285002491280518
Modelo4,PKLot,camera3,camera8,256,0.9298289320710845
Modelo4,PKLot,camera3,camera8,512,0.9376764657033715
Modelo4,PKLot,camera3,camera8,1024,0.9297043680451752
Modelo4,PKLot,camera3,camera9,64,0.8635452020981179
Modelo4,PKLot,camera3,camera9,128,0.8806695464362851
Modelo4,PKLot,camera3,camera9,256,0.8781240357914224
Modelo4,PKLot,camera3,camera9,512,0.8960968836778772
Modelo4,PKLot,camera3,camera9,1024,0.8819037334156125
Modelo4,PKLot,camera4,camera1,64,0.7695832007636016
Modelo4,PKLot,camera4,camera1,128,0.8311167674196628
Modelo4,PKLot,camera4,camera1,256,0.8312440343620745
Modelo4,PKLot,camera4,camera1,512,0.8063633471205854
Modelo4,PKLot,camera4,camera1,1024,0.8145720649061406
Modelo4,PKLot,camera4,camera2,64,0.8586080586080586
Modelo4,PKLot,camera4,camera2,128,0.9179487179487179
Modelo4,PKLot,camera4,camera2,256,0.9296703296703297
Modelo4,PKLot,camera4,camera2,512,0.9062271062271062
Modelo4,PKLot,camera4,camera2,1024,0.8984126984126984
Modelo4,PKLot,camera4,camera3,64,0.8782599514306831
Modelo4,PKLot,camera4,camera3,128,0.8997993876042657
Modelo4,PKLot,camera4,camera3,256,0.9131031570055961
Modelo4,PKLot,camera4,camera3,512,0.9137366698342309
Modelo4,PKLot,camera4,camera3,1024,0.912258473234083
Modelo4,PKLot,camera4,camera4,64,0.9337603499453211
Modelo4,PKLot,camera4,camera4,128,0.950632713638494
Modelo4,PKLot,camera4,camera4,256,0.9429776597406655
Modelo4,PKLot,camera4,camera4,512,0.924386814560225
Modelo4,PKLot,camera4,camera4,1024,0.9265739728167474
Modelo4,PKLot,camera4,camera5,64,0.8916882618293502
Modelo4,PKLot,camera4,camera5,128,0.9103080909876188
Modelo4,PKLot,camera4,camera5,256,0.9020059506670506
Modelo4,PKLot,camera4,camera5,512,0.8811786159900182
Modelo4,PKLot,camera4,camera5,1024,0.8798349169785968
Modelo4,PKLot,camera4,camera6,64,0.8965088521981301
Modelo4,PKLot,camera4,camera6,128,0.9226675949870699
Modelo4,PKLot,camera4,camera6,256,0.92157350308335
Modelo4,PKLot,camera4,camera6,512,0.915357071812214
Modelo4,PKLot,camera4,camera6,1024,0.9182912273721902
Modelo4,PKLot,camera4,camera7,64,0.7884815762053614
Modelo4,PKLot,camera4,camera7,128,0.8375011840484986
Modelo4,PKLot,camera4,camera7,256,0.8263237662214644
Modelo4,PKLot,camera4,camera7,512,0.8153357961542105
Modelo4,PKLot,camera4,camera7,1024,0.8242872028038268
Modelo4,PKLot,camera4,camera8,64,0.9006394286663345
Modelo4,PKLot,camera4,camera8,128,0.9263411393456237
Modelo4,PKLot,camera4,camera8,256,0.9284172064441123
Modelo4,PKLot,camera4,camera8,512,0.9252615844544095
Modelo4,PKLot,camera4,camera8,1024,0.928666334495931
Modelo4,PKLot,camera4,camera9,64,0.8269052761493366
Modelo4,PKLot,camera4,camera9,128,0.8869176180191299
Modelo4,PKLot,camera4,camera9,256,0.8873033014501697
Modelo4,PKLot,camera4,camera9,512,0.8722616476396174
Modelo4,PKLot,camera4,camera9,1024,0.8862233878432583
Modelo4,PKLot,camera5,camera1,64,0.7737193763919822
Modelo4,PKLot,camera5,camera1,128,0.8582882596245626
Modelo4,PKLot,camera5,camera1,256,0.8497613744829781
Modelo4,PKLot,camera5,camera1,512,0.9063951638561883
Modelo4,PKLot,camera5,camera1,1024,0.8447979637289215
Modelo4,PKLot,camera5,camera2,64,0.8620268620268621
Modelo4,PKLot,camera5,camera2,128,0.904029304029304
Modelo4,PKLot,camera5,camera2,256,0.9225885225885226
Modelo4,PKLot,camera5,camera2,512,0.9514041514041514
Modelo4,PKLot,camera5,camera2,1024,0.9172161172161172
Modelo4,PKLot,camera5,camera3,64,0.8855453489599832
Modelo4,PKLot,camera5,camera3,128,0.9185936015204308
Modelo4,PKLot,camera5,camera3,256,0.9312638580931264
Modelo4,PKLot,camera5,camera3,512,0.9510083412522436
Modelo4,PKLot,camera5,camera3,1024,0.9279907084785134
Modelo4,PKLot,camera5,camera4,64,0.9174710424710425
Modelo4,PKLot,camera5,camera4,128,0.9420849420849421
Modelo4,PKLot,camera5,camera4,256,0.9487813706563707
Modelo4,PKLot,camera5,camera4,512,0.9627775096525096
Modelo4,PKLot,camera5,camera4,1024,0.9504102316602316
Modelo4,PKLot,camera5,camera5,64,0.852437417654809
Modelo4,PKLot,camera5,camera5,128,0.9060166886253843
Modelo4,PKLot,camera5,camera5,256,0.9010759771629336
Modelo4,PKLot,camera5,camera5,512,0.9386253842775582
Modelo4,PKLot,camera5,camera5,1024,0.8916337285902504
Modelo4,PKLot,camera5,camera6,64,0.8946687885418739
Modelo4,PKLot,camera5,camera6,128,0.9291824149592202
Modelo4,PKLot,camera5,camera6,256,0.9375870300377959
Modelo4,PKLot,camera5,camera6,512,0.9549433061468072
Modelo4,PKLot,camera5,camera6,1024,0.9358464292818779
Modelo4,PKLot,camera5,camera7,64,0.7808089419342616
Modelo4,PKLot,camera5,camera7,128,0.8538410533295444
Modelo4,PKLot,camera5,camera7,256,0.8499100123141043
Modelo4,PKLot,camera5,camera7,512,0.887420668750592
Modelo4,PKLot,camera5,camera7,1024,0.8510940608127309
Modelo4,PKLot,camera5,camera8,64,0.8955323036040524
Modelo4,PKLot,camera5,camera8,128,0.9292891546254775
Modelo4,PKLot,camera5,camera8,256,0.9421607706361069
Modelo4,PKLot,camera5,camera8,512,0.953662182361734
Modelo4,PKLot,camera5,camera8,1024,0.9407075236671649
Modelo4,PKLot,camera5,camera9,64,0.7925794507867941
Modelo4,PKLot,camera5,camera9,128,0.8707960506016662
Modelo4,PKLot,camera5,camera9,256,0.886686207960506
Modelo4,PKLot,camera5,camera9,512,0.9194692995988892
Modelo4,PKLot,camera5,camera9,1024,0.8985652576365319
Modelo4,PKLot,camera6,camera1,64,0.8255806554247535
Modelo4,PKLot,camera6,camera1,128,0.7835189309576838
Modelo4,PKLot,camera6,camera1,256,0.7552020362710786
Modelo4,PKLot,camera6,camera1,512,0.837989182309895
Modelo4,PKLot,camera6,camera1,1024,0.801718103722558
Modelo4,PKLot,camera6,camera2,64,0.904029304029304
Modelo4,PKLot,camera6,camera2,128,0.8847374847374847
Modelo4,PKLot,camera6,camera2,256,0.842979242979243
Modelo4,PKLot,camera6,camera2,512,0.9133089133089133
Modelo4,PKLot,camera6,camera2,1024,0.8793650793650793
Modelo4,PKLot,camera6,camera3,64,0.9190159434061873
Modelo4,PKLot,camera6,camera3,128,0.910674691162496
Modelo4,PKLot,camera6,camera3,256,0.8625277161862528
Modelo4,PKLot,camera6,camera3,512,0.9117305458768873
Modelo4,PKLot,camera6,camera3,1024,0.8913525498891353
Modelo4,PKLot,camera6,camera4,64,0.9424469111969112
Modelo4,PKLot,camera6,camera4,128,0.9239864864864865
Modelo4,PKLot,camera6,camera4,256,0.9154198841698842
Modelo4,PKLot,camera6,camera4,512,0.9411800193050193
Modelo4,PKLot,camera6,camera4,1024,0.9288730694980695
Modelo4,PKLot,camera6,camera5,64,0.9159228332853441
Modelo4,PKLot,camera6,camera5,128,0.8906804875707841
Modelo4,PKLot,camera6,camera5,256,0.8784432287167675
Modelo4,PKLot,camera6,camera5,512,0.9153469622804492
Modelo4,PKLot,camera6,camera5,1024,0.8933198963432191
Modelo4,PKLot,camera6,camera6,64,0.9311259806183664
Modelo4,PKLot,camera6,camera6,128,0.9214351638209506
Modelo4,PKLot,camera6,camera6,256,0.9152053530226119
Modelo4,PKLot,camera6,camera6,512,0.9418550992155053
Modelo4,PKLot,camera6,camera6,1024,0.9332025842178127
Modelo4,PKLot,camera6,camera7,64,0.8406270720848726
Modelo4,PKLot,camera6,camera7,128,0.8089892962015724
Modelo4,PKLot,camera6,camera7,256,0.7739888225821729
Modelo4,PKLot,camera6,camera7,512,0.8275078147200909
Modelo4,PKLot,camera6,camera7,1024,0.8082315051624515
Modelo4,PKLot,camera6,camera8,64,0.9257598405580468
Modelo4,PKLot,camera6,camera8,128,0.9178707855837901
Modelo4,PKLot,camera6,camera8,256,0.897982062780269
Modelo4,PKLot,camera6,camera8,512,0.9311160936721475
Modelo4,PKLot,camera6,camera8,1024,0.9188257764490948
Modelo4,PKLot,camera6,camera9,64,0.8639308855291576
Modelo4,PKLot,camera6,camera9,128,0.8528232027152114
Modelo4,PKLot,camera6,camera9,256,0.8309935205183585
Modelo4,PKLot,camera6,camera9,512,0.8874575748225856
Modelo4,PKLot,camera6,camera9,1024,0.872955877815489
Modelo4,PKLot,camera7,camera1,64,0.8761692650334075
Modelo4,PKLot,camera7,camera1,128,0.8870505886096086
Modelo4,PKLot,camera7,camera1,256,0.8993318485523385
Modelo4,PKLot,camera7,camera1,512,0.8859051861279033
Modelo4,PKLot,camera7,camera1,1024,0.8927776010181355
Modelo4,PKLot,camera7,camera2,64,0.8984126984126984
Modelo4,PKLot,camera7,camera2,128,0.9262515262515263
Modelo4,PKLot,camera7,camera2,256,0.9467643467643467
Modelo4,PKLot,camera7,camera2,512,0.9362637362637363
Modelo4,PKLot,camera7,camera2,1024,0.9438339438339438
Modelo4,PKLot,camera7,camera3,64,0.9312638580931264
Modelo4,PKLot,camera7,camera3,128,0.9431950163657481
Modelo4,PKLot,camera7,camera3,256,0.9552317601098089
Modelo4,PKLot,camera7,camera3,512,0.9370710590222785
Modelo4,PKLot,camera7,camera3,1024,0.9449899693802133
Modelo4,PKLot,camera7,camera4,64,0.9478161196911197
Modelo4,PKLot,camera7,camera4,128,0.9463682432432432
Modelo4,PKLot,camera7,camera4,256,0.9572273166023166
Modelo4,PKLot,camera7,camera4,512,0.9546332046332047
Modelo4,PKLot,camera7,camera4,1024,0.9606660231660231
Modelo4,PKLot,camera7,camera5,64,0.9317592859199539
Modelo4,PKLot,camera7,camera5,128,0.9326230924272962
Modelo4,PKLot,camera7,camera5,256,0.9401574047413379
Modelo4,PKLot,camera7,camera5,512,0.9363182647087053
Modelo4,PKLot,camera7,camera5,1024,0.9439485555235627
Modelo4,PKLot,camera7,camera6,64,0.9314203302168291
Modelo4,PKLot,camera7,camera6,128,0.935945892182216
Modelo4,PKLot,camera7,camera6,256,0.9458424507658644
Modelo4,PKLot,camera7,camera6,512,0.9443505072607917
Modelo4,PKLot,camera7,camera6,1024,0.9521086134871692
Modelo4,PKLot,camera7,camera7,64,0.9171472937000887
Modelo4,PKLot,camera7,camera7,128,0.9109361135758651
Modelo4,PKLot,camera7,camera7,256,0.9120452528837621
Modelo4,PKLot,camera7,camera7,512,0.8915261756876663
Modelo4,PKLot,camera7,camera7,1024,0.8956299911268856
Modelo4,PKLot,camera7,camera8,64,0.9322371699053313
Modelo4,PKLot,camera7,camera8,128,0.9406244809832254
Modelo4,PKLot,camera7,camera8,256,0.947807673143996
Modelo4,PKLot,camera7,camera8,512,0.9483059292476332
Modelo4,PKLot,camera7,camera8,1024,0.9534545756518851
Modelo4,PKLot,camera7,camera9,64,0.9119099043505091
Modelo4,PKLot,camera7,camera9,128,0.9128355445850046
Modelo4,PKLot,camera7,camera9,256,0.9253316877506942
Modelo4,PKLot,camera7,camera9,512,0.921783400185128
Modelo4,PKLot,camera7,camera9,1024,0.9252545510644863
Modelo4,PKLot,camera8,camera1,64,0.733184855233853
Modelo4,PKLot,camera8,camera1,128,0.8193445752465797
Modelo4,PKLot,camera8,camera1,256,0.8421889914094813
Modelo4,PKLot,camera8,camera1,512,0.7853643016226535
Modelo4,PKLot,camera8,camera1,1024,0.7350938593700287
Modelo4,PKLot,camera8,camera2,64,0.8368742368742369
Modelo4,PKLot,camera8,camera2,128,0.9172161172161172
Modelo4,PKLot,camera8,camera2,256,0.9206349206349206
Modelo4,PKLot,camera8,camera2,512,0.8862026862026862
Modelo4,PKLot,camera8,camera2,1024,0.8395604395604396
Modelo4,PKLot,camera8,camera3,64,0.8735086052159223
Modelo4,PKLot,camera8,camera3,128,0.9192271143490656
Modelo4,PKLot,camera8,camera3,256,0.9349593495934959
Modelo4,PKLot,camera8,camera3,512,0.9026501953331222
Modelo4,PKLot,camera8,camera3,1024,0.8778376095449266
Modelo4,PKLot,camera8,camera4,64,0.9138513513513513
Modelo4,PKLot,camera8,camera4,128,0.9416626447876448
Modelo4,PKLot,camera8,camera4,256,0.9402750965250966
Modelo4,PKLot,camera8,camera4,512,0.9171090733590733
Modelo4,PKLot,camera8,camera4,1024,0.8892374517374517
Modelo4,PKLot,camera8,camera5,64,0.8609271523178808
Modelo4,PKLot,camera8,camera5,128,0.9061330262021308
Modelo4,PKLot,camera8,camera5,256,0.9110759189941453
Modelo4,PKLot,camera8,camera5,512,0.8717247336596602
Modelo4,PKLot,camera8,camera5,1024,0.8458585276897975
Modelo4,PKLot,camera8,camera6,64,0.8929779192361249
Modelo4,PKLot,camera8,camera6,128,0.9282375174060076
Modelo4,PKLot,camera8,camera6,256,0.933658245474438
Modelo4,PKLot,camera8,camera6,512,0.9157051919633976
Modelo4,PKLot,camera8,camera6,1024,0.9004873682116571
Modelo4,PKLot,camera8,camera7,64,0.7659846547314578
Modelo4,PKLot,camera8,camera7,128,0.8286445012787724
Modelo4,PKLot,camera8,camera7,256,0.8451738183195984
Modelo4,PKLot,camera8,camera7,512,0.8021691768494837
Modelo4,PKLot,camera8,camera7,1024,0.781898266552998
Modelo4,PKLot,camera8,camera8,64,0.9048032407407407
Modelo4,PKLot,camera8,camera8,128,0.9442515432098766
Modelo4,PKLot,camera8,camera8,256,0.9540895061728395
Modelo4,PKLot,camera8,camera8,512,0.9291087962962963
Modelo4,PKLot,camera8,camera8,1024,0.9089506172839507
Modelo4,PKLot,camera8,camera9,64,0.7928879975316261
Modelo4,PKLot,camera8,camera9,128,0.8705646405430423
Modelo4,PKLot,camera8,camera9,256,0.898333847577908
Modelo4,PKLot,camera8,camera9,512,0.8549830299290343
Modelo4,PKLot,camera8,camera9,1024,0.8196544276457883
Modelo4,PKLot,camera9,camera1,64,0.8102449888641425
Modelo4,PKLot,camera9,camera1,128,0.8430798600063634
Modelo4,PKLot,camera9,camera1,256,0.8360165447025135
Modelo4,PKLot,camera9,camera1,512,0.8370346802418072
Modelo4,PKLot,camera9,camera1,1024,0.9000954502068088
Modelo4,PKLot,camera9,camera2,64,0.8935286935286936
Modelo4,PKLot,camera9,camera2,128,0.9015873015873016
Modelo4,PKLot,camera9,camera2,256,0.9094017094017094
Modelo4,PKLot,camera9,camera2,512,0.9282051282051282
Modelo4,PKLot,camera9,camera2,1024,0.9487179487179487
Modelo4,PKLot,camera9,camera3,64,0.9091964945623482
Modelo4,PKLot,camera9,camera3,128,0.918804772463309
Modelo4,PKLot,camera9,camera3,256,0.9292577341357829
Modelo4,PKLot,camera9,camera3,512,0.9306303452644916
Modelo4,PKLot,camera9,camera3,1024,0.946362580508922
Modelo4,PKLot,camera9,camera4,64,0.9273045366795367
Modelo4,PKLot,camera9,camera4,128,0.9362934362934363
Modelo4,PKLot,camera9,camera4,256,0.9349662162162162
Modelo4,PKLot,camera9,camera4,512,0.9437741312741312
Modelo4,PKLot,camera9,camera4,1024,0.959942084942085
Modelo4,PKLot,camera9,camera5,64,0.8950475093579038
Modelo4,PKLot,camera9,camera5,128,0.9034936174296957
Modelo4,PKLot,camera9,camera5,256,0.893415874844035
Modelo4,PKLot,camera9,camera5,512,0.9014780689125635
Modelo4,PKLot,camera9,camera5,1024,0.9331509741817833
Modelo4,PKLot,camera9,camera6,64,0.91938531927591
Modelo4,PKLot,camera9,camera6,128,0.9293316093097275
Modelo4,PKLot,camera9,camera6,256,0.9303262383131092
Modelo4,PKLot,camera9,camera6,512,0.9374875671374577
Modelo4,PKLot,camera9,camera6,1024,0.9530535110403819
Modelo4,PKLot,camera9,camera7,64,0.823624135644596
Modelo4,PKLot,camera9,camera7,128,0.8365539452495975
Modelo4,PKLot,camera9,camera7,256,0.8263237662214644
Modelo4,PKLot,camera9,camera7,512,0.8355593445107512
Modelo4,PKLot,camera9,camera7,1024,0.8859524486122952
Modelo4,PKLot,camera9,camera8,64,0.9217737917289487
Modelo4,PKLot,camera9,camera8,128,0.9309500083042684
Modelo4,PKLot,camera9,camera8,256,0.930119581464873
Modelo4,PKLot,camera9,camera8,512,0.9396279687759508
Modelo4,PKLot,camera9,camera8,1024,0.9573575817970437
Modelo4,PKLot,camera9,camera9,64,0.9040930979133226
Modelo4,PKLot,camera9,camera9,128,0.9207463884430177
Modelo4,PKLot,camera9,camera9,256,0.9091091492776886
Modelo4,PKLot,camera9,camera9,512,0.9263643659711075
Modelo4,PKLot,camera9,camera9,1024,0.9452247191011236
Modelo5,CNR,PUC,PUC,64,0.9337914926110588
Modelo5,CNR,PUC,PUC,128,0.9641587686595098
Modelo5,CNR,PUC,PUC,256,0.978685112817979
Modelo5,CNR,PUC,PUC,512,0.9789306622347992
Modelo5,CNR,PUC,PUC,1024,0.9817365134977316
Modelo5,CNR,PUC,UFPR04,64,0.8033880369981954
Modelo5,CNR,PUC,UFPR04,128,0.8625983768411705
Modelo5,CNR,PUC,UFPR04,256,0.9009476299802538
Modelo5,CNR,PUC,UFPR04,512,0.9107640561964419
Modelo5,CNR,PUC,UFPR04,1024,0.9119261547764141
Modelo5,CNR,PUC,UFPR05,64,0.7340652049341014
Modelo5,CNR,PUC,UFPR05,128,0.7710166782278252
Modelo5,CNR,PUC,UFPR05,256,0.8820339596465302
Modelo5,CNR,PUC,UFPR05,512,0.8948939892028832
Modelo5,CNR,PUC,UFPR05,1024,0.9051482341586995
Modelo5,CNR,UFPR04,PUC,64,0.73668330099971
Modelo5,CNR,UFPR04,PUC,128,0.7699323233299468
Modelo5,CNR,UFPR04,PUC,256,0.8481034738804827
Modelo5,CNR,UFPR04,PUC,512,0.9230310473500966
Modelo5,CNR,UFPR04,PUC,1024,0.9510870461997581
Modelo5,CNR,UFPR04,UFPR04,64,0.92005867253392
Modelo5,CNR,UFPR04,UFPR04,128,0.9453848610667518
Modelo5,CNR,UFPR04,UFPR04,256,0.9450773034292677
Modelo5,CNR,UFPR04,UFPR04,512,0.9612950542366064
Modelo5,CNR,UFPR04,UFPR04,1024,0.9717875013307783
Modelo5,CNR,UFPR04,UFPR05,64,0.5924540820942787
Modelo5,CNR,UFPR04,UFPR05,128,0.6020387851735681
Modelo5,CNR,UFPR04,UFPR05,256,0.7714147842084628
Modelo5,CNR,UFPR04,UFPR05,512,0.8135114757064873
Modelo5,CNR,UFPR04,UFPR05,1024,0.8298579485478179
Modelo5,CNR,UFPR05,PUC,64,0.6629060659134465
Modelo5,CNR,UFPR05,PUC,128,0.7489928646018721
Modelo5,CNR,UFPR05,PUC,256,0.7764760515106441
Modelo5,CNR,UFPR05,PUC,512,0.7510672452931595
Modelo5,CNR,UFPR05,PUC,1024,0.8156370588110499
Modelo5,CNR,UFPR05,UFPR04,64,0.7144166359608098
Modelo5,CNR,UFPR05,UFPR04,128,0.7716334571015561
Modelo5,CNR,UFPR05,UFPR04,256,0.7641128841775082
Modelo5,CNR,UFPR05,UFPR04,512,0.7647175533573312
Modelo5,CNR,UFPR05,UFPR04,1024,0.8534622034522831
Modelo5,CNR,UFPR05,UFPR05,64,0.9116189782461891
Modelo5,CNR,UFPR05,UFPR05,128,0.964345602573733
Modelo5,CNR,UFPR05,UFPR05,256,0.9605517743734493
Modelo5,CNR,UFPR05,UFPR05,512,0.9658327832282443
Modelo5,CNR,UFPR05,UFPR05,1024,0.9782310137867717
Modelo5,Kyoto,PUC,PUC,64,0.935914596715028
Modelo5,Kyoto,PUC,PUC,128,0.9699201964395334
Modelo5,Kyoto,PUC,PUC,256,0.9714473940319514
Modelo5,Kyoto,PUC,PUC,512,0.9794696731497702
Modelo5,Kyoto,PUC,PUC,1024,0.9821467606941263
Modelo5,Kyoto,PUC,UFPR04,64,0.8103417325661593
Modelo5,Kyoto,PUC,UFPR04,128,0.8886747352210349
Modelo5,Kyoto,PUC,UFPR04,256,0.8857269729693981
Modelo5,Kyoto,PUC,UFPR04,512,0.914269247848228
Modelo5,Kyoto,PUC,UFPR04,1024,0.9367931747966327
Modelo5,Kyoto,PUC,UFPR05,64,0.7872002895316222
Modelo5,Kyoto,PUC,UFPR05,128,0.8199716500286516
Modelo5,Kyoto,PUC,UFPR05,256,0.9156497873752149
Modelo5,Kyoto,PUC,UFPR05,512,0.8791627710589016
Modelo5,Kyoto,PUC,UFPR05,1024,0.8443586572971017
Modelo5,Kyoto,PUC,camera1,64,0.10022271714922049
Modelo5,Kyoto,PUC,camera1,128,0.08895959274578429
Modelo5,Kyoto,PUC,camera1,256,0.13051224944320713
Modelo5,Kyoto,PUC,camera1,512,0.09691377664651607
Modelo5,Kyoto,PUC,camera1,1024,0.08450524976137448
Modelo5,Kyoto,PUC,camera2,64,0.13064713064713065
Modelo5,Kyoto,PUC,camera2,128,0.10158730158730159
Modelo5,Kyoto,PUC,camera2,256,0.1264957264957265
Modelo5,Kyoto,PUC,camera2,512,0.10598290598290598
Modelo5,Kyoto,PUC,camera2,1024,0.09304029304029304
Modelo5,Kyoto,PUC,camera3,64,0.13367120684193856
Modelo5,Kyoto,PUC,camera3,128,0.09587160806673002
Modelo5,Kyoto,PUC,camera3,256,0.09914475768134305
Modelo5,Kyoto,PUC,camera3,512,0.09449899693802133
Modelo5,Kyoto,PUC,camera3,1024,0.09418224052370394
Modelo5,Kyoto,PUC,camera4,64,0.08777750965250965
Modelo5,Kyoto,PUC,camera4,128,0.06611969111969113
Modelo5,Kyoto,PUC,camera4,256,0.08530405405405406
Modelo5,Kyoto,PUC,camera4,512,0.08572635135135136
Modelo5,Kyoto,PUC,camera4,1024,0.09356901544401544
Modelo5,Kyoto,PUC,camera5,64,0.0917554467799213
Modelo5,Kyoto,PUC,camera5,128,0.06435358479700547
Modelo5,Kyoto,PUC,camera5,256,0.07414339188021883
Modelo5,Kyoto,PUC,camera5,512,0.07183990786063922
Modelo5,Kyoto,PUC,camera5,1024,0.07596698339571936
Modelo5,Kyoto,PUC,camera6,64,0.11020489357469664
Modelo5,Kyoto,PUC,camera6,128,0.07787945096479014
Modelo5,Kyoto,PUC,camera6,256,0.0791724686691864
Modelo5,Kyoto,PUC,camera6,512,0.08250447583051522
Modelo5,Kyoto,PUC,camera6,1024,0.08633379749353491
Modelo5,Kyoto,PUC,camera7,64,0.1199204319408923
Modelo5,Kyoto,PUC,camera7,128,0.1096902529127593
Modelo5,Kyoto,PUC,camera7,256,0.15776262195699536
Modelo5,Kyoto,PUC,camera7,512,0.13422373780430047
Modelo5,Kyoto,PUC,camera7,1024,0.12044141328028796
Modelo5,Kyoto,PUC,camera8,64,0.12373359906992194
Modelo5,Kyoto,PUC,camera8,128,0.078101644245142
Modelo5,Kyoto,PUC,camera8,256,0.08462049493439627
Modelo5,Kyoto,PUC,camera8,512,0.07880750705862813
Modelo5,Kyoto,PUC,camera8,1024,0.08408071748878924
Modelo5,Kyoto,PUC,camera9,64,0.15249922863313792
Modelo5,Kyoto,PUC,camera9,128,0.12017895711200247
Modelo5,Kyoto,PUC,camera9,256,0.13151804998457267
Modelo5,Kyoto,PUC,camera9,512,0.13275223696390004
Modelo5,Kyoto,PUC,camera9,1024,0.1468682505399568
Modelo5,Kyoto,UFPR04,PUC,64,0.7056147356461107
Modelo5,Kyoto,UFPR04,PUC,128,0.7415274513640232
Modelo5,Kyoto,UFPR04,PUC,256,0.8558517572125981
Modelo5,Kyoto,UFPR04,PUC,512,0.9346900097354457
Modelo5,Kyoto,UFPR04,PUC,1024,0.9277714786798452
Modelo5,Kyoto,UFPR04,UFPR04,64,0.9365130061393236
Modelo5,Kyoto,UFPR04,UFPR04,128,0.9626317470456723
Modelo5,Kyoto,UFPR04,UFPR04,256,0.9723553000461337
Modelo5,Kyoto,UFPR04,UFPR04,512,0.9704626376616157
Modelo5,Kyoto,UFPR04,UFPR04,1024,0.9781042620391072
Modelo5,Kyoto,UFPR04,UFPR05,64,0.6101697982326507
Modelo5,Kyoto,UFPR04,UFPR05,128,0.6524052236330187
Modelo5,Kyoto,UFPR04,UFPR05,256,0.8148083360979582
Modelo5,Kyoto,UFPR04,UFPR05,512,0.8644147540489188
Modelo5,Kyoto,UFPR04,UFPR05,1024,0.8606749705944446
Modelo5,Kyoto,UFPR04,camera1,64,0.27037861915367484
Modelo5,Kyoto,UFPR04,camera1,128,0.20967228762328985
Modelo5,Kyoto,UFPR04,camera1,256,0.13872096722876232
Modelo5,Kyoto,UFPR04,camera1,512,0.127521476296532
Modelo5,Kyoto,UFPR04,camera1,1024,0.1316576519249125
Modelo5,Kyoto,UFPR04,camera2,64,0.31746031746031744
Modelo5,Kyoto,UFPR04,camera2,128,0.2737484737484738
Modelo5,Kyoto,UFPR04,camera2,256,0.2083028083028083
Modelo5,Kyoto,UFPR04,camera2,512,0.14481074481074482
Modelo5,Kyoto,UFPR04,camera2,1024,0.19926739926739928
Modelo5,Kyoto,UFPR04,camera3,64,0.3288987435328899
Modelo5,Kyoto,UFPR04,camera3,128,0.24738675958188153
Modelo5,Kyoto,UFPR04,camera3,256,0.15732235244430368
Modelo5,Kyoto,UFPR04,camera3,512,0.11994509555485165
Modelo5,Kyoto,UFPR04,camera3,1024,0.14359624115721678
Modelo5,Kyoto,UFPR04,camera4,64,0.34308638996138996
Modelo5,Kyoto,UFPR04,camera4,128,0.2938585907335907
Modelo5,Kyoto,UFPR04,camera4,256,0.21736245173745175
Modelo5,Kyoto,UFPR04,camera4,512,0.161136583011583
Modelo5,Kyoto,UFPR04,camera4,1024,0.21875
Modelo5,Kyoto,UFPR04,camera5,64,0.3338132258374124
Modelo5,Kyoto,UFPR04,camera5,128,0.2625491889816681
Modelo5,Kyoto,UFPR04,camera5,256,0.1773682695076303
Modelo5,Kyoto,UFPR04,camera5,512,0.1294749976005375
Modelo5,Kyoto,UFPR04,camera5,1024,0.17204146271235243
Modelo5,Kyoto,UFPR04,camera6,64,0.3519494728466282
Modelo5,Kyoto,UFPR04,camera6,128,0.29048140043763676
Modelo5,Kyoto,UFPR04,camera6,256,0.20031828128108214
Modelo5,Kyoto,UFPR04,camera6,512,0.13681121941515814
Modelo5,Kyoto,UFPR04,camera6,1024,0.18410582852595983
Modelo5,Kyoto,UFPR04,camera7,64,0.3026901581888794
Modelo5,Kyoto,UFPR04,camera7,128,0.24130908402008147
Modelo5,Kyoto,UFPR04,camera7,256,0.15302642796248933
Modelo5,Kyoto,UFPR04,camera7,512,0.12868239083072844
Modelo5,Kyoto,UFPR04,camera7,1024,0.1618831107322156
Modelo5,Kyoto,UFPR04,camera8,64,0.35185185185185186
Modelo5,Kyoto,UFPR04,camera8,128,0.2908570004982561
Modelo5,Kyoto,UFPR04,camera8,256,0.19992526158445442
Modelo5,Kyoto,UFPR04,camera8,512,0.13270220893539278
Modelo5,Kyoto,UFPR04,camera8,1024,0.19045839561534628
Modelo5,Kyoto,UFPR04,camera9,64,0.361308238198087
Modelo5,Kyoto,UFPR04,camera9,128,0.32605677260104904
Modelo5,Kyoto,UFPR04,camera9,256,0.2707497685899414
Modelo5,Kyoto,UFPR04,camera9,512,0.21891391545819192
Modelo5,Kyoto,UFPR04,camera9,1024,0.2591021289725393
Modelo5,Kyoto,UFPR05,PUC,64,0.6812077610124864
Modelo5,Kyoto,UFPR05,PUC,128,0.7849574398370668
Modelo5,Kyoto,UFPR05,PUC,256,0.8703842083055374
Modelo5,Kyoto,UFPR05,PUC,512,0.7883070932033388
Modelo5,Kyoto,UFPR05,PUC,1024,0.8808951895583219
Modelo5,Kyoto,UFPR05,UFPR04,64,0.6164035410938843
Modelo5,Kyoto,UFPR05,UFPR04,128,0.7038254773579736
Modelo5,Kyoto,UFPR05,UFPR04,256,0.7986829549426981
Modelo5,Kyoto,UFPR05,UFPR04,512,0.7212947478812959
Modelo5,Kyoto,UFPR05,UFPR04,1024,0.899908354827433
Modelo5,Kyoto,UFPR05,UFPR05,64,0.9611663745418952
Modelo5,Kyoto,UFPR05,UFPR05,128,0.9764782651582405
Modelo5,Kyoto,UFPR05,UFPR05,256,0.9793463992776551
Modelo5,Kyoto,UFPR05,UFPR05,512,0.9763037490610276
Modelo5,Kyoto,UFPR05,UFPR05,1024,0.9802796810149249
Modelo5,Kyoto,UFPR05,camera1,64,0.36722876232898505
Modelo5,Kyoto,UFPR05,camera1,128,0.29258670060451797
Modelo5,Kyoto,UFPR05,camera1,256,0.20865415208399618
Modelo5,Kyoto,UFPR05,camera1,512,0.2942411708558702
Modelo5,Kyoto,UFPR05,camera1,1024,0.1732739420935412
Modelo5,Kyoto,UFPR05,camera2,64,0.3482295482295482
Modelo5,Kyoto,UFPR05,camera2,128,0.25934065934065936
Modelo5,Kyoto,UFPR05,camera2,256,0.18705738705738706
Modelo5,Kyoto,UFPR05,camera2,512,0.25665445665445663
Modelo5,Kyoto,UFPR05,camera2,1024,0.19413919413919414
Modelo5,Kyoto,UFPR05,camera3,64,0.2779009608277901
Modelo5,Kyoto,UFPR05,camera3,128,0.19596663499102523
Modelo5,Kyoto,UFPR05,camera3,256,0.11170942878259951
Modelo5,Kyoto,UFPR05,camera3,512,0.20061239573434694
Modelo5,Kyoto,UFPR05,camera3,1024,0.12670256572695598
Modelo5,Kyoto,UFPR05,camera4,64,0.2463199806949807
Modelo5,Kyoto,UFPR05,camera4,128,0.17398648648648649
Modelo5,Kyoto,UFPR05,camera4,256,0.1171573359073359
Modelo5,Kyoto,UFPR05,camera4,512,0.1694618725868726
Modelo5,Kyoto,UFPR05,camera4,1024,0.12162162162162163
Modelo5,Kyoto,UFPR05,camera5,64,0.30084461080717917
Modelo5,Kyoto,UFPR05,camera5,128,0.23821863902485843
Modelo5,Kyoto,UFPR05,camera5,256,0.14382378347250216
Modelo5,Kyoto,UFPR05,camera5,512,0.22267012189269603
Modelo5,Kyoto,UFPR05,camera5,1024,0.14478356848066032
Modelo5,Kyoto,UFPR05,camera6,64,0.22060871295006962
Modelo5,Kyoto,UFPR05,camera6,128,0.16635170081559578
Modelo5,Kyoto,UFPR05,camera6,256,0.10373980505271534
Modelo5,Kyoto,UFPR05,camera6,512,0.15630594788144023
Modelo5,Kyoto,UFPR05,camera6,1024,0.10786751541674955
Modelo5,Kyoto,UFPR05,camera7,64,0.3568722174860282
Modelo5,Kyoto,UFPR05,camera7,128,0.2886710239651416
Modelo5,Kyoto,UFPR05,camera7,256,0.2222222222222222
Modelo5,Kyoto,UFPR05,camera7,512,0.28284550535189923
Modelo5,Kyoto,UFPR05,camera7,1024,0.2040825992232642
Modelo5,Kyoto,UFPR05,camera8,64,0.2536123567513702
Modelo5,Kyoto,UFPR05,camera8,128,0.17372529480152799
Modelo5,Kyoto,UFPR05,camera8,256,0.1153462879920279
Modelo5,Kyoto,UFPR05,camera8,512,0.17210596246470686
Modelo5,Kyoto,UFPR05,camera8,1024,0.11858495266567015
Modelo5,Kyoto,UFPR05,camera9,64,0.3738815180499846
Modelo5,Kyoto,UFPR05,camera9,128,0.2645016970070966
Modelo5,Kyoto,UFPR05,camera9,256,0.20610922554767047
Modelo5,Kyoto,UFPR05,camera9,512,0.257790805307004
Modelo5,Kyoto,UFPR05,camera9,1024,0.18667078062326442
Modelo5,Kyoto,camera1,PUC,64,0.13843190963243387
Modelo5,Kyoto,camera1,PUC,128,0.1654412891333096
Modelo5,Kyoto,camera1,PUC,256,0.16338340919752112
Modelo5,Kyoto,camera1,PUC,512,0.15569405713504453
Modelo5,Kyoto,camera1,PUC,1024,0.11642697354928894
Modelo5,Kyoto,camera1,UFPR04,64,0.24384229471953742
Modelo5,Kyoto,camera1,UFPR04,128,0.2554443846073902
Modelo5,Kyoto,camera1,UFPR04,256,0.24274633183110833
Modelo5,Kyoto,camera1,UFPR04,512,0.22963256899369822
Modelo5,Kyoto,camera1,UFPR04,1024,0.1353514167209924
Modelo5,Kyoto,camera1,UFPR05,64,0.26685164520312454
Modelo5,Kyoto,camera1,UFPR05,128,0.23627589950839945
Modelo5,Kyoto,camera1,UFPR05,256,0.2582803028018216
Modelo5,Kyoto,camera1,UFPR05,512,0.248436227644238
Modelo5,Kyoto,camera1,UFPR05,1024,0.21113490364025697
Modelo5,Kyoto,camera1,camera1,64,0.8898431048720066
Modelo5,Kyoto,camera1,camera1,128,0.9228736581337738
Modelo5,Kyoto,camera1,camera1,256,0.9403798513625103
Modelo5,Kyoto,camera1,camera1,512,0.9471511147811725
Modelo5,Kyoto,camera1,camera1,1024,0.9377374071015689
Modelo5,Kyoto,camera1,camera2,64,0.9169719169719169
Modelo5,Kyoto,camera1,camera2,128,0.9472527472527472
Modelo5,Kyoto,camera1,camera2,256,0.944078144078144
Modelo5,Kyoto,camera1,camera2,512,0.9448107448107448
Modelo5,Kyoto,camera1,camera2,1024,0.9467643467643467
Modelo5,Kyoto,camera1,camera3,64,0.9137366698342309
Modelo5,Kyoto,camera1,camera3,128,0.9440397001372611
Modelo5,Kyoto,camera1,camera3,256,0.9346425931791785
Modelo5,Kyoto,camera1,camera3,512,0.9311582726216873
Modelo5,Kyoto,camera1,camera3,1024,0.9462569950374828
Modelo5,Kyoto,camera1,camera4,64,0.9273045366795367
Modelo5,Kyoto,camera1,camera4,128,0.9401544401544402
Modelo5,Kyoto,camera1,camera4,256,0.9376809845559846
Modelo5,Kyoto,camera1,camera4,512,0.9402147683397684
Modelo5,Kyoto,camera1,camera4,1024,0.940094111969112
Modelo5,Kyoto,camera1,camera5,64,0.9027257894231692
Modelo5,Kyoto,camera1,camera5,128,0.919618005566753
Modelo5,Kyoto,camera1,camera5,256,0.9227373068432672
Modelo5,Kyoto,camera1,camera5,512,0.93483059794606
Modelo5,Kyoto,camera1,camera5,1024,0.9188501775602265
Modelo5,Kyoto,camera1,camera6,64,0.9166998209667794
Modelo5,Kyoto,camera1,camera6,128,0.931320867316491
Modelo5,Kyoto,camera1,camera6,256,0.9274915456534712
Modelo5,Kyoto,camera1,camera6,512,0.9300775810622638
Modelo5,Kyoto,camera1,camera6,1024,0.9339069027252834
Modelo5,Kyoto,camera1,camera7,64,0.8230084304253102
Modelo5,Kyoto,camera1,camera7,128,0.8707019039499858
Modelo5,Kyoto,camera1,camera7,256,0.887373306810647
Modelo5,Kyoto,camera1,camera7,512,0.889030974708724
Modelo5,Kyoto,camera1,camera7,1024,0.8722648479681728
Modelo5,Kyoto,camera1,camera8,64,0.9147982062780269
Modelo5,Kyoto,camera1,camera8,128,0.9346869290815479
Modelo5,Kyoto,camera1,camera8,256,0.9366384321541272
Modelo5,Kyoto,camera1,camera8,512,0.9348945357913968
Modelo5,Kyoto,camera1,camera8,1024,0.9423683773459558
Modelo5,Kyoto,camera1,camera9,64,0.8713360074051218
Modelo5,Kyoto,camera1,camera9,128,0.9048133292193767
Modelo5,Kyoto,camera1,camera9,256,0.9031163221228016
Modelo5,Kyoto,camera1,camera9,512,0.896636840481333
Modelo5,Kyoto,camera1,camera9,1024,0.8972539339709966
Modelo5,Kyoto,camera2,PUC,64,0.18626759982367763
Modelo5,Kyoto,camera2,PUC,128,0.10198645523698621
Modelo5,Kyoto,camera2,PUC,256,0.09424524365722745
Modelo5,Kyoto,camera2,PUC,512,0.1292622040766295
Modelo5,Kyoto,camera2,PUC,1024,0.11416165554437172
Modelo5,Kyoto,camera2,UFPR04,64,0.37110626116039797
Modelo5,Kyoto,camera2,UFPR04,128,0.2814262634279074
Modelo5,Kyoto,camera2,UFPR04,256,0.24459813119431612
Modelo5,Kyoto,camera2,UFPR04,512,0.1659911378173332
Modelo5,Kyoto,camera2,UFPR04,1024,0.14599926305943708
Modelo5,Kyoto,camera2,UFPR05,64,0.47138764061887384
Modelo5,Kyoto,camera2,UFPR05,128,0.3343909280091685
Modelo5,Kyoto,camera2,UFPR05,256,0.2164972705612691
Modelo5,Kyoto,camera2,UFPR05,512,0.17909943601652742
Modelo5,Kyoto,camera2,UFPR05,1024,0.2311970323008716
Modelo5,Kyoto,camera2,camera1,64,0.7498568246897869
Modelo5,Kyoto,camera2,camera1,128,0.8197900095450207
Modelo5,Kyoto,camera2,camera1,256,0.8362074451161311
Modelo5,Kyoto,camera2,camera1,512,0.8946229716831053
Modelo5,Kyoto,camera2,camera1,1024,0.8882596245625198
Modelo5,Kyoto,camera2,camera2,64,0.9671201814058957
Modelo5,Kyoto,camera2,camera2,128,0.9761904761904762
Modelo5,Kyoto,camera2,camera2,256,0.9761904761904762
Modelo5,Kyoto,camera2,camera2,512,0.9863945578231292
Modelo5,Kyoto,camera2,camera2,1024,0.9931972789115646
Modelo5,Kyoto,camera2,camera3,64,0.8841727378312744
Modelo5,Kyoto,camera2,camera3,128,0.9314750290360047
Modelo5,Kyoto,camera2,camera3,256,0.923661704149509
Modelo5,Kyoto,camera2,camera3,512,0.950480413895048
Modelo5,Kyoto,camera2,camera3,1024,0.9355928624221307
Modelo5,Kyoto,camera2,camera4,64,0.8885738416988417
Modelo5,Kyoto,camera2,camera4,128,0.9207287644787645
Modelo5,Kyoto,camera2,camera4,256,0.9151182432432432
Modelo5,Kyoto,camera2,camera4,512,0.9581322393822393
Modelo5,Kyoto,camera2,camera4,1024,0.9473938223938224
Modelo5,Kyoto,camera2,camera5,64,0.8435550436702178
Modelo5,Kyoto,camera2,camera5,128,0.8852097130242825
Modelo5,Kyoto,camera2,camera5,256,0.8836260677608215
Modelo5,Kyoto,camera2,camera5,512,0.936990114214416
Modelo5,Kyoto,camera2,camera5,1024,0.9286879738938478
Modelo5,Kyoto,camera2,camera6,64,0.8548338969564353
Modelo5,Kyoto,camera2,camera6,128,0.9106823154963198
Modelo5,Kyoto,camera2,camera6,256,0.9150089516610305
Modelo5,Kyoto,camera2,camera6,512,0.9507658643326039
Modelo5,Kyoto,camera2,camera6,1024,0.9482792918241496
Modelo5,Kyoto,camera2,camera7,64,0.7455242966751918
Modelo5,Kyoto,camera2,camera7,128,0.8081841432225064
Modelo5,Kyoto,camera2,camera7,256,0.8240503931041016
Modelo5,Kyoto,camera2,camera7,512,0.8955669224211423
Modelo5,Kyoto,camera2,camera7,1024,0.9019134223737805
Modelo5,Kyoto,camera2,camera8,64,0.8668410563029397
Modelo5,Kyoto,camera2,camera8,128,0.9132619166251453
Modelo5,Kyoto,camera2,camera8,256,0.9250124564025909
Modelo5,Kyoto,camera2,camera8,512,0.9536206610197642
Modelo5,Kyoto,camera2,camera8,1024,0.9550739079887062
Modelo5,Kyoto,camera2,camera9,64,0.7919623572971305
Modelo5,Kyoto,camera2,camera9,128,0.8609225547670472
Modelo5,Kyoto,camera2,camera9,256,0.8803609996914532
Modelo5,Kyoto,camera2,camera9,512,0.9232489972230793
Modelo5,Kyoto,camera2,camera9,1024,0.9247917309472385
Modelo5,Kyoto,camera3,PUC,64,0.15299736223637098
Modelo5,Kyoto,camera3,PUC,128,0.15654738191941503
Modelo5,Kyoto,camera3,PUC,256,0.12815901070899033
Modelo5,Kyoto,camera3,PUC,512,0.06610202652850034
Modelo5,Kyoto,camera3,PUC,1024,0.08846290748026392
Modelo5,Kyoto,camera3,UFPR04,64,0.3619322959477717
Modelo5,Kyoto,camera3,UFPR04,128,0.33023440378674074
Modelo5,Kyoto,camera3,UFPR04,256,0.19807639617168826
Modelo5,Kyoto,camera3,UFPR04,512,0.22656198331490982
Modelo5,Kyoto,camera3,UFPR04,1024,0.28775639390417884
Modelo5,Kyoto,camera3,UFPR05,64,0.21339686943933409
Modelo5,Kyoto,camera3,UFPR05,128,0.15237808004342973
Modelo5,Kyoto,camera3,UFPR05,256,0.18446180293753958
Modelo5,Kyoto,camera3,UFPR05,512,0.0994963356154055
Modelo5,Kyoto,camera3,UFPR05,1024,0.1914708809602799
Modelo5,Kyoto,camera3,camera1,64,0.7936366528794145
Modelo5,Kyoto,camera3,camera1,128,0.7348393254852053
Modelo5,Kyoto,camera3,camera1,256,0.8686605154311168
Modelo5,Kyoto,camera3,camera1,512,0.8496341075405663
Modelo5,Kyoto,camera3,camera1,1024,0.7648743238943685
Modelo5,Kyoto,camera3,camera2,64,0.9067155067155067
Modelo5,Kyoto,camera3,camera2,128,0.8376068376068376
Modelo5,Kyoto,camera3,camera2,256,0.9352869352869353
Modelo5,Kyoto,camera3,camera2,512,0.9457875457875458
Modelo5,Kyoto,camera3,camera2,1024,0.9235653235653236
Modelo5,Kyoto,camera3,camera3,64,0.9615975422427036
Modelo5,Kyoto,camera3,camera3,128,0.9259600614439324
Modelo5,Kyoto,camera3,camera3,256,0.9505376344086022
Modelo5,Kyoto,camera3,camera3,512,0.9726574500768049
Modelo5,Kyoto,camera3,camera3,1024,0.9505376344086022
Modelo5,Kyoto,camera3,camera4,64,0.9161438223938224
Modelo5,Kyoto,camera3,camera4,128,0.8791023166023166
Modelo5,Kyoto,camera3,camera4,256,0.9396114864864865
Modelo5,Kyoto,camera3,camera4,512,0.9461872586872587
Modelo5,Kyoto,camera3,camera4,1024,0.9069739382239382
Modelo5,Kyoto,camera3,camera5,64,0.8946156061042326
Modelo5,Kyoto,camera3,camera5,128,0.8252711392648047
Modelo5,Kyoto,camera3,camera5,256,0.9000863806507342
Modelo5,Kyoto,camera3,camera5,512,0.9072367789615127
Modelo5,Kyoto,camera3,camera5,1024,0.846146463192245
Modelo5,Kyoto,camera3,camera6,64,0.9160035806644121
Modelo5,Kyoto,camera3,camera6,128,0.8765665406803262
Modelo5,Kyoto,camera3,camera6,256,0.931320867316491
Modelo5,Kyoto,camera3,camera6,512,0.9363934752337378
Modelo5,Kyoto,camera3,camera6,1024,0.894171474040183
Modelo5,Kyoto,camera3,camera7,64,0.8008430425310221
Modelo5,Kyoto,camera3,camera7,128,0.768494837548546
Modelo5,Kyoto,camera3,camera7,256,0.8707492658899308
Modelo5,Kyoto,camera3,camera7,512,0.8379748034479493
Modelo5,Kyoto,camera3,camera7,1024,0.7881026806858009
Modelo5,Kyoto,camera3,camera8,64,0.9275037369207773
Modelo5,Kyoto,camera3,camera8,128,0.895241654210264
Modelo5,Kyoto,camera3,camera8,256,0.9434064108952002
Modelo5,Kyoto,camera3,camera8,512,0.9413718651386813
Modelo5,Kyoto,camera3,camera8,1024,0.9121823617339312
Modelo5,Kyoto,camera3,camera9,64,0.8538259796359149
Modelo5,Kyoto,camera3,camera9,128,0.8181888306078371
Modelo5,Kyoto,camera3,camera9,256,0.8986423943227398
Modelo5,Kyoto,camera3,camera9,512,0.8875347115087936
Modelo5,Kyoto,camera3,camera9,1024,0.8406356062943536
Modelo5,Kyoto,camera4,PUC,64,0.21232936450876072
Modelo5,Kyoto,camera4,PUC,128,0.10329944392453969
Modelo5,Kyoto,camera4,PUC,256,0.09927325958281376
Modelo5,Kyoto,camera4,PUC,512,0.07428640125594321
Modelo5,Kyoto,camera4,PUC,1024,0.05022358523700978
Modelo5,Kyoto,camera4,UFPR04,64,0.40328599907410034
Modelo5,Kyoto,camera4,UFPR04,128,0.28914524342658465
Modelo5,Kyoto,camera4,UFPR04,256,0.321183262001266
Modelo5,Kyoto,camera4,UFPR04,512,0.21214440255850647
Modelo5,Kyoto,camera4,UFPR04,1024,0.10870818098504388
Modelo5,Kyoto,camera4,UFPR05,64,0.44605965557800764
Modelo5,Kyoto,camera4,UFPR05,128,0.27414422293934915
Modelo5,Kyoto,camera4,UFPR05,256,0.26785897397231356
Modelo5,Kyoto,camera4,UFPR05,512,0.12864251892511386
Modelo5,Kyoto,camera4,UFPR05,1024,0.09751786952981271
Modelo5,Kyoto,camera4,camera1,64,0.7403754374801146
Modelo5,Kyoto,camera4,camera1,128,0.8330257715558383
Modelo5,Kyoto,camera4,camera1,256,0.8145720649061406
Modelo5,Kyoto,camera4,camera1,512,0.8519249125039771
Modelo5,Kyoto,camera4,camera1,1024,0.8955774737511931
Modelo5,Kyoto,camera4,camera2,64,0.8583638583638583
Modelo5,Kyoto,camera4,camera2,128,0.9338217338217338
Modelo5,Kyoto,camera4,camera2,256,0.9250305250305251
Modelo5,Kyoto,camera4,camera2,512,0.9477411477411477
Modelo5,Kyoto,camera4,camera2,1024,0.9611721611721612
Modelo5,Kyoto,camera4,camera3,64,0.8663287931580614
Modelo5,Kyoto,camera4,camera3,128,0.9176433322774786
Modelo5,Kyoto,camera4,camera3,256,0.9165874775630873
Modelo5,Kyoto,camera4,camera3,512,0.939077182979622
Modelo5,Kyoto,camera4,camera3,1024,0.956076443881322
Modelo5,Kyoto,camera4,camera4,64,0.9125136697391033
Modelo5,Kyoto,camera4,camera4,128,0.9525074207155132
Modelo5,Kyoto,camera4,camera4,256,0.9340728011248243
Modelo5,Kyoto,camera4,camera4,512,0.9534447742540229
Modelo5,Kyoto,camera4,camera4,1024,0.9709420403062021
Modelo5,Kyoto,camera4,camera5,64,0.8577598617909589
Modelo5,Kyoto,camera4,camera5,128,0.9155869085324887
Modelo5,Kyoto,camera4,camera5,256,0.8914963048277186
Modelo5,Kyoto,camera4,camera5,512,0.9207217583261349
Modelo5,Kyoto,camera4,camera5,1024,0.9474997600537479
Modelo5,Kyoto,camera4,camera6,64,0.875920031828128
Modelo5,Kyoto,camera4,camera6,128,0.9288840262582057
Modelo5,Kyoto,camera4,camera6,256,0.9137656654068033
Modelo5,Kyoto,camera4,camera6,512,0.9420131291028446
Modelo5,Kyoto,camera4,camera6,1024,0.9586234334593197
Modelo5,Kyoto,camera4,camera7,64,0.7367149758454107
Modelo5,Kyoto,camera4,camera7,128,0.8422373780430047
Modelo5,Kyoto,camera4,camera7,256,0.8163777588330018
Modelo5,Kyoto,camera4,camera7,512,0.8608979823813584
Modelo5,Kyoto,camera4,camera7,1024,0.8999242208960879
Modelo5,Kyoto,camera4,camera8,64,0.8735259923600731
Modelo5,Kyoto,camera4,camera8,128,0.9357249626307922
Modelo5,Kyoto,camera4,camera8,256,0.9295382826772961
Modelo5,Kyoto,camera4,camera8,512,0.950548081714001
Modelo5,Kyoto,camera4,camera8,1024,0.9657864142169075
Modelo5,Kyoto,camera4,camera9,64,0.777383523603826
Modelo5,Kyoto,camera4,camera9,128,0.8876889848812095
Modelo5,Kyoto,camera4,camera9,256,0.8661678494291886
Modelo5,Kyoto,camera4,camera9,512,0.8930114162295588
Modelo5,Kyoto,camera4,camera9,1024,0.9314254859611231
Modelo5,Kyoto,camera5,PUC,64,0.14945912880725468
Modelo5,Kyoto,camera5,PUC,128,0.08223033640325961
Modelo5,Kyoto,camera5,PUC,256,0.09953019991843912
Modelo5,Kyoto,camera5,PUC,512,0.06851820858369301
Modelo5,Kyoto,camera5,PUC,1024,0.05241818571836039
Modelo5,Kyoto,camera5,UFPR04,64,0.3759152707311773
Modelo5,Kyoto,camera5,UFPR04,128,0.23863647099949925
Modelo5,Kyoto,camera5,UFPR04,256,0.2501440813280047
Modelo5,Kyoto,camera5,UFPR04,512,0.2260423457384995
Modelo5,Kyoto,camera5,UFPR04,1024,0.08425687102595353
Modelo5,Kyoto,camera5,UFPR05,64,0.36806104291703107
Modelo5,Kyoto,camera5,UFPR05,128,0.20299182676357932
Modelo5,Kyoto,camera5,UFPR05,256,0.13701480833609797
Modelo5,Kyoto,camera5,UFPR05,512,0.16192659166993395
Modelo5,Kyoto,camera5,UFPR05,1024,0.16316313297342944
Modelo5,Kyoto,camera5,camera1,64,0.777728285077951
Modelo5,Kyoto,camera5,camera1,128,0.842316258351893
Modelo5,Kyoto,camera5,camera1,256,0.7838370983137131
Modelo5,Kyoto,camera5,camera1,512,0.8029907731466751
Modelo5,Kyoto,camera5,camera1,1024,0.9149856824689787
Modelo5,Kyoto,camera5,camera2,64,0.8774114774114774
Modelo5,Kyoto,camera5,camera2,128,0.9177045177045177
Modelo5,Kyoto,camera5,camera2,256,0.8913308913308914
Modelo5,Kyoto,camera5,camera2,512,0.8859584859584859
Modelo5,Kyoto,camera5,camera2,1024,0.9694749694749695
Modelo5,Kyoto,camera5,camera3,64,0.8848062506599091
Modelo5,Kyoto,camera5,camera3,128,0.9238728750923872
Modelo5,Kyoto,camera5,camera3,256,0.9046563192904656
Modelo5,Kyoto,camera5,camera3,512,0.90655685777637
Modelo5,Kyoto,camera5,camera3,1024,0.9490022172949002
Modelo5,Kyoto,camera5,camera4,64,0.9107142857142857
Modelo5,Kyoto,camera5,camera4,128,0.9470318532818532
Modelo5,Kyoto,camera5,camera4,256,0.9272442084942085
Modelo5,Kyoto,camera5,camera4,512,0.9353885135135135
Modelo5,Kyoto,camera5,camera4,1024,0.9724903474903475
Modelo5,Kyoto,camera5,camera5,64,0.8501317523056654
Modelo5,Kyoto,camera5,camera5,128,0.9142512077294686
Modelo5,Kyoto,camera5,camera5,256,0.8668203776899429
Modelo5,Kyoto,camera5,camera5,512,0.8786780851998244
Modelo5,Kyoto,camera5,camera5,1024,0.9637681159420289
Modelo5,Kyoto,camera5,camera6,64,0.8915357071812214
Modelo5,Kyoto,camera5,camera6,128,0.9394270936940521
Modelo5,Kyoto,camera5,camera6,256,0.9287845633578675
Modelo5,Kyoto,camera5,camera6,512,0.9277402029043167
Modelo5,Kyoto,camera5,camera6,1024,0.9665307340362045
Modelo5,Kyoto,camera5,camera7,64,0.7616747181964574
Modelo5,Kyoto,camera5,camera7,128,0.8560197025670171
Modelo5,Kyoto,camera5,camera7,256,0.816519844652837
Modelo5,Kyoto,camera5,camera7,512,0.8395377474661362
Modelo5,Kyoto,camera5,camera7,1024,0.9238893625082883
Modelo5,Kyoto,camera5,camera8,64,0.8912971267231357
Modelo5,Kyoto,camera5,camera8,128,0.9463129048330842
Modelo5,Kyoto,camera5,camera8,256,0.9400847035376183
Modelo5,Kyoto,camera5,camera8,512,0.943074240159442
Modelo5,Kyoto,camera5,camera8,1024,0.9693572496263079
Modelo5,Kyoto,camera5,camera9,64,0.7817803147176797
Modelo5,Kyoto,camera5,camera9,128,0.8624652884912064
Modelo5,Kyoto,camera5,camera9,256,0.8503548287565567
Modelo5,Kyoto,camera5,camera9,512,0.8642394322739895
Modelo5,Kyoto,camera5,camera9,1024,0.9369793273680963
Modelo5,Kyoto,camera6,PUC,64,0.11653540708542441
Modelo5,Kyoto,camera6,PUC,128,0.08386155394686286
Modelo5,Kyoto,camera6,PUC,256,0.08875756382845815
Modelo5,Kyoto,camera6,PUC,512,0.07387152511768574
Modelo5,Kyoto,camera6,PUC,1024,0.05882283610271013
Modelo5,Kyoto,camera6,UFPR04,64,0.35870109501809283
Modelo5,Kyoto,camera6,UFPR04,128,0.2814357113838421
Modelo5,Kyoto,camera6,UFPR04,256,0.25457517266139473
Modelo5,Kyoto,camera6,UFPR04,512,0.22817758377974925
Modelo5,Kyoto,camera6,UFPR04,1024,0.1767240157591905
Modelo5,Kyoto,camera6,UFPR05,64,0.3363512983683687
Modelo5,Kyoto,camera6,UFPR05,128,0.2705130138432307
Modelo5,Kyoto,camera6,UFPR05,256,0.19238773109750582
Modelo5,Kyoto,camera6,UFPR05,512,0.16803691528184095
Modelo5,Kyoto,camera6,UFPR05,1024,0.12641071267002443
Modelo5,Kyoto,camera6,camera1,64,0.8133630289532294
Modelo5,Kyoto,camera6,camera1,128,0.8214444797963729
Modelo5,Kyoto,camera6,camera1,256,0.8137448297804645
Modelo5,Kyoto,camera6,camera1,512,0.8124721603563474
Modelo5,Kyoto,camera6,camera1,1024,0.832707604199809
Modelo5,Kyoto,camera6,camera2,64,0.9035409035409036
Modelo5,Kyoto,camera6,camera2,128,0.915018315018315
Modelo5,Kyoto,camera6,camera2,256,0.9196581196581196
Modelo5,Kyoto,camera6,camera2,512,0.9098901098901099
Modelo5,Kyoto,camera6,camera2,1024,0.9262515262515263
Modelo5,Kyoto,camera6,camera3,64,0.9175377468060395
Modelo5,Kyoto,camera6,camera3,128,0.926829268292683
Modelo5,Kyoto,camera6,camera3,256,0.9145813536057439
Modelo5,Kyoto,camera6,camera3,512,0.9078238834336395
Modelo5,Kyoto,camera6,camera3,1024,0.9246119733924612
Modelo5,Kyoto,camera6,camera4,64,0.9355091698841699
Modelo5,Kyoto,camera6,camera4,128,0.9346645752895753
Modelo5,Kyoto,camera6,camera4,256,0.9396718146718147
Modelo5,Kyoto,camera6,camera4,512,0.9399734555984556
Modelo5,Kyoto,camera6,camera4,1024,0.9451616795366795
Modelo5,Kyoto,camera6,camera5,64,0.91280353200883
Modelo5,Kyoto,camera6,camera5,128,0.9130914675112775
Modelo5,Kyoto,camera6,camera5,256,0.9284960168922162
Modelo5,Kyoto,camera6,camera5,512,0.9167386505422785
Modelo5,Kyoto,camera6,camera5,1024,0.9319032536711777
Modelo5,Kyoto,camera6,camera6,64,0.9250115366866636
Modelo5,Kyoto,camera6,camera6,128,0.9379326257498847
Modelo5,Kyoto,camera6,camera6,256,0.9476234425473005
Modelo5,Kyoto,camera6,camera6,512,0.9439317028149515
Modelo5,Kyoto,camera6,camera6,1024,0.9507383479464697
Modelo5,Kyoto,camera6,camera7,64,0.8104575163398693
Modelo5,Kyoto,camera6,camera7,128,0.8371696504688833
Modelo5,Kyoto,camera6,camera7,256,0.8408165198446529
Modelo5,Kyoto,camera6,camera7,512,0.8320545609548167
Modelo5,Kyoto,camera6,camera7,1024,0.8502889078336648
Modelo5,Kyoto,camera6,camera8,64,0.920611194153795
Modelo5,Kyoto,camera6,camera8,128,0.9396279687759508
Modelo5,Kyoto,camera6,camera8,256,0.9425759840558047
Modelo5,Kyoto,camera6,camera8,512,0.9362647400763993
Modelo5,Kyoto,camera6,camera8,1024,0.9471018103305099
Modelo5,Kyoto,camera6,camera9,64,0.8303764270286949
Modelo5,Kyoto,camera6,camera9,128,0.8839092872570194
Modelo5,Kyoto,camera6,camera9,256,0.8931656896019747
Modelo5,Kyoto,camera6,camera9,512,0.8871490280777538
Modelo5,Kyoto,camera6,camera9,1024,0.8998765813020673
Modelo5,Kyoto,camera7,PUC,64,0.11081671667967083
Modelo5,Kyoto,camera7,PUC,128,0.11951732932915
Modelo5,Kyoto,camera7,PUC,256,0.1099398193874448
Modelo5,Kyoto,camera7,PUC,512,0.09197521115073912
Modelo5,Kyoto,camera7,PUC,1024,0.09644220138936362
Modelo5,Kyoto,camera7,UFPR04,64,0.26863373109227817
Modelo5,Kyoto,camera7,UFPR04,128,0.1318178812014021
Modelo5,Kyoto,camera7,UFPR04,256,0.145895335544155
Modelo5,Kyoto,camera7,UFPR04,512,0.12924803718715455
Modelo5,Kyoto,camera7,UFPR04,1024,0.07732207136985914
Modelo5,Kyoto,camera7,UFPR05,64,0.2795246855867539
Modelo5,Kyoto,camera7,UFPR05,128,0.27176161896432127
Modelo5,Kyoto,camera7,UFPR05,256,0.17216877280815515
Modelo5,Kyoto,camera7,UFPR05,512,0.16113641161745634
Modelo5,Kyoto,camera7,UFPR05,1024,0.24842416382664295
Modelo5,Kyoto,camera7,camera1,64,0.8644607063315304
Modelo5,Kyoto,camera7,camera1,128,0.9044225262488069
Modelo5,Kyoto,camera7,camera1,256,0.8960229080496341
Modelo5,Kyoto,camera7,camera1,512,0.891250397709195
Modelo5,Kyoto,camera7,camera1,1024,0.9152402163538021
Modelo5,Kyoto,camera7,camera2,64,0.915018315018315
Modelo5,Kyoto,camera7,camera2,128,0.9504273504273504
Modelo5,Kyoto,camera7,camera2,256,0.9511599511599511
Modelo5,Kyoto,camera7,camera2,512,0.9611721611721612
Modelo5,Kyoto,camera7,camera2,1024,0.9641025641025641
Modelo5,Kyoto,camera7,camera3,64,0.9351705205363742
Modelo5,Kyoto,camera7,camera3,128,0.9476296061661915
Modelo5,Kyoto,camera7,camera3,256,0.9535423925667829
Modelo5,Kyoto,camera7,camera3,512,0.951325097666561
Modelo5,Kyoto,camera7,camera3,1024,0.9506915848379263
Modelo5,Kyoto,camera7,camera4,64,0.9508928571428571
Modelo5,Kyoto,camera7,camera4,128,0.9576496138996139
Modelo5,Kyoto,camera7,camera4,256,0.961932915057915
Modelo5,Kyoto,camera7,camera4,512,0.9631394787644788
Modelo5,Kyoto,camera7,camera4,1024,0.9701978764478765
Modelo5,Kyoto,camera7,camera5,64,0.9438525770227469
Modelo5,Kyoto,camera7,camera5,128,0.9510989538343411
Modelo5,Kyoto,camera7,camera5,256,0.953258470102697
Modelo5,Kyoto,camera7,camera5,512,0.9551780401190133
Modelo5,Kyoto,camera7,camera5,1024,0.9640560514444765
Modelo5,Kyoto,camera7,camera6,64,0.939974139645912
Modelo5,Kyoto,camera7,camera6,128,0.9526556594390292
Modelo5,Kyoto,camera7,camera6,256,0.9568331012532325
Modelo5,Kyoto,camera7,camera6,512,0.9635965784762284
Modelo5,Kyoto,camera7,camera6,1024,0.9663318082355281
Modelo5,Kyoto,camera7,camera7,64,0.9160381543921916
Modelo5,Kyoto,camera7,camera7,128,0.9362244897959183
Modelo5,Kyoto,camera7,camera7,256,0.9201419698314108
Modelo5,Kyoto,camera7,camera7,512,0.92424578527063
Modelo5,Kyoto,camera7,camera7,1024,0.9524179236912156
Modelo5,Kyoto,camera7,camera8,64,0.942700548081714
Modelo5,Kyoto,camera7,camera8,128,0.957855837900681
Modelo5,Kyoto,camera7,camera8,256,0.9603055970768976
Modelo5,Kyoto,camera7,camera8,512,0.9634196977246304
Modelo5,Kyoto,camera7,camera8,1024,0.9667829264241821
Modelo5,Kyoto,camera7,camera9,64,0.8961740203640851
Modelo5,Kyoto,camera7,camera9,128,0.9310398025300833
Modelo5,Kyoto,camera7,camera9,256,0.9324282628818266
Modelo5,Kyoto,camera7,camera9,512,0.9379821042887998
Modelo5,Kyoto,camera7,camera9,1024,0.9425331687750694
Modelo5,Kyoto,camera8,PUC,64,0.16084465010147964
Modelo5,Kyoto,camera8,PUC,128,0.14596804039384947
Modelo5,Kyoto,camera8,PUC,256,0.09082958726895995
Modelo5,Kyoto,camera8,PUC,512,0.0928638946968929
Modelo5,Kyoto,camera8,PUC,1024,0.09092623455116766
Modelo5,Kyoto,camera8,UFPR04,64,0.36360458414821956
Modelo5,Kyoto,camera8,UFPR04,128,0.3534007917387073
Modelo5,Kyoto,camera8,UFPR04,256,0.14747314418525553
Modelo5,Kyoto,camera8,UFPR04,512,0.25182581748438726
Modelo5,Kyoto,camera8,UFPR04,1024,0.2599794034560623
Modelo5,Kyoto,camera8,UFPR05,64,0.1671924480501855
Modelo5,Kyoto,camera8,UFPR05,128,0.19955967065777966
Modelo5,Kyoto,camera8,UFPR05,256,0.11963687909038816
Modelo5,Kyoto,camera8,UFPR05,512,0.1646711101728142
Modelo5,Kyoto,camera8,UFPR05,1024,0.17673492776789215
Modelo5,Kyoto,camera8,camera1,64,0.7740375437480115
Modelo5,Kyoto,camera8,camera1,128,0.7166401527203309
Modelo5,Kyoto,camera8,camera1,256,0.841489023226217
Modelo5,Kyoto,camera8,camera1,512,0.7648743238943685
Modelo5,Kyoto,camera8,camera1,1024,0.7463569837734648
Modelo5,Kyoto,camera8,camera2,64,0.8815628815628815
Modelo5,Kyoto,camera8,camera2,128,0.8583638583638583
Modelo5,Kyoto,camera8,camera2,256,0.9252747252747253
Modelo5,Kyoto,camera8,camera2,512,0.8901098901098901
Modelo5,Kyoto,camera8,camera2,1024,0.8573870573870573
Modelo5,Kyoto,camera8,camera3,64,0.8901911097033048
Modelo5,Kyoto,camera8,camera3,128,0.8918804772463309
Modelo5,Kyoto,camera8,camera3,256,0.9318973709217612
Modelo5,Kyoto,camera8,camera3,512,0.9132087424770352
Modelo5,Kyoto,camera8,camera3,1024,0.8988491183613135
Modelo5,Kyoto,camera8,camera4,64,0.9221163127413128
Modelo5,Kyoto,camera8,camera4,128,0.8997948841698842
Modelo5,Kyoto,camera8,camera4,256,0.9501085907335908
Modelo5,Kyoto,camera8,camera4,512,0.9162644787644788
Modelo5,Kyoto,camera8,camera4,1024,0.9064309845559846
Modelo5,Kyoto,camera8,camera5,64,0.8969190901238122
Modelo5,Kyoto,camera8,camera5,128,0.8577598617909589
Modelo5,Kyoto,camera8,camera5,256,0.9294558019003744
Modelo5,Kyoto,camera8,camera5,512,0.8895287455609944
Modelo5,Kyoto,camera8,camera5,1024,0.8743161531816873
Modelo5,Kyoto,camera8,camera6,64,0.9148597573105232
Modelo5,Kyoto,camera8,camera6,128,0.9034215237716332
Modelo5,Kyoto,camera8,camera6,256,0.9482295603739805
Modelo5,Kyoto,camera8,camera6,512,0.928486174656853
Modelo5,Kyoto,camera8,camera6,1024,0.9183409588223592
Modelo5,Kyoto,camera8,camera7,64,0.7812351993937672
Modelo5,Kyoto,camera8,camera7,128,0.7795301695557451
Modelo5,Kyoto,camera8,camera7,256,0.8698020270910296
Modelo5,Kyoto,camera8,camera7,512,0.8247134602633324
Modelo5,Kyoto,camera8,camera7,1024,0.8171355498721228
Modelo5,Kyoto,camera8,camera8,64,0.9309413580246914
Modelo5,Kyoto,camera8,camera8,128,0.9243827160493827
Modelo5,Kyoto,camera8,camera8,256,0.9604552469135802
Modelo5,Kyoto,camera8,camera8,512,0.9484953703703703
Modelo5,Kyoto,camera8,camera8,1024,0.9422260802469136
Modelo5,Kyoto,camera8,camera9,64,0.8245140388768899
Modelo5,Kyoto,camera8,camera9,128,0.8229713051527306
Modelo5,Kyoto,camera8,camera9,256,0.902267818574514
Modelo5,Kyoto,camera8,camera9,512,0.8619253316877507
Modelo5,Kyoto,camera8,camera9,1024,0.8549058932428263
Modelo5,Kyoto,camera9,PUC,64,0.14992114996122322
Modelo5,Kyoto,camera9,PUC,128,0.133005518324089
Modelo5,Kyoto,camera9,PUC,256,0.06400407332935744
Modelo5,Kyoto,camera9,PUC,512,0.06876571991617617
Modelo5,Kyoto,camera9,PUC,1024,0.1628883865325548
Modelo5,Kyoto,camera9,UFPR04,64,0.32710713037234396
Modelo5,Kyoto,camera9,UFPR04,128,0.34194042118987555
Modelo5,Kyoto,camera9,UFPR04,256,0.16831533497727766
Modelo5,Kyoto,camera9,UFPR04,512,0.16564156344774808
Modelo5,Kyoto,camera9,UFPR04,1024,0.2312103776347987
Modelo5,Kyoto,camera9,UFPR05,64,0.23027415025484815
Modelo5,Kyoto,camera9,UFPR05,128,0.176946044575806
Modelo5,Kyoto,camera9,UFPR05,256,0.13227372802123233
Modelo5,Kyoto,camera9,UFPR05,512,0.12495099074102
Modelo5,Kyoto,camera9,UFPR05,1024,0.18193443315137076
Modelo5,Kyoto,camera9,camera1,64,0.8248170537702831
Modelo5,Kyoto,camera9,camera1,128,0.8125994272987591
Modelo5,Kyoto,camera9,camera1,256,0.8599427298759147
Modelo5,Kyoto,camera9,camera1,512,0.8395800190900413
Modelo5,Kyoto,camera9,camera1,1024,0.8800509067769647
Modelo5,Kyoto,camera9,camera2,64,0.9216117216117216
Modelo5,Kyoto,camera9,camera2,128,0.9013431013431014
Modelo5,Kyoto,camera9,camera2,256,0.9081807081807082
Modelo5,Kyoto,camera9,camera2,512,0.9133089133089133
Modelo5,Kyoto,camera9,camera2,1024,0.9296703296703297
Modelo5,Kyoto,camera9,camera3,64,0.9267236828212438
Modelo5,Kyoto,camera9,camera3,128,0.9112026185196916
Modelo5,Kyoto,camera9,camera3,256,0.9305247597930525
Modelo5,Kyoto,camera9,camera3,512,0.9288353922500264
Modelo5,Kyoto,camera9,camera3,1024,0.9343258367648611
Modelo5,Kyoto,camera9,camera4,64,0.944317084942085
Modelo5,Kyoto,camera9,camera4,128,0.9315878378378378
Modelo5,Kyoto,camera9,camera4,256,0.951496138996139
Modelo5,Kyoto,camera9,camera4,512,0.9561414092664092
Modelo5,Kyoto,camera9,camera4,1024,0.966155888030888
Modelo5,Kyoto,camera9,camera5,64,0.9269603608791631
Modelo5,Kyoto,camera9,camera5,128,0.9052212304443804
Modelo5,Kyoto,camera9,camera5,256,0.9303675976581246
Modelo5,Kyoto,camera9,camera5,512,0.9273442748824263
Modelo5,Kyoto,camera9,camera5,1024,0.9501871580765908
Modelo5,Kyoto,camera9,camera6,64,0.9440521185597772
Modelo5,Kyoto,camera9,camera6,128,0.9339566341754526
Modelo5,Kyoto,camera9,camera6,256,0.9494231151780386
Modelo5,Kyoto,camera9,camera6,512,0.9500696240302368
Modelo5,Kyoto,camera9,camera6,1024,0.9600656455142232
Modelo5,Kyoto,camera9,camera7,64,0.8499573742540495
Modelo5,Kyoto,camera9,camera7,128,0.8210665908875627
Modelo5,Kyoto,camera9,camera7,256,0.8610400682011935
Modelo5,Kyoto,camera9,camera7,512,0.8658709860755897
Modelo5,Kyoto,camera9,camera7,1024,0.9030027469925168
Modelo5,Kyoto,camera9,camera8,64,0.9460222554392957
Modelo5,Kyoto,camera9,camera8,128,0.9365138681282179
Modelo5,Kyoto,camera9,camera8,256,0.9548663012788573
Modelo5,Kyoto,camera9,camera8,512,0.9559458561700714
Modelo5,Kyoto,camera9,camera8,1024,0.9676133532635774
Modelo5,Kyoto,camera9,camera9,64,0.9179373996789727
Modelo5,Kyoto,camera9,camera9,128,0.8970706260032103
Modelo5,Kyoto,camera9,camera9,256,0.9357945425361156
Modelo5,Kyoto,camera9,camera9,512,0.9331861958266453
Modelo5,Kyoto,camera9,camera9,1024,0.9684991974317817
Modelo5,PKLot,camera1,camera1,64,0.9240297274979355
Modelo5,PKLot,camera1,camera1,128,0.934599504541701
Modelo5,PKLot,camera1,camera1,256,0.9514450867052023
Modelo5,PKLot,camera1,camera1,512,0.9545829892650702
Modelo5,PKLot,camera1,camera1,1024,0.9598678777869529
Modelo5,PKLot,camera1,camera2,64,0.9335775335775336
Modelo5,PKLot,camera1,camera2,128,0.9382173382173382
Modelo5,PKLot,camera1,camera2,256,0.9443223443223443
Modelo5,PKLot,camera1,camera2,512,0.9416361416361416
Modelo5,PKLot,camera1,camera2,1024,0.9506715506715506
Modelo5,PKLot,camera1,camera3,64,0.9434061873086264
Modelo5,PKLot,camera1,camera3,128,0.9445676274944568
Modelo5,PKLot,camera1,camera3,256,0.9419279907084785
Modelo5,PKLot,camera1,camera3,512,0.9526977087952697
Modelo5,PKLot,camera1,camera3,1024,0.9581881533101045
Modelo5,PKLot,camera1,camera4,64,0.947574806949807
Modelo5,PKLot,camera1,camera4,128,0.9553571428571429
Modelo5,PKLot,camera1,camera4,256,0.9576496138996139
Modelo5,PKLot,camera1,camera4,512,0.9568653474903475
Modelo5,PKLot,camera1,camera4,1024,0.9616312741312741
Modelo5,PKLot,camera1,camera5,64,0.9247048661099914
Modelo5,PKLot,camera1,camera5,128,0.9418850177560226
Modelo5,PKLot,camera1,camera5,256,0.9431327382666282
Modelo5,PKLot,camera1,camera5,512,0.943276706017852
Modelo5,PKLot,camera1,camera5,1024,0.9451002975333526
Modelo5,PKLot,camera1,camera6,64,0.9391287049930376
Modelo5,PKLot,camera1,camera6,128,0.9459916451163716
Modelo5,PKLot,camera1,camera6,256,0.9498209667793913
Modelo5,PKLot,camera1,camera6,512,0.9523572707380147
Modelo5,PKLot,camera1,camera6,1024,0.9563357867515416
Modelo5,PKLot,camera1,camera7,64,0.8731173628871839
Modelo5,PKLot,camera1,camera7,128,0.8951880269015818
Modelo5,PKLot,camera1,camera7,256,0.9055602917495501
Modelo5,PKLot,camera1,camera7,512,0.8822582172965805
Modelo5,PKLot,camera1,camera7,1024,0.8917306052855924
Modelo5,PKLot,camera1,camera8,64,0.9358910479986713
Modelo5,PKLot,camera1,camera8,128,0.9416625145324697
Modelo5,PKLot,camera1,camera8,256,0.9471018103305099
Modelo5,PKLot,camera1,camera8,512,0.951087859159608
Modelo5,PKLot,camera1,camera8,1024,0.9532054476000664
Modelo5,PKLot,camera1,camera9,64,0.898410984264116
Modelo5,PKLot,camera1,camera9,128,0.9124498611539649
Modelo5,PKLot,camera1,camera9,256,0.9161524220919469
Modelo5,PKLot,camera1,camera9,512,0.9131440913298364
Modelo5,PKLot,camera1,camera9,1024,0.9149953717988275
Modelo5,PKLot,camera2,camera1,64,0.8137448297804645
Modelo5,PKLot,camera2,camera1,128,0.8206808781419026
Modelo5,PKLot,camera2,camera1,256,0.8559974546611517
Modelo5,PKLot,camera2,camera1,512,0.8189627744193446
Modelo5,PKLot,camera2,camera1,1024,0.8346166083359847
Modelo5,PKLot,camera2,camera2,64,0.971655328798186
Modelo5,PKLot,camera2,camera2,128,0.963718820861678
Modelo5,PKLot,camera2,camera2,256,0.9773242630385488
Modelo5,PKLot,camera2,camera2,512,0.9784580498866213
Modelo5,PKLot,camera2,camera2,1024,0.9739229024943311
Modelo5,PKLot,camera2,camera3,64,0.9291521486643438
Modelo5,PKLot,camera2,camera3,128,0.9261957554640482
Modelo5,PKLot,camera2,camera3,256,0.9411888924084046
Modelo5,PKLot,camera2,camera3,512,0.9334811529933481
Modelo5,PKLot,camera2,camera3,1024,0.9373878154365959
Modelo5,PKLot,camera2,camera4,64,0.9141529922779923
Modelo5,PKLot,camera2,camera4,128,0.918979247104247
Modelo5,PKLot,camera2,camera4,256,0.9371380308880309
Modelo5,PKLot,camera2,camera4,512,0.9198238416988417
Modelo5,PKLot,camera2,camera4,1024,0.9142736486486487
Modelo5,PKLot,camera2,camera5,64,0.8938477780977061
Modelo5,PKLot,camera2,camera5,128,0.8899126595642576
Modelo5,PKLot,camera2,camera5,256,0.9151070160284096
Modelo5,PKLot,camera2,camera5,512,0.902821767923985
Modelo5,PKLot,camera2,camera5,1024,0.8957193588636145
Modelo5,PKLot,camera2,camera6,64,0.9030236721702805
Modelo5,PKLot,camera2,camera6,128,0.914163517008156
Modelo5,PKLot,camera2,camera6,256,0.9314203302168291
Modelo5,PKLot,camera2,camera6,512,0.9264471851999204
Modelo5,PKLot,camera2,camera6,1024,0.9209269942311518
Modelo5,PKLot,camera2,camera7,64,0.8463578668182249
Modelo5,PKLot,camera2,camera7,128,0.8334280572132234
Modelo5,PKLot,camera2,camera7,256,0.8518044899119068
Modelo5,PKLot,camera2,camera7,512,0.8446528369802027
Modelo5,PKLot,camera2,camera7,1024,0.8359856019702567
Modelo5,PKLot,camera2,camera8,64,0.916251453246969
Modelo5,PKLot,camera2,camera8,128,0.9257183192160771
Modelo5,PKLot,camera2,camera8,256,0.9435724962630793
Modelo5,PKLot,camera2,camera8,512,0.9326939046669989
Modelo5,PKLot,camera2,camera8,1024,0.9296213253612357
Modelo5,PKLot,camera2,camera9,64,0.8743443381672323
Modelo5,PKLot,camera2,camera9,128,0.8796667695155816
Modelo5,PKLot,camera2,camera9,256,0.9050447392780007
Modelo5,PKLot,camera2,camera9,512,0.8890774452329528
Modelo5,PKLot,camera2,camera9,1024,0.8943227398950941
Modelo5,PKLot,camera3,camera1,64,0.8099268215081132
Modelo5,PKLot,camera3,camera1,128,0.7692650334075724
Modelo5,PKLot,camera3,camera1,256,0.8192809417753738
Modelo5,PKLot,camera3,camera1,512,0.8078269169583201
Modelo5,PKLot,camera3,camera1,1024,0.8439707286032453
Modelo5,PKLot,camera3,camera2,64,0.8666666666666667
Modelo5,PKLot,camera3,camera2,128,0.8017094017094017
Modelo5,PKLot,camera3,camera2,256,0.8407814407814408
Modelo5,PKLot,camera3,camera2,512,0.8676434676434677
Modelo5,PKLot,camera3,camera2,1024,0.914041514041514
Modelo5,PKLot,camera3,camera3,64,0.9698924731182795
Modelo5,PKLot,camera3,camera3,128,0.943778801843318
Modelo5,PKLot,camera3,camera3,256,0.9505376344086022
Modelo5,PKLot,camera3,camera3,512,0.9622119815668203
Modelo5,PKLot,camera3,camera3,1024,0.9726574500768049
Modelo5,PKLot,camera3,camera4,64,0.9290540540540541
Modelo5,PKLot,camera3,camera4,128,0.9025699806949807
Modelo5,PKLot,camera3,camera4,256,0.9110762548262549
Modelo5,PKLot,camera3,camera4,512,0.9115588803088803
Modelo5,PKLot,camera3,camera4,1024,0.9361124517374517
Modelo5,PKLot,camera3,camera5,64,0.9008542086572607
Modelo5,PKLot,camera3,camera5,128,0.8571839907860639
Modelo5,PKLot,camera3,camera5,256,0.8675016796237642
Modelo5,PKLot,camera3,camera5,512,0.8696132066417123
Modelo5,PKLot,camera3,camera5,1024,0.8978788751319704
Modelo5,PKLot,camera3,camera6,64,0.9258006763477223
Modelo5,PKLot,camera3,camera6,128,0.9006862940123334
Modelo5,PKLot,camera3,camera6,256,0.9164511637159339
Modelo5,PKLot,camera3,camera6,512,0.9198826337776009
Modelo5,PKLot,camera3,camera6,1024,0.9363437437835688
Modelo5,PKLot,camera3,camera7,64,0.8395851094060812
Modelo5,PKLot,camera3,camera7,128,0.7947333522781093
Modelo5,PKLot,camera3,camera7,256,0.8186037700104196
Modelo5,PKLot,camera3,camera7,512,0.8058160462252534
Modelo5,PKLot,camera3,camera7,1024,0.8457421615989391
Modelo5,PKLot,camera3,camera8,64,0.9407075236671649
Modelo5,PKLot,camera3,camera8,128,0.9161684105630294
Modelo5,PKLot,camera3,camera8,256,0.9299119747550241
Modelo5,PKLot,camera3,camera8,512,0.9273791728948679
Modelo5,PKLot,camera3,camera8,1024,0.944153795050656
Modelo5,PKLot,camera3,camera9,64,0.8907744523295279
Modelo5,PKLot,camera3,camera9,128,0.8429497068805925
Modelo5,PKLot,camera3,camera9,256,0.8686362233878433
Modelo5,PKLot,camera3,camera9,512,0.8664763961740204
Modelo5,PKLot,camera3,camera9,1024,0.8884603517432891
Modelo5,PKLot,camera4,camera1,64,0.8069360483614381
Modelo5,PKLot,camera4,camera1,128,0.7958001909004137
Modelo5,PKLot,camera4,camera1,256,0.8203627107858734
Modelo5,PKLot,camera4,camera1,512,0.812663060769965
Modelo5,PKLot,camera4,camera1,1024,0.8717785555202037
Modelo5,PKLot,camera4,camera2,64,0.9015873015873016
Modelo5,PKLot,camera4,camera2,128,0.9006105006105006
Modelo5,PKLot,camera4,camera2,256,0.9272283272283273
Modelo5,PKLot,camera4,camera2,512,0.9221001221001222
Modelo5,PKLot,camera4,camera2,1024,0.9443223443223443
Modelo5,PKLot,camera4,camera3,64,0.907401541547883
Modelo5,PKLot,camera4,camera3,128,0.9095132509766656
Modelo5,PKLot,camera4,camera3,256,0.9306303452644916
Modelo5,PKLot,camera4,camera3,512,0.9302080033787351
Modelo5,PKLot,camera4,camera3,1024,0.9574490550100306
Modelo5,PKLot,camera4,camera4,64,0.9486017809717232
Modelo5,PKLot,camera4,camera4,128,0.9401655991251368
Modelo5,PKLot,camera4,camera4,256,0.936884861740353
Modelo5,PKLot,camera4,camera4,512,0.9303233869707858
Modelo5,PKLot,camera4,camera4,1024,0.9596937978440868
Modelo5,PKLot,camera4,camera5,64,0.9075727037143679
Modelo5,PKLot,camera4,camera5,128,0.8972070256262598
Modelo5,PKLot,camera4,camera5,256,0.8999904021499184
Modelo5,PKLot,camera4,camera5,512,0.8924081005854688
Modelo5,PKLot,camera4,camera5,1024,0.9361742969574816
Modelo5,PKLot,camera4,camera6,64,0.9216729659836881
Modelo5,PKLot,camera4,camera6,128,0.9228665207877462
Modelo5,PKLot,camera4,camera6,256,0.925601750547046
Modelo5,PKLot,camera4,camera6,512,0.9255520190968769
Modelo5,PKLot,camera4,camera6,1024,0.9557887407996817
Modelo5,PKLot,camera4,camera7,64,0.829923273657289
Modelo5,PKLot,camera4,camera7,128,0.8159515013734963
Modelo5,PKLot,camera4,camera7,256,0.825187079662783
Modelo5,PKLot,camera4,camera7,512,0.8231031543052003
Modelo5,PKLot,camera4,camera7,1024,0.8780430046414701
Modelo5,PKLot,camera4,camera8,64,0.9268809167912307
Modelo5,PKLot,camera4,camera8,128,0.9277943863145657
Modelo5,PKLot,camera4,camera8,256,0.9351021425012457
Modelo5,PKLot,camera4,camera8,512,0.9402092675635276
Modelo5,PKLot,camera4,camera8,1024,0.9615097159940209
Modelo5,PKLot,camera4,camera9,64,0.8610768281394632
Modelo5,PKLot,camera4,camera9,128,0.8638537488429497
Modelo5,PKLot,camera4,camera9,256,0.8817494600431965
Modelo5,PKLot,camera4,camera9,512,0.8803609996914532
Modelo5,PKLot,camera4,camera9,1024,0.9247145942610305
Modelo5,PKLot,camera5,camera1,64,0.8267260579064588
Modelo5,PKLot,camera5,camera1,128,0.7870187718740057
Modelo5,PKLot,camera5,camera1,256,0.7841552656697423
Modelo5,PKLot,camera5,camera1,512,0.9072223989818644
Modelo5,PKLot,camera5,camera1,1024,0.920076360165447
Modelo5,PKLot,camera5,camera2,64,0.882051282051282
Modelo5,PKLot,camera5,camera2,128,0.8727716727716728
Modelo5,PKLot,camera5,camera2,256,0.841025641025641
Modelo5,PKLot,camera5,camera2,512,0.9484737484737484
Modelo5,PKLot,camera5,camera2,1024,0.9528693528693528
Modelo5,PKLot,camera5,camera3,64,0.9119417168197655
Modelo5,PKLot,camera5,camera3,128,0.9119417168197655
Modelo5,PKLot,camera5,camera3,256,0.903283708161757
Modelo5,PKLot,camera5,camera3,512,0.950480413895048
Modelo5,PKLot,camera5,camera3,1024,0.9554429310526872
Modelo5,PKLot,camera5,camera4,64,0.9350265444015444
Modelo5,PKLot,camera5,camera4,128,0.9242881274131274
Modelo5,PKLot,camera5,camera4,256,0.9249517374517374
Modelo5,PKLot,camera5,camera4,512,0.963199806949807
Modelo5,PKLot,camera5,camera4,1024,0.9682070463320464
Modelo5,PKLot,camera5,camera5,64,0.8799956082564778
Modelo5,PKLot,camera5,camera5,128,0.863746157224418
Modelo5,PKLot,camera5,camera5,256,0.8541941150636803
Modelo5,PKLot,camera5,camera5,512,0.94433465085639
Modelo5,PKLot,camera5,camera5,1024,0.955862977602108
Modelo5,PKLot,camera5,camera6,64,0.9214243087328426
Modelo5,PKLot,camera5,camera6,128,0.9246568529938333
Modelo5,PKLot,camera5,camera6,256,0.926198527949075
Modelo5,PKLot,camera5,camera6,512,0.9649393276307937
Modelo5,PKLot,camera5,camera6,1024,0.9641933558782574
Modelo5,PKLot,camera5,camera7,64,0.815762053613716
Modelo5,PKLot,camera5,camera7,128,0.8119730984181112
Modelo5,PKLot,camera5,camera7,256,0.8187458558302548
Modelo5,PKLot,camera5,camera7,512,0.8974614000189448
Modelo5,PKLot,camera5,camera7,1024,0.9160272804774083
Modelo5,PKLot,camera5,camera8,64,0.9238913801694071
Modelo5,PKLot,camera5,camera8,128,0.9314067430659358
Modelo5,PKLot,camera5,camera8,256,0.9368460388639761
Modelo5,PKLot,camera5,camera8,512,0.9644577312738748
Modelo5,PKLot,camera5,camera8,1024,0.9675303105796379
Modelo5,PKLot,camera5,camera9,64,0.8220456649182352
Modelo5,PKLot,camera5,camera9,128,0.8206572045664918
Modelo5,PKLot,camera5,camera9,256,0.8429497068805925
Modelo5,PKLot,camera5,camera9,512,0.9304227090404196
Modelo5,PKLot,camera5,camera9,1024,0.943304535637149
Modelo5,PKLot,camera6,camera1,64,0.8787782373528475
Modelo5,PKLot,camera6,camera1,128,0.7998727330575883
Modelo5,PKLot,camera6,camera1,256,0.7604199809099587
Modelo5,PKLot,camera6,camera1,512,0.8015908367801463
Modelo5,PKLot,camera6,camera1,1024,0.794718421889914
Modelo5,PKLot,camera6,camera2,64,0.9328449328449329
Modelo5,PKLot,camera6,camera2,128,0.8893772893772893
Modelo5,PKLot,camera6,camera2,256,0.8026862026862027
Modelo5,PKLot,camera6,camera2,512,0.8691086691086691
Modelo5,PKLot,camera6,camera2,1024,0.8617826617826618
Modelo5,PKLot,camera6,camera3,64,0.9367543026079611
Modelo5,PKLot,camera6,camera3,128,0.9239784605638264
Modelo5,PKLot,camera6,camera3,256,0.887868229331644
Modelo5,PKLot,camera6,camera3,512,0.9160595502058917
Modelo5,PKLot,camera6,camera3,1024,0.9193326998205047
Modelo5,PKLot,camera6,camera4,64,0.9541505791505791
Modelo5,PKLot,camera6,camera4,128,0.9320704633204633
Modelo5,PKLot,camera6,camera4,256,0.912101833976834
Modelo5,PKLot,camera6,camera4,512,0.9326737451737451
Modelo5,PKLot,camera6,camera4,1024,0.9297176640926641
Modelo5,PKLot,camera6,camera5,64,0.941693060754391
Modelo5,PKLot,camera6,camera5,128,0.9059410692004991
Modelo5,PKLot,camera6,camera5,256,0.8843459065169402
Modelo5,PKLot,camera6,camera5,512,0.9060850369517228
Modelo5,PKLot,camera6,camera5,1024,0.9053172089451963
Modelo5,PKLot,camera6,camera6,64,0.9501615136132903
Modelo5,PKLot,camera6,camera6,128,0.9321642824180896
Modelo5,PKLot,camera6,camera6,256,0.9188970927549608
Modelo5,PKLot,camera6,camera6,512,0.9437009690816798
Modelo5,PKLot,camera6,camera6,1024,0.9462390401476696
Modelo5,PKLot,camera6,camera7,64,0.8846263142938334
Modelo5,PKLot,camera6,camera7,128,0.8302074452969593
Modelo5,PKLot,camera6,camera7,256,0.7989485649332196
Modelo5,PKLot,camera6,camera7,512,0.8179407028511888
Modelo5,PKLot,camera6,camera7,1024,0.8314388557355309
Modelo5,PKLot,camera6,camera8,64,0.9449427005480817
Modelo5,PKLot,camera6,camera8,128,0.9368875602059459
Modelo5,PKLot,camera6,camera8,256,0.9145490782262082
Modelo5,PKLot,camera6,camera8,512,0.9325693406410895
Modelo5,PKLot,camera6,camera8,1024,0.9397110114598903
Modelo5,PKLot,camera6,camera9,64,0.8954797901882136
Modelo5,PKLot,camera6,camera9,128,0.8578370873187288
Modelo5,PKLot,camera6,camera9,256,0.8271366862079605
Modelo5,PKLot,camera6,camera9,512,0.8548287565566183
Modelo5,PKLot,camera6,camera9,1024,0.8562943535945696
Modelo5,PKLot,camera7,camera1,64,0.8957047406936048
Modelo5,PKLot,camera7,camera1,128,0.8572701240852688
Modelo5,PKLot,camera7,camera1,256,0.9051224944320713
Modelo5,PKLot,camera7,camera1,512,0.9016226535157493
Modelo5,PKLot,camera7,camera1,1024,0.872478523703468
Modelo5,PKLot,camera7,camera2,64,0.9084249084249084
Modelo5,PKLot,camera7,camera2,128,0.9238095238095239
Modelo5,PKLot,camera7,camera2,256,0.9333333333333333
Modelo5,PKLot,camera7,camera2,512,0.9421245421245421
Modelo5,PKLot,camera7,camera2,1024,0.9330891330891331
Modelo5,PKLot,camera7,camera3,64,0.9067680287192482
Modelo5,PKLot,camera7,camera3,128,0.9454123112659698
Modelo5,PKLot,camera7,camera3,256,0.9579769823672263
Modelo5,PKLot,camera7,camera3,512,0.9529088797381481
Modelo5,PKLot,camera7,camera3,1024,0.9487910463520219
Modelo5,PKLot,camera7,camera4,64,0.9388272200772201
Modelo5,PKLot,camera7,camera4,128,0.934543918918919
Modelo5,PKLot,camera7,camera4,256,0.9557794401544402
Modelo5,PKLot,camera7,camera4,512,0.9598214285714286
Modelo5,PKLot,camera7,camera4,1024,0.9552968146718147
Modelo5,PKLot,camera7,camera5,64,0.9413091467511278
Modelo5,PKLot,camera7,camera5,128,0.9279681351377291
Modelo5,PKLot,camera7,camera5,256,0.949611287071696
Modelo5,PKLot,camera7,camera5,512,0.9519147710912755
Modelo5,PKLot,camera7,camera5,1024,0.9424128995105097
Modelo5,PKLot,camera7,camera6,64,0.9335587825740999
Modelo5,PKLot,camera7,camera6,128,0.9397752138452358
Modelo5,PKLot,camera7,camera6,256,0.9548935746966382
Modelo5,PKLot,camera7,camera6,512,0.9615078575691267
Modelo5,PKLot,camera7,camera6,1024,0.956534712552218
Modelo5,PKLot,camera7,camera7,64,0.9281277728482697
Modelo5,PKLot,camera7,camera7,128,0.906055900621118
Modelo5,PKLot,camera7,camera7,256,0.9273513753327418
Modelo5,PKLot,camera7,camera7,512,0.9255767524401065
Modelo5,PKLot,camera7,camera7,1024,0.9089396628216504
Modelo5,PKLot,camera7,camera8,64,0.9305763162265405
Modelo5,PKLot,camera7,camera8,128,0.9500498256103638
Modelo5,PKLot,camera7,camera8,256,0.9554060787244644
Modelo5,PKLot,camera7,camera8,512,0.9597658196312905
Modelo5,PKLot,camera7,camera8,1024,0.9573991031390134
Modelo5,PKLot,camera7,camera9,64,0.9077445232952792
Modelo5,PKLot,camera7,camera9,128,0.9010336315951867
Modelo5,PKLot,camera7,camera9,256,0.9255630978093181
Modelo5,PKLot,camera7,camera9,512,0.9325053995680346
Modelo5,PKLot,camera7,camera9,1024,0.9251774143782783
Modelo5,PKLot,camera8,camera1,64,0.8107540566337894
Modelo5,PKLot,camera8,camera1,128,0.8164810690423162
Modelo5,PKLot,camera8,camera1,256,0.8180719058224626
Modelo5,PKLot,camera8,camera1,512,0.7782373528475979
Modelo5,PKLot,camera8,camera1,1024,0.7433662106267896
Modelo5,PKLot,camera8,camera2,64,0.904029304029304
Modelo5,PKLot,camera8,camera2,128,0.9047619047619048
Modelo5,PKLot,camera8,camera2,256,0.8864468864468864
Modelo5,PKLot,camera8,camera2,512,0.8800976800976801
Modelo5,PKLot,camera8,camera2,1024,0.8263736263736263
Modelo5,PKLot,camera8,camera3,64,0.9269348537641221
Modelo5,PKLot,camera8,camera3,128,0.9326364692218351
Modelo5,PKLot,camera8,camera3,256,0.9310526871502481
Modelo5,PKLot,camera8,camera3,512,0.9200717981205786
Modelo5,PKLot,camera8,camera3,1024,0.9012775842044135
Modelo5,PKLot,camera8,camera4,64,0.9367760617760618
Modelo5,PKLot,camera8,camera4,128,0.9411196911196911
Modelo5,PKLot,camera8,camera4,256,0.937801640926641
Modelo5,PKLot,camera8,camera4,512,0.9248914092664092
Modelo5,PKLot,camera8,camera4,1024,0.9055260617760618
Modelo5,PKLot,camera8,camera5,64,0.912851521259238
Modelo5,PKLot,camera8,camera5,128,0.9207697475765428
Modelo5,PKLot,camera8,camera5,256,0.9161627795373837
Modelo5,PKLot,camera8,camera5,512,0.8996544773970631
Modelo5,PKLot,camera8,camera5,1024,0.879211056723294
Modelo5,PKLot,camera8,camera6,64,0.9301770439626019
Modelo5,PKLot,camera8,camera6,128,0.9411676944499702
Modelo5,PKLot,camera8,camera6,256,0.9395265565943903
Modelo5,PKLot,camera8,camera6,512,0.9321663019693655
Modelo5,PKLot,camera8,camera6,1024,0.918788541873881
Modelo5,PKLot,camera8,camera7,64,0.841763758643554
Modelo5,PKLot,camera8,camera7,128,0.8583404376243251
Modelo5,PKLot,camera8,camera7,256,0.8545988443686653
Modelo5,PKLot,camera8,camera7,512,0.8364592213697073
Modelo5,PKLot,camera8,camera7,1024,0.8200246282087714
Modelo5,PKLot,camera8,camera8,64,0.9512924382716049
Modelo5,PKLot,camera8,camera8,128,0.9582368827160493
Modelo5,PKLot,camera8,camera8,256,0.9599729938271605
Modelo5,PKLot,camera8,camera8,512,0.9566936728395061
Modelo5,PKLot,camera8,camera8,1024,0.9468557098765432
Modelo5,PKLot,camera8,camera9,64,0.8569885837704412
Modelo5,PKLot,camera8,camera9,128,0.8890774452329528
Modelo5,PKLot,camera8,camera9,256,0.8822894168466523
Modelo5,PKLot,camera8,camera9,512,0.8662449861153965
Modelo5,PKLot,camera8,camera9,1024,0.8527460660290034
Modelo5,PKLot,camera9,camera1,64,0.8521158129175946
Modelo5,PKLot,camera9,camera1,128,0.8251352211263124
Modelo5,PKLot,camera9,camera1,256,0.8609608654152084
Modelo5,PKLot,camera9,camera1,512,0.837989182309895
Modelo5,PKLot,camera9,camera1,1024,0.8261533566656061
Modelo5,PKLot,camera9,camera2,64,0.9257631257631258
Modelo5,PKLot,camera9,camera2,128,0.9018315018315018
Modelo5,PKLot,camera9,camera2,256,0.9167277167277167
Modelo5,PKLot,camera9,camera2,512,0.9199023199023199
Modelo5,PKLot,camera9,camera2,1024,0.8981684981684982
Modelo5,PKLot,camera9,camera3,64,0.9454123112659698
Modelo5,PKLot,camera9,camera3,128,0.9375989863794741
Modelo5,PKLot,camera9,camera3,256,0.9460458240946046
Modelo5,PKLot,camera9,camera3,512,0.9473128497518741
Modelo5,PKLot,camera9,camera3,1024,0.944778798437335
Modelo5,PKLot,camera9,camera4,64,0.9463682432432432
Modelo5,PKLot,camera9,camera4,128,0.9340009652509652
Modelo5,PKLot,camera9,camera4,256,0.9429898648648649
Modelo5,PKLot,camera9,camera4,512,0.9409990347490348
Modelo5,PKLot,camera9,camera4,1024,0.9336993243243243
Modelo5,PKLot,camera9,camera5,64,0.9261445436222286
Modelo5,PKLot,camera9,camera5,128,0.9113638544965927
Modelo5,PKLot,camera9,camera5,256,0.9263365006238603
Modelo5,PKLot,camera9,camera5,512,0.9179383818024762
Modelo5,PKLot,camera9,camera5,1024,0.9083405317208946
Modelo5,PKLot,camera9,camera6,64,0.9433061468072409
Modelo5,PKLot,camera9,camera6,128,0.9402725283469267
Modelo5,PKLot,camera9,camera6,256,0.9479809031231351
Modelo5,PKLot,camera9,camera6,512,0.9469365426695843
Modelo5,PKLot,camera9,camera6,1024,0.9440521185597772
Modelo5,PKLot,camera9,camera7,64,0.8583404376243251
Modelo5,PKLot,camera9,camera7,128,0.8372170124088283
Modelo5,PKLot,camera9,camera7,256,0.8541252249692147
Modelo5,PKLot,camera9,camera7,512,0.8498152884342143
Modelo5,PKLot,camera9,camera7,1024,0.8447949228000379
Modelo5,PKLot,camera9,camera8,64,0.9460637767812655
Modelo5,PKLot,camera9,camera8,128,0.9433648895532304
Modelo5,PKLot,camera9,camera8,256,0.9495930908486963
Modelo5,PKLot,camera9,camera8,512,0.9458561700714168
Modelo5,PKLot,camera9,camera8,1024,0.9484720146155123
Modelo5,PKLot,camera9,camera9,64,0.932784911717496
Modelo5,PKLot,camera9,camera9,128,0.9121187800963082
Modelo5,PKLot,camera9,camera9,256,0.9331861958266453
Modelo5,PKLot,camera9,camera9,512,0.9167335473515249
Modelo5,PKLot,camera9,camera9,1024,0.9279695024077047
Modelo6,CNR,PUC,PUC,64,0.9572474509275479
Modelo6,CNR,PUC,PUC,128,0.970522091961251
Modelo6,CNR,PUC,PUC,256,0.9830511012292443
Modelo6,CNR,PUC,PUC,512,0.984644177933492
Modelo6,CNR,PUC,PUC,1024,0.9793259369057778
Modelo6,CNR,PUC,UFPR04,64,0.850240450478539
Modelo6,CNR,PUC,UFPR04,128,0.8795196659202782
Modelo6,CNR,PUC,UFPR04,256,0.8973385108131856
Modelo6,CNR,PUC,UFPR04,512,0.8694481448938522
Modelo6,CNR,PUC,UFPR04,1024,0.9009098381565148
Modelo6,CNR,PUC,UFPR05,64,0.7721084537201798
Modelo6,CNR,PUC,UFPR05,128,0.7935518894954309
Modelo6,CNR,PUC,UFPR05,256,0.8600717797146907
Modelo6,CNR,PUC,UFPR05,512,0.8448050185481195
Modelo6,CNR,PUC,UFPR05,1024,0.8621346925234491
Modelo6,CNR,UFPR04,PUC,64,0.841988765342756
Modelo6,CNR,UFPR04,PUC,128,0.9305153185942299
Modelo6,CNR,UFPR04,PUC,256,0.9579042154715798
Modelo6,CNR,UFPR04,PUC,512,0.9679484610688247
Modelo6,CNR,UFPR04,PUC,1024,0.9543966263026757
Modelo6,CNR,UFPR04,UFPR04,64,0.9215728024415345
Modelo6,CNR,UFPR04,UFPR04,128,0.9515123555366289
Modelo6,CNR,UFPR04,UFPR04,256,0.9673042573074512
Modelo6,CNR,UFPR04,UFPR04,512,0.9737511385547157
Modelo6,CNR,UFPR04,UFPR04,1024,0.9752652684623301
Modelo6,CNR,UFPR04,UFPR05,64,0.6437373706909552
Modelo6,CNR,UFPR04,UFPR05,128,0.7447356515969479
Modelo6,CNR,UFPR04,UFPR05,256,0.8797358023946678
Modelo6,CNR,UFPR04,UFPR05,512,0.9215550260880055
Modelo6,CNR,UFPR04,UFPR05,1024,0.8717193956027385
Modelo6,CNR,UFPR05,PUC,64,0.7299839942671661
Modelo6,CNR,UFPR05,PUC,128,0.7640957703849155
Modelo6,CNR,UFPR05,PUC,256,0.7897898039474521
Modelo6,CNR,UFPR05,PUC,512,0.7808676097241309
Modelo6,CNR,UFPR05,PUC,1024,0.7865697993743856
Modelo6,CNR,UFPR05,UFPR04,64,0.8134879018924256
Modelo6,CNR,UFPR05,UFPR04,128,0.8088206116606672
Modelo6,CNR,UFPR05,UFPR04,256,0.8237956218172199
Modelo6,CNR,UFPR05,UFPR04,512,0.8638266111126858
Modelo6,CNR,UFPR05,UFPR04,1024,0.868002607635838
Modelo6,CNR,UFPR05,UFPR05,64,0.9671075095035396
Modelo6,CNR,UFPR05,UFPR05,128,0.9756967365489821
Modelo6,CNR,UFPR05,UFPR05,256,0.9810080960293794
Modelo6,CNR,UFPR05,UFPR05,512,0.974277844802076
Modelo6,CNR,UFPR05,UFPR05,1024,0.9763948009378344
Modelo6,Kyoto,PUC,PUC,64,0.9648445103235562
Modelo6,Kyoto,PUC,PUC,128,0.9748311847759361
Modelo6,Kyoto,PUC,PUC,256,0.9803829972001378
Modelo6,Kyoto,PUC,PUC,512,0.9837877494797047
Modelo6,Kyoto,PUC,PUC,1024,0.9843237658895926
Modelo6,Kyoto,PUC,UFPR04,64,0.8513458613229028
Modelo6,Kyoto,PUC,UFPR04,128,0.8943718526496792
Modelo6,Kyoto,PUC,UFPR04,256,0.9000217302986498
Modelo6,Kyoto,PUC,UFPR04,512,0.9171319784964523
Modelo6,Kyoto,PUC,UFPR04,1024,0.9157903687537201
Modelo6,Kyoto,PUC,UFPR05,64,0.8907259402237838
Modelo6,Kyoto,PUC,UFPR05,128,0.8327050095002564
Modelo6,Kyoto,PUC,UFPR05,256,0.8909973761196731
Modelo6,Kyoto,PUC,UFPR05,512,0.892306300328739
Modelo6,Kyoto,PUC,UFPR05,1024,0.8421570105859999
Modelo6,Kyoto,PUC,camera1,64,0.08425071587655107
Modelo6,Kyoto,PUC,camera1,128,0.0751511294941139
Modelo6,Kyoto,PUC,camera1,256,0.10308622335348393
Modelo6,Kyoto,PUC,camera1,512,0.10149538657333758
Modelo6,Kyoto,PUC,camera1,1024,0.09245943366210627
Modelo6,Kyoto,PUC,camera2,64,0.09108669108669108
Modelo6,Kyoto,PUC,camera2,128,0.10207570207570207
Modelo6,Kyoto,PUC,camera2,256,0.09841269841269841
Modelo6,Kyoto,PUC,camera2,512,0.10842490842490843
Modelo6,Kyoto,PUC,camera2,1024,0.11013431013431013
Modelo6,Kyoto,PUC,camera3,64,0.10906979199662127
Modelo6,Kyoto,PUC,camera3,128,0.12554112554112554
Modelo6,Kyoto,PUC,camera3,256,0.09734980466687784
Modelo6,Kyoto,PUC,camera3,512,0.11181501425403864
Modelo6,Kyoto,PUC,camera3,1024,0.11888924084046035
Modelo6,Kyoto,PUC,camera4,64,0.06756756756756757
Modelo6,Kyoto,PUC,camera4,128,0.09664575289575289
Modelo6,Kyoto,PUC,camera4,256,0.07185086872586872
Modelo6,Kyoto,PUC,camera4,512,0.07957287644787644
Modelo6,Kyoto,PUC,camera4,1024,0.07160955598455598
Modelo6,Kyoto,PUC,camera5,64,0.08671657548709089
Modelo6,Kyoto,PUC,camera5,128,0.08983587676360495
Modelo6,Kyoto,PUC,camera5,256,0.08172569344466839
Modelo6,Kyoto,PUC,camera5,512,0.08407716671465591
Modelo6,Kyoto,PUC,camera5,1024,0.07572703714367982
Modelo6,Kyoto,PUC,camera6,64,0.08091306942510444
Modelo6,Kyoto,PUC,camera6,128,0.09951263178834295
Modelo6,Kyoto,PUC,camera6,256,0.07101651084145613
Modelo6,Kyoto,PUC,camera6,512,0.0741993236522777
Modelo6,Kyoto,PUC,camera6,1024,0.06882832703401631
Modelo6,Kyoto,PUC,camera7,64,0.14847968172776357
Modelo6,Kyoto,PUC,camera7,128,0.12418300653594772
Modelo6,Kyoto,PUC,camera7,256,0.15264753244292886
Modelo6,Kyoto,PUC,camera7,512,0.14909538694704935
Modelo6,Kyoto,PUC,camera7,1024,0.13474471914369612
Modelo6,Kyoto,PUC,camera8,64,0.09109782428168078
Modelo6,Kyoto,PUC,camera8,128,0.10097990367048663
Modelo6,Kyoto,PUC,camera8,256,0.0778109948513536
Modelo6,Kyoto,PUC,camera8,512,0.08183856502242152
Modelo6,Kyoto,PUC,camera8,1024,0.07710513203786747
Modelo6,Kyoto,PUC,camera9,64,0.1413915458191916
Modelo6,Kyoto,PUC,camera9,128,0.15026226473310705
Modelo6,Kyoto,PUC,camera9,256,0.13799753162604134
Modelo6,Kyoto,PUC,camera9,512,0.1218759642085776
Modelo6,Kyoto,PUC,camera9,1024,0.13583770441221846
Modelo6,Kyoto,UFPR04,PUC,64,0.8551186522182909
Modelo6,Kyoto,UFPR04,PUC,128,0.8309804041742197
Modelo6,Kyoto,UFPR04,PUC,256,0.8776869712391832
Modelo6,Kyoto,UFPR04,PUC,512,0.9235024975072073
Modelo6,Kyoto,UFPR04,PUC,1024,0.854970145418801
Modelo6,Kyoto,UFPR04,UFPR04,64,0.9172551663768528
Modelo6,Kyoto,UFPR04,UFPR04,128,0.9374711664714859
Modelo6,Kyoto,UFPR04,UFPR04,256,0.9437760980399115
Modelo6,Kyoto,UFPR04,UFPR04,512,0.9576280208666028
Modelo6,Kyoto,UFPR04,UFPR04,1024,0.9549309769686646
Modelo6,Kyoto,UFPR04,UFPR05,64,0.714340863166149
Modelo6,Kyoto,UFPR04,UFPR05,128,0.7383961154507344
Modelo6,Kyoto,UFPR04,UFPR05,256,0.71644599933649
Modelo6,Kyoto,UFPR04,UFPR05,512,0.7772416081068855
Modelo6,Kyoto,UFPR04,UFPR05,1024,0.7344452151883464
Modelo6,Kyoto,UFPR04,camera1,64,0.14731148584155265
Modelo6,Kyoto,UFPR04,camera1,128,0.14228444161629017
Modelo6,Kyoto,UFPR04,camera1,256,0.12904867960547248
Modelo6,Kyoto,UFPR04,camera1,512,0.12395800190900413
Modelo6,Kyoto,UFPR04,camera1,1024,0.13140311804008908
Modelo6,Kyoto,UFPR04,camera2,64,0.2568986568986569
Modelo6,Kyoto,UFPR04,camera2,128,0.23931623931623933
Modelo6,Kyoto,UFPR04,camera2,256,0.15018315018315018
Modelo6,Kyoto,UFPR04,camera2,512,0.11819291819291819
Modelo6,Kyoto,UFPR04,camera2,1024,0.15506715506715507
Modelo6,Kyoto,UFPR04,camera3,64,0.22025129342202512
Modelo6,Kyoto,UFPR04,camera3,128,0.2134938232499208
Modelo6,Kyoto,UFPR04,camera3,256,0.1771724210748601
Modelo6,Kyoto,UFPR04,camera3,512,0.14834758737197762
Modelo6,Kyoto,UFPR04,camera3,1024,0.16735297223102102
Modelo6,Kyoto,UFPR04,camera4,64,0.2545246138996139
Modelo6,Kyoto,UFPR04,camera4,128,0.2533783783783784
Modelo6,Kyoto,UFPR04,camera4,256,0.18924951737451737
Modelo6,Kyoto,UFPR04,camera4,512,0.14943291505791506
Modelo6,Kyoto,UFPR04,camera4,1024,0.18098455598455598
Modelo6,Kyoto,UFPR04,camera5,64,0.22919665994817162
Modelo6,Kyoto,UFPR04,camera5,128,0.22679719742777618
Modelo6,Kyoto,UFPR04,camera5,256,0.1607639888664939
Modelo6,Kyoto,UFPR04,camera5,512,0.1324983203762357
Modelo6,Kyoto,UFPR04,camera5,1024,0.16561090315769267
Modelo6,Kyoto,UFPR04,camera6,64,0.24801074199323653
Modelo6,Kyoto,UFPR04,camera6,128,0.24726477024070023
Modelo6,Kyoto,UFPR04,camera6,256,0.1792321464093893
Modelo6,Kyoto,UFPR04,camera6,512,0.14133678138054506
Modelo6,Kyoto,UFPR04,camera6,1024,0.1845534115774816
Modelo6,Kyoto,UFPR04,camera7,64,0.21374443497205645
Modelo6,Kyoto,UFPR04,camera7,128,0.21369707303211138
Modelo6,Kyoto,UFPR04,camera7,256,0.1518897414038079
Modelo6,Kyoto,UFPR04,camera7,512,0.15870986075589655
Modelo6,Kyoto,UFPR04,camera7,1024,0.16344605475040258
Modelo6,Kyoto,UFPR04,camera8,64,0.2428998505231689
Modelo6,Kyoto,UFPR04,camera8,128,0.24165421026407574
Modelo6,Kyoto,UFPR04,camera8,256,0.1488124896196645
Modelo6,Kyoto,UFPR04,camera8,512,0.12103471184188673
Modelo6,Kyoto,UFPR04,camera8,1024,0.16259757515362896
Modelo6,Kyoto,UFPR04,camera9,64,0.3019901265041654
Modelo6,Kyoto,UFPR04,camera9,128,0.3036871336007405
Modelo6,Kyoto,UFPR04,camera9,256,0.22608762727553225
Modelo6,Kyoto,UFPR04,camera9,512,0.20317803147176797
Modelo6,Kyoto,UFPR04,camera9,1024,0.23650107991360692
Modelo6,Kyoto,UFPR05,PUC,64,0.761165707658472
Modelo6,Kyoto,UFPR05,PUC,128,0.7151898883370302
Modelo6,Kyoto,UFPR05,PUC,256,0.7677282938454539
Modelo6,Kyoto,UFPR05,PUC,512,0.7560881894663891
Modelo6,Kyoto,UFPR05,PUC,1024,0.7788380167977691
Modelo6,Kyoto,UFPR05,UFPR04,64,0.7281917557136514
Modelo6,Kyoto,UFPR05,UFPR04,128,0.6979488487665694
Modelo6,Kyoto,UFPR05,UFPR04,256,0.7071417098910651
Modelo6,Kyoto,UFPR05,UFPR04,512,0.7225796698884196
Modelo6,Kyoto,UFPR05,UFPR04,1024,0.7655300775677182
Modelo6,Kyoto,UFPR05,UFPR05,64,0.9238351050511029
Modelo6,Kyoto,UFPR05,UFPR05,128,0.9703095005045792
Modelo6,Kyoto,UFPR05,UFPR05,256,0.9727830764911641
Modelo6,Kyoto,UFPR05,UFPR05,512,0.9780337347203569
Modelo6,Kyoto,UFPR05,UFPR05,1024,0.9783524162891808
Modelo6,Kyoto,UFPR05,camera1,64,0.3098313713013045
Modelo6,Kyoto,UFPR05,camera1,128,0.31657651924912505
Modelo6,Kyoto,UFPR05,camera1,256,0.30365892459433663
Modelo6,Kyoto,UFPR05,camera1,512,0.3184218899140948
Modelo6,Kyoto,UFPR05,camera1,1024,0.3020044543429844
Modelo6,Kyoto,UFPR05,camera2,64,0.27423687423687426
Modelo6,Kyoto,UFPR05,camera2,128,0.3018315018315018
Modelo6,Kyoto,UFPR05,camera2,256,0.26886446886446885
Modelo6,Kyoto,UFPR05,camera2,512,0.2537240537240537
Modelo6,Kyoto,UFPR05,camera2,1024,0.2634920634920635
Modelo6,Kyoto,UFPR05,camera3,64,0.19744483159117304
Modelo6,Kyoto,UFPR05,camera3,128,0.23936226375250766
Modelo6,Kyoto,UFPR05,camera3,256,0.20209059233449478
Modelo6,Kyoto,UFPR05,camera3,512,0.20599725477774258
Modelo6,Kyoto,UFPR05,camera3,1024,0.20789779326364694
Modelo6,Kyoto,UFPR05,camera4,64,0.23304777992277992
Modelo6,Kyoto,UFPR05,camera4,128,0.2609194015444015
Modelo6,Kyoto,UFPR05,camera4,256,0.20330598455598456
Modelo6,Kyoto,UFPR05,camera4,512,0.20915781853281853
Modelo6,Kyoto,UFPR05,camera4,1024,0.21126930501930502
Modelo6,Kyoto,UFPR05,camera5,64,0.2702754582973414
Modelo6,Kyoto,UFPR05,camera5,128,0.29666954602169116
Modelo6,Kyoto,UFPR05,camera5,256,0.25823015644495634
Modelo6,Kyoto,UFPR05,camera5,512,0.2542950379115078
Modelo6,Kyoto,UFPR05,camera5,1024,0.2523754678951915
Modelo6,Kyoto,UFPR05,camera6,64,0.19166500895166103
Modelo6,Kyoto,UFPR05,camera6,128,0.20195941913666202
Modelo6,Kyoto,UFPR05,camera6,256,0.16625223791525762
Modelo6,Kyoto,UFPR05,camera6,512,0.16272130495325243
Modelo6,Kyoto,UFPR05,camera6,1024,0.16391485975731052
Modelo6,Kyoto,UFPR05,camera7,64,0.29231789334091124
Modelo6,Kyoto,UFPR05,camera7,128,0.3309652363360803
Modelo6,Kyoto,UFPR05,camera7,256,0.3098418111205835
Modelo6,Kyoto,UFPR05,camera7,512,0.30818414322250637
Modelo6,Kyoto,UFPR05,camera7,1024,0.30572132234536326
Modelo6,Kyoto,UFPR05,camera8,64,0.18219564856336157
Modelo6,Kyoto,UFPR05,camera8,128,0.21495598737751204
Modelo6,Kyoto,UFPR05,camera8,256,0.1821541272213918
Modelo6,Kyoto,UFPR05,camera8,512,0.18476997176548746
Modelo6,Kyoto,UFPR05,camera8,1024,0.18007806012290317
Modelo6,Kyoto,UFPR05,camera9,64,0.345803764270287
Modelo6,Kyoto,UFPR05,camera9,128,0.3775840789879667
Modelo6,Kyoto,UFPR05,camera9,256,0.33022215365627894
Modelo6,Kyoto,UFPR05,camera9,512,0.32412835544585006
Modelo6,Kyoto,UFPR05,camera9,1024,0.31587473002159827
Modelo6,Kyoto,camera1,PUC,64,0.12714303562041662
Modelo6,Kyoto,camera1,PUC,128,0.15800652015567285
Modelo6,Kyoto,camera1,PUC,256,0.12502622441498928
Modelo6,Kyoto,camera1,PUC,512,0.16281059725663152
Modelo6,Kyoto,camera1,PUC,1024,0.12402203558034336
Modelo6,Kyoto,camera1,UFPR04,64,0.1842256927713689
Modelo6,Kyoto,camera1,UFPR04,128,0.3543172434643765
Modelo6,Kyoto,camera1,UFPR04,256,0.23550919758510247
Modelo6,Kyoto,camera1,UFPR04,512,0.306576722126168
Modelo6,Kyoto,camera1,UFPR04,1024,0.19218087166841455
Modelo6,Kyoto,camera1,UFPR05,64,0.17232560243689116
Modelo6,Kyoto,camera1,UFPR05,128,0.2156286756944235
Modelo6,Kyoto,camera1,UFPR05,256,0.21477214464517297
Modelo6,Kyoto,camera1,UFPR05,512,0.21298669964110142
Modelo6,Kyoto,camera1,UFPR05,1024,0.21569502669119642
Modelo6,Kyoto,camera1,camera1,64,0.8363336085879438
Modelo6,Kyoto,camera1,camera1,128,0.924525185796862
Modelo6,Kyoto,camera1,camera1,256,0.9066886870355079
Modelo6,Kyoto,camera1,camera1,512,0.9431874483897605
Modelo6,Kyoto,camera1,camera1,1024,0.9403798513625103
Modelo6,Kyoto,camera1,camera2,64,0.9103785103785104
Modelo6,Kyoto,camera1,camera2,128,0.9274725274725275
Modelo6,Kyoto,camera1,camera2,256,0.9328449328449329
Modelo6,Kyoto,camera1,camera2,512,0.9472527472527472
Modelo6,Kyoto,camera1,camera2,1024,0.947008547008547
Modelo6,Kyoto,camera1,camera3,64,0.9302080033787351
Modelo6,Kyoto,camera1,camera3,128,0.9078238834336395
Modelo6,Kyoto,camera1,camera3,256,0.9307359307359307
Modelo6,Kyoto,camera1,camera3,512,0.9172209903917221
Modelo6,Kyoto,camera1,camera3,1024,0.9459402386231655
Modelo6,Kyoto,camera1,camera4,64,0.885074806949807
Modelo6,Kyoto,camera1,camera4,128,0.9315878378378378
Modelo6,Kyoto,camera1,camera4,256,0.935207528957529
Modelo6,Kyoto,camera1,camera4,512,0.9438947876447876
Modelo6,Kyoto,camera1,camera4,1024,0.9347852316602316
Modelo6,Kyoto,camera1,camera5,64,0.8567040982819848
Modelo6,Kyoto,camera1,camera5,128,0.917026586044726
Modelo6,Kyoto,camera1,camera5,256,0.9182263173049237
Modelo6,Kyoto,camera1,camera5,512,0.9242249736059123
Modelo6,Kyoto,camera1,camera5,1024,0.9160668010365678
Modelo6,Kyoto,camera1,camera6,64,0.89760294410185
Modelo6,Kyoto,camera1,camera6,128,0.9219713546847026
Modelo6,Kyoto,camera1,camera6,256,0.929629998010742
Modelo6,Kyoto,camera1,camera6,512,0.9315197931171673
Modelo6,Kyoto,camera1,camera6,1024,0.929679729460911
Modelo6,Kyoto,camera1,camera7,64,0.8137728521360235
Modelo6,Kyoto,camera1,camera7,128,0.8785639859808658
Modelo6,Kyoto,camera1,camera7,256,0.8632660793786113
Modelo6,Kyoto,camera1,camera7,512,0.8852420195131192
Modelo6,Kyoto,camera1,camera7,1024,0.8723122099081179
Modelo6,Kyoto,camera1,camera8,64,0.9128467032054476
Modelo6,Kyoto,camera1,camera8,128,0.9245557216409235
Modelo6,Kyoto,camera1,camera8,256,0.9333997674804849
Modelo6,Kyoto,camera1,camera8,512,0.934853014449427
Modelo6,Kyoto,camera1,camera8,1024,0.9369706028898854
Modelo6,Kyoto,camera1,camera9,64,0.8337704412218451
Modelo6,Kyoto,camera1,camera9,128,0.8866090712742981
Modelo6,Kyoto,camera1,camera9,256,0.8812095032397408
Modelo6,Kyoto,camera1,camera9,512,0.9135297747608763
Modelo6,Kyoto,camera1,camera9,1024,0.8834464671397717
Modelo6,Kyoto,camera2,PUC,64,0.1306364812846074
Modelo6,Kyoto,camera2,PUC,128,0.11709879002317178
Modelo6,Kyoto,camera2,PUC,256,0.1361029458563067
Modelo6,Kyoto,camera2,PUC,512,0.10496837748071179
Modelo6,Kyoto,camera2,PUC,1024,0.10125099299189341
Modelo6,Kyoto,camera2,UFPR04,64,0.30168268095197603
Modelo6,Kyoto,camera2,UFPR04,128,0.30190943189440966
Modelo6,Kyoto,camera2,UFPR04,256,0.1931540111296921
Modelo6,Kyoto,camera2,UFPR04,512,0.18553895864629688
Modelo6,Kyoto,camera2,UFPR04,1024,0.1570250276352711
Modelo6,Kyoto,camera2,UFPR05,64,0.3906565732726121
Modelo6,Kyoto,camera2,UFPR05,128,0.36794643664987786
Modelo6,Kyoto,camera2,UFPR05,256,0.20001809572639262
Modelo6,Kyoto,camera2,UFPR05,512,0.18581898241698586
Modelo6,Kyoto,camera2,UFPR05,1024,0.17675302349428476
Modelo6,Kyoto,camera2,camera1,64,0.8053452115812918
Modelo6,Kyoto,camera2,camera1,128,0.7819917276487433
Modelo6,Kyoto,camera2,camera1,256,0.8831689468660515
Modelo6,Kyoto,camera2,camera1,512,0.8778873687559656
Modelo6,Kyoto,camera2,camera1,1024,0.8818326439707286
Modelo6,Kyoto,camera2,camera2,64,0.9648526077097506
Modelo6,Kyoto,camera2,camera2,128,0.9795918367346939
Modelo6,Kyoto,camera2,camera2,256,0.9875283446712018
Modelo6,Kyoto,camera2,camera2,512,0.9897959183673469
Modelo6,Kyoto,camera2,camera2,1024,0.9897959183673469
Modelo6,Kyoto,camera2,camera3,64,0.9176433322774786
Modelo6,Kyoto,camera2,camera3,128,0.9270404392355612
Modelo6,Kyoto,camera2,camera3,256,0.9363319607222046
Modelo6,Kyoto,camera2,camera3,512,0.9397106958082568
Modelo6,Kyoto,camera2,camera3,1024,0.9448843839087742
Modelo6,Kyoto,camera2,camera4,64,0.8979247104247104
Modelo6,Kyoto,camera2,camera4,128,0.8875482625482626
Modelo6,Kyoto,camera2,camera4,256,0.9401544401544402
Modelo6,Kyoto,camera2,camera4,512,0.93683638996139
Modelo6,Kyoto,camera2,camera4,1024,0.9376809845559846
Modelo6,Kyoto,camera2,camera5,64,0.8630386793358288
Modelo6,Kyoto,camera2,camera5,128,0.8495057107207985
Modelo6,Kyoto,camera2,camera5,256,0.9118437470006718
Modelo6,Kyoto,camera2,camera5,512,0.9027737786735771
Modelo6,Kyoto,camera2,camera5,1024,0.9108839619925136
Modelo6,Kyoto,camera2,camera6,64,0.8656256216431271
Modelo6,Kyoto,camera2,camera6,128,0.8700517207081758
Modelo6,Kyoto,camera2,camera6,256,0.9273920827531331
Modelo6,Kyoto,camera2,camera6,512,0.9258006763477223
Modelo6,Kyoto,camera2,camera6,1024,0.9323652277700418
Modelo6,Kyoto,camera2,camera7,64,0.783461210571185
Modelo6,Kyoto,camera2,camera7,128,0.7684001136686559
Modelo6,Kyoto,camera2,camera7,256,0.8702282845505351
Modelo6,Kyoto,camera2,camera7,512,0.8602822771620725
Modelo6,Kyoto,camera2,camera7,1024,0.8656815383158094
Modelo6,Kyoto,camera2,camera8,64,0.8939960139511709
Modelo6,Kyoto,camera2,camera8,128,0.8897193157282843
Modelo6,Kyoto,camera2,camera8,256,0.9388390632785252
Modelo6,Kyoto,camera2,camera8,512,0.9395864474339811
Modelo6,Kyoto,camera2,camera8,1024,0.9419116425842883
Modelo6,Kyoto,camera2,camera9,64,0.7914224004936747
Modelo6,Kyoto,camera2,camera9,128,0.7882597963591484
Modelo6,Kyoto,camera2,camera9,256,0.8785097192224622
Modelo6,Kyoto,camera2,camera9,512,0.8748071582844801
Modelo6,Kyoto,camera2,camera9,1024,0.8857605677260105
Modelo6,Kyoto,camera3,PUC,64,0.19557874042661524
Modelo6,Kyoto,camera3,PUC,128,0.1234327228839549
Modelo6,Kyoto,camera3,PUC,256,0.07759833860964634
Modelo6,Kyoto,camera3,PUC,512,0.08079477067485732
Modelo6,Kyoto,camera3,PUC,1024,0.10140892879452552
Modelo6,Kyoto,camera3,UFPR04,64,0.36141265837136133
Modelo6,Kyoto,camera3,UFPR04,128,0.30217397466058216
Modelo6,Kyoto,camera3,UFPR04,256,0.25653089953988456
Modelo6,Kyoto,camera3,UFPR04,512,0.20984854926636623
Modelo6,Kyoto,camera3,UFPR04,1024,0.2164337745528755
Modelo6,Kyoto,camera3,UFPR05,64,0.23528666646560303
Modelo6,Kyoto,camera3,UFPR05,128,0.20755798172331635
Modelo6,Kyoto,camera3,UFPR05,256,0.21435594293814278
Modelo6,Kyoto,camera3,UFPR05,512,0.1678921494707
Modelo6,Kyoto,camera3,UFPR05,1024,0.1487468709473113
Modelo6,Kyoto,camera3,camera1,64,0.705249761374483
Modelo6,Kyoto,camera3,camera1,128,0.7433025771555838
Modelo6,Kyoto,camera3,camera1,256,0.8230353165765193
Modelo6,Kyoto,camera3,camera1,512,0.8206808781419026
Modelo6,Kyoto,camera3,camera1,1024,0.8087814190264079
Modelo6,Kyoto,camera3,camera2,64,0.8266178266178266
Modelo6,Kyoto,camera3,camera2,128,0.8537240537240537
Modelo6,Kyoto,camera3,camera2,256,0.9482295482295482
Modelo6,Kyoto,camera3,camera2,512,0.9396825396825397
Modelo6,Kyoto,camera3,camera2,1024,0.9565323565323566
Modelo6,Kyoto,camera3,camera3,64,0.9351766513056836
Modelo6,Kyoto,camera3,camera3,128,0.9247311827956989
Modelo6,Kyoto,camera3,camera3,256,0.9615975422427036
Modelo6,Kyoto,camera3,camera3,512,0.9514592933947773
Modelo6,Kyoto,camera3,camera3,1024,0.9695852534562212
Modelo6,Kyoto,camera3,camera4,64,0.825530888030888
Modelo6,Kyoto,camera3,camera4,128,0.8728281853281853
Modelo6,Kyoto,camera3,camera4,256,0.9227799227799228
Modelo6,Kyoto,camera3,camera4,512,0.9212717181467182
Modelo6,Kyoto,camera3,camera4,1024,0.9239864864864865
Modelo6,Kyoto,camera3,camera5,64,0.8063633746040887
Modelo6,Kyoto,camera3,camera5,128,0.8363566561090315
Modelo6,Kyoto,camera3,camera5,256,0.88549764852673
Modelo6,Kyoto,camera3,camera5,512,0.8768115942028986
Modelo6,Kyoto,camera3,camera5,1024,0.8837220462616374
Modelo6,Kyoto,camera3,camera6,64,0.8596081161726676
Modelo6,Kyoto,camera3,camera6,128,0.8819375372985876
Modelo6,Kyoto,camera3,camera6,256,0.91938531927591
Modelo6,Kyoto,camera3,camera6,512,0.9149094887606922
Modelo6,Kyoto,camera3,camera6,1024,0.9203302168291227
Modelo6,Kyoto,camera3,camera7,64,0.74410343847684
Modelo6,Kyoto,camera3,camera7,128,0.7765463673392062
Modelo6,Kyoto,camera3,camera7,256,0.8267026617410249
Modelo6,Kyoto,camera3,camera7,512,0.8320545609548167
Modelo6,Kyoto,camera3,camera7,1024,0.8388746803069054
Modelo6,Kyoto,camera3,camera8,64,0.8832419863809998
Modelo6,Kyoto,camera3,camera8,128,0.9059956817804351
Modelo6,Kyoto,camera3,camera8,256,0.9316558711177545
Modelo6,Kyoto,camera3,camera8,512,0.9269639594751702
Modelo6,Kyoto,camera3,camera8,1024,0.928666334495931
Modelo6,Kyoto,camera3,camera9,64,0.7961277383523604
Modelo6,Kyoto,camera3,camera9,128,0.798981795742055
Modelo6,Kyoto,camera3,camera9,256,0.8767355754396791
Modelo6,Kyoto,camera3,camera9,512,0.8724159210120334
Modelo6,Kyoto,camera3,camera9,1024,0.8738815180499846
Modelo6,Kyoto,camera4,PUC,64,0.11122923556714276
Modelo6,Kyoto,camera4,PUC,128,0.12302727574883965
Modelo6,Kyoto,camera4,PUC,256,0.09749589249050618
Modelo6,Kyoto,camera4,PUC,512,0.10118734722068345
Modelo6,Kyoto,camera4,PUC,1024,0.08102342400105605
Modelo6,Kyoto,camera4,UFPR04,64,0.2890413159113026
Modelo6,Kyoto,camera4,UFPR04,128,0.2514478992469979
Modelo6,Kyoto,camera4,UFPR04,256,0.24166926485454873
Modelo6,Kyoto,camera4,UFPR04,512,0.17266139470725508
Modelo6,Kyoto,camera4,UFPR04,1024,0.14469544514044386
Modelo6,Kyoto,camera4,UFPR05,64,0.2318303827246132
Modelo6,Kyoto,camera4,UFPR05,128,0.2758633169466478
Modelo6,Kyoto,camera4,UFPR05,256,0.25030008746267757
Modelo6,Kyoto,camera4,UFPR05,512,0.13071749555146725
Modelo6,Kyoto,camera4,UFPR05,1024,0.12504146937298308
Modelo6,Kyoto,camera4,camera1,64,0.7783646197900096
Modelo6,Kyoto,camera4,camera1,128,0.8049634107540566
Modelo6,Kyoto,camera4,camera1,256,0.830098631880369
Modelo6,Kyoto,camera4,camera1,512,0.8942411708558702
Modelo6,Kyoto,camera4,camera1,1024,0.8801145402481705
Modelo6,Kyoto,camera4,camera2,64,0.9079365079365079
Modelo6,Kyoto,camera4,camera2,128,0.913064713064713
Modelo6,Kyoto,camera4,camera2,256,0.9242979242979243
Modelo6,Kyoto,camera4,camera2,512,0.9548229548229549
Modelo6,Kyoto,camera4,camera2,1024,0.9531135531135531
Modelo6,Kyoto,camera4,camera3,64,0.9201773835920177
Modelo6,Kyoto,camera4,camera3,128,0.9178545032203569
Modelo6,Kyoto,camera4,camera3,256,0.9232393622637525
Modelo6,Kyoto,camera4,camera3,512,0.9381269137366698
Modelo6,Kyoto,camera4,camera3,1024,0.9449899693802133
Modelo6,Kyoto,camera4,camera4,64,0.9167317606623965
Modelo6,Kyoto,camera4,camera4,128,0.938447117637869
Modelo6,Kyoto,camera4,camera4,256,0.9403218247148883
Modelo6,Kyoto,camera4,camera4,512,0.9739103265114826
Modelo6,Kyoto,camera4,camera4,1024,0.9654741446648961
Modelo6,Kyoto,camera4,camera5,64,0.8772434974565697
Modelo6,Kyoto,camera4,camera5,128,0.9011421441597083
Modelo6,Kyoto,camera4,camera5,256,0.9018619829158269
Modelo6,Kyoto,camera4,camera5,512,0.9425568672617334
Modelo6,Kyoto,camera4,camera5,1024,0.9367021787119685
Modelo6,Kyoto,camera4,camera6,64,0.9070519196339766
Modelo6,Kyoto,camera4,camera6,128,0.9108812412969962
Modelo6,Kyoto,camera4,camera6,256,0.9190371991247265
Modelo6,Kyoto,camera4,camera6,512,0.9505669385319276
Modelo6,Kyoto,camera4,camera6,1024,0.9511637159339567
Modelo6,Kyoto,camera4,camera7,64,0.799990527612011
Modelo6,Kyoto,camera4,camera7,128,0.8355593445107512
Modelo6,Kyoto,camera4,camera7,256,0.8339490385526191
Modelo6,Kyoto,camera4,camera7,512,0.8880837359098228
Modelo6,Kyoto,camera4,camera7,1024,0.8743961352657005
Modelo6,Kyoto,camera4,camera8,64,0.9213170569672812
Modelo6,Kyoto,camera4,camera8,128,0.9278774289985052
Modelo6,Kyoto,camera4,camera8,256,0.9317804351436638
Modelo6,Kyoto,camera4,camera8,512,0.9543680451752201
Modelo6,Kyoto,camera4,camera8,1024,0.9581464872944694
Modelo6,Kyoto,camera4,camera9,64,0.8523603825979635
Modelo6,Kyoto,camera4,camera9,128,0.8725701943844493
Modelo6,Kyoto,camera4,camera9,256,0.8696390003085468
Modelo6,Kyoto,camera4,camera9,512,0.9104443073125579
Modelo6,Kyoto,camera4,camera9,1024,0.908284480098735
Modelo6,Kyoto,camera5,PUC,64,0.07032857718699835
Modelo6,Kyoto,camera5,PUC,128,0.05891476888334673
Modelo6,Kyoto,camera5,PUC,256,0.06952711191991005
Modelo6,Kyoto,camera5,PUC,512,0.07670965506349255
Modelo6,Kyoto,camera5,PUC,1024,0.04991949988567334
Modelo6,Kyoto,camera5,UFPR04,64,0.2934724072446926
Modelo6,Kyoto,camera5,UFPR04,128,0.20275313435938136
Modelo6,Kyoto,camera5,UFPR04,256,0.225031414453483
Modelo6,Kyoto,camera5,UFPR04,512,0.14998630046389463
Modelo6,Kyoto,camera5,UFPR04,1024,0.20383020133594096
Modelo6,Kyoto,camera5,UFPR05,64,0.22971921464547457
Modelo6,Kyoto,camera5,UFPR05,128,0.1709382634134572
Modelo6,Kyoto,camera5,UFPR05,256,0.13202038785173567
Modelo6,Kyoto,camera5,UFPR05,512,0.09978586723768737
Modelo6,Kyoto,camera5,UFPR05,1024,0.1578791808667853
Modelo6,Kyoto,camera5,camera1,64,0.8320076360165447
Modelo6,Kyoto,camera5,camera1,128,0.8479160038180082
Modelo6,Kyoto,camera5,camera1,256,0.8156538339166401
Modelo6,Kyoto,camera5,camera1,512,0.8913140311804009
Modelo6,Kyoto,camera5,camera1,1024,0.8459433662106268
Modelo6,Kyoto,camera5,camera2,64,0.9286935286935287
Modelo6,Kyoto,camera5,camera2,128,0.9413919413919414
Modelo6,Kyoto,camera5,camera2,256,0.9003663003663004
Modelo6,Kyoto,camera5,camera2,512,0.9594627594627595
Modelo6,Kyoto,camera5,camera2,1024,0.9428571428571428
Modelo6,Kyoto,camera5,camera3,64,0.9297856614929786
Modelo6,Kyoto,camera5,camera3,128,0.9423503325942351
Modelo6,Kyoto,camera5,camera3,256,0.9248231443353394
Modelo6,Kyoto,camera5,camera3,512,0.9462569950374828
Modelo6,Kyoto,camera5,camera3,1024,0.9429838454228698
Modelo6,Kyoto,camera5,camera4,64,0.9152992277992278
Modelo6,Kyoto,camera5,camera4,128,0.9327944015444015
Modelo6,Kyoto,camera5,camera4,256,0.9217543436293436
Modelo6,Kyoto,camera5,camera4,512,0.9626568532818532
Modelo6,Kyoto,camera5,camera4,1024,0.948238416988417
Modelo6,Kyoto,camera5,camera5,64,0.8555116381203338
Modelo6,Kyoto,camera5,camera5,128,0.9041501976284585
Modelo6,Kyoto,camera5,camera5,256,0.8615502854633289
Modelo6,Kyoto,camera5,camera5,512,0.9335748792270532
Modelo6,Kyoto,camera5,camera5,1024,0.9019543258673693
Modelo6,Kyoto,camera5,camera6,64,0.9086433260393874
Modelo6,Kyoto,camera5,camera6,128,0.934752337378158
Modelo6,Kyoto,camera5,camera6,256,0.9177441814203302
Modelo6,Kyoto,camera5,camera6,512,0.9525561965386911
Modelo6,Kyoto,camera5,camera6,1024,0.9346528744778198
Modelo6,Kyoto,camera5,camera7,64,0.8064317514445392
Modelo6,Kyoto,camera5,camera7,128,0.8582930756843801
Modelo6,Kyoto,camera5,camera7,256,0.8294496542578385
Modelo6,Kyoto,camera5,camera7,512,0.887420668750592
Modelo6,Kyoto,camera5,camera7,1024,0.8538410533295444
Modelo6,Kyoto,camera5,camera8,64,0.9231024746719814
Modelo6,Kyoto,camera5,camera8,128,0.9464789902009633
Modelo6,Kyoto,camera5,camera8,256,0.9357249626307922
Modelo6,Kyoto,camera5,camera8,512,0.9536206610197642
Modelo6,Kyoto,camera5,camera8,1024,0.9520013286829431
Modelo6,Kyoto,camera5,camera9,64,0.8272138228941684
Modelo6,Kyoto,camera5,camera9,128,0.8813637766121567
Modelo6,Kyoto,camera5,camera9,256,0.8245140388768899
Modelo6,Kyoto,camera5,camera9,512,0.9125269978401728
Modelo6,Kyoto,camera5,camera9,1024,0.8761956186362234
Modelo6,Kyoto,camera6,PUC,64,0.07726125174731215
Modelo6,Kyoto,camera6,PUC,128,0.08978296792017405
Modelo6,Kyoto,camera6,PUC,256,0.056986537740763704
Modelo6,Kyoto,camera6,PUC,512,0.04737131178648965
Modelo6,Kyoto,camera6,PUC,1024,0.05591163138255116
Modelo6,Kyoto,camera6,UFPR04,64,0.2956359891537466
Modelo6,Kyoto,camera6,UFPR04,128,0.2728664153510388
Modelo6,Kyoto,camera6,UFPR04,256,0.1472463932428219
Modelo6,Kyoto,camera6,UFPR04,512,0.1330650113847869
Modelo6,Kyoto,camera6,UFPR04,1024,0.10915223491397637
Modelo6,Kyoto,camera6,UFPR05,64,0.19940887293784118
Modelo6,Kyoto,camera6,UFPR05,128,0.24438278493229182
Modelo6,Kyoto,camera6,UFPR05,256,0.1157764574599632
Modelo6,Kyoto,camera6,UFPR05,512,0.13772054166541
Modelo6,Kyoto,camera6,UFPR05,1024,0.10251832192297253
Modelo6,Kyoto,camera6,camera1,64,0.8208717785555202
Modelo6,Kyoto,camera6,camera1,128,0.7918549156856507
Modelo6,Kyoto,camera6,camera1,256,0.8687241489023226
Modelo6,Kyoto,camera6,camera1,512,0.8533248488705059
Modelo6,Kyoto,camera6,camera1,1024,0.8512885777919186
Modelo6,Kyoto,camera6,camera2,64,0.9106227106227106
Modelo6,Kyoto,camera6,camera2,128,0.8967032967032967
Modelo6,Kyoto,camera6,camera2,256,0.9494505494505494
Modelo6,Kyoto,camera6,camera2,512,0.9277167277167278
Modelo6,Kyoto,camera6,camera2,1024,0.9396825396825397
Modelo6,Kyoto,camera6,camera3,64,0.9283074648928308
Modelo6,Kyoto,camera6,camera3,128,0.9219723366064829
Modelo6,Kyoto,camera6,camera3,256,0.9291521486643438
Modelo6,Kyoto,camera6,camera3,512,0.9241896315067046
Modelo6,Kyoto,camera6,camera3,1024,0.9214444092492873
Modelo6,Kyoto,camera6,camera4,64,0.892917471042471
Modelo6,Kyoto,camera6,camera4,128,0.8985279922779923
Modelo6,Kyoto,camera6,camera4,256,0.9374396718146718
Modelo6,Kyoto,camera6,camera4,512,0.9304416023166023
Modelo6,Kyoto,camera6,camera4,1024,0.9298383204633205
Modelo6,Kyoto,camera6,camera5,64,0.8768595834533065
Modelo6,Kyoto,camera6,camera5,128,0.8762357231980037
Modelo6,Kyoto,camera6,camera5,256,0.9206737690757271
Modelo6,Kyoto,camera6,camera5,512,0.9062290047029465
Modelo6,Kyoto,camera6,camera5,1024,0.9151550052788175
Modelo6,Kyoto,camera6,camera6,64,0.9111675126903553
Modelo6,Kyoto,camera6,camera6,128,0.9077065066912783
Modelo6,Kyoto,camera6,camera6,256,0.9569681587448085
Modelo6,Kyoto,camera6,camera6,512,0.9446239040147669
Modelo6,Kyoto,camera6,camera6,1024,0.9509690816797416
Modelo6,Kyoto,camera6,camera7,64,0.7962962962962963
Modelo6,Kyoto,camera6,camera7,128,0.8030216917684948
Modelo6,Kyoto,camera6,camera7,256,0.8596665719427867
Modelo6,Kyoto,camera6,camera7,512,0.8336648669129487
Modelo6,Kyoto,camera6,camera7,1024,0.855830254807237
Modelo6,Kyoto,camera6,camera8,64,0.9166666666666666
Modelo6,Kyoto,camera6,camera8,128,0.9223550905165255
Modelo6,Kyoto,camera6,camera8,256,0.9470187676465703
Modelo6,Kyoto,camera6,camera8,512,0.9419946852682278
Modelo6,Kyoto,camera6,camera8,1024,0.9438631456568676
Modelo6,Kyoto,camera6,camera9,64,0.8292965134217835
Modelo6,Kyoto,camera6,camera9,128,0.8335390311632213
Modelo6,Kyoto,camera6,camera9,256,0.9121413144091329
Modelo6,Kyoto,camera6,camera9,512,0.8707960506016662
Modelo6,Kyoto,camera6,camera9,1024,0.8904659055846961
Modelo6,Kyoto,camera7,PUC,64,0.09768447255335048
Modelo6,Kyoto,camera7,PUC,128,0.06849699332662303
Modelo6,Kyoto,camera7,PUC,256,0.10089740537406035
Modelo6,Kyoto,camera7,PUC,512,0.11866636179556507
Modelo6,Kyoto,camera7,PUC,1024,0.06551271383211188
Modelo6,Kyoto,camera7,UFPR04,64,0.19838817871753447
Modelo6,Kyoto,camera7,UFPR04,128,0.1312321079334486
Modelo6,Kyoto,camera7,UFPR04,256,0.15199871507799287
Modelo6,Kyoto,camera7,UFPR04,512,0.1811456591366458
Modelo6,Kyoto,camera7,UFPR04,1024,0.12057481363906919
Modelo6,Kyoto,camera7,UFPR05,64,0.1634345688693187
Modelo6,Kyoto,camera7,UFPR05,128,0.1274421690744036
Modelo6,Kyoto,camera7,UFPR05,256,0.21086949965316523
Modelo6,Kyoto,camera7,UFPR05,512,0.21396386886630275
Modelo6,Kyoto,camera7,UFPR05,1024,0.18643423711433482
Modelo6,Kyoto,camera7,camera1,64,0.919630925867006
Modelo6,Kyoto,camera7,camera1,128,0.8830416799236398
Modelo6,Kyoto,camera7,camera1,256,0.8993954820235444
Modelo6,Kyoto,camera7,camera1,512,0.8913776646516067
Modelo6,Kyoto,camera7,camera1,1024,0.8901049952274896
Modelo6,Kyoto,camera7,camera2,64,0.9347985347985348
Modelo6,Kyoto,camera7,camera2,128,0.9352869352869353
Modelo6,Kyoto,camera7,camera2,256,0.9433455433455433
Modelo6,Kyoto,camera7,camera2,512,0.9435897435897436
Modelo6,Kyoto,camera7,camera2,1024,0.9457875457875458
Modelo6,Kyoto,camera7,camera3,64,0.8946256995037483
Modelo6,Kyoto,camera7,camera3,128,0.9311582726216873
Modelo6,Kyoto,camera7,camera3,256,0.9359096188364481
Modelo6,Kyoto,camera7,camera3,512,0.9407665505226481
Modelo6,Kyoto,camera7,camera3,1024,0.9515362686094393
Modelo6,Kyoto,camera7,camera4,64,0.9371380308880309
Modelo6,Kyoto,camera7,camera4,128,0.9242881274131274
Modelo6,Kyoto,camera7,camera4,256,0.9451013513513513
Modelo6,Kyoto,camera7,camera4,512,0.9569860038610039
Modelo6,Kyoto,camera7,camera4,1024,0.9578909266409267
Modelo6,Kyoto,camera7,camera5,64,0.9184182743065553
Modelo6,Kyoto,camera7,camera5,128,0.9115078222478165
Modelo6,Kyoto,camera7,camera5,256,0.9307515116613878
Modelo6,Kyoto,camera7,camera5,512,0.9465879642959977
Modelo6,Kyoto,camera7,camera5,1024,0.9447643727804972
Modelo6,Kyoto,camera7,camera6,64,0.9305748955639547
Modelo6,Kyoto,camera7,camera6,128,0.9340063656256217
Modelo6,Kyoto,camera7,camera6,256,0.9471354684702606
Modelo6,Kyoto,camera7,camera6,512,0.9510642530336184
Modelo6,Kyoto,camera7,camera6,1024,0.9539984085935946
Modelo6,Kyoto,camera7,camera7,64,0.906055900621118
Modelo6,Kyoto,camera7,camera7,128,0.8850931677018633
Modelo6,Kyoto,camera7,camera7,256,0.9070541259982253
Modelo6,Kyoto,camera7,camera7,512,0.9199201419698314
Modelo6,Kyoto,camera7,camera7,1024,0.9169254658385093
Modelo6,Kyoto,camera7,camera8,64,0.9259259259259259
Modelo6,Kyoto,camera7,camera8,128,0.9415379505065604
Modelo6,Kyoto,camera7,camera8,256,0.9490117920611194
Modelo6,Kyoto,camera7,camera8,512,0.9556136854343132
Modelo6,Kyoto,camera7,camera8,1024,0.9563610695897692
Modelo6,Kyoto,camera7,camera9,64,0.8957883369330454
Modelo6,Kyoto,camera7,camera9,128,0.8863776612156742
Modelo6,Kyoto,camera7,camera9,256,0.8977938907744524
Modelo6,Kyoto,camera7,camera9,512,0.9163066954643628
Modelo6,Kyoto,camera7,camera9,1024,0.9099814871953101
Modelo6,Kyoto,camera8,PUC,64,0.17091482545736558
Modelo6,Kyoto,camera8,PUC,128,0.12745890722568085
Modelo6,Kyoto,camera8,PUC,256,0.09350978141213466
Modelo6,Kyoto,camera8,PUC,512,0.06670548272960213
Modelo6,Kyoto,camera8,PUC,1024,0.14302383416269274
Modelo6,Kyoto,camera8,UFPR04,64,0.339408368999367
Modelo6,Kyoto,camera8,UFPR04,128,0.24510832081479172
Modelo6,Kyoto,camera8,UFPR04,256,0.17588314768099922
Modelo6,Kyoto,camera8,UFPR04,512,0.164120442542256
Modelo6,Kyoto,camera8,UFPR04,1024,0.19212418393280614
Modelo6,Kyoto,camera8,UFPR05,64,0.14614711825557197
Modelo6,Kyoto,camera8,UFPR05,128,0.19743040685224839
Modelo6,Kyoto,camera8,UFPR05,256,0.1379195946557288
Modelo6,Kyoto,camera8,UFPR05,512,0.14936815755345778
Modelo6,Kyoto,camera8,UFPR05,1024,0.14060379407063364
Modelo6,Kyoto,camera8,camera1,64,0.7461024498886414
Modelo6,Kyoto,camera8,camera1,128,0.75456570155902
Modelo6,Kyoto,camera8,camera1,256,0.8111994909322303
Modelo6,Kyoto,camera8,camera1,512,0.8162265351574929
Modelo6,Kyoto,camera8,camera1,1024,0.808272351256761
Modelo6,Kyoto,camera8,camera2,64,0.8654456654456655
Modelo6,Kyoto,camera8,camera2,128,0.8793650793650793
Modelo6,Kyoto,camera8,camera2,256,0.9018315018315018
Modelo6,Kyoto,camera8,camera2,512,0.9240537240537241
Modelo6,Kyoto,camera8,camera2,1024,0.8991452991452992
Modelo6,Kyoto,camera8,camera3,64,0.9133143279484743
Modelo6,Kyoto,camera8,camera3,128,0.919543870763383
Modelo6,Kyoto,camera8,camera3,256,0.9381269137366698
Modelo6,Kyoto,camera8,camera3,512,0.9435117727800655
Modelo6,Kyoto,camera8,camera3,1024,0.933375567521909
Modelo6,Kyoto,camera8,camera4,64,0.8813344594594594
Modelo6,Kyoto,camera8,camera4,128,0.882480694980695
Modelo6,Kyoto,camera8,camera4,256,0.909809362934363
Modelo6,Kyoto,camera8,camera4,512,0.9224782818532818
Modelo6,Kyoto,camera8,camera4,1024,0.9191602316602316
Modelo6,Kyoto,camera8,camera5,64,0.8451386889336788
Modelo6,Kyoto,camera8,camera5,128,0.8513772914867069
Modelo6,Kyoto,camera8,camera5,256,0.8900086380650735
Modelo6,Kyoto,camera8,camera5,512,0.9078126499664075
Modelo6,Kyoto,camera8,camera5,1024,0.8978308858815626
Modelo6,Kyoto,camera8,camera6,64,0.8888999403222598
Modelo6,Kyoto,camera8,camera6,128,0.8977521384523572
Modelo6,Kyoto,camera8,camera6,256,0.91938531927591
Modelo6,Kyoto,camera8,camera6,512,0.9382335388899941
Modelo6,Kyoto,camera8,camera6,1024,0.9379351501889795
Modelo6,Kyoto,camera8,camera7,64,0.7542388936250829
Modelo6,Kyoto,camera8,camera7,128,0.7912285687221748
Modelo6,Kyoto,camera8,camera7,256,0.8330017997537179
Modelo6,Kyoto,camera8,camera7,512,0.8474945533769063
Modelo6,Kyoto,camera8,camera7,1024,0.8671023965141612
Modelo6,Kyoto,camera8,camera8,64,0.912133487654321
Modelo6,Kyoto,camera8,camera8,128,0.9236111111111112
Modelo6,Kyoto,camera8,camera8,256,0.9476273148148148
Modelo6,Kyoto,camera8,camera8,512,0.9600694444444444
Modelo6,Kyoto,camera8,camera8,1024,0.9572723765432098
Modelo6,Kyoto,camera8,camera9,64,0.8053841406973157
Modelo6,Kyoto,camera8,camera9,128,0.8313020672631903
Modelo6,Kyoto,camera8,camera9,256,0.8754242517741437
Modelo6,Kyoto,camera8,camera9,512,0.8950169700709657
Modelo6,Kyoto,camera8,camera9,1024,0.8970225239123727
Modelo6,Kyoto,camera9,PUC,64,0.10933164868477192
Modelo6,Kyoto,camera9,PUC,128,0.10161872411443981
Modelo6,Kyoto,camera9,PUC,256,0.07401296016481898
Modelo6,Kyoto,camera9,PUC,512,0.1020996032746928
Modelo6,Kyoto,camera9,PUC,1024,0.11770224622427355
Modelo6,Kyoto,camera9,UFPR04,64,0.29759171603223644
Modelo6,Kyoto,camera9,UFPR04,128,0.29764840376784485
Modelo6,Kyoto,camera9,UFPR04,256,0.20619219031962435
Modelo6,Kyoto,camera9,UFPR04,512,0.16112544051094546
Modelo6,Kyoto,camera9,UFPR04,1024,0.1755335733114141
Modelo6,Kyoto,camera9,UFPR05,64,0.18909430889404952
Modelo6,Kyoto,camera9,UFPR05,128,0.1279247217782067
Modelo6,Kyoto,camera9,UFPR05,256,0.07445185028802365
Modelo6,Kyoto,camera9,UFPR05,512,0.0880779322616642
Modelo6,Kyoto,camera9,UFPR05,1024,0.16468317399040927
Modelo6,Kyoto,camera9,camera1,64,0.8013999363665288
Modelo6,Kyoto,camera9,camera1,128,0.798281896277442
Modelo6,Kyoto,camera9,camera1,256,0.8467706013363029
Modelo6,Kyoto,camera9,camera1,512,0.865924276169265
Modelo6,Kyoto,camera9,camera1,1024,0.8733057588291442
Modelo6,Kyoto,camera9,camera2,64,0.9062271062271062
Modelo6,Kyoto,camera9,camera2,128,0.9067155067155067
Modelo6,Kyoto,camera9,camera2,256,0.9262515262515263
Modelo6,Kyoto,camera9,camera2,512,0.946031746031746
Modelo6,Kyoto,camera9,camera2,1024,0.9538461538461539
Modelo6,Kyoto,camera9,camera3,64,0.9339034948791046
Modelo6,Kyoto,camera9,camera3,128,0.9375989863794741
Modelo6,Kyoto,camera9,camera3,256,0.9362263752507655
Modelo6,Kyoto,camera9,camera3,512,0.937493400908035
Modelo6,Kyoto,camera9,camera3,1024,0.9322141273360786
Modelo6,Kyoto,camera9,camera4,64,0.918918918918919
Modelo6,Kyoto,camera9,camera4,128,0.9203667953667953
Modelo6,Kyoto,camera9,camera4,256,0.9389478764478765
Modelo6,Kyoto,camera9,camera4,512,0.9512548262548263
Modelo6,Kyoto,camera9,camera4,1024,0.9621742277992278
Modelo6,Kyoto,camera9,camera5,64,0.8819944332469527
Modelo6,Kyoto,camera9,camera5,128,0.8803627987330838
Modelo6,Kyoto,camera9,camera5,256,0.9145791342739227
Modelo6,Kyoto,camera9,camera5,512,0.9323831461752567
Modelo6,Kyoto,camera9,camera5,1024,0.9423649102601017
Modelo6,Kyoto,camera9,camera6,64,0.9143127113586632
Modelo6,Kyoto,camera9,camera6,128,0.9194350507260791
Modelo6,Kyoto,camera9,camera6,256,0.9397752138452358
Modelo6,Kyoto,camera9,camera6,512,0.9504177441814203
Modelo6,Kyoto,camera9,camera6,1024,0.9546946488959618
Modelo6,Kyoto,camera9,camera7,64,0.8004641470114616
Modelo6,Kyoto,camera9,camera7,128,0.7982854977739888
Modelo6,Kyoto,camera9,camera7,256,0.8386378706071801
Modelo6,Kyoto,camera9,camera7,512,0.8820687695368002
Modelo6,Kyoto,camera9,camera7,1024,0.9034763663919674
Modelo6,Kyoto,camera9,camera8,64,0.926839395449261
Modelo6,Kyoto,camera9,camera8,128,0.9292476332835077
Modelo6,Kyoto,camera9,camera8,256,0.9460637767812655
Modelo6,Kyoto,camera9,camera8,512,0.952914798206278
Modelo6,Kyoto,camera9,camera8,1024,0.958935392791895
Modelo6,Kyoto,camera9,camera9,64,0.8930577849117175
Modelo6,Kyoto,camera9,camera9,128,0.8892455858747994
Modelo6,Kyoto,camera9,camera9,256,0.9139245585874799
Modelo6,Kyoto,camera9,camera9,512,0.9556581059390048
Modelo6,Kyoto,camera9,camera9,1024,0.9648876404494382
Modelo6,PKLot,camera1,camera1,64,0.8972749793559042
Modelo6,PKLot,camera1,camera1,128,0.9387283236994219
Modelo6,PKLot,camera1,camera1,256,0.9530966143682906
Modelo6,PKLot,camera1,camera1,512,0.931626754748142
Modelo6,PKLot,camera1,camera1,1024,0.9497935590421139
Modelo6,PKLot,camera1,camera2,64,0.9123321123321123
Modelo6,PKLot,camera1,camera2,128,0.9394383394383394
Modelo6,PKLot,camera1,camera2,256,0.936996336996337
Modelo6,PKLot,camera1,camera2,512,0.9396825396825397
Modelo6,PKLot,camera1,camera2,1024,0.9267399267399268
Modelo6,PKLot,camera1,camera3,64,0.9204941400063351
Modelo6,PKLot,camera1,camera3,128,0.9271460247070004
Modelo6,PKLot,camera1,camera3,256,0.9260901699926091
Modelo6,PKLot,camera1,camera3,512,0.9377045718509133
Modelo6,PKLot,camera1,camera3,1024,0.9373878154365959
Modelo6,PKLot,camera1,camera4,64,0.9206081081081081
Modelo6,PKLot,camera1,camera4,128,0.9566240347490348
Modelo6,PKLot,camera1,camera4,256,0.9623552123552124
Modelo6,PKLot,camera1,camera4,512,0.9485400579150579
Modelo6,PKLot,camera1,camera4,1024,0.9429295366795367
Modelo6,PKLot,camera1,camera5,64,0.9034936174296957
Modelo6,PKLot,camera1,camera5,128,0.9447643727804972
Modelo6,PKLot,camera1,camera5,256,0.9465879642959977
Modelo6,PKLot,camera1,camera5,512,0.9379498992225741
Modelo6,PKLot,camera1,camera5,1024,0.9346866301948363
Modelo6,PKLot,camera1,camera6,64,0.9162025064650885
Modelo6,PKLot,camera1,camera6,128,0.948478217624826
Modelo6,PKLot,camera1,camera6,256,0.9499204296797295
Modelo6,PKLot,camera1,camera6,512,0.9432066839069028
Modelo6,PKLot,camera1,camera6,1024,0.9429082952058883
Modelo6,PKLot,camera1,camera7,64,0.8519939376716871
Modelo6,PKLot,camera1,camera7,128,0.8946670455621862
Modelo6,PKLot,camera1,camera7,256,0.8943828739225159
Modelo6,PKLot,camera1,camera7,512,0.8764326986833381
Modelo6,PKLot,camera1,camera7,1024,0.8878469262100975
Modelo6,PKLot,camera1,camera8,64,0.9262165753197144
Modelo6,PKLot,camera1,camera8,128,0.9442368377345955
Modelo6,PKLot,camera1,camera8,256,0.9468526822786912
Modelo6,PKLot,camera1,camera8,512,0.9443614017605049
Modelo6,PKLot,camera1,camera8,1024,0.9436970602889886
Modelo6,PKLot,camera1,camera9,64,0.843952483801296
Modelo6,PKLot,camera1,camera9,128,0.9103671706263499
Modelo6,PKLot,camera1,camera9,256,0.9109842641160136
Modelo6,PKLot,camera1,camera9,512,0.9045047824745449
Modelo6,PKLot,camera1,camera9,1024,0.8997994446158593
Modelo6,PKLot,camera2,camera1,64,0.7997454661151766
Modelo6,PKLot,camera2,camera1,128,0.8397709195036589
Modelo6,PKLot,camera2,camera1,256,0.8964047088768692
Modelo6,PKLot,camera2,camera1,512,0.8792236716512886
Modelo6,PKLot,camera2,camera1,1024,0.8975501113585747
Modelo6,PKLot,camera2,camera2,64,0.9546485260770975
Modelo6,PKLot,camera2,camera2,128,0.9682539682539683
Modelo6,PKLot,camera2,camera2,256,0.9750566893424036
Modelo6,PKLot,camera2,camera2,512,0.9829931972789115
Modelo6,PKLot,camera2,camera2,1024,0.9886621315192744
Modelo6,PKLot,camera2,camera3,64,0.917115404920283
Modelo6,PKLot,camera2,camera3,128,0.9294689050786612
Modelo6,PKLot,camera2,camera3,256,0.9341146658219829
Modelo6,PKLot,camera2,camera3,512,0.9429838454228698
Modelo6,PKLot,camera2,camera3,1024,0.9315806145074438
Modelo6,PKLot,camera2,camera4,64,0.902690637065637
Modelo6,PKLot,camera2,camera4,128,0.9166867760617761
Modelo6,PKLot,camera2,camera4,256,0.9482987451737451
Modelo6,PKLot,camera2,camera4,512,0.9516167953667953
Modelo6,PKLot,camera2,camera4,1024,0.9572876447876448
Modelo6,PKLot,camera2,camera5,64,0.8911603800748632
Modelo6,PKLot,camera2,camera5,128,0.8909684230732315
Modelo6,PKLot,camera2,camera5,256,0.9241289951050965
Modelo6,PKLot,camera2,camera5,512,0.9329110279297438
Modelo6,PKLot,camera2,camera5,1024,0.9269603608791631
Modelo6,PKLot,camera2,camera6,64,0.8902924209269942
Modelo6,PKLot,camera2,camera6,128,0.905062661627213
Modelo6,PKLot,camera2,camera6,256,0.9320171076188581
Modelo6,PKLot,camera2,camera6,512,0.9408195742987866
Modelo6,PKLot,camera2,camera6,1024,0.9434553411577482
Modelo6,PKLot,camera2,camera7,64,0.8302548072369044
Modelo6,PKLot,camera2,camera7,128,0.8338069527327839
Modelo6,PKLot,camera2,camera7,256,0.8805058255186132
Modelo6,PKLot,camera2,camera7,512,0.8825897508761958
Modelo6,PKLot,camera2,camera7,1024,0.8922042246850431
Modelo6,PKLot,camera2,camera8,64,0.9156701544593921
Modelo6,PKLot,camera2,camera8,128,0.9206527154957648
Modelo6,PKLot,camera2,camera8,256,0.9426590267397442
Modelo6,PKLot,camera2,camera8,512,0.9495515695067265
Modelo6,PKLot,camera2,camera8,1024,0.9494270054808172
Modelo6,PKLot,camera2,camera9,64,0.8363930885529157
Modelo6,PKLot,camera2,camera9,128,0.8584541808083924
Modelo6,PKLot,camera2,camera9,256,0.894399876581302
Modelo6,PKLot,camera2,camera9,512,0.9027306386917618
Modelo6,PKLot,camera2,camera9,1024,0.9304998457266276
Modelo6,PKLot,camera3,camera1,64,0.7280941775373847
Modelo6,PKLot,camera3,camera1,128,0.7540566337893733
Modelo6,PKLot,camera3,camera1,256,0.8474069360483615
Modelo6,PKLot,camera3,camera1,512,0.8488705058860961
Modelo6,PKLot,camera3,camera1,1024,0.8514794782055362
Modelo6,PKLot,camera3,camera2,64,0.8446886446886447
Modelo6,PKLot,camera3,camera2,128,0.8615384615384616
Modelo6,PKLot,camera3,camera2,256,0.9240537240537241
Modelo6,PKLot,camera3,camera2,512,0.9328449328449329
Modelo6,PKLot,camera3,camera2,1024,0.9548229548229549
Modelo6,PKLot,camera3,camera3,64,0.9539170506912442
Modelo6,PKLot,camera3,camera3,128,0.9453149001536099
Modelo6,PKLot,camera3,camera3,256,0.9600614439324117
Modelo6,PKLot,camera3,camera3,512,0.9708141321044547
Modelo6,PKLot,camera3,camera3,1024,0.9815668202764977
Modelo6,PKLot,camera3,camera4,64,0.8909869691119691
Modelo6,PKLot,camera3,camera4,128,0.9073962355212355
Modelo6,PKLot,camera3,camera4,256,0.9451013513513513
Modelo6,PKLot,camera3,camera4,512,0.9451013513513513
Modelo6,PKLot,camera3,camera4,1024,0.9609676640926641
Modelo6,PKLot,camera3,camera5,64,0.8733563681735291
Modelo6,PKLot,camera3,camera5,128,0.8732603896727134
Modelo6,PKLot,camera3,camera5,256,0.9145791342739227
Modelo6,PKLot,camera3,camera5,512,0.91280353200883
Modelo6,PKLot,camera3,camera5,1024,0.9318072751703619
Modelo6,PKLot,camera3,camera6,64,0.906156753530933
Modelo6,PKLot,camera3,camera6,128,0.9198329023274319
Modelo6,PKLot,camera3,camera6,256,0.9357966978317088
Modelo6,PKLot,camera3,camera6,512,0.929679729460911
Modelo6,PKLot,camera3,camera6,1024,0.9541476029441018
Modelo6,PKLot,camera3,camera7,64,0.8170881879321777
Modelo6,PKLot,camera3,camera7,128,0.8336175049730037
Modelo6,PKLot,camera3,camera7,256,0.8641659562375675
Modelo6,PKLot,camera3,camera7,512,0.8516150421521266
Modelo6,PKLot,camera3,camera7,1024,0.8790376053803164
Modelo6,PKLot,camera3,camera8,64,0.9252615844544095
Modelo6,PKLot,camera3,camera8,128,0.9286248131539612
Modelo6,PKLot,camera3,camera8,256,0.9434894535791397
Modelo6,PKLot,camera3,camera8,512,0.939960139511709
Modelo6,PKLot,camera3,camera8,1024,0.9523334994187012
Modelo6,PKLot,camera3,camera9,64,0.8528232027152114
Modelo6,PKLot,camera3,camera9,128,0.865319345880901
Modelo6,PKLot,camera3,camera9,256,0.902267818574514
Modelo6,PKLot,camera3,camera9,512,0.8970225239123727
Modelo6,PKLot,camera3,camera9,1024,0.910135760567726
Modelo6,PKLot,camera4,camera1,64,0.7794463888005091
Modelo6,PKLot,camera4,camera1,128,0.7898186446070633
Modelo6,PKLot,camera4,camera1,256,0.8291441298122812
Modelo6,PKLot,camera4,camera1,512,0.8757238307349666
Modelo6,PKLot,camera4,camera1,1024,0.8470251352211263
Modelo6,PKLot,camera4,camera2,64,0.8691086691086691
Modelo6,PKLot,camera4,camera2,128,0.8974358974358975
Modelo6,PKLot,camera4,camera2,256,0.9152625152625152
Modelo6,PKLot,camera4,camera2,512,0.9438339438339438
Modelo6,PKLot,camera4,camera2,1024,0.9326007326007326
Modelo6,PKLot,camera4,camera3,64,0.8916693063034526
Modelo6,PKLot,camera4,camera3,128,0.9026501953331222
Modelo6,PKLot,camera4,camera3,256,0.9250343152782177
Modelo6,PKLot,camera4,camera3,512,0.9442508710801394
Modelo6,PKLot,camera4,camera3,1024,0.9418224052370394
Modelo6,PKLot,camera4,camera4,64,0.9382908920481174
Modelo6,PKLot,camera4,camera4,128,0.9445399156381815
Modelo6,PKLot,camera4,camera4,256,0.9540696766130292
Modelo6,PKLot,camera4,camera4,512,0.9748476800499922
Modelo6,PKLot,camera4,camera4,1024,0.9603187002030933
Modelo6,PKLot,camera4,camera5,64,0.9037815529321432
Modelo6,PKLot,camera4,camera5,128,0.9016220366637873
Modelo6,PKLot,camera4,camera5,256,0.9202898550724637
Modelo6,PKLot,camera4,camera5,512,0.9480756310586429
Modelo6,PKLot,camera4,camera5,1024,0.9306075439101641
Modelo6,PKLot,camera4,camera6,64,0.9146608315098468
Modelo6,PKLot,camera4,camera6,128,0.924457927193157
Modelo6,PKLot,camera4,camera6,256,0.9443007758106227
Modelo6,PKLot,camera4,camera6,512,0.9581758504077978
Modelo6,PKLot,camera4,camera6,1024,0.95534115774816
Modelo6,PKLot,camera4,camera7,64,0.815809415553661
Modelo6,PKLot,camera4,camera7,128,0.836222411669982
Modelo6,PKLot,camera4,camera7,256,0.8549777398882258
Modelo6,PKLot,camera4,camera7,512,0.8905939187269111
Modelo6,PKLot,camera4,camera7,1024,0.8751539263048215
Modelo6,PKLot,camera4,camera8,64,0.9247218070088026
Modelo6,PKLot,camera4,camera8,128,0.9292061119415379
Modelo6,PKLot,camera4,camera8,256,0.9434064108952002
Modelo6,PKLot,camera4,camera8,512,0.9603055970768976
Modelo6,PKLot,camera4,camera8,1024,0.9566517189835575
Modelo6,PKLot,camera4,camera9,64,0.8410984264116014
Modelo6,PKLot,camera4,camera9,128,0.877044122184511
Modelo6,PKLot,camera4,camera9,256,0.9058932428262881
Modelo6,PKLot,camera4,camera9,512,0.925948781240358
Modelo6,PKLot,camera4,camera9,1024,0.9194692995988892
Modelo6,PKLot,camera5,camera1,64,0.7859370028635062
Modelo6,PKLot,camera5,camera1,128,0.8355711104040725
Modelo6,PKLot,camera5,camera1,256,0.8662424435252943
Modelo6,PKLot,camera5,camera1,512,0.913967546929685
Modelo6,PKLot,camera5,camera1,1024,0.8568246897868279
Modelo6,PKLot,camera5,camera2,64,0.8288156288156289
Modelo6,PKLot,camera5,camera2,128,0.8778998778998779
Modelo6,PKLot,camera5,camera2,256,0.9079365079365079
Modelo6,PKLot,camera5,camera2,512,0.9394383394383394
Modelo6,PKLot,camera5,camera2,1024,0.905006105006105
Modelo6,PKLot,camera5,camera3,64,0.8800549044451483
Modelo6,PKLot,camera5,camera3,128,0.9108858621053743
Modelo6,PKLot,camera5,camera3,256,0.9292577341357829
Modelo6,PKLot,camera5,camera3,512,0.9287298067785873
Modelo6,PKLot,camera5,camera3,1024,0.9292577341357829
Modelo6,PKLot,camera5,camera4,64,0.9177726833976834
Modelo6,PKLot,camera5,camera4,128,0.9399734555984556
Modelo6,PKLot,camera5,camera4,256,0.956684362934363
Modelo6,PKLot,camera5,camera4,512,0.9685086872586872
Modelo6,PKLot,camera5,camera4,1024,0.9586148648648649
Modelo6,PKLot,camera5,camera5,64,0.8660518225735617
Modelo6,PKLot,camera5,camera5,128,0.9095300834431269
Modelo6,PKLot,camera5,camera5,256,0.9303908651734739
Modelo6,PKLot,camera5,camera5,512,0.9574000878348704
Modelo6,PKLot,camera5,camera5,1024,0.9345630215195433
Modelo6,PKLot,camera5,camera6,64,0.9079470857370201
Modelo6,PKLot,camera5,camera6,128,0.9418142033021683
Modelo6,PKLot,camera5,camera6,256,0.9526059279888601
Modelo6,PKLot,camera5,camera6,512,0.9603640342152377
Modelo6,PKLot,camera5,camera6,1024,0.9488760692261786
Modelo6,PKLot,camera5,camera7,64,0.798427583593824
Modelo6,PKLot,camera5,camera7,128,0.8525622809510277
Modelo6,PKLot,camera5,camera7,256,0.8793217770199867
Modelo6,PKLot,camera5,camera7,512,0.9186321871743867
Modelo6,PKLot,camera5,camera7,1024,0.8970825044993843
Modelo6,PKLot,camera5,camera8,64,0.907490450091347
Modelo6,PKLot,camera5,camera8,128,0.9447350938382328
Modelo6,PKLot,camera5,camera8,256,0.957482145822953
Modelo6,PKLot,camera5,camera8,512,0.9600564690250789
Modelo6,PKLot,camera5,camera8,1024,0.958395615346288
Modelo6,PKLot,camera5,camera9,64,0.7875655661832768
Modelo6,PKLot,camera5,camera9,128,0.8542887997531626
Modelo6,PKLot,camera5,camera9,256,0.8880746683122493
Modelo6,PKLot,camera5,camera9,512,0.9226319037334156
Modelo6,PKLot,camera5,camera9,1024,0.9078216599814872
Modelo6,PKLot,camera6,camera1,64,0.7761374482978046
Modelo6,PKLot,camera6,camera1,128,0.8268533248488705
Modelo6,PKLot,camera6,camera1,256,0.8668787782373528
Modelo6,PKLot,camera6,camera1,512,0.8037543748011454
Modelo6,PKLot,camera6,camera1,1024,0.7854915685650652
Modelo6,PKLot,camera6,camera2,64,0.8681318681318682
Modelo6,PKLot,camera6,camera2,128,0.8854700854700854
Modelo6,PKLot,camera6,camera2,256,0.9316239316239316
Modelo6,PKLot,camera6,camera2,512,0.906959706959707
Modelo6,PKLot,camera6,camera2,1024,0.8947496947496948
Modelo6,PKLot,camera6,camera3,64,0.9172209903917221
Modelo6,PKLot,camera6,camera3,128,0.9229226058494351
Modelo6,PKLot,camera6,camera3,256,0.9308415162073699
Modelo6,PKLot,camera6,camera3,512,0.9196494562348221
Modelo6,PKLot,camera6,camera3,1024,0.9210220673635308
Modelo6,PKLot,camera6,camera4,64,0.913730694980695
Modelo6,PKLot,camera6,camera4,128,0.9236848455598455
Modelo6,PKLot,camera6,camera4,256,0.9545728764478765
Modelo6,PKLot,camera6,camera4,512,0.9396114864864865
Modelo6,PKLot,camera6,camera4,1024,0.933940637065637
Modelo6,PKLot,camera6,camera5,64,0.9068528649582493
Modelo6,PKLot,camera6,camera5,128,0.9236491026010174
Modelo6,PKLot,camera6,camera5,256,0.955369997120645
Modelo6,PKLot,camera6,camera5,512,0.929071887897111
Modelo6,PKLot,camera6,camera5,1024,0.9216335540838853
Modelo6,PKLot,camera6,camera6,64,0.9308952468850946
Modelo6,PKLot,camera6,camera6,128,0.9442778034148592
Modelo6,PKLot,camera6,camera6,256,0.9731195200738348
Modelo6,PKLot,camera6,camera6,512,0.9582371942778034
Modelo6,PKLot,camera6,camera6,1024,0.96227503461006
Modelo6,PKLot,camera6,camera7,64,0.8254712513024534
Modelo6,PKLot,camera6,camera7,128,0.8642133181775126
Modelo6,PKLot,camera6,camera7,256,0.8905939187269111
Modelo6,PKLot,camera6,camera7,512,0.8466420384578952
Modelo6,PKLot,camera6,camera7,1024,0.8492943070948186
Modelo6,PKLot,camera6,camera8,64,0.928666334495931
Modelo6,PKLot,camera6,camera8,128,0.9436555389470188
Modelo6,PKLot,camera6,camera8,256,0.9598903836571998
Modelo6,PKLot,camera6,camera8,512,0.9413303437967115
Modelo6,PKLot,camera6,camera8,1024,0.9412057797708022
Modelo6,PKLot,camera6,camera9,64,0.8559858068497377
Modelo6,PKLot,camera6,camera9,128,0.8816723233569885
Modelo6,PKLot,camera6,camera9,256,0.9246374575748226
Modelo6,PKLot,camera6,camera9,512,0.8839092872570194
Modelo6,PKLot,camera6,camera9,1024,0.8859919777846343
Modelo6,PKLot,camera7,camera1,64,0.8895959274578428
Modelo6,PKLot,camera7,camera1,128,0.8983137130130449
Modelo6,PKLot,camera7,camera1,256,0.9014953865733376
Modelo6,PKLot,camera7,camera1,512,0.8631880369074133
Modelo6,PKLot,camera7,camera1,1024,0.8841870824053452
Modelo6,PKLot,camera7,camera2,64,0.9169719169719169
Modelo6,PKLot,camera7,camera2,128,0.9367521367521368
Modelo6,PKLot,camera7,camera2,256,0.9333333333333333
Modelo6,PKLot,camera7,camera2,512,0.9074481074481074
Modelo6,PKLot,camera7,camera2,1024,0.9396825396825397
Modelo6,PKLot,camera7,camera3,64,0.9070847851335656
Modelo6,PKLot,camera7,camera3,128,0.9359096188364481
Modelo6,PKLot,camera7,camera3,256,0.9464681659803611
Modelo6,PKLot,camera7,camera3,512,0.9458346531517263
Modelo6,PKLot,camera7,camera3,1024,0.9529088797381481
Modelo6,PKLot,camera7,camera4,64,0.9508928571428571
Modelo6,PKLot,camera7,camera4,128,0.949203667953668
Modelo6,PKLot,camera7,camera4,256,0.9557794401544402
Modelo6,PKLot,camera7,camera4,512,0.9563223938223938
Modelo6,PKLot,camera7,camera4,1024,0.9718267374517374
Modelo6,PKLot,camera7,camera5,64,0.943804587772339
Modelo6,PKLot,camera7,camera5,128,0.9457721470390632
Modelo6,PKLot,camera7,camera5,256,0.9507630290814858
Modelo6,PKLot,camera7,camera5,512,0.9518667818408676
Modelo6,PKLot,camera7,camera5,1024,0.9616085996736731
Modelo6,PKLot,camera7,camera6,64,0.9378356872886413
Modelo6,PKLot,camera7,camera6,128,0.9525561965386911
Modelo6,PKLot,camera7,camera6,256,0.9557887407996817
Modelo6,PKLot,camera7,camera6,512,0.9576288044559379
Modelo6,PKLot,camera7,camera6,1024,0.9626019494728466
Modelo6,PKLot,camera7,camera7,64,0.9332298136645962
Modelo6,PKLot,camera7,camera7,128,0.9398846495119787
Modelo6,PKLot,camera7,camera7,256,0.9323425022182786
Modelo6,PKLot,camera7,camera7,512,0.9199201419698314
Modelo6,PKLot,camera7,camera7,1024,0.9317879325643301
Modelo6,PKLot,camera7,camera8,64,0.9323202125892709
Modelo6,PKLot,camera7,camera8,128,0.9463129048330842
Modelo6,PKLot,camera7,camera8,256,0.9555306427503737
Modelo6,PKLot,camera7,camera8,512,0.9571914964291646
Modelo6,PKLot,camera7,camera8,1024,0.9635442617505398
Modelo6,PKLot,camera7,camera9,64,0.9075131132366554
Modelo6,PKLot,camera7,camera9,128,0.9174637457574822
Modelo6,PKLot,camera7,camera9,256,0.9227861771058316
Modelo6,PKLot,camera7,camera9,512,0.9161524220919469
Modelo6,PKLot,camera7,camera9,1024,0.9161524220919469
Modelo6,PKLot,camera8,camera1,64,0.7552656697422845
Modelo6,PKLot,camera8,camera1,128,0.8108813235762011
Modelo6,PKLot,camera8,camera1,256,0.8179446388800509
Modelo6,PKLot,camera8,camera1,512,0.7952911231307668
Modelo6,PKLot,camera8,camera1,1024,0.809608654152084
Modelo6,PKLot,camera8,camera2,64,0.8295482295482296
Modelo6,PKLot,camera8,camera2,128,0.8737484737484738
Modelo6,PKLot,camera8,camera2,256,0.8888888888888888
Modelo6,PKLot,camera8,camera2,512,0.8549450549450549
Modelo6,PKLot,camera8,camera2,1024,0.8710622710622711
Modelo6,PKLot,camera8,camera3,64,0.8955759687467004
Modelo6,PKLot,camera8,camera3,128,0.9258789990497308
Modelo6,PKLot,camera8,camera3,256,0.9337979094076655
Modelo6,PKLot,camera8,camera3,512,0.921233238306409
Modelo6,PKLot,camera8,camera3,1024,0.9283074648928308
Modelo6,PKLot,camera8,camera4,64,0.9201858108108109
Modelo6,PKLot,camera8,camera4,128,0.9307432432432432
Modelo6,PKLot,camera8,camera4,256,0.9479971042471043
Modelo6,PKLot,camera8,camera4,512,0.9270028957528957
Modelo6,PKLot,camera8,camera4,1024,0.9289333976833977
Modelo6,PKLot,camera8,camera5,64,0.8989826278913523
Modelo6,PKLot,camera8,camera5,128,0.9155869085324887
Modelo6,PKLot,camera8,camera5,256,0.9340627699395335
Modelo6,PKLot,camera8,camera5,512,0.914435166522699
Modelo6,PKLot,camera8,camera5,1024,0.9094922737306843
Modelo6,PKLot,camera8,camera6,64,0.9267455739009349
Modelo6,PKLot,camera8,camera6,128,0.9429082952058883
Modelo6,PKLot,camera8,camera6,256,0.9540481400437637
Modelo6,PKLot,camera8,camera6,512,0.949671772428884
Modelo6,PKLot,camera8,camera6,1024,0.945643524965188
Modelo6,PKLot,camera8,camera7,64,0.8133465946765179
Modelo6,PKLot,camera8,camera7,128,0.8565406839064128
Modelo6,PKLot,camera8,camera7,256,0.8749171166050962
Modelo6,PKLot,camera8,camera7,512,0.8547882921284455
Modelo6,PKLot,camera8,camera7,1024,0.8698493890309748
Modelo6,PKLot,camera8,camera8,64,0.9368248456790124
Modelo6,PKLot,camera8,camera8,128,0.957079475308642
Modelo6,PKLot,camera8,camera8,256,0.964891975308642
Modelo6,PKLot,camera8,camera8,512,0.959008487654321
Modelo6,PKLot,camera8,camera8,1024,0.9565007716049383
Modelo6,PKLot,camera8,camera9,64,0.8241283554458501
Modelo6,PKLot,camera8,camera9,128,0.8805924097500771
Modelo6,PKLot,camera8,camera9,256,0.9035791422400493
Modelo6,PKLot,camera8,camera9,512,0.8921629126812712
Modelo6,PKLot,camera8,camera9,1024,0.8929342795433508
Modelo6,PKLot,camera9,camera1,64,0.8442888959592746
Modelo6,PKLot,camera9,camera1,128,0.8341711740375437
Modelo6,PKLot,camera9,camera1,256,0.8787782373528475
Modelo6,PKLot,camera9,camera1,512,0.8424435252943048
Modelo6,PKLot,camera9,camera1,1024,0.8765510658606427
Modelo6,PKLot,camera9,camera2,64,0.9113553113553113
Modelo6,PKLot,camera9,camera2,128,0.9079365079365079
Modelo6,PKLot,camera9,camera2,256,0.936019536019536
Modelo6,PKLot,camera9,camera2,512,0.9286935286935287
Modelo6,PKLot,camera9,camera2,1024,0.9428571428571428
Modelo6,PKLot,camera9,camera3,64,0.927673952064196
Modelo6,PKLot,camera9,camera3,128,0.9337979094076655
Modelo6,PKLot,camera9,camera3,256,0.9435117727800655
Modelo6,PKLot,camera9,camera3,512,0.9501636574807306
Modelo6,PKLot,camera9,camera3,1024,0.9555485165241263
Modelo6,PKLot,camera9,camera4,64,0.9508928571428571
Modelo6,PKLot,camera9,camera4,128,0.9396718146718147
Modelo6,PKLot,camera9,camera4,256,0.9600627413127413
Modelo6,PKLot,camera9,camera4,512,0.9601230694980695
Modelo6,PKLot,camera9,camera4,1024,0.9617519305019305
Modelo6,PKLot,camera9,camera5,64,0.9323831461752567
Modelo6,PKLot,camera9,camera5,128,0.9198579518187926
Modelo6,PKLot,camera9,camera5,256,0.9439005662731548
Modelo6,PKLot,camera9,camera5,512,0.9351185334485075
Modelo6,PKLot,camera9,camera5,1024,0.9446204050292735
Modelo6,PKLot,camera9,camera6,64,0.9533021682912274
Modelo6,PKLot,camera9,camera6,128,0.950218818380744
Modelo6,PKLot,camera9,camera6,256,0.9614083946687886
Modelo6,PKLot,camera9,camera6,512,0.958822359259996
Modelo6,PKLot,camera9,camera6,1024,0.9610602745176049
Modelo6,PKLot,camera9,camera7,64,0.8729279151274036
Modelo6,PKLot,camera9,camera7,128,0.8557355309273468
Modelo6,PKLot,camera9,camera7,256,0.8949038552619115
Modelo6,PKLot,camera9,camera7,512,0.8813583404376243
Modelo6,PKLot,camera9,camera7,1024,0.9046130529506489
Modelo6,PKLot,camera9,camera8,64,0.9522919780767315
Modelo6,PKLot,camera9,camera8,128,0.9485550572994519
Modelo6,PKLot,camera9,camera8,256,0.9607208104965953
Modelo6,PKLot,camera9,camera8,512,0.957108453745225
Modelo6,PKLot,camera9,camera8,1024,0.9647068593256934
Modelo6,PKLot,camera9,camera9,64,0.9209470304975923
Modelo6,PKLot,camera9,camera9,128,0.9181380417335474
Modelo6,PKLot,camera9,camera9,256,0.9452247191011236
Modelo6,PKLot,camera9,camera9,512,0.9436195826645265
Modelo6,PKLot,camera9,camera9,1024,0.9554574638844302
Modelo7,CNR,PUC,PUC,64,0.9614966536405696
Modelo7,CNR,PUC,PUC,128,0.9722738774349069
Modelo7,CNR,PUC,PUC,256,0.9766728054020871
Modelo7,CNR,PUC,PUC,512,0.9792301127431163
Modelo7,CNR,PUC,PUC,1024,0.984799892197817
Modelo7,CNR,PUC,UFPR04,64,0.8408964220590875
Modelo7,CNR,PUC,UFPR04,128,0.86084105703731
Modelo7,CNR,PUC,UFPR04,256,0.8591309770131232
Modelo7,CNR,PUC,UFPR04,512,0.8671617395576467
Modelo7,CNR,PUC,UFPR04,1024,0.8842814357113838
Modelo7,CNR,PUC,UFPR05,64,0.8349066562113581
Modelo7,CNR,PUC,UFPR05,128,0.7965618119854028
Modelo7,CNR,PUC,UFPR05,256,0.8295925445607263
Modelo7,CNR,PUC,UFPR05,512,0.8848629248725759
Modelo7,CNR,PUC,UFPR05,1024,0.860801640679193
Modelo7,CNR,UFPR04,PUC,64,0.9111292881338353
Modelo7,CNR,UFPR04,PUC,128,0.9172227814144919
Modelo7,CNR,UFPR04,PUC,256,0.8739318707377959
Modelo7,CNR,UFPR04,PUC,512,0.9241365979685213
Modelo7,CNR,UFPR04,PUC,1024,0.9175787262831105
Modelo7,CNR,UFPR04,UFPR04,64,0.9453612027869454
Modelo7,CNR,UFPR04,UFPR04,128,0.9572849758094089
Modelo7,CNR,UFPR04,UFPR04,256,0.9625607722062529
Modelo7,CNR,UFPR04,UFPR04,512,0.9648792836272875
Modelo7,CNR,UFPR04,UFPR04,1024,0.9682151010800005
Modelo7,CNR,UFPR04,UFPR05,64,0.8151883463522032
Modelo7,CNR,UFPR04,UFPR05,128,0.8927828211237446
Modelo7,CNR,UFPR04,UFPR05,256,0.8109237868323431
Modelo7,CNR,UFPR04,UFPR05,512,0.855565943842929
Modelo7,CNR,UFPR04,UFPR05,1024,0.9181892209789788
Modelo7,CNR,UFPR05,PUC,64,0.6868439476407455
Modelo7,CNR,UFPR05,PUC,128,0.716776318115708
Modelo7,CNR,UFPR05,PUC,256,0.7600648715416184
Modelo7,CNR,UFPR05,PUC,512,0.7370368886175431
Modelo7,CNR,UFPR05,PUC,1024,0.8175888624614884
Modelo7,CNR,UFPR05,UFPR04,64,0.7949793562162826
Modelo7,CNR,UFPR05,UFPR04,128,0.8029912228489366
Modelo7,CNR,UFPR05,UFPR04,256,0.8018385722248992
Modelo7,CNR,UFPR05,UFPR04,512,0.8153585971675028
Modelo7,CNR,UFPR05,UFPR04,1024,0.8530559413470895
Modelo7,CNR,UFPR05,UFPR05,64,0.9545499381606003
Modelo7,CNR,UFPR05,UFPR05,128,0.9439651574818086
Modelo7,CNR,UFPR05,UFPR05,256,0.9532524489161033
Modelo7,CNR,UFPR05,UFPR05,512,0.9716221650618774
Modelo7,CNR,UFPR05,UFPR05,1024,0.9646491088297557
Modelo7,Kyoto,PUC,PUC,64,0.9321445148153139
Modelo7,Kyoto,PUC,PUC,128,0.9587626704996332
Modelo7,Kyoto,PUC,PUC,256,0.9570647861174745
Modelo7,Kyoto,PUC,PUC,512,0.9664226145023881
Modelo7,Kyoto,PUC,PUC,1024,0.9756007725823115
Modelo7,Kyoto,PUC,UFPR04,64,0.8094441767523596
Modelo7,Kyoto,PUC,UFPR04,128,0.889912417448485
Modelo7,Kyoto,PUC,UFPR04,256,0.876760862787336
Modelo7,Kyoto,PUC,UFPR04,512,0.8666704458490405
Modelo7,Kyoto,PUC,UFPR04,1024,0.8919815197981916
Modelo7,Kyoto,PUC,UFPR05,64,0.637614983261453
Modelo7,Kyoto,PUC,UFPR05,128,0.7088096027988057
Modelo7,Kyoto,PUC,UFPR05,256,0.8032150073890882
Modelo7,Kyoto,PUC,UFPR05,512,0.8062912808758331
Modelo7,Kyoto,PUC,UFPR05,1024,0.7926531350845976
Modelo7,Kyoto,PUC,camera1,64,0.13407572383073496
Modelo7,Kyoto,PUC,camera1,128,0.13343938911867642
Modelo7,Kyoto,PUC,camera1,256,0.1457206490614063
Modelo7,Kyoto,PUC,camera1,512,0.15634743875278395
Modelo7,Kyoto,PUC,camera1,1024,0.1128857779191855
Modelo7,Kyoto,PUC,camera2,64,0.147008547008547
Modelo7,Kyoto,PUC,camera2,128,0.12478632478632479
Modelo7,Kyoto,PUC,camera2,256,0.14871794871794872
Modelo7,Kyoto,PUC,camera2,512,0.1606837606837607
Modelo7,Kyoto,PUC,camera2,1024,0.10793650793650794
Modelo7,Kyoto,PUC,camera3,64,0.1702037799598775
Modelo7,Kyoto,PUC,camera3,128,0.15278217717242107
Modelo7,Kyoto,PUC,camera3,256,0.14317389927146024
Modelo7,Kyoto,PUC,camera3,512,0.1482420019005385
Modelo7,Kyoto,PUC,camera3,1024,0.12522436912680815
Modelo7,Kyoto,PUC,camera4,64,0.10111003861003862
Modelo7,Kyoto,PUC,camera4,128,0.08114140926640927
Modelo7,Kyoto,PUC,camera4,256,0.08415781853281853
Modelo7,Kyoto,PUC,camera4,512,0.08053812741312741
Modelo7,Kyoto,PUC,camera4,1024,0.07185086872586872
Modelo7,Kyoto,PUC,camera5,64,0.11589403973509933
Modelo7,Kyoto,PUC,camera5,128,0.09314713504175065
Modelo7,Kyoto,PUC,camera5,256,0.08422113446587964
Modelo7,Kyoto,PUC,camera5,512,0.09655437182071216
Modelo7,Kyoto,PUC,camera5,1024,0.07419138113062675
Modelo7,Kyoto,PUC,camera6,64,0.1301969365426696
Modelo7,Kyoto,PUC,camera6,128,0.09677740202904317
Modelo7,Kyoto,PUC,camera6,256,0.09195345136264173
Modelo7,Kyoto,PUC,camera6,512,0.0993137059876666
Modelo7,Kyoto,PUC,camera6,1024,0.08046548637358265
Modelo7,Kyoto,PUC,camera7,64,0.1408544093966089
Modelo7,Kyoto,PUC,camera7,128,0.12200435729847495
Modelo7,Kyoto,PUC,camera7,256,0.1460642227905655
Modelo7,Kyoto,PUC,camera7,512,0.16671402860661172
Modelo7,Kyoto,PUC,camera7,1024,0.12593539831391493
Modelo7,Kyoto,PUC,camera8,64,0.14985052316890882
Modelo7,Kyoto,PUC,camera8,128,0.10334662016276366
Modelo7,Kyoto,PUC,camera8,256,0.09807340973260256
Modelo7,Kyoto,PUC,camera8,512,0.10874439461883408
Modelo7,Kyoto,PUC,camera8,1024,0.08603222056136854
Modelo7,Kyoto,PUC,camera9,64,0.18219685282320272
Modelo7,Kyoto,PUC,camera9,128,0.1505708114779389
Modelo7,Kyoto,PUC,camera9,256,0.15249922863313792
Modelo7,Kyoto,PUC,camera9,512,0.17780006170934898
Modelo7,Kyoto,PUC,camera9,1024,0.1283554458500463
Modelo7,Kyoto,UFPR04,PUC,64,0.7114465740895708
Modelo7,Kyoto,UFPR04,PUC,128,0.7320206589458846
Modelo7,Kyoto,UFPR04,PUC,256,0.7454169151601869
Modelo7,Kyoto,UFPR04,PUC,512,0.8568535887964585
Modelo7,Kyoto,UFPR04,PUC,1024,0.783741098431721
Modelo7,Kyoto,UFPR04,UFPR04,64,0.9126654600943965
Modelo7,Kyoto,UFPR04,UFPR04,128,0.9407360090847795
Modelo7,Kyoto,UFPR04,UFPR04,256,0.9473721565704958
Modelo7,Kyoto,UFPR04,UFPR04,512,0.9547180524504063
Modelo7,Kyoto,UFPR04,UFPR04,1024,0.9600648236866698
Modelo7,Kyoto,UFPR04,UFPR05,64,0.6378140362517719
Modelo7,Kyoto,UFPR04,UFPR05,128,0.6081732364206653
Modelo7,Kyoto,UFPR04,UFPR05,256,0.5363392345507736
Modelo7,Kyoto,UFPR04,UFPR05,512,0.6981210604095666
Modelo7,Kyoto,UFPR04,UFPR05,1024,0.5498688059836535
Modelo7,Kyoto,UFPR04,camera1,64,0.28418708240534524
Modelo7,Kyoto,UFPR04,camera1,128,0.2674514794782055
Modelo7,Kyoto,UFPR04,camera1,256,0.32013999363665285
Modelo7,Kyoto,UFPR04,camera1,512,0.20120903595291123
Modelo7,Kyoto,UFPR04,camera1,1024,0.24957047406936048
Modelo7,Kyoto,UFPR04,camera2,64,0.29474969474969476
Modelo7,Kyoto,UFPR04,camera2,128,0.2778998778998779
Modelo7,Kyoto,UFPR04,camera2,256,0.2954822954822955
Modelo7,Kyoto,UFPR04,camera2,512,0.23272283272283273
Modelo7,Kyoto,UFPR04,camera2,1024,0.22490842490842491
Modelo7,Kyoto,UFPR04,camera3,64,0.29817337134410304
Modelo7,Kyoto,UFPR04,camera3,128,0.29680076021539437
Modelo7,Kyoto,UFPR04,camera3,256,0.32245802977510296
Modelo7,Kyoto,UFPR04,camera3,512,0.22415795586527293
Modelo7,Kyoto,UFPR04,camera3,1024,0.23851757998099463
Modelo7,Kyoto,UFPR04,camera4,64,0.31141409266409265
Modelo7,Kyoto,UFPR04,camera4,128,0.30990588803088803
Modelo7,Kyoto,UFPR04,camera4,256,0.37445704633204635
Modelo7,Kyoto,UFPR04,camera4,512,0.25235279922779924
Modelo7,Kyoto,UFPR04,camera4,1024,0.22930743243243243
Modelo7,Kyoto,UFPR04,camera5,64,0.3063153853536808
Modelo7,Kyoto,UFPR04,camera5,128,0.30055667530473174
Modelo7,Kyoto,UFPR04,camera5,256,0.32666282752663406
Modelo7,Kyoto,UFPR04,camera5,512,0.2412899510509646
Modelo7,Kyoto,UFPR04,camera5,1024,0.22401382090411748
Modelo7,Kyoto,UFPR04,camera6,64,0.31489954247065843
Modelo7,Kyoto,UFPR04,camera6,128,0.30873284264969164
Modelo7,Kyoto,UFPR04,camera6,256,0.3367813805450567
Modelo7,Kyoto,UFPR04,camera6,512,0.23771633180823554
Modelo7,Kyoto,UFPR04,camera6,1024,0.19852794907499502
Modelo7,Kyoto,UFPR04,camera7,64,0.28862366202519657
Modelo7,Kyoto,UFPR04,camera7,128,0.28090366581415177
Modelo7,Kyoto,UFPR04,camera7,256,0.29823813583404374
Modelo7,Kyoto,UFPR04,camera7,512,0.21900161030595813
Modelo7,Kyoto,UFPR04,camera7,1024,0.17997537179122858
Modelo7,Kyoto,UFPR04,camera8,64,0.32444776615180204
Modelo7,Kyoto,UFPR04,camera8,128,0.31743065935891046
Modelo7,Kyoto,UFPR04,camera8,256,0.33619830592924765
Modelo7,Kyoto,UFPR04,camera8,512,0.2540690915130377
Modelo7,Kyoto,UFPR04,camera8,1024,0.18306759674472678
Modelo7,Kyoto,UFPR04,camera9,64,0.3563714902807775
Modelo7,Kyoto,UFPR04,camera9,128,0.34958346189447703
Modelo7,Kyoto,UFPR04,camera9,256,0.3586084541808084
Modelo7,Kyoto,UFPR04,camera9,512,0.2941221845109534
Modelo7,Kyoto,UFPR04,camera9,1024,0.22377352668929343
Modelo7,Kyoto,UFPR05,PUC,64,0.6232429641957178
Modelo7,Kyoto,UFPR05,PUC,128,0.6284548456825774
Modelo7,Kyoto,UFPR05,PUC,256,0.7803985168178057
Modelo7,Kyoto,UFPR05,PUC,512,0.7217406882700844
Modelo7,Kyoto,UFPR05,PUC,1024,0.821907345900623
Modelo7,Kyoto,UFPR05,UFPR04,64,0.5943047721625426
Modelo7,Kyoto,UFPR05,UFPR04,128,0.6046030441314022
Modelo7,Kyoto,UFPR05,UFPR04,256,0.7269257296183971
Modelo7,Kyoto,UFPR05,UFPR04,512,0.7282484434492598
Modelo7,Kyoto,UFPR05,UFPR04,1024,0.8287369027710855
Modelo7,Kyoto,UFPR05,UFPR05,64,0.9033484327695704
Modelo7,Kyoto,UFPR05,UFPR05,128,0.9286305038962616
Modelo7,Kyoto,UFPR05,UFPR05,256,0.9530248192240862
Modelo7,Kyoto,UFPR05,UFPR05,512,0.9572435561828018
Modelo7,Kyoto,UFPR05,UFPR05,1024,0.9539960392433589
Modelo7,Kyoto,UFPR05,camera1,64,0.4143175310213172
Modelo7,Kyoto,UFPR05,camera1,128,0.4164174355711104
Modelo7,Kyoto,UFPR05,camera1,256,0.2757238307349666
Modelo7,Kyoto,UFPR05,camera1,512,0.3776010181355393
Modelo7,Kyoto,UFPR05,camera1,1024,0.23913458479160038
Modelo7,Kyoto,UFPR05,camera2,64,0.4507936507936508
Modelo7,Kyoto,UFPR05,camera2,128,0.4271062271062271
Modelo7,Kyoto,UFPR05,camera2,256,0.25567765567765566
Modelo7,Kyoto,UFPR05,camera2,512,0.33528693528693526
Modelo7,Kyoto,UFPR05,camera2,1024,0.22344322344322345
Modelo7,Kyoto,UFPR05,camera3,64,0.385070214338507
Modelo7,Kyoto,UFPR05,camera3,128,0.40565938126913736
Modelo7,Kyoto,UFPR05,camera3,256,0.22130714813641644
Modelo7,Kyoto,UFPR05,camera3,512,0.31823461091753774
Modelo7,Kyoto,UFPR05,camera3,1024,0.20335761799176433
Modelo7,Kyoto,UFPR05,camera4,64,0.3451978764478765
Modelo7,Kyoto,UFPR05,camera4,128,0.3598576254826255
Modelo7,Kyoto,UFPR05,camera4,256,0.1632480694980695
Modelo7,Kyoto,UFPR05,camera4,512,0.2578426640926641
Modelo7,Kyoto,UFPR05,camera4,1024,0.14412403474903476
Modelo7,Kyoto,UFPR05,camera5,64,0.3819944332469527
Modelo7,Kyoto,UFPR05,camera5,128,0.3964391976197332
Modelo7,Kyoto,UFPR05,camera5,256,0.21887897111047125
Modelo7,Kyoto,UFPR05,camera5,512,0.32335156924848835
Modelo7,Kyoto,UFPR05,camera5,1024,0.19541222766100394
Modelo7,Kyoto,UFPR05,camera6,64,0.3493137059876666
Modelo7,Kyoto,UFPR05,camera6,128,0.3672170280485379
Modelo7,Kyoto,UFPR05,camera6,256,0.17590013924806047
Modelo7,Kyoto,UFPR05,camera6,512,0.26656057290630597
Modelo7,Kyoto,UFPR05,camera6,1024,0.15386910682315497
Modelo7,Kyoto,UFPR05,camera7,64,0.3912569858861419
Modelo7,Kyoto,UFPR05,camera7,128,0.4106280193236715
Modelo7,Kyoto,UFPR05,camera7,256,0.2683527517287108
Modelo7,Kyoto,UFPR05,camera7,512,0.35294117647058826
Modelo7,Kyoto,UFPR05,camera7,1024,0.23624135644596003
Modelo7,Kyoto,UFPR05,camera8,64,0.34956817804351437
Modelo7,Kyoto,UFPR05,camera8,128,0.3606958976914134
Modelo7,Kyoto,UFPR05,camera8,256,0.17995349609699385
Modelo7,Kyoto,UFPR05,camera8,512,0.28521009799036706
Modelo7,Kyoto,UFPR05,camera8,1024,0.16820295631954824
Modelo7,Kyoto,UFPR05,camera9,64,0.44052761493366244
Modelo7,Kyoto,UFPR05,camera9,128,0.4604288799753163
Modelo7,Kyoto,UFPR05,camera9,256,0.2743751928417155
Modelo7,Kyoto,UFPR05,camera9,512,0.38375501388460354
Modelo7,Kyoto,UFPR05,camera9,1024,0.22199938290651033
Modelo7,Kyoto,camera1,PUC,64,0.22087439860639332
Modelo7,Kyoto,camera1,PUC,128,0.18306409600610998
Modelo7,Kyoto,camera1,PUC,256,0.15972259872755604
Modelo7,Kyoto,camera1,PUC,512,0.14896174889150282
Modelo7,Kyoto,camera1,PUC,1024,0.09997100581533769
Modelo7,Kyoto,camera1,UFPR04,64,0.29438885897036177
Modelo7,Kyoto,camera1,UFPR04,128,0.287076141076878
Modelo7,Kyoto,camera1,UFPR04,256,0.27555908279243785
Modelo7,Kyoto,camera1,UFPR04,512,0.2711752312387215
Modelo7,Kyoto,camera1,UFPR04,1024,0.17239685194108254
Modelo7,Kyoto,camera1,UFPR05,64,0.33286485508339114
Modelo7,Kyoto,camera1,UFPR05,128,0.3165787013300359
Modelo7,Kyoto,camera1,UFPR05,256,0.2621588201586392
Modelo7,Kyoto,camera1,UFPR05,512,0.2858159664625871
Modelo7,Kyoto,camera1,UFPR05,1024,0.30646922218536055
Modelo7,Kyoto,camera1,camera1,64,0.8906688687035508
Modelo7,Kyoto,camera1,camera1,128,0.9308009909165978
Modelo7,Kyoto,camera1,camera1,256,0.9354252683732452
Modelo7,Kyoto,camera1,camera1,512,0.9593724194880264
Modelo7,Kyoto,camera1,camera1,1024,0.9205615194054501
Modelo7,Kyoto,camera1,camera2,64,0.9196581196581196
Modelo7,Kyoto,camera1,camera2,128,0.9418803418803419
Modelo7,Kyoto,camera1,camera2,256,0.9404151404151404
Modelo7,Kyoto,camera1,camera2,512,0.9484737484737484
Modelo7,Kyoto,camera1,camera2,1024,0.9079365079365079
Modelo7,Kyoto,camera1,camera3,64,0.9086685672051525
Modelo7,Kyoto,camera1,camera3,128,0.9266180973498047
Modelo7,Kyoto,camera1,camera3,256,0.9239784605638264
Modelo7,Kyoto,camera1,camera3,512,0.9259845845211699
Modelo7,Kyoto,camera1,camera3,1024,0.9173265758631612
Modelo7,Kyoto,camera1,camera4,64,0.919280888030888
Modelo7,Kyoto,camera1,camera4,128,0.9481177606177607
Modelo7,Kyoto,camera1,camera4,256,0.9411800193050193
Modelo7,Kyoto,camera1,camera4,512,0.948238416988417
Modelo7,Kyoto,camera1,camera4,1024,0.924831081081081
Modelo7,Kyoto,camera1,camera5,64,0.8915922833285345
Modelo7,Kyoto,camera1,camera5,128,0.9324311354256647
Modelo7,Kyoto,camera1,camera5,256,0.9297437374028218
Modelo7,Kyoto,camera1,camera5,512,0.9292158556483348
Modelo7,Kyoto,camera1,camera5,1024,0.9020059506670506
Modelo7,Kyoto,camera1,camera6,64,0.9010841456136861
Modelo7,Kyoto,camera1,camera6,128,0.9326636164710563
Modelo7,Kyoto,camera1,camera6,256,0.9232146409389298
Modelo7,Kyoto,camera1,camera6,512,0.9371891784364432
Modelo7,Kyoto,camera1,camera6,1024,0.9191366620250646
Modelo7,Kyoto,camera1,camera7,64,0.8653973666761391
Modelo7,Kyoto,camera1,camera7,128,0.9042341574310884
Modelo7,Kyoto,camera1,camera7,256,0.8913043478260869
Modelo7,Kyoto,camera1,camera7,512,0.8940513403429005
Modelo7,Kyoto,camera1,camera7,1024,0.86222411669982
Modelo7,Kyoto,camera1,camera8,64,0.9162099319049992
Modelo7,Kyoto,camera1,camera8,128,0.9419116425842883
Modelo7,Kyoto,camera1,camera8,256,0.9341056302939711
Modelo7,Kyoto,camera1,camera8,512,0.9385899352267065
Modelo7,Kyoto,camera1,camera8,1024,0.9262580966616841
Modelo7,Kyoto,camera1,camera9,64,0.8718759642085776
Modelo7,Kyoto,camera1,camera9,128,0.9264887380438136
Modelo7,Kyoto,camera1,camera9,256,0.9011107682813946
Modelo7,Kyoto,camera1,camera9,512,0.9103671706263499
Modelo7,Kyoto,camera1,camera9,1024,0.8689447701326751
Modelo7,Kyoto,camera2,PUC,64,0.24340735886550235
Modelo7,Kyoto,camera2,PUC,128,0.13111736044486036
Modelo7,Kyoto,camera2,PUC,256,0.14386537269313546
Modelo7,Kyoto,camera2,PUC,512,0.18660232943522628
Modelo7,Kyoto,camera2,PUC,1024,0.16860943418909394
Modelo7,Kyoto,camera2,UFPR04,64,0.24308645824475875
Modelo7,Kyoto,camera2,UFPR04,128,0.24182988010543918
Modelo7,Kyoto,camera2,UFPR04,256,0.23126706537040712
Modelo7,Kyoto,camera2,UFPR04,512,0.21957994387914176
Modelo7,Kyoto,camera2,UFPR04,1024,0.3236869703239704
Modelo7,Kyoto,camera2,UFPR05,64,0.4192297252465543
Modelo7,Kyoto,camera2,UFPR05,128,0.35602135295714327
Modelo7,Kyoto,camera2,UFPR05,256,0.2535211267605634
Modelo7,Kyoto,camera2,UFPR05,512,0.2740115209458033
Modelo7,Kyoto,camera2,UFPR05,1024,0.2558132521036282
Modelo7,Kyoto,camera2,camera1,64,0.8343620744511613
Modelo7,Kyoto,camera2,camera1,128,0.8433980273623927
Modelo7,Kyoto,camera2,camera1,256,0.8601972637607381
Modelo7,Kyoto,camera2,camera1,512,0.89086859688196
Modelo7,Kyoto,camera2,camera1,1024,0.8944957047406936
Modelo7,Kyoto,camera2,camera2,64,0.9614512471655329
Modelo7,Kyoto,camera2,camera2,128,0.9841269841269841
Modelo7,Kyoto,camera2,camera2,256,0.9795918367346939
Modelo7,Kyoto,camera2,camera2,512,0.9829931972789115
Modelo7,Kyoto,camera2,camera2,1024,0.9773242630385488
Modelo7,Kyoto,camera2,camera3,64,0.9087741526765917
Modelo7,Kyoto,camera2,camera3,128,0.9172209903917221
Modelo7,Kyoto,camera2,camera3,256,0.9193326998205047
Modelo7,Kyoto,camera2,camera3,512,0.9248231443353394
Modelo7,Kyoto,camera2,camera3,1024,0.9215499947207264
Modelo7,Kyoto,camera2,camera4,64,0.9142133204633205
Modelo7,Kyoto,camera2,camera4,128,0.927726833976834
Modelo7,Kyoto,camera2,camera4,256,0.9347852316602316
Modelo7,Kyoto,camera2,camera4,512,0.9495053088803089
Modelo7,Kyoto,camera2,camera4,1024,0.9480574324324325
Modelo7,Kyoto,camera2,camera5,64,0.8906324983203763
Modelo7,Kyoto,camera2,camera5,128,0.8973989826278913
Modelo7,Kyoto,camera2,camera5,256,0.8952394663595354
Modelo7,Kyoto,camera2,camera5,512,0.9164027257894232
Modelo7,Kyoto,camera2,camera5,1024,0.914435166522699
Modelo7,Kyoto,camera2,camera6,64,0.8988959618062463
Modelo7,Kyoto,camera2,camera6,128,0.9089417147404019
Modelo7,Kyoto,camera2,camera6,256,0.9165506266162722
Modelo7,Kyoto,camera2,camera6,512,0.9337577083747762
Modelo7,Kyoto,camera2,camera6,1024,0.9321165705191964
Modelo7,Kyoto,camera2,camera7,64,0.8522307473714124
Modelo7,Kyoto,camera2,camera7,128,0.8458842474187743
Modelo7,Kyoto,camera2,camera7,256,0.8532253481102586
Modelo7,Kyoto,camera2,camera7,512,0.8764326986833381
Modelo7,Kyoto,camera2,camera7,1024,0.8835369896750971
Modelo7,Kyoto,camera2,camera8,64,0.9118086696562033
Modelo7,Kyoto,camera2,camera8,128,0.9214416209931905
Modelo7,Kyoto,camera2,camera8,256,0.9260089686098655
Modelo7,Kyoto,camera2,camera8,512,0.9388390632785252
Modelo7,Kyoto,camera2,camera8,1024,0.9357249626307922
Modelo7,Kyoto,camera2,camera9,64,0.8737272446775687
Modelo7,Kyoto,camera2,camera9,128,0.8689447701326751
Modelo7,Kyoto,camera2,camera9,256,0.8841406973156433
Modelo7,Kyoto,camera2,camera9,512,0.9052761493366245
Modelo7,Kyoto,camera2,camera9,1024,0.8939370564640543
Modelo7,Kyoto,camera3,PUC,64,0.21516513720378197
Modelo7,Kyoto,camera3,PUC,128,0.13211919202872074
Modelo7,Kyoto,camera3,PUC,256,0.10818366755220721
Modelo7,Kyoto,camera3,PUC,512,0.08686233419687286
Modelo7,Kyoto,camera3,PUC,1024,0.11173840173682238
Modelo7,Kyoto,camera3,UFPR04,64,0.30190943189440966
Modelo7,Kyoto,camera3,UFPR04,128,0.22939637009532987
Modelo7,Kyoto,camera3,UFPR04,256,0.2395812665929726
Modelo7,Kyoto,camera3,UFPR04,512,0.2184934289466474
Modelo7,Kyoto,camera3,UFPR04,1024,0.17785777047135853
Modelo7,Kyoto,camera3,UFPR05,64,0.2924450342310824
Modelo7,Kyoto,camera3,UFPR05,128,0.19537955786108513
Modelo7,Kyoto,camera3,UFPR05,256,0.19101848780046446
Modelo7,Kyoto,camera3,UFPR05,512,0.2352203154688301
Modelo7,Kyoto,camera3,UFPR05,1024,0.20776306662243266
Modelo7,Kyoto,camera3,camera1,64,0.8005090677696468
Modelo7,Kyoto,camera3,camera1,128,0.8486796054724786
Modelo7,Kyoto,camera3,camera1,256,0.8521794463888005
Modelo7,Kyoto,camera3,camera1,512,0.8849506840598155
Modelo7,Kyoto,camera3,camera1,1024,0.893032134902959
Modelo7,Kyoto,camera3,camera2,64,0.8463980463980464
Modelo7,Kyoto,camera3,camera2,128,0.905982905982906
Modelo7,Kyoto,camera3,camera2,256,0.914041514041514
Modelo7,Kyoto,camera3,camera2,512,0.9387057387057387
Modelo7,Kyoto,camera3,camera2,1024,0.9484737484737484
Modelo7,Kyoto,camera3,camera3,64,0.9072196620583718
Modelo7,Kyoto,camera3,camera3,128,0.9394777265745008
Modelo7,Kyoto,camera3,camera3,256,0.9422427035330261
Modelo7,Kyoto,camera3,camera3,512,0.9572964669738864
Modelo7,Kyoto,camera3,camera3,1024,0.967741935483871
Modelo7,Kyoto,camera3,camera4,64,0.8918315637065637
Modelo7,Kyoto,camera3,camera4,128,0.9336389961389961
Modelo7,Kyoto,camera3,camera4,256,0.935207528957529
Modelo7,Kyoto,camera3,camera4,512,0.9555984555984556
Modelo7,Kyoto,camera3,camera4,1024,0.9574686293436293
Modelo7,Kyoto,camera3,camera5,64,0.8581437757942221
Modelo7,Kyoto,camera3,camera5,128,0.8910644015740474
Modelo7,Kyoto,camera3,camera5,256,0.8830022075055187
Modelo7,Kyoto,camera3,camera5,512,0.914435166522699
Modelo7,Kyoto,camera3,camera5,1024,0.9268163931279393
Modelo7,Kyoto,camera3,camera6,64,0.8699522578078377
Modelo7,Kyoto,camera3,camera6,128,0.9074497712353292
Modelo7,Kyoto,camera3,camera6,256,0.9189874676745574
Modelo7,Kyoto,camera3,camera6,512,0.9292321464093893
Modelo7,Kyoto,camera3,camera6,1024,0.9383330017903322
Modelo7,Kyoto,camera3,camera7,64,0.7967225537558018
Modelo7,Kyoto,camera3,camera7,128,0.8240503931041016
Modelo7,Kyoto,camera3,camera7,256,0.8269868333806952
Modelo7,Kyoto,camera3,camera7,512,0.8713649711092166
Modelo7,Kyoto,camera3,camera7,1024,0.8851946575731742
Modelo7,Kyoto,camera3,camera8,64,0.8872695565520677
Modelo7,Kyoto,camera3,camera8,128,0.9171649227703039
Modelo7,Kyoto,camera3,camera8,256,0.9264241820295632
Modelo7,Kyoto,camera3,camera8,512,0.9374688589935227
Modelo7,Kyoto,camera3,camera8,1024,0.9476000664341472
Modelo7,Kyoto,camera3,camera9,64,0.8371644554149954
Modelo7,Kyoto,camera3,camera9,128,0.8709503239740821
Modelo7,Kyoto,camera3,camera9,256,0.8759642085775995
Modelo7,Kyoto,camera3,camera9,512,0.896636840481333
Modelo7,Kyoto,camera3,camera9,1024,0.9146868250539957
Modelo7,Kyoto,camera4,PUC,64,0.13364904778854517
Modelo7,Kyoto,camera4,PUC,128,0.12202072966340816
Modelo7,Kyoto,camera4,PUC,256,0.11102415474879956
Modelo7,Kyoto,camera4,PUC,512,0.10151500507987544
Modelo7,Kyoto,camera4,PUC,1024,0.08942466580076988
Modelo7,Kyoto,camera4,UFPR04,64,0.3247545893445953
Modelo7,Kyoto,camera4,UFPR04,128,0.27088234460474475
Modelo7,Kyoto,camera4,UFPR04,256,0.32879831448466124
Modelo7,Kyoto,camera4,UFPR04,512,0.301540961612955
Modelo7,Kyoto,camera4,UFPR04,1024,0.24900087865990192
Modelo7,Kyoto,camera4,UFPR05,64,0.37137859275567753
Modelo7,Kyoto,camera4,UFPR05,128,0.273963265675423
Modelo7,Kyoto,camera4,UFPR05,256,0.23596827215972493
Modelo7,Kyoto,camera4,UFPR05,512,0.2898513134481407
Modelo7,Kyoto,camera4,UFPR05,1024,0.2066230358596978
Modelo7,Kyoto,camera4,camera1,64,0.8293350302258988
Modelo7,Kyoto,camera4,camera1,128,0.8656697422844416
Modelo7,Kyoto,camera4,camera1,256,0.8187082405345212
Modelo7,Kyoto,camera4,camera1,512,0.8311804008908686
Modelo7,Kyoto,camera4,camera1,1024,0.8095450206808782
Modelo7,Kyoto,camera4,camera2,64,0.9294261294261295
Modelo7,Kyoto,camera4,camera2,128,0.938949938949939
Modelo7,Kyoto,camera4,camera2,256,0.9113553113553113
Modelo7,Kyoto,camera4,camera2,512,0.9157509157509157
Modelo7,Kyoto,camera4,camera2,1024,0.9035409035409036
Modelo7,Kyoto,camera4,camera3,64,0.9093020800337873
Modelo7,Kyoto,camera4,camera3,128,0.9142645971914265
Modelo7,Kyoto,camera4,camera3,256,0.8959983106324569
Modelo7,Kyoto,camera4,camera3,512,0.9023334389188048
Modelo7,Kyoto,camera4,camera3,1024,0.900855242318657
Modelo7,Kyoto,camera4,camera4,64,0.9465708483049523
Modelo7,Kyoto,camera4,camera4,128,0.9570379628183097
Modelo7,Kyoto,camera4,camera4,256,0.931416966099047
Modelo7,Kyoto,camera4,camera4,512,0.9309482893297922
Modelo7,Kyoto,camera4,camera4,1024,0.9286049054835182
Modelo7,Kyoto,camera4,camera5,64,0.9107879834916979
Modelo7,Kyoto,camera4,camera5,128,0.9253767156157021
Modelo7,Kyoto,camera4,camera5,256,0.8909204338228237
Modelo7,Kyoto,camera4,camera5,512,0.8932239178424033
Modelo7,Kyoto,camera4,camera5,1024,0.8950954986083117
Modelo7,Kyoto,camera4,camera6,64,0.9095384921424309
Modelo7,Kyoto,camera4,camera6,128,0.9312214044161528
Modelo7,Kyoto,camera4,camera6,256,0.9093395663417545
Modelo7,Kyoto,camera4,camera6,512,0.9065048736821165
Modelo7,Kyoto,camera4,camera6,1024,0.908444400238711
Modelo7,Kyoto,camera4,camera7,64,0.8373117362887184
Modelo7,Kyoto,camera4,camera7,128,0.8526570048309179
Modelo7,Kyoto,camera4,camera7,256,0.8061002178649237
Modelo7,Kyoto,camera4,camera7,512,0.8206403334280572
Modelo7,Kyoto,camera4,camera7,1024,0.8309178743961353
Modelo7,Kyoto,camera4,camera8,64,0.9265072247135028
Modelo7,Kyoto,camera4,camera8,128,0.9353097492110946
Modelo7,Kyoto,camera4,camera8,256,0.9188257764490948
Modelo7,Kyoto,camera4,camera8,512,0.9238498588274373
Modelo7,Kyoto,camera4,camera8,1024,0.9262165753197144
Modelo7,Kyoto,camera4,camera9,64,0.8606140080222153
Modelo7,Kyoto,camera4,camera9,128,0.8891545819191607
Modelo7,Kyoto,camera4,camera9,256,0.841792656587473
Modelo7,Kyoto,camera4,camera9,512,0.8549058932428263
Modelo7,Kyoto,camera4,camera9,1024,0.8567571737118174
Modelo7,Kyoto,camera5,PUC,64,0.09685236302604998
Modelo7,Kyoto,camera5,PUC,128,0.1161629614613069
Modelo7,Kyoto,camera5,PUC,256,0.08016538471511446
Modelo7,Kyoto,camera5,PUC,512,0.08478088175322884
Modelo7,Kyoto,camera5,PUC,1024,0.07052658625298487
Modelo7,Kyoto,camera5,UFPR04,64,0.3197093808754476
Modelo7,Kyoto,camera5,UFPR04,128,0.27756204945060137
Modelo7,Kyoto,camera5,UFPR04,256,0.1494099751518759
Modelo7,Kyoto,camera5,UFPR04,512,0.20744876845894392
Modelo7,Kyoto,camera5,UFPR04,1024,0.24356830399743015
Modelo7,Kyoto,camera5,UFPR05,64,0.34140603794070634
Modelo7,Kyoto,camera5,UFPR05,128,0.20450583587176163
Modelo7,Kyoto,camera5,UFPR05,256,0.18493229182374762
Modelo7,Kyoto,camera5,UFPR05,512,0.1402237838163887
Modelo7,Kyoto,camera5,UFPR05,1024,0.2414874687094731
Modelo7,Kyoto,camera5,camera1,64,0.8361438116449252
Modelo7,Kyoto,camera5,camera1,128,0.8249443207126949
Modelo7,Kyoto,camera5,camera1,256,0.8973592109449571
Modelo7,Kyoto,camera5,camera1,512,0.8561883550747693
Modelo7,Kyoto,camera5,camera1,1024,0.8143811644925231
Modelo7,Kyoto,camera5,camera2,64,0.9111111111111111
Modelo7,Kyoto,camera5,camera2,128,0.8930402930402931
Modelo7,Kyoto,camera5,camera2,256,0.9516483516483516
Modelo7,Kyoto,camera5,camera2,512,0.9294261294261295
Modelo7,Kyoto,camera5,camera2,1024,0.9228327228327229
Modelo7,Kyoto,camera5,camera3,64,0.9067680287192482
Modelo7,Kyoto,camera5,camera3,128,0.9010664132615352
Modelo7,Kyoto,camera5,camera3,256,0.9254566571639742
Modelo7,Kyoto,camera5,camera3,512,0.9118361313483264
Modelo7,Kyoto,camera5,camera3,1024,0.8990602893041918
Modelo7,Kyoto,camera5,camera4,64,0.9421452702702703
Modelo7,Kyoto,camera5,camera4,128,0.9240468146718147
Modelo7,Kyoto,camera5,camera4,256,0.9613296332046332
Modelo7,Kyoto,camera5,camera4,512,0.9507722007722008
Modelo7,Kyoto,camera5,camera4,1024,0.9450410231660231
Modelo7,Kyoto,camera5,camera5,64,0.8966842336407553
Modelo7,Kyoto,camera5,camera5,128,0.8971234079929732
Modelo7,Kyoto,camera5,camera5,256,0.9339042599912165
Modelo7,Kyoto,camera5,camera5,512,0.9219367588932806
Modelo7,Kyoto,camera5,camera5,1024,0.9010759771629336
Modelo7,Kyoto,camera5,camera6,64,0.915953849214243
Modelo7,Kyoto,camera5,camera6,128,0.9102347324447981
Modelo7,Kyoto,camera5,camera6,256,0.9406703799482793
Modelo7,Kyoto,camera5,camera6,512,0.9366421324845833
Modelo7,Kyoto,camera5,camera6,1024,0.9255022876467078
Modelo7,Kyoto,camera5,camera7,64,0.822866344605475
Modelo7,Kyoto,camera5,camera7,128,0.843279340721796
Modelo7,Kyoto,camera5,camera7,256,0.8886520791891636
Modelo7,Kyoto,camera5,camera7,512,0.8734488964667992
Modelo7,Kyoto,camera5,camera7,1024,0.8499573742540495
Modelo7,Kyoto,camera5,camera8,64,0.920984886231523
Modelo7,Kyoto,camera5,camera8,128,0.9292061119415379
Modelo7,Kyoto,camera5,camera8,256,0.9437801029729281
Modelo7,Kyoto,camera5,camera8,512,0.9474339810662681
Modelo7,Kyoto,camera5,camera8,1024,0.9387560205945856
Modelo7,Kyoto,camera5,camera9,64,0.8364702252391237
Modelo7,Kyoto,camera5,camera9,128,0.8570657204566492
Modelo7,Kyoto,camera5,camera9,256,0.896636840481333
Modelo7,Kyoto,camera5,camera9,512,0.8928571428571429
Modelo7,Kyoto,camera5,camera9,1024,0.8598426411601358
Modelo7,Kyoto,camera6,PUC,64,0.13580828950811247
Modelo7,Kyoto,camera6,PUC,128,0.1089144152957289
Modelo7,Kyoto,camera6,PUC,256,0.09495241889289359
Modelo7,Kyoto,camera6,PUC,512,0.06621517456620693
Modelo7,Kyoto,camera6,PUC,1024,0.061156514380408415
Modelo7,Kyoto,camera6,UFPR04,64,0.212125506646637
Modelo7,Kyoto,camera6,UFPR04,128,0.21733133036667518
Modelo7,Kyoto,camera6,UFPR04,256,0.2739529302835332
Modelo7,Kyoto,camera6,UFPR04,512,0.22863108566461646
Modelo7,Kyoto,camera6,UFPR04,1024,0.1306368867095604
Modelo7,Kyoto,camera6,UFPR05,64,0.34738365955906747
Modelo7,Kyoto,camera6,UFPR05,128,0.2792894411436499
Modelo7,Kyoto,camera6,UFPR05,256,0.23103417076333807
Modelo7,Kyoto,camera6,UFPR05,512,0.22283680670748257
Modelo7,Kyoto,camera6,UFPR05,1024,0.1487951262176916
Modelo7,Kyoto,camera6,camera1,64,0.8698059179128221
Modelo7,Kyoto,camera6,camera1,128,0.8450524976137448
Modelo7,Kyoto,camera6,camera1,256,0.8163538020999046
Modelo7,Kyoto,camera6,camera1,512,0.834489341393573
Modelo7,Kyoto,camera6,camera1,1024,0.8756601972637608
Modelo7,Kyoto,camera6,camera2,64,0.9445665445665445
Modelo7,Kyoto,camera6,camera2,128,0.9355311355311355
Modelo7,Kyoto,camera6,camera2,256,0.9030525030525031
Modelo7,Kyoto,camera6,camera2,512,0.9235653235653236
Modelo7,Kyoto,camera6,camera2,1024,0.945054945054945
Modelo7,Kyoto,camera6,camera3,64,0.9219723366064829
Modelo7,Kyoto,camera6,camera3,128,0.9104635202196177
Modelo7,Kyoto,camera6,camera3,256,0.8803716608594657
Modelo7,Kyoto,camera6,camera3,512,0.8963150670467743
Modelo7,Kyoto,camera6,camera3,1024,0.9141590117199874
Modelo7,Kyoto,camera6,camera4,64,0.9525820463320464
Modelo7,Kyoto,camera6,camera4,128,0.9382239382239382
Modelo7,Kyoto,camera6,camera4,256,0.9326737451737451
Modelo7,Kyoto,camera6,camera4,512,0.9397321428571429
Modelo7,Kyoto,camera6,camera4,1024,0.952159749034749
Modelo7,Kyoto,camera6,camera5,64,0.9230732315961224
Modelo7,Kyoto,camera6,camera5,128,0.9221614358383722
Modelo7,Kyoto,camera6,camera5,256,0.9167866397926865
Modelo7,Kyoto,camera6,camera5,512,0.9209617045781745
Modelo7,Kyoto,camera6,camera5,1024,0.9401574047413379
Modelo7,Kyoto,camera6,camera6,64,0.9337794185509921
Modelo7,Kyoto,camera6,camera6,128,0.9349330872173511
Modelo7,Kyoto,camera6,camera6,256,0.9372404245500692
Modelo7,Kyoto,camera6,camera6,512,0.9435856022150438
Modelo7,Kyoto,camera6,camera6,1024,0.9598523304107061
Modelo7,Kyoto,camera6,camera7,64,0.8927252060244387
Modelo7,Kyoto,camera6,camera7,128,0.8639765084777873
Modelo7,Kyoto,camera6,camera7,256,0.8329070758738278
Modelo7,Kyoto,camera6,camera7,512,0.8501468220138297
Modelo7,Kyoto,camera6,camera7,1024,0.867670739793502
Modelo7,Kyoto,camera6,camera8,64,0.9371366882577645
Modelo7,Kyoto,camera6,camera8,128,0.9423683773459558
Modelo7,Kyoto,camera6,camera8,256,0.9268809167912307
Modelo7,Kyoto,camera6,camera8,512,0.9368460388639761
Modelo7,Kyoto,camera6,camera8,1024,0.9520428500249128
Modelo7,Kyoto,camera6,camera9,64,0.9072817031780315
Modelo7,Kyoto,camera6,camera9,128,0.892394322739895
Modelo7,Kyoto,camera6,camera9,256,0.8447238506633755
Modelo7,Kyoto,camera6,camera9,512,0.867016352977476
Modelo7,Kyoto,camera6,camera9,1024,0.9005708114779389
Modelo7,Kyoto,camera7,PUC,64,0.17954236333249257
Modelo7,Kyoto,camera7,PUC,128,0.12462077727987403
Modelo7,Kyoto,camera7,PUC,256,0.182012762155753
Modelo7,Kyoto,camera7,PUC,512,0.09308076176916386
Modelo7,Kyoto,camera7,PUC,1024,0.14873073831451855
Modelo7,Kyoto,camera7,UFPR04,64,0.2048033407972185
Modelo7,Kyoto,camera7,UFPR04,128,0.16419602618973386
Modelo7,Kyoto,camera7,UFPR04,256,0.17524068667743734
Modelo7,Kyoto,camera7,UFPR04,512,0.13054240715021306
Modelo7,Kyoto,camera7,UFPR04,1024,0.151639692752473
Modelo7,Kyoto,camera7,UFPR05,64,0.3264830955755949
Modelo7,Kyoto,camera7,UFPR05,128,0.27869228217269354
Modelo7,Kyoto,camera7,UFPR05,256,0.3151069155834364
Modelo7,Kyoto,camera7,UFPR05,512,0.23132370238561992
Modelo7,Kyoto,camera7,UFPR05,1024,0.30436408601501946
Modelo7,Kyoto,camera7,camera1,64,0.9014953865733376
Modelo7,Kyoto,camera7,camera1,128,0.8848234171174038
Modelo7,Kyoto,camera7,camera1,256,0.9032134902958956
Modelo7,Kyoto,camera7,camera1,512,0.8955774737511931
Modelo7,Kyoto,camera7,camera1,1024,0.9256761056315622
Modelo7,Kyoto,camera7,camera2,64,0.9335775335775336
Modelo7,Kyoto,camera7,camera2,128,0.9335775335775336
Modelo7,Kyoto,camera7,camera2,256,0.9433455433455433
Modelo7,Kyoto,camera7,camera2,512,0.9272283272283273
Modelo7,Kyoto,camera7,camera2,1024,0.9577533577533578
Modelo7,Kyoto,camera7,camera3,64,0.9028613662760004
Modelo7,Kyoto,camera7,camera3,128,0.9170098194488439
Modelo7,Kyoto,camera7,camera3,256,0.9226058494351177
Modelo7,Kyoto,camera7,camera3,512,0.9242952169781438
Modelo7,Kyoto,camera7,camera3,1024,0.915531622848696
Modelo7,Kyoto,camera7,camera4,64,0.9393098455598455
Modelo7,Kyoto,camera7,camera4,128,0.944317084942085
Modelo7,Kyoto,camera7,camera4,256,0.958675193050193
Modelo7,Kyoto,camera7,camera4,512,0.9586148648648649
Modelo7,Kyoto,camera7,camera4,1024,0.9635014478764479
Modelo7,Kyoto,camera7,camera5,64,0.9198099625683847
Modelo7,Kyoto,camera7,camera5,128,0.9212496400806219
Modelo7,Kyoto,camera7,camera5,256,0.9400134369901142
Modelo7,Kyoto,camera7,camera5,512,0.9404453402437853
Modelo7,Kyoto,camera7,camera5,1024,0.9414051252519435
Modelo7,Kyoto,camera7,camera6,64,0.9218718917843645
Modelo7,Kyoto,camera7,camera6,128,0.9217724288840262
Modelo7,Kyoto,camera7,camera6,256,0.9448975532126517
Modelo7,Kyoto,camera7,camera6,512,0.946837079769246
Modelo7,Kyoto,camera7,camera6,1024,0.9514123731848021
Modelo7,Kyoto,camera7,camera7,64,0.9353371783496007
Modelo7,Kyoto,camera7,camera7,128,0.9154835847382431
Modelo7,Kyoto,camera7,camera7,256,0.9312333629103815
Modelo7,Kyoto,camera7,camera7,512,0.9191437444543035
Modelo7,Kyoto,camera7,camera7,1024,0.9514196983141082
Modelo7,Kyoto,camera7,camera8,64,0.9252615844544095
Modelo7,Kyoto,camera7,camera8,128,0.9404168742733765
Modelo7,Kyoto,camera7,camera8,256,0.9466035542268726
Modelo7,Kyoto,camera7,camera8,512,0.9480568011958147
Modelo7,Kyoto,camera7,camera8,1024,0.9491363560870287
Modelo7,Kyoto,camera7,camera9,64,0.9224776303609997
Modelo7,Kyoto,camera7,camera9,128,0.9093643937056464
Modelo7,Kyoto,camera7,camera9,256,0.923943227398951
Modelo7,Kyoto,camera7,camera9,512,0.9232489972230793
Modelo7,Kyoto,camera7,camera9,1024,0.9221690836161679
Modelo7,Kyoto,camera8,PUC,64,0.21316854578841787
Modelo7,Kyoto,camera8,PUC,128,0.11290995537724263
Modelo7,Kyoto,camera8,PUC,256,0.12226352649432021
Modelo7,Kyoto,camera8,PUC,512,0.08084427294135396
Modelo7,Kyoto,camera8,PUC,1024,0.09743460397008177
Modelo7,Kyoto,camera8,UFPR04,64,0.35754844439405536
Modelo7,Kyoto,camera8,UFPR04,128,0.22455901665674632
Modelo7,Kyoto,camera8,UFPR04,256,0.2898349442098202
Modelo7,Kyoto,camera8,UFPR04,512,0.21561180238655367
Modelo7,Kyoto,camera8,UFPR04,1024,0.1687215970824712
Modelo7,Kyoto,camera8,UFPR05,64,0.36189040021714874
Modelo7,Kyoto,camera8,UFPR05,128,0.2664957625840697
Modelo7,Kyoto,camera8,UFPR05,256,0.25577102874204544
Modelo7,Kyoto,camera8,UFPR05,512,0.23876707784178303
Modelo7,Kyoto,camera8,UFPR05,1024,0.15185330397804386
Modelo7,Kyoto,camera8,camera1,64,0.7237671014953866
Modelo7,Kyoto,camera8,camera1,128,0.830098631880369
Modelo7,Kyoto,camera8,camera1,256,0.8111994909322303
Modelo7,Kyoto,camera8,camera1,512,0.8642061724467069
Modelo7,Kyoto,camera8,camera1,1024,0.8441616290168629
Modelo7,Kyoto,camera8,camera2,64,0.8459096459096459
Modelo7,Kyoto,camera8,camera2,128,0.9252747252747253
Modelo7,Kyoto,camera8,camera2,256,0.9037851037851038
Modelo7,Kyoto,camera8,camera2,512,0.9482295482295482
Modelo7,Kyoto,camera8,camera2,1024,0.926984126984127
Modelo7,Kyoto,camera8,camera3,64,0.8641114982578397
Modelo7,Kyoto,camera8,camera3,128,0.9076127124907613
Modelo7,Kyoto,camera8,camera3,256,0.8996938021328266
Modelo7,Kyoto,camera8,camera3,512,0.9239784605638264
Modelo7,Kyoto,camera8,camera3,1024,0.90412839193327
Modelo7,Kyoto,camera8,camera4,64,0.8991916023166023
Modelo7,Kyoto,camera8,camera4,128,0.9375603281853282
Modelo7,Kyoto,camera8,camera4,256,0.9250723938223938
Modelo7,Kyoto,camera8,camera4,512,0.9522200772200772
Modelo7,Kyoto,camera8,camera4,1024,0.9343629343629344
Modelo7,Kyoto,camera8,camera5,64,0.8631346578366446
Modelo7,Kyoto,camera8,camera5,128,0.9260485651214128
Modelo7,Kyoto,camera8,camera5,256,0.9026778001727613
Modelo7,Kyoto,camera8,camera5,512,0.9353104904501391
Modelo7,Kyoto,camera8,camera5,1024,0.9119397255014877
Modelo7,Kyoto,camera8,camera6,64,0.8839765267555202
Modelo7,Kyoto,camera8,camera6,128,0.9306743584642928
Modelo7,Kyoto,camera8,camera6,256,0.9223194748358862
Modelo7,Kyoto,camera8,camera6,512,0.9422617863536901
Modelo7,Kyoto,camera8,camera6,1024,0.9384821961408395
Modelo7,Kyoto,camera8,camera7,64,0.7880553187458559
Modelo7,Kyoto,camera8,camera7,128,0.8668182248744909
Modelo7,Kyoto,camera8,camera7,256,0.8357014303305863
Modelo7,Kyoto,camera8,camera7,512,0.8841053329544378
Modelo7,Kyoto,camera8,camera7,1024,0.8680022733731174
Modelo7,Kyoto,camera8,camera8,64,0.9140625
Modelo7,Kyoto,camera8,camera8,128,0.9517746913580247
Modelo7,Kyoto,camera8,camera8,256,0.947241512345679
Modelo7,Kyoto,camera8,camera8,512,0.9600694444444444
Modelo7,Kyoto,camera8,camera8,1024,0.9555362654320988
Modelo7,Kyoto,camera8,camera9,64,0.7960506016661524
Modelo7,Kyoto,camera8,camera9,128,0.871104597346498
Modelo7,Kyoto,camera8,camera9,256,0.8571428571428571
Modelo7,Kyoto,camera8,camera9,512,0.9053532860228325
Modelo7,Kyoto,camera8,camera9,1024,0.8971767972847886
Modelo7,Kyoto,camera9,PUC,64,0.22664730578021466
Modelo7,Kyoto,camera9,PUC,128,0.1947395591469581
Modelo7,Kyoto,camera9,PUC,256,0.1314261602977679
Modelo7,Kyoto,camera9,PUC,512,0.15081926251051922
Modelo7,Kyoto,camera9,PUC,1024,0.13066476829403403
Modelo7,Kyoto,camera9,UFPR04,64,0.3039785342441163
Modelo7,Kyoto,camera9,UFPR04,128,0.2803586444072825
Modelo7,Kyoto,camera9,UFPR04,256,0.20920608826280435
Modelo7,Kyoto,camera9,UFPR04,512,0.20513401925493419
Modelo7,Kyoto,camera9,UFPR04,1024,0.22539043677900286
Modelo7,Kyoto,camera9,UFPR05,64,0.28476038242301777
Modelo7,Kyoto,camera9,UFPR05,128,0.20200259372078294
Modelo7,Kyoto,camera9,UFPR05,256,0.17103477395421782
Modelo7,Kyoto,camera9,UFPR05,512,0.15772235123804929
Modelo7,Kyoto,camera9,UFPR05,1024,0.13172482432065627
Modelo7,Kyoto,camera9,camera1,64,0.8124721603563474
Modelo7,Kyoto,camera9,camera1,128,0.8685332484887051
Modelo7,Kyoto,camera9,camera1,256,0.882532612153993
Modelo7,Kyoto,camera9,camera1,512,0.8790964047088768
Modelo7,Kyoto,camera9,camera1,1024,0.8519885459751829
Modelo7,Kyoto,camera9,camera2,64,0.9072039072039072
Modelo7,Kyoto,camera9,camera2,128,0.9352869352869353
Modelo7,Kyoto,camera9,camera2,256,0.9438339438339438
Modelo7,Kyoto,camera9,camera2,512,0.9509157509157509
Modelo7,Kyoto,camera9,camera2,1024,0.9335775335775336
Modelo7,Kyoto,camera9,camera3,64,0.8956815542181396
Modelo7,Kyoto,camera9,camera3,128,0.9263013409354873
Modelo7,Kyoto,camera9,camera3,256,0.9259845845211699
Modelo7,Kyoto,camera9,camera3,512,0.9305247597930525
Modelo7,Kyoto,camera9,camera3,1024,0.9136310843627917
Modelo7,Kyoto,camera9,camera4,64,0.9217543436293436
Modelo7,Kyoto,camera9,camera4,128,0.944980694980695
Modelo7,Kyoto,camera9,camera4,256,0.9510135135135135
Modelo7,Kyoto,camera9,camera4,512,0.9527630308880309
Modelo7,Kyoto,camera9,camera4,1024,0.9442567567567568
Modelo7,Kyoto,camera9,camera5,64,0.8867453690373356
Modelo7,Kyoto,camera9,camera5,128,0.9147231020251464
Modelo7,Kyoto,camera9,camera5,256,0.9288799308954794
Modelo7,Kyoto,camera9,camera5,512,0.9345426624436126
Modelo7,Kyoto,camera9,camera5,1024,0.925904597370189
Modelo7,Kyoto,camera9,camera6,64,0.8957628804455938
Modelo7,Kyoto,camera9,camera6,128,0.9264471851999204
Modelo7,Kyoto,camera9,camera6,256,0.9426596379550428
Modelo7,Kyoto,camera9,camera6,512,0.9463397652675553
Modelo7,Kyoto,camera9,camera6,1024,0.937636761487965
Modelo7,Kyoto,camera9,camera7,64,0.847257743677181
Modelo7,Kyoto,camera9,camera7,128,0.8653026427962489
Modelo7,Kyoto,camera9,camera7,256,0.8782798143411954
Modelo7,Kyoto,camera9,camera7,512,0.8806005493985034
Modelo7,Kyoto,camera9,camera7,1024,0.8611347920810837
Modelo7,Kyoto,camera9,camera8,64,0.9253446271383491
Modelo7,Kyoto,camera9,camera8,128,0.9456900847035377
Modelo7,Kyoto,camera9,camera8,256,0.9539528317555224
Modelo7,Kyoto,camera9,camera8,512,0.9527487128383989
Modelo7,Kyoto,camera9,camera8,1024,0.9478907158279356
Modelo7,Kyoto,camera9,camera9,64,0.8906500802568218
Modelo7,Kyoto,camera9,camera9,128,0.922752808988764
Modelo7,Kyoto,camera9,camera9,256,0.9273675762439807
Modelo7,Kyoto,camera9,camera9,512,0.9410112359550562
Modelo7,Kyoto,camera9,camera9,1024,0.9239566613162119
Modelo7,PKLot,camera1,camera1,64,0.9190751445086706
Modelo7,PKLot,camera1,camera1,128,0.9512799339388934
Modelo7,PKLot,camera1,camera1,256,0.9491329479768786
Modelo7,PKLot,camera1,camera1,512,0.9608587943848059
Modelo7,PKLot,camera1,camera1,1024,0.9615194054500413
Modelo7,PKLot,camera1,camera2,64,0.936019536019536
Modelo7,PKLot,camera1,camera2,128,0.9391941391941392
Modelo7,PKLot,camera1,camera2,256,0.938949938949939
Modelo7,PKLot,camera1,camera2,512,0.9365079365079365
Modelo7,PKLot,camera1,camera2,1024,0.9462759462759462
Modelo7,PKLot,camera1,camera3,64,0.9292577341357829
Modelo7,PKLot,camera1,camera3,128,0.9097244219195438
Modelo7,PKLot,camera1,camera3,256,0.9296800760215395
Modelo7,PKLot,camera1,camera3,512,0.9157427937915743
Modelo7,PKLot,camera1,camera3,1024,0.939816281279696
Modelo7,PKLot,camera1,camera4,64,0.9419642857142857
Modelo7,PKLot,camera1,camera4,128,0.9361727799227799
Modelo7,PKLot,camera1,camera4,256,0.9448600386100386
Modelo7,PKLot,camera1,camera4,512,0.9448600386100386
Modelo7,PKLot,camera1,camera4,1024,0.9491433397683398
Modelo7,PKLot,camera1,camera5,64,0.9240330166042806
Modelo7,PKLot,camera1,camera5,128,0.9229772530953066
Modelo7,PKLot,camera1,camera5,256,0.9397255014876668
Modelo7,PKLot,camera1,camera5,512,0.9407812649966407
Modelo7,PKLot,camera1,camera5,1024,0.9465399750455898
Modelo7,PKLot,camera1,camera6,64,0.9378356872886413
Modelo7,PKLot,camera1,camera6,128,0.9249055102446787
Modelo7,PKLot,camera1,camera6,256,0.9426099065048736
Modelo7,PKLot,camera1,camera6,512,0.9384324646906704
Modelo7,PKLot,camera1,camera6,1024,0.9494728466282076
Modelo7,PKLot,camera1,camera7,64,0.8986454485175713
Modelo7,PKLot,camera1,camera7,128,0.9123330491616937
Modelo7,PKLot,camera1,camera7,256,0.9053708439897699
Modelo7,PKLot,camera1,camera7,512,0.9124277730415837
Modelo7,PKLot,camera1,camera7,1024,0.9180638438950459
Modelo7,PKLot,camera1,camera8,64,0.9322786912473011
Modelo7,PKLot,camera1,camera8,128,0.9226872612522836
Modelo7,PKLot,camera1,camera8,256,0.9406244809832254
Modelo7,PKLot,camera1,camera8,512,0.9268809167912307
Modelo7,PKLot,camera1,camera8,1024,0.9356419199468526
Modelo7,PKLot,camera1,camera9,64,0.9044276457883369
Modelo7,PKLot,camera1,camera9,128,0.9131440913298364
Modelo7,PKLot,camera1,camera9,256,0.9195464362850972
Modelo7,PKLot,camera1,camera9,512,0.9021135452020981
Modelo7,PKLot,camera1,camera9,1024,0.9172323356988584
Modelo7,PKLot,camera2,camera1,64,0.8033089405027044
Modelo7,PKLot,camera2,camera1,128,0.8795418390073179
Modelo7,PKLot,camera2,camera1,256,0.8830416799236398
Modelo7,PKLot,camera2,camera1,512,0.8925230671333121
Modelo7,PKLot,camera2,camera1,1024,0.8574610244988864
Modelo7,PKLot,camera2,camera2,64,0.9410430839002267
Modelo7,PKLot,camera2,camera2,128,0.9727891156462585
Modelo7,PKLot,camera2,camera2,256,0.9784580498866213
Modelo7,PKLot,camera2,camera2,512,0.9875283446712018
Modelo7,PKLot,camera2,camera2,1024,0.9852607709750567
Modelo7,PKLot,camera2,camera3,64,0.9062401013620526
Modelo7,PKLot,camera2,camera3,128,0.9407665505226481
Modelo7,PKLot,camera2,camera3,256,0.9403442086368916
Modelo7,PKLot,camera2,camera3,512,0.9353816914792524
Modelo7,PKLot,camera2,camera3,1024,0.9324252982789568
Modelo7,PKLot,camera2,camera4,64,0.9076978764478765
Modelo7,PKLot,camera2,camera4,128,0.950168918918919
Modelo7,PKLot,camera2,camera4,256,0.9503499034749034
Modelo7,PKLot,camera2,camera4,512,0.9471525096525096
Modelo7,PKLot,camera2,camera4,1024,0.9378619691119691
Modelo7,PKLot,camera2,camera5,64,0.8814185622420577
Modelo7,PKLot,camera2,camera5,128,0.9272962856320184
Modelo7,PKLot,camera2,camera5,256,0.9171705537959497
Modelo7,PKLot,camera2,camera5,512,0.9182743065553316
Modelo7,PKLot,camera2,camera5,1024,0.9120357040023035
Modelo7,PKLot,camera2,camera6,64,0.8754724487766063
Modelo7,PKLot,camera2,camera6,128,0.926248259399244
Modelo7,PKLot,camera2,camera6,256,0.9293316093097275
Modelo7,PKLot,camera2,camera6,512,0.9371394469862742
Modelo7,PKLot,camera2,camera6,1024,0.9266958424507659
Modelo7,PKLot,camera2,camera7,64,0.8475419153168514
Modelo7,PKLot,camera2,camera7,128,0.9060812730889457
Modelo7,PKLot,camera2,camera7,256,0.9014398029743298
Modelo7,PKLot,camera2,camera7,512,0.9010609074547693
Modelo7,PKLot,camera2,camera7,1024,0.8916358814057024
Modelo7,PKLot,camera2,camera8,64,0.8907573492775287
Modelo7,PKLot,camera2,camera8,128,0.9320295631954825
Modelo7,PKLot,camera2,camera8,256,0.9350606211592759
Modelo7,PKLot,camera2,camera8,512,0.9379671150971599
Modelo7,PKLot,camera2,camera8,1024,0.9252615844544095
Modelo7,PKLot,camera2,camera9,64,0.8603825979635915
Modelo7,PKLot,camera2,camera9,128,0.9242517741437828
Modelo7,PKLot,camera2,camera9,256,0.9287257019438445
Modelo7,PKLot,camera2,camera9,512,0.9227861771058316
Modelo7,PKLot,camera2,camera9,1024,0.9013421783400185
Modelo7,PKLot,camera3,camera1,64,0.7814826598790964
Modelo7,PKLot,camera3,camera1,128,0.8288895959274578
Modelo7,PKLot,camera3,camera1,256,0.8546611517658288
Modelo7,PKLot,camera3,camera1,512,0.8897231944002545
Modelo7,PKLot,camera3,camera1,1024,0.8972955774737512
Modelo7,PKLot,camera3,camera2,64,0.8898656898656898
Modelo7,PKLot,camera3,camera2,128,0.8971916971916972
Modelo7,PKLot,camera3,camera2,256,0.9003663003663004
Modelo7,PKLot,camera3,camera2,512,0.9418803418803419
Modelo7,PKLot,camera3,camera2,1024,0.9555555555555556
Modelo7,PKLot,camera3,camera3,64,0.9483870967741935
Modelo7,PKLot,camera3,camera3,128,0.9450076804915515
Modelo7,PKLot,camera3,camera3,256,0.9431643625192012
Modelo7,PKLot,camera3,camera3,512,0.9646697388632872
Modelo7,PKLot,camera3,camera3,1024,0.9754224270353302
Modelo7,PKLot,camera3,camera4,64,0.934543918918919
Modelo7,PKLot,camera3,camera4,128,0.9423262548262549
Modelo7,PKLot,camera3,camera4,256,0.9435931467181468
Modelo7,PKLot,camera3,camera4,512,0.9598817567567568
Modelo7,PKLot,camera3,camera4,1024,0.962898166023166
Modelo7,PKLot,camera3,camera5,64,0.9008542086572607
Modelo7,PKLot,camera3,camera5,128,0.9069968327094731
Modelo7,PKLot,camera3,camera5,256,0.9041174776849985
Modelo7,PKLot,camera3,camera5,512,0.9232651885977541
Modelo7,PKLot,camera3,camera5,1024,0.9346866301948363
Modelo7,PKLot,camera3,camera6,64,0.9087925203898946
Modelo7,PKLot,camera3,camera6,128,0.9277402029043167
Modelo7,PKLot,camera3,camera6,256,0.9321165705191964
Modelo7,PKLot,camera3,camera6,512,0.9445991645116372
Modelo7,PKLot,camera3,camera6,1024,0.9459419136662025
Modelo7,PKLot,camera3,camera7,64,0.8413375011840485
Modelo7,PKLot,camera3,camera7,128,0.8738751539263048
Modelo7,PKLot,camera3,camera7,256,0.8770484039026238
Modelo7,PKLot,camera3,camera7,512,0.9060339111490007
Modelo7,PKLot,camera3,camera7,1024,0.9147958700388368
Modelo7,PKLot,camera3,camera8,64,0.9265487460554725
Modelo7,PKLot,camera3,camera8,128,0.9311160936721475
Modelo7,PKLot,camera3,camera8,256,0.9319049991695731
Modelo7,PKLot,camera3,camera8,512,0.9471433316724797
Modelo7,PKLot,camera3,camera8,1024,0.9505896030559707
Modelo7,PKLot,camera3,camera9,64,0.8765813020672631
Modelo7,PKLot,camera3,camera9,128,0.8981024375192842
Modelo7,PKLot,camera3,camera9,256,0.9061246528849121
Modelo7,PKLot,camera3,camera9,512,0.9203949398333847
Modelo7,PKLot,camera3,camera9,1024,0.9275686516507251
Modelo7,PKLot,camera4,camera1,64,0.8338530066815145
Modelo7,PKLot,camera4,camera1,128,0.8180082723512567
Modelo7,PKLot,camera4,camera1,256,0.7797009226853325
Modelo7,PKLot,camera4,camera1,512,0.8904867960547248
Modelo7,PKLot,camera4,camera1,1024,0.8743875278396437
Modelo7,PKLot,camera4,camera2,64,0.9079365079365079
Modelo7,PKLot,camera4,camera2,128,0.9213675213675213
Modelo7,PKLot,camera4,camera2,256,0.8910866910866911
Modelo7,PKLot,camera4,camera2,512,0.947008547008547
Modelo7,PKLot,camera4,camera2,1024,0.935042735042735
Modelo7,PKLot,camera4,camera3,64,0.8858621053743005
Modelo7,PKLot,camera4,camera3,128,0.9004329004329005
Modelo7,PKLot,camera4,camera3,256,0.8891352549889135
Modelo7,PKLot,camera4,camera3,512,0.9487910463520219
Modelo7,PKLot,camera4,camera3,1024,0.944778798437335
Modelo7,PKLot,camera4,camera4,64,0.9539134510232776
Modelo7,PKLot,camera4,camera4,128,0.9503202624589908
Modelo7,PKLot,camera4,camera4,256,0.9357912826120919
Modelo7,PKLot,camera4,camera4,512,0.9715669426652086
Modelo7,PKLot,camera4,camera4,1024,0.9643805655366349
Modelo7,PKLot,camera4,camera5,64,0.9221134465879643
Modelo7,PKLot,camera4,camera5,128,0.9227373068432672
Modelo7,PKLot,camera4,camera5,256,0.8986946923889049
Modelo7,PKLot,camera4,camera5,512,0.950091179575775
Modelo7,PKLot,camera4,camera5,1024,0.9414051252519435
Modelo7,PKLot,camera4,camera6,64,0.9172965983688084
Modelo7,PKLot,camera4,camera6,128,0.928436443206684
Modelo7,PKLot,camera4,camera6,256,0.9189874676745574
Modelo7,PKLot,camera4,camera6,512,0.9522578078376766
Modelo7,PKLot,camera4,camera6,1024,0.9525561965386911
Modelo7,PKLot,camera4,camera7,64,0.8633608032585015
Modelo7,PKLot,camera4,camera7,128,0.8714123330491617
Modelo7,PKLot,camera4,camera7,256,0.8517097660320166
Modelo7,PKLot,camera4,camera7,512,0.9084020081462537
Modelo7,PKLot,camera4,camera7,1024,0.914227526759496
Modelo7,PKLot,camera4,camera8,64,0.9161268892210597
Modelo7,PKLot,camera4,camera8,128,0.9266317887394121
Modelo7,PKLot,camera4,camera8,256,0.9238913801694071
Modelo7,PKLot,camera4,camera8,512,0.9559873775120412
Modelo7,PKLot,camera4,camera8,1024,0.9523334994187012
Modelo7,PKLot,camera4,camera9,64,0.8717216908361617
Modelo7,PKLot,camera4,camera9,128,0.9014193150262265
Modelo7,PKLot,camera4,camera9,256,0.8921629126812712
Modelo7,PKLot,camera4,camera9,512,0.9346652267818575
Modelo7,PKLot,camera4,camera9,1024,0.9258716445541499
Modelo7,PKLot,camera5,camera1,64,0.8294622971683105
Modelo7,PKLot,camera5,camera1,128,0.8096722876232898
Modelo7,PKLot,camera5,camera1,256,0.8238625517021954
Modelo7,PKLot,camera5,camera1,512,0.8533248488705059
Modelo7,PKLot,camera5,camera1,1024,0.8957683741648107
Modelo7,PKLot,camera5,camera2,64,0.8962148962148963
Modelo7,PKLot,camera5,camera2,128,0.8874236874236874
Modelo7,PKLot,camera5,camera2,256,0.904029304029304
Modelo7,PKLot,camera5,camera2,512,0.9208791208791208
Modelo7,PKLot,camera5,camera2,1024,0.9455433455433455
Modelo7,PKLot,camera5,camera3,64,0.909830007390983
Modelo7,PKLot,camera5,camera3,128,0.9033892936331961
Modelo7,PKLot,camera5,camera3,256,0.9251399007496568
Modelo7,PKLot,camera5,camera3,512,0.9305247597930525
Modelo7,PKLot,camera5,camera3,1024,0.9386548410938654
Modelo7,PKLot,camera5,camera4,64,0.9449203667953668
Modelo7,PKLot,camera5,camera4,128,0.9440757722007722
Modelo7,PKLot,camera5,camera4,256,0.9486607142857143
Modelo7,PKLot,camera5,camera4,512,0.9522804054054054
Modelo7,PKLot,camera5,camera4,1024,0.9614502895752896
Modelo7,PKLot,camera5,camera5,64,0.9210584101888449
Modelo7,PKLot,camera5,camera5,128,0.9191919191919192
Modelo7,PKLot,camera5,camera5,256,0.9199604743083004
Modelo7,PKLot,camera5,camera5,512,0.9467501097935881
Modelo7,PKLot,camera5,camera5,1024,0.9545454545454546
Modelo7,PKLot,camera5,camera6,64,0.9311716729659837
Modelo7,PKLot,camera5,camera6,128,0.9437537298587627
Modelo7,PKLot,camera5,camera6,256,0.9430574895563955
Modelo7,PKLot,camera5,camera6,512,0.9533021682912274
Modelo7,PKLot,camera5,camera6,1024,0.9602148398647304
Modelo7,PKLot,camera5,camera7,64,0.8733541725869092
Modelo7,PKLot,camera5,camera7,128,0.8775693852420196
Modelo7,PKLot,camera5,camera7,256,0.8682864450127877
Modelo7,PKLot,camera5,camera7,512,0.9011556313346595
Modelo7,PKLot,camera5,camera7,1024,0.9246471535474093
Modelo7,PKLot,camera5,camera8,64,0.9299950174389636
Modelo7,PKLot,camera5,camera8,128,0.9438216243148979
Modelo7,PKLot,camera5,camera8,256,0.9445690084703537
Modelo7,PKLot,camera5,camera8,512,0.9575651885068925
Modelo7,PKLot,camera5,camera8,1024,0.9615927586779605
Modelo7,PKLot,camera5,camera9,64,0.8701018204257945
Modelo7,PKLot,camera5,camera9,128,0.8830607837087319
Modelo7,PKLot,camera5,camera9,256,0.867016352977476
Modelo7,PKLot,camera5,camera9,512,0.9202406664609688
Modelo7,PKLot,camera5,camera9,1024,0.9348966368404813
Modelo7,PKLot,camera6,camera1,64,0.8639516385618835
Modelo7,PKLot,camera6,camera1,128,0.7636652879414572
Modelo7,PKLot,camera6,camera1,256,0.7618199172764875
Modelo7,PKLot,camera6,camera1,512,0.7041679923639834
Modelo7,PKLot,camera6,camera1,1024,0.8092904867960548
Modelo7,PKLot,camera6,camera2,64,0.9355311355311355
Modelo7,PKLot,camera6,camera2,128,0.8871794871794871
Modelo7,PKLot,camera6,camera2,256,0.842979242979243
Modelo7,PKLot,camera6,camera2,512,0.7990231990231991
Modelo7,PKLot,camera6,camera2,1024,0.874969474969475
Modelo7,PKLot,camera6,camera3,64,0.934220251293422
Modelo7,PKLot,camera6,camera3,128,0.8929363319607222
Modelo7,PKLot,camera6,camera3,256,0.8832224685883222
Modelo7,PKLot,camera6,camera3,512,0.8435223313272093
Modelo7,PKLot,camera6,camera3,1024,0.8973709217611656
Modelo7,PKLot,camera6,camera4,64,0.9571066602316602
Modelo7,PKLot,camera6,camera4,128,0.934543918918919
Modelo7,PKLot,camera6,camera4,256,0.9330357142857143
Modelo7,PKLot,camera6,camera4,512,0.908844111969112
Modelo7,PKLot,camera6,camera4,1024,0.9418436293436293
Modelo7,PKLot,camera6,camera5,64,0.9440445340243785
Modelo7,PKLot,camera6,camera5,128,0.9060370477013149
Modelo7,PKLot,camera6,camera5,256,0.9067568864574336
Modelo7,PKLot,camera6,camera5,512,0.87815529321432
Modelo7,PKLot,camera6,camera5,1024,0.9304635761589404
Modelo7,PKLot,camera6,camera6,64,0.9550069220119981
Modelo7,PKLot,camera6,camera6,128,0.9380479926165205
Modelo7,PKLot,camera6,camera6,256,0.9412782648823258
Modelo7,PKLot,camera6,camera6,512,0.9318181818181818
Modelo7,PKLot,camera6,camera6,1024,0.9597369635440701
Modelo7,PKLot,camera6,camera7,64,0.9032869186321871
Modelo7,PKLot,camera6,camera7,128,0.8451264563796533
Modelo7,PKLot,camera6,camera7,256,0.8374064601686085
Modelo7,PKLot,camera6,camera7,512,0.8129203372170124
Modelo7,PKLot,camera6,camera7,1024,0.8857630008525149
Modelo7,PKLot,camera6,camera8,64,0.945980734097326
Modelo7,PKLot,camera6,camera8,128,0.924265072247135
Modelo7,PKLot,camera6,camera8,256,0.922977910646072
Modelo7,PKLot,camera6,camera8,512,0.9038780933399767
Modelo7,PKLot,camera6,camera8,1024,0.9390051486464043
Modelo7,PKLot,camera6,camera9,64,0.9110614008022215
Modelo7,PKLot,camera6,camera9,128,0.871258870718914
Modelo7,PKLot,camera6,camera9,256,0.8800524529466214
Modelo7,PKLot,camera6,camera9,512,0.8378586855908671
Modelo7,PKLot,camera6,camera9,1024,0.9056618327676643
Modelo7,PKLot,camera7,camera1,64,0.898250079541839
Modelo7,PKLot,camera7,camera1,128,0.8975501113585747
Modelo7,PKLot,camera7,camera1,256,0.9198218262806236
Modelo7,PKLot,camera7,camera1,512,0.9034043907095132
Modelo7,PKLot,camera7,camera1,1024,0.9272033089405027
Modelo7,PKLot,camera7,camera2,64,0.8942612942612943
Modelo7,PKLot,camera7,camera2,128,0.9299145299145299
Modelo7,PKLot,camera7,camera2,256,0.9445665445665445
Modelo7,PKLot,camera7,camera2,512,0.9362637362637363
Modelo7,PKLot,camera7,camera2,1024,0.9509157509157509
Modelo7,PKLot,camera7,camera3,64,0.8849118361313483
Modelo7,PKLot,camera7,camera3,128,0.9271460247070004
Modelo7,PKLot,camera7,camera3,256,0.9367543026079611
Modelo7,PKLot,camera7,camera3,512,0.9515362686094393
Modelo7,PKLot,camera7,camera3,1024,0.9533312216239046
Modelo7,PKLot,camera7,camera4,64,0.9308035714285714
Modelo7,PKLot,camera7,camera4,128,0.9408783783783784
Modelo7,PKLot,camera7,camera4,256,0.9526423745173745
Modelo7,PKLot,camera7,camera4,512,0.956684362934363
Modelo7,PKLot,camera7,camera4,1024,0.958976833976834
Modelo7,PKLot,camera7,camera5,64,0.9273922641328343
Modelo7,PKLot,camera7,camera5,128,0.9342067376907572
Modelo7,PKLot,camera7,camera5,256,0.941165178999904
Modelo7,PKLot,camera7,camera5,512,0.9538343411075919
Modelo7,PKLot,camera7,camera5,1024,0.9552260293694212
Modelo7,PKLot,camera7,camera6,64,0.9198826337776009
Modelo7,PKLot,camera7,camera6,128,0.933658245474438
Modelo7,PKLot,camera7,camera6,256,0.9543465287447782
Modelo7,PKLot,camera7,camera6,512,0.958772627809827
Modelo7,PKLot,camera7,camera6,1024,0.9626516809230157
Modelo7,PKLot,camera7,camera7,64,0.9418811002661934
Modelo7,PKLot,camera7,camera7,128,0.9413265306122449
Modelo7,PKLot,camera7,camera7,256,0.9504214729370009
Modelo7,PKLot,camera7,camera7,512,0.944321206743567
Modelo7,PKLot,camera7,camera7,1024,0.9589618456078084
Modelo7,PKLot,camera7,camera8,64,0.9177462215578808
Modelo7,PKLot,camera7,camera8,128,0.9385899352267065
Modelo7,PKLot,camera7,camera8,256,0.9486796213253612
Modelo7,PKLot,camera7,camera8,512,0.9575651885068925
Modelo7,PKLot,camera7,camera8,1024,0.9555721640923435
Modelo7,PKLot,camera7,camera9,64,0.9165381055229868
Modelo7,PKLot,camera7,camera9,128,0.9142240049367479
Modelo7,PKLot,camera7,camera9,256,0.929728478864548
Modelo7,PKLot,camera7,camera9,512,0.9326596729404505
Modelo7,PKLot,camera7,camera9,1024,0.9388306078370873
Modelo7,PKLot,camera8,camera1,64,0.7693286668787782
Modelo7,PKLot,camera8,camera1,128,0.8005090677696468
Modelo7,PKLot,camera8,camera1,256,0.847597836461979
Modelo7,PKLot,camera8,camera1,512,0.8631244034362074
Modelo7,PKLot,camera8,camera1,1024,0.8320712694877506
Modelo7,PKLot,camera8,camera2,64,0.8852258852258852
Modelo7,PKLot,camera8,camera2,128,0.8632478632478633
Modelo7,PKLot,camera8,camera2,256,0.9074481074481074
Modelo7,PKLot,camera8,camera2,512,0.9313797313797314
Modelo7,PKLot,camera8,camera2,1024,0.8695970695970696
Modelo7,PKLot,camera8,camera3,64,0.89441452856087
Modelo7,PKLot,camera8,camera3,128,0.9059233449477352
Modelo7,PKLot,camera8,camera3,256,0.9246119733924612
Modelo7,PKLot,camera8,camera3,512,0.9397106958082568
Modelo7,PKLot,camera8,camera3,1024,0.9127864005912787
Modelo7,PKLot,camera8,camera4,64,0.9400337837837838
Modelo7,PKLot,camera8,camera4,128,0.9262789575289575
Modelo7,PKLot,camera8,camera4,256,0.953426640926641
Modelo7,PKLot,camera8,camera4,512,0.9589165057915058
Modelo7,PKLot,camera8,camera4,1024,0.9362934362934363
Modelo7,PKLot,camera8,camera5,64,0.9172665322967656
Modelo7,PKLot,camera8,camera5,128,0.9076206929647759
Modelo7,PKLot,camera8,camera5,256,0.9347826086956522
Modelo7,PKLot,camera8,camera5,512,0.9490834053172089
Modelo7,PKLot,camera8,camera5,1024,0.9165466935406469
Modelo7,PKLot,camera8,camera6,64,0.9246071215436642
Modelo7,PKLot,camera8,camera6,128,0.9149094887606922
Modelo7,PKLot,camera8,camera6,256,0.9499701611298985
Modelo7,PKLot,camera8,camera6,512,0.9562860553013726
Modelo7,PKLot,camera8,camera6,1024,0.9445991645116372
Modelo7,PKLot,camera8,camera7,64,0.8537463294496542
Modelo7,PKLot,camera8,camera7,128,0.8858577247324051
Modelo7,PKLot,camera8,camera7,256,0.892914653784219
Modelo7,PKLot,camera8,camera7,512,0.9034763663919674
Modelo7,PKLot,camera8,camera7,1024,0.8823529411764706
Modelo7,PKLot,camera8,camera8,64,0.9469521604938271
Modelo7,PKLot,camera8,camera8,128,0.9383680555555556
Modelo7,PKLot,camera8,camera8,256,0.9650848765432098
Modelo7,PKLot,camera8,camera8,512,0.9675925925925926
Modelo7,PKLot,camera8,camera8,1024,0.9565972222222222
Modelo7,PKLot,camera8,camera9,64,0.8616167849429188
Modelo7,PKLot,camera8,camera9,128,0.9074359765504474
Modelo7,PKLot,camera8,camera9,256,0.9200863930885529
Modelo7,PKLot,camera8,camera9,512,0.9213205800678803
Modelo7,PKLot,camera8,camera9,1024,0.8994908978710274
Modelo7,PKLot,camera9,camera1,64,0.8781419026407891
Modelo7,PKLot,camera9,camera1,128,0.8877505567928731
Modelo7,PKLot,camera9,camera1,256,0.9119312758510977
Modelo7,PKLot,camera9,camera1,512,0.8525612472160357
Modelo7,PKLot,camera9,camera1,1024,0.8493795736557429
Modelo7,PKLot,camera9,camera2,64,0.9125763125763126
Modelo7,PKLot,camera9,camera2,128,0.9335775335775336
Modelo7,PKLot,camera9,camera2,256,0.944078144078144
Modelo7,PKLot,camera9,camera2,512,0.927960927960928
Modelo7,PKLot,camera9,camera2,1024,0.9113553113553113
Modelo7,PKLot,camera9,camera3,64,0.9246119733924612
Modelo7,PKLot,camera9,camera3,128,0.9384436701509872
Modelo7,PKLot,camera9,camera3,256,0.943089430894309
Modelo7,PKLot,camera9,camera3,512,0.9194382852919438
Modelo7,PKLot,camera9,camera3,1024,0.9266180973498047
Modelo7,PKLot,camera9,camera4,64,0.9480574324324325
Modelo7,PKLot,camera9,camera4,128,0.959278474903475
Modelo7,PKLot,camera9,camera4,256,0.9590371621621622
Modelo7,PKLot,camera9,camera4,512,0.9461872586872587
Modelo7,PKLot,camera9,camera4,1024,0.9504705598455598
Modelo7,PKLot,camera9,camera5,64,0.9277281888856896
Modelo7,PKLot,camera9,camera5,128,0.9361742969574816
Modelo7,PKLot,camera9,camera5,256,0.9460600825415107
Modelo7,PKLot,camera9,camera5,512,0.9299836836548613
Modelo7,PKLot,camera9,camera5,1024,0.9315193396679143
Modelo7,PKLot,camera9,camera6,64,0.9275412771036403
Modelo7,PKLot,camera9,camera6,128,0.9544459916451163
Modelo7,PKLot,camera9,camera6,256,0.9593196737616869
Modelo7,PKLot,camera9,camera6,512,0.9506664014322658
Modelo7,PKLot,camera9,camera6,1024,0.951362641734633
Modelo7,PKLot,camera9,camera7,64,0.9018186984938903
Modelo7,PKLot,camera9,camera7,128,0.9093018850052098
Modelo7,PKLot,camera9,camera7,256,0.9117173439424079
Modelo7,PKLot,camera9,camera7,512,0.887468030690537
Modelo7,PKLot,camera9,camera7,1024,0.8963720754002084
Modelo7,PKLot,camera9,camera8,64,0.9443614017605049
Modelo7,PKLot,camera9,camera8,128,0.9533715329679455
Modelo7,PKLot,camera9,camera8,256,0.9496761335326358
Modelo7,PKLot,camera9,camera8,512,0.949094834745059
Modelo7,PKLot,camera9,camera8,1024,0.9528317555223385
Modelo7,PKLot,camera9,camera9,64,0.9285714285714286
Modelo7,PKLot,camera9,camera9,128,0.9536516853932584
Modelo7,PKLot,camera9,camera9,256,0.9574638844301766
Modelo7,PKLot,camera9,camera9,512,0.9510433386837881
Modelo7,PKLot,camera9,camera9,1024,0.9476324237560193
Modelo8,CNR,PUC,PUC,64,0.9578194013984339
Modelo8,CNR,PUC,PUC,128,0.9748311847759361
Modelo8,CNR,PUC,PUC,256,0.983739837398374
Modelo8,CNR,PUC,PUC,512,0.9874081061252602
Modelo8,CNR,PUC,PUC,1024,0.9875877764302505
Modelo8,CNR,PUC,UFPR04,64,0.846376236501233
Modelo8,CNR,PUC,UFPR04,128,0.9078351898566746
Modelo8,CNR,PUC,UFPR04,256,0.9217236850807328
Modelo8,CNR,PUC,UFPR04,512,0.9216669973451244
Modelo8,CNR,PUC,UFPR04,1024,0.9358483792031594
Modelo8,CNR,PUC,UFPR05,64,0.7813794975419972
Modelo8,CNR,PUC,UFPR05,128,0.8054709412793678
Modelo8,CNR,PUC,UFPR05,256,0.825460687034412
Modelo8,CNR,PUC,UFPR05,512,0.8570015381367434
Modelo8,CNR,PUC,UFPR05,1024,0.8162017070301897
Modelo8,CNR,UFPR04,PUC,64,0.9183566190423433
Modelo8,CNR,UFPR04,PUC,128,0.9377638647598079
Modelo8,CNR,UFPR04,PUC,256,0.9581894428166318
Modelo8,CNR,UFPR04,PUC,512,0.9341313412992694
Modelo8,CNR,UFPR04,PUC,1024,0.9637690554260377
Modelo8,CNR,UFPR04,UFPR04,64,0.9378378698084863
Modelo8,CNR,UFPR04,UFPR04,128,0.9579710659237967
Modelo8,CNR,UFPR04,UFPR04,256,0.9658729313791594
Modelo8,CNR,UFPR04,UFPR04,512,0.9710659237966808
Modelo8,CNR,UFPR04,UFPR04,1024,0.9733844352177153
Modelo8,CNR,UFPR04,UFPR05,64,0.6913894501915131
Modelo8,CNR,UFPR04,UFPR05,128,0.8650058811110776
Modelo8,CNR,UFPR04,UFPR05,256,0.8702114184033537
Modelo8,CNR,UFPR04,UFPR05,512,0.8888560484965468
Modelo8,CNR,UFPR04,UFPR05,1024,0.8937177669873632
Modelo8,CNR,UFPR05,PUC,64,0.7205455621218085
Modelo8,CNR,UFPR05,PUC,128,0.6904953291075684
Modelo8,CNR,UFPR05,PUC,256,0.687459190095775
Modelo8,CNR,UFPR05,PUC,512,0.7268606369763073
Modelo8,CNR,UFPR05,PUC,1024,0.7555248065286417
Modelo8,CNR,UFPR05,UFPR04,64,0.8824579802159803
Modelo8,CNR,UFPR05,UFPR04,128,0.8737753087119602
Modelo8,CNR,UFPR05,UFPR04,256,0.8465840915317971
Modelo8,CNR,UFPR05,UFPR04,512,0.8687678920665514
Modelo8,CNR,UFPR05,UFPR04,1024,0.8831949207788895
Modelo8,CNR,UFPR05,UFPR05,64,0.9482825339737315
Modelo8,CNR,UFPR05,UFPR05,128,0.9675096552927698
Modelo8,CNR,UFPR05,UFPR05,256,0.9668874674679232
Modelo8,CNR,UFPR05,UFPR05,512,0.9717815058462893
Modelo8,CNR,UFPR05,UFPR05,1024,0.9732610988443999
Modelo8,Kyoto,PUC,PUC,64,0.9407357498989355
Modelo8,Kyoto,PUC,PUC,128,0.9546212699696057
Modelo8,Kyoto,PUC,PUC,256,0.9699890700564464
Modelo8,Kyoto,PUC,PUC,512,0.9712108281303807
Modelo8,Kyoto,PUC,PUC,1024,0.9790983545194568
Modelo8,Kyoto,PUC,UFPR04,64,0.8318641761854823
Modelo8,Kyoto,PUC,UFPR04,128,0.8433150987783793
Modelo8,Kyoto,PUC,UFPR04,256,0.8765152159330329
Modelo8,Kyoto,PUC,UFPR04,512,0.8318641761854823
Modelo8,Kyoto,PUC,UFPR04,1024,0.890479294804569
Modelo8,Kyoto,PUC,UFPR05,64,0.7602979762945984
Modelo8,Kyoto,PUC,UFPR05,128,0.7618059534939832
Modelo8,Kyoto,PUC,UFPR05,256,0.7500618270651748
Modelo8,Kyoto,PUC,UFPR05,512,0.7087070603492475
Modelo8,Kyoto,PUC,UFPR05,1024,0.7849262599149501
Modelo8,Kyoto,PUC,camera1,64,0.10505886096086542
Modelo8,Kyoto,PUC,camera1,128,0.11975819280941775
Modelo8,Kyoto,PUC,camera1,256,0.11734012090359529
Modelo8,Kyoto,PUC,camera1,512,0.09481387209672287
Modelo8,Kyoto,PUC,camera1,1024,0.12694877505567928
Modelo8,Kyoto,PUC,camera2,64,0.12747252747252746
Modelo8,Kyoto,PUC,camera2,128,0.14407814407814407
Modelo8,Kyoto,PUC,camera2,256,0.12991452991452992
Modelo8,Kyoto,PUC,camera2,512,0.10842490842490843
Modelo8,Kyoto,PUC,camera2,1024,0.1431013431013431
Modelo8,Kyoto,PUC,camera3,64,0.1471861471861472
Modelo8,Kyoto,PUC,camera3,128,0.1229014887551473
Modelo8,Kyoto,PUC,camera3,256,0.1440185830429733
Modelo8,Kyoto,PUC,camera3,512,0.14613029247175588
Modelo8,Kyoto,PUC,camera3,1024,0.1302924717558864
Modelo8,Kyoto,PUC,camera4,64,0.08832046332046332
Modelo8,Kyoto,PUC,camera4,128,0.09049227799227799
Modelo8,Kyoto,PUC,camera4,256,0.08916505791505791
Modelo8,Kyoto,PUC,camera4,512,0.08886341698841699
Modelo8,Kyoto,PUC,camera4,1024,0.0839165057915058
Modelo8,Kyoto,PUC,camera5,64,0.09991361934926576
Modelo8,Kyoto,PUC,camera5,128,0.095066705058067
Modelo8,Kyoto,PUC,camera5,256,0.09103560802380267
Modelo8,Kyoto,PUC,camera5,512,0.09684230732315961
Modelo8,Kyoto,PUC,camera5,1024,0.08686054323831462
Modelo8,Kyoto,PUC,camera6,64,0.11144817982892381
Modelo8,Kyoto,PUC,camera6,128,0.09523572707380147
Modelo8,Kyoto,PUC,camera6,256,0.093246469067038
Modelo8,Kyoto,PUC,camera6,512,0.10364034215237716
Modelo8,Kyoto,PUC,camera6,1024,0.08449373383727869
Modelo8,Kyoto,PUC,camera7,64,0.1429856966941366
Modelo8,Kyoto,PUC,camera7,128,0.16249881595150137
Modelo8,Kyoto,PUC,camera7,256,0.15397366676139054
Modelo8,Kyoto,PUC,camera7,512,0.12749834233210192
Modelo8,Kyoto,PUC,camera7,1024,0.15567869659941272
Modelo8,Kyoto,PUC,camera8,64,0.12946354426175055
Modelo8,Kyoto,PUC,camera8,128,0.09728450423517689
Modelo8,Kyoto,PUC,camera8,256,0.10301444942700548
Modelo8,Kyoto,PUC,camera8,512,0.10044012622487959
Modelo8,Kyoto,PUC,camera8,1024,0.09462713834911145
Modelo8,Kyoto,PUC,camera9,64,0.1707034865782166
Modelo8,Kyoto,PUC,camera9,128,0.1710891700092564
Modelo8,Kyoto,PUC,camera9,256,0.17193767355754397
Modelo8,Kyoto,PUC,camera9,512,0.1513421783400185
Modelo8,Kyoto,PUC,camera9,1024,0.17294045047824746
Modelo8,Kyoto,UFPR04,PUC,64,0.8962408921722773
Modelo8,Kyoto,UFPR04,PUC,128,0.9160040827583605
Modelo8,Kyoto,UFPR04,PUC,256,0.9026054692932727
Modelo8,Kyoto,UFPR04,PUC,512,0.8619428932424692
Modelo8,Kyoto,UFPR04,PUC,1024,0.9046916362384878
Modelo8,Kyoto,UFPR04,UFPR04,64,0.882075304304624
Modelo8,Kyoto,UFPR04,UFPR04,128,0.9354838709677419
Modelo8,Kyoto,UFPR04,UFPR04,256,0.9252871523711511
Modelo8,Kyoto,UFPR04,UFPR04,512,0.9496196931521109
Modelo8,Kyoto,UFPR04,UFPR04,1024,0.9556643836426654
Modelo8,Kyoto,UFPR04,UFPR05,64,0.741659378110203
Modelo8,Kyoto,UFPR04,UFPR05,128,0.7195705280936152
Modelo8,Kyoto,UFPR04,UFPR05,256,0.7438127695509243
Modelo8,Kyoto,UFPR04,UFPR05,512,0.6632626594685889
Modelo8,Kyoto,UFPR04,UFPR05,1024,0.6670205386494557
Modelo8,Kyoto,UFPR04,camera1,64,0.21463569837734647
Modelo8,Kyoto,UFPR04,camera1,128,0.19382755329303214
Modelo8,Kyoto,UFPR04,camera1,256,0.18020999045497932
Modelo8,Kyoto,UFPR04,camera1,512,0.17823735284759784
Modelo8,Kyoto,UFPR04,camera1,1024,0.19363665287941456
Modelo8,Kyoto,UFPR04,camera2,64,0.2923076923076923
Modelo8,Kyoto,UFPR04,camera2,128,0.2371184371184371
Modelo8,Kyoto,UFPR04,camera2,256,0.17997557997557997
Modelo8,Kyoto,UFPR04,camera2,512,0.25567765567765566
Modelo8,Kyoto,UFPR04,camera2,1024,0.22515262515262516
Modelo8,Kyoto,UFPR04,camera3,64,0.2448527082673424
Modelo8,Kyoto,UFPR04,camera3,128,0.19564987857670785
Modelo8,Kyoto,UFPR04,camera3,256,0.169781438074121
Modelo8,Kyoto,UFPR04,camera3,512,0.22985957132298596
Modelo8,Kyoto,UFPR04,camera3,1024,0.21180445570689474
Modelo8,Kyoto,UFPR04,camera4,64,0.2653836872586873
Modelo8,Kyoto,UFPR04,camera4,128,0.2375723938223938
Modelo8,Kyoto,UFPR04,camera4,256,0.21862934362934364
Modelo8,Kyoto,UFPR04,camera4,512,0.2875241312741313
Modelo8,Kyoto,UFPR04,camera4,1024,0.26496138996138996
Modelo8,Kyoto,UFPR04,camera5,64,0.25117573663499376
Modelo8,Kyoto,UFPR04,camera5,128,0.22338996064881467
Modelo8,Kyoto,UFPR04,camera5,256,0.19570016316345137
Modelo8,Kyoto,UFPR04,camera5,512,0.25280737114886265
Modelo8,Kyoto,UFPR04,camera5,1024,0.24484115558114983
Modelo8,Kyoto,UFPR04,camera6,64,0.26651084145613685
Modelo8,Kyoto,UFPR04,camera6,128,0.2287149393276308
Modelo8,Kyoto,UFPR04,camera6,256,0.18768649293813408
Modelo8,Kyoto,UFPR04,camera6,512,0.2685000994629003
Modelo8,Kyoto,UFPR04,camera6,1024,0.2283170877262781
Modelo8,Kyoto,UFPR04,camera7,64,0.2273373117362887
Modelo8,Kyoto,UFPR04,camera7,128,0.2029932746045278
Modelo8,Kyoto,UFPR04,camera7,256,0.1717343942407881
Modelo8,Kyoto,UFPR04,camera7,512,0.2139338827318367
Modelo8,Kyoto,UFPR04,camera7,1024,0.20256701714502226
Modelo8,Kyoto,UFPR04,camera8,64,0.2673559209433649
Modelo8,Kyoto,UFPR04,camera8,128,0.22778608204617173
Modelo8,Kyoto,UFPR04,camera8,256,0.1798704534130543
Modelo8,Kyoto,UFPR04,camera8,512,0.25884404583956155
Modelo8,Kyoto,UFPR04,camera8,1024,0.23152300282345126
Modelo8,Kyoto,UFPR04,camera9,64,0.337858685590867
Modelo8,Kyoto,UFPR04,camera9,128,0.30947238506633756
Modelo8,Kyoto,UFPR04,camera9,256,0.2601049058932428
Modelo8,Kyoto,UFPR04,camera9,512,0.31811169392162914
Modelo8,Kyoto,UFPR04,camera9,1024,0.32482258562172167
Modelo8,Kyoto,UFPR05,PUC,64,0.6788104369635781
Modelo8,Kyoto,UFPR05,PUC,128,0.717674430665004
Modelo8,Kyoto,UFPR05,PUC,256,0.8770788005365103
Modelo8,Kyoto,UFPR05,PUC,512,0.7638294010461479
Modelo8,Kyoto,UFPR05,PUC,1024,0.763897761318929
Modelo8,Kyoto,UFPR05,UFPR04,64,0.6637850401065729
Modelo8,Kyoto,UFPR05,UFPR04,128,0.6934327258297668
Modelo8,Kyoto,UFPR05,UFPR04,256,0.7852479616035071
Modelo8,Kyoto,UFPR05,UFPR04,512,0.6873104503840594
Modelo8,Kyoto,UFPR05,UFPR04,1024,0.7065842804909158
Modelo8,Kyoto,UFPR05,UFPR05,64,0.9339191004074572
Modelo8,Kyoto,UFPR05,UFPR05,128,0.945414399854317
Modelo8,Kyoto,UFPR05,UFPR05,256,0.9603165570250317
Modelo8,Kyoto,UFPR05,UFPR05,512,0.9725706221119483
Modelo8,Kyoto,UFPR05,UFPR05,1024,0.9730031185267807
Modelo8,Kyoto,UFPR05,camera1,64,0.409608654152084
Modelo8,Kyoto,UFPR05,camera1,128,0.3473751193127585
Modelo8,Kyoto,UFPR05,camera1,256,0.256761056315622
Modelo8,Kyoto,UFPR05,camera1,512,0.3566019726376074
Modelo8,Kyoto,UFPR05,camera1,1024,0.3548838689150493
Modelo8,Kyoto,UFPR05,camera2,64,0.4507936507936508
Modelo8,Kyoto,UFPR05,camera2,128,0.36434676434676433
Modelo8,Kyoto,UFPR05,camera2,256,0.252991452991453
Modelo8,Kyoto,UFPR05,camera2,512,0.3218559218559219
Modelo8,Kyoto,UFPR05,camera2,1024,0.3181929181929182
Modelo8,Kyoto,UFPR05,camera3,64,0.3187625382747334
Modelo8,Kyoto,UFPR05,camera3,128,0.2939499524865379
Modelo8,Kyoto,UFPR05,camera3,256,0.20937598986379474
Modelo8,Kyoto,UFPR05,camera3,512,0.2934220251293422
Modelo8,Kyoto,UFPR05,camera3,1024,0.281068524970964
Modelo8,Kyoto,UFPR05,camera4,64,0.3252292471042471
Modelo8,Kyoto,UFPR05,camera4,128,0.2660472972972973
Modelo8,Kyoto,UFPR05,camera4,256,0.16831563706563707
Modelo8,Kyoto,UFPR05,camera4,512,0.28354247104247104
Modelo8,Kyoto,UFPR05,camera4,1024,0.2729850386100386
Modelo8,Kyoto,UFPR05,camera5,64,0.35070544198099624
Modelo8,Kyoto,UFPR05,camera5,128,0.3070352241097994
Modelo8,Kyoto,UFPR05,camera5,256,0.2119205298013245
Modelo8,Kyoto,UFPR05,camera5,512,0.30391592283328533
Modelo8,Kyoto,UFPR05,camera5,1024,0.30569152509837794
Modelo8,Kyoto,UFPR05,camera6,64,0.27237915257608913
Modelo8,Kyoto,UFPR05,camera6,128,0.2320966779391287
Modelo8,Kyoto,UFPR05,camera6,256,0.15242689476825144
Modelo8,Kyoto,UFPR05,camera6,512,0.23269345534115773
Modelo8,Kyoto,UFPR05,camera6,1024,0.23279291824149592
Modelo8,Kyoto,UFPR05,camera7,64,0.37453822108553564
Modelo8,Kyoto,UFPR05,camera7,128,0.3418111205834991
Modelo8,Kyoto,UFPR05,camera7,256,0.2639954532537653
Modelo8,Kyoto,UFPR05,camera7,512,0.35710902718575355
Modelo8,Kyoto,UFPR05,camera7,1024,0.3470682959174008
Modelo8,Kyoto,UFPR05,camera8,64,0.2714665337983724
Modelo8,Kyoto,UFPR05,camera8,128,0.2396196645075569
Modelo8,Kyoto,UFPR05,camera8,256,0.16492277030393623
Modelo8,Kyoto,UFPR05,camera8,512,0.2531556219897027
Modelo8,Kyoto,UFPR05,camera8,1024,0.24966782926424183
Modelo8,Kyoto,UFPR05,camera9,64,0.45364085158901574
Modelo8,Kyoto,UFPR05,camera9,128,0.4070502931194076
Modelo8,Kyoto,UFPR05,camera9,256,0.3309935205183585
Modelo8,Kyoto,UFPR05,camera9,512,0.4443073125578525
Modelo8,Kyoto,UFPR05,camera9,1024,0.4234032705954952
Modelo8,Kyoto,camera1,PUC,64,0.14961942186067234
Modelo8,Kyoto,camera1,PUC,128,0.1757236170598954
Modelo8,Kyoto,camera1,PUC,256,0.12768284605030844
Modelo8,Kyoto,camera1,PUC,512,0.12723968290262433
Modelo8,Kyoto,camera1,PUC,1024,0.13542641488085275
Modelo8,Kyoto,camera1,UFPR04,64,0.23395973281180615
Modelo8,Kyoto,camera1,UFPR04,128,0.282645049743488
Modelo8,Kyoto,camera1,UFPR04,256,0.2236803567548161
Modelo8,Kyoto,camera1,UFPR04,512,0.2098674451782357
Modelo8,Kyoto,camera1,UFPR04,1024,0.22175297374413044
Modelo8,Kyoto,camera1,UFPR05,64,0.3253671924480502
Modelo8,Kyoto,camera1,UFPR05,128,0.34290798323129357
Modelo8,Kyoto,camera1,UFPR05,256,0.3210362819314172
Modelo8,Kyoto,camera1,UFPR05,512,0.3088518261603885
Modelo8,Kyoto,camera1,UFPR05,1024,0.32515004373133877
Modelo8,Kyoto,camera1,camera1,64,0.870355078447564
Modelo8,Kyoto,camera1,camera1,128,0.8951279933938894
Modelo8,Kyoto,camera1,camera1,256,0.8789430222956235
Modelo8,Kyoto,camera1,camera1,512,0.9298100743187449
Modelo8,Kyoto,camera1,camera1,1024,0.9369116432700247
Modelo8,Kyoto,camera1,camera2,64,0.8993894993894994
Modelo8,Kyoto,camera1,camera2,128,0.9089133089133089
Modelo8,Kyoto,camera1,camera2,256,0.9157509157509157
Modelo8,Kyoto,camera1,camera2,512,0.9284493284493285
Modelo8,Kyoto,camera1,camera2,1024,0.9347985347985348
Modelo8,Kyoto,camera1,camera3,64,0.9036004645760743
Modelo8,Kyoto,camera1,camera3,128,0.9085629817337134
Modelo8,Kyoto,camera1,camera3,256,0.9024390243902439
Modelo8,Kyoto,camera1,camera3,512,0.9329532256361525
Modelo8,Kyoto,camera1,camera3,1024,0.9322141273360786
Modelo8,Kyoto,camera1,camera4,64,0.8822997104247104
Modelo8,Kyoto,camera1,camera4,128,0.9162644787644788
Modelo8,Kyoto,camera1,camera4,256,0.9157818532818532
Modelo8,Kyoto,camera1,camera4,512,0.9406370656370656
Modelo8,Kyoto,camera1,camera4,1024,0.9453426640926641
Modelo8,Kyoto,camera1,camera5,64,0.8536327862558787
Modelo8,Kyoto,camera1,camera5,128,0.8939437565985219
Modelo8,Kyoto,camera1,camera5,256,0.8889048853056916
Modelo8,Kyoto,camera1,camera5,512,0.9193780593147135
Modelo8,Kyoto,camera1,camera5,1024,0.9176504463000288
Modelo8,Kyoto,camera1,camera6,64,0.8883528943703999
Modelo8,Kyoto,camera1,camera6,128,0.9096876864929382
Modelo8,Kyoto,camera1,camera6,256,0.906156753530933
Modelo8,Kyoto,camera1,camera6,512,0.9316689874676746
Modelo8,Kyoto,camera1,camera6,1024,0.9323154963198726
Modelo8,Kyoto,camera1,camera7,64,0.7868239083072842
Modelo8,Kyoto,camera1,camera7,128,0.8445581131003126
Modelo8,Kyoto,camera1,camera7,256,0.8150516245145402
Modelo8,Kyoto,camera1,camera7,512,0.863739698778062
Modelo8,Kyoto,camera1,camera7,1024,0.8668655868144359
Modelo8,Kyoto,camera1,camera8,64,0.8861484803188839
Modelo8,Kyoto,camera1,camera8,128,0.9131788739412058
Modelo8,Kyoto,camera1,camera8,256,0.9044178707855838
Modelo8,Kyoto,camera1,camera8,512,0.9341886729779106
Modelo8,Kyoto,camera1,camera8,1024,0.9291645905995681
Modelo8,Kyoto,camera1,camera9,64,0.8608454180808393
Modelo8,Kyoto,camera1,camera9,128,0.8694075902499229
Modelo8,Kyoto,camera1,camera9,256,0.8471150879358222
Modelo8,Kyoto,camera1,camera9,512,0.882675100277692
Modelo8,Kyoto,camera1,camera9,1024,0.8684048133292194
Modelo8,Kyoto,camera2,PUC,64,0.15555969384026797
Modelo8,Kyoto,camera2,PUC,128,0.1837429842323495
Modelo8,Kyoto,camera2,PUC,256,0.14287061286163175
Modelo8,Kyoto,camera2,PUC,512,0.12311213677711957
Modelo8,Kyoto,camera2,PUC,1024,0.11215327787507985
Modelo8,Kyoto,camera2,UFPR04,64,0.31335090653137193
Modelo8,Kyoto,camera2,UFPR04,128,0.3599860170252166
Modelo8,Kyoto,camera2,UFPR04,256,0.2349517681849532
Modelo8,Kyoto,camera2,UFPR04,512,0.3019472237181486
Modelo8,Kyoto,camera2,UFPR04,1024,0.2123239137212664
Modelo8,Kyoto,camera2,UFPR05,64,0.44251892511385227
Modelo8,Kyoto,camera2,UFPR05,128,0.3575594897005157
Modelo8,Kyoto,camera2,UFPR05,256,0.30247006665259224
Modelo8,Kyoto,camera2,UFPR05,512,0.3303555810236149
Modelo8,Kyoto,camera2,UFPR05,1024,0.22303585969780138
Modelo8,Kyoto,camera2,camera1,64,0.8140629971364938
Modelo8,Kyoto,camera2,camera1,128,0.7569837734648425
Modelo8,Kyoto,camera2,camera1,256,0.8611517658288259
Modelo8,Kyoto,camera2,camera1,512,0.8118994591154948
Modelo8,Kyoto,camera2,camera1,1024,0.8395163856188355
Modelo8,Kyoto,camera2,camera2,64,0.9648526077097506
Modelo8,Kyoto,camera2,camera2,128,0.9603174603174603
Modelo8,Kyoto,camera2,camera2,256,0.9852607709750567
Modelo8,Kyoto,camera2,camera2,512,0.971655328798186
Modelo8,Kyoto,camera2,camera2,1024,0.9841269841269841
Modelo8,Kyoto,camera2,camera3,64,0.89684299440397
Modelo8,Kyoto,camera2,camera3,128,0.8869179600886918
Modelo8,Kyoto,camera2,camera3,256,0.9233449477351916
Modelo8,Kyoto,camera2,camera3,512,0.9042339774047091
Modelo8,Kyoto,camera2,camera3,1024,0.9061345158906134
Modelo8,Kyoto,camera2,camera4,64,0.904621138996139
Modelo8,Kyoto,camera2,camera4,128,0.8816964285714286
Modelo8,Kyoto,camera2,camera4,256,0.9289333976833977
Modelo8,Kyoto,camera2,camera4,512,0.915359555984556
Modelo8,Kyoto,camera2,camera4,1024,0.9317688223938224
Modelo8,Kyoto,camera2,camera5,64,0.8652461848545926
Modelo8,Kyoto,camera2,camera5,128,0.832421537575583
Modelo8,Kyoto,camera2,camera5,256,0.9027257894231692
Modelo8,Kyoto,camera2,camera5,512,0.8704290238986467
Modelo8,Kyoto,camera2,camera5,1024,0.899126595642576
Modelo8,Kyoto,camera2,camera6,64,0.861000596777402
Modelo8,Kyoto,camera2,camera6,128,0.8583648299184404
Modelo8,Kyoto,camera2,camera6,256,0.9176944499701611
Modelo8,Kyoto,camera2,camera6,512,0.8938730853391685
Modelo8,Kyoto,camera2,camera6,1024,0.9186393475233737
Modelo8,Kyoto,camera2,camera7,64,0.7979066022544283
Modelo8,Kyoto,camera2,camera7,128,0.7191910580657384
Modelo8,Kyoto,camera2,camera7,256,0.8135360424362982
Modelo8,Kyoto,camera2,camera7,512,0.7705787629061286
Modelo8,Kyoto,camera2,camera7,1024,0.8124467178175618
Modelo8,Kyoto,camera2,camera8,64,0.8828267729613021
Modelo8,Kyoto,camera2,camera8,128,0.8586613519348946
Modelo8,Kyoto,camera2,camera8,256,0.9106460720810496
Modelo8,Kyoto,camera2,camera8,512,0.9001411725626972
Modelo8,Kyoto,camera2,camera8,1024,0.913511044676964
Modelo8,Kyoto,camera2,camera9,64,0.8344646713977167
Modelo8,Kyoto,camera2,camera9,128,0.7718296821968528
Modelo8,Kyoto,camera2,camera9,256,0.8796667695155816
Modelo8,Kyoto,camera2,camera9,512,0.8225084850354829
Modelo8,Kyoto,camera2,camera9,1024,0.8599197778463438
Modelo8,Kyoto,camera3,PUC,64,0.17747033989199076
Modelo8,Kyoto,camera3,PUC,128,0.15051281990839724
Modelo8,Kyoto,camera3,PUC,256,0.11925331724116797
Modelo8,Kyoto,camera3,PUC,512,0.09962684720064682
Modelo8,Kyoto,camera3,PUC,1024,0.11492304754810559
Modelo8,Kyoto,camera3,UFPR04,64,0.32313898887975584
Modelo8,Kyoto,camera3,UFPR04,128,0.31858507411921433
Modelo8,Kyoto,camera3,UFPR04,256,0.3074742779399677
Modelo8,Kyoto,camera3,UFPR04,512,0.28691552582598756
Modelo8,Kyoto,camera3,UFPR04,1024,0.31106450119516643
Modelo8,Kyoto,camera3,UFPR05,64,0.17605935398256778
Modelo8,Kyoto,camera3,UFPR05,128,0.186615194378261
Modelo8,Kyoto,camera3,UFPR05,256,0.22387429502065928
Modelo8,Kyoto,camera3,UFPR05,512,0.17473836595590675
Modelo8,Kyoto,camera3,UFPR05,1024,0.21801731157824894
Modelo8,Kyoto,camera3,camera1,64,0.7721285396118358
Modelo8,Kyoto,camera3,camera1,128,0.7494750238625517
Modelo8,Kyoto,camera3,camera1,256,0.7928730512249443
Modelo8,Kyoto,camera3,camera1,512,0.8192809417753738
Modelo8,Kyoto,camera3,camera1,1024,0.8029907731466751
Modelo8,Kyoto,camera3,camera2,64,0.8661782661782662
Modelo8,Kyoto,camera3,camera2,128,0.8415140415140415
Modelo8,Kyoto,camera3,camera2,256,0.9074481074481074
Modelo8,Kyoto,camera3,camera2,512,0.9372405372405372
Modelo8,Kyoto,camera3,camera2,1024,0.9089133089133089
Modelo8,Kyoto,camera3,camera3,64,0.9299539170506912
Modelo8,Kyoto,camera3,camera3,128,0.9118279569892473
Modelo8,Kyoto,camera3,camera3,256,0.9440860215053763
Modelo8,Kyoto,camera3,camera3,512,0.9640552995391705
Modelo8,Kyoto,camera3,camera3,1024,0.9576036866359448
Modelo8,Kyoto,camera3,camera4,64,0.8647442084942085
Modelo8,Kyoto,camera3,camera4,128,0.8638392857142857
Modelo8,Kyoto,camera3,camera4,256,0.9063103281853282
Modelo8,Kyoto,camera3,camera4,512,0.9216940154440154
Modelo8,Kyoto,camera3,camera4,1024,0.915359555984556
Modelo8,Kyoto,camera3,camera5,64,0.8331413763317017
Modelo8,Kyoto,camera3,camera5,128,0.8218159132354352
Modelo8,Kyoto,camera3,camera5,256,0.8529129474997601
Modelo8,Kyoto,camera3,camera5,512,0.8658700451098954
Modelo8,Kyoto,camera3,camera5,1024,0.8561282272770899
Modelo8,Kyoto,camera3,camera6,64,0.8763178834294808
Modelo8,Kyoto,camera3,camera6,128,0.8693554804058087
Modelo8,Kyoto,camera3,camera6,256,0.8945195941913666
Modelo8,Kyoto,camera3,camera6,512,0.9099363437437835
Modelo8,Kyoto,camera3,camera6,1024,0.8908394668788542
Modelo8,Kyoto,camera3,camera7,64,0.7363360803258502
Modelo8,Kyoto,camera3,camera7,128,0.7312209908117836
Modelo8,Kyoto,camera3,camera7,256,0.7632850241545893
Modelo8,Kyoto,camera3,camera7,512,0.7732783934829971
Modelo8,Kyoto,camera3,camera7,1024,0.7740835464620631
Modelo8,Kyoto,camera3,camera8,64,0.8793389802358412
Modelo8,Kyoto,camera3,camera8,128,0.8709101478159774
Modelo8,Kyoto,camera3,camera8,256,0.8944112273708686
Modelo8,Kyoto,camera3,camera8,512,0.9011792061119416
Modelo8,Kyoto,camera3,camera8,1024,0.9008055140342136
Modelo8,Kyoto,camera3,camera9,64,0.8232027152113546
Modelo8,Kyoto,camera3,camera9,128,0.8094723850663376
Modelo8,Kyoto,camera3,camera9,256,0.8372415921012033
Modelo8,Kyoto,camera3,camera9,512,0.8640080222153657
Modelo8,Kyoto,camera3,camera9,1024,0.8412526997840173
Modelo8,Kyoto,camera4,PUC,64,0.12779127958644393
Modelo8,Kyoto,camera4,PUC,128,0.1759994154018052
Modelo8,Kyoto,camera4,PUC,256,0.10221039406161382
Modelo8,Kyoto,camera4,PUC,512,0.10399719015706362
Modelo8,Kyoto,camera4,PUC,1024,0.08475495199458775
Modelo8,Kyoto,camera4,UFPR04,64,0.3403531645928403
Modelo8,Kyoto,camera4,UFPR04,128,0.38254773579736023
Modelo8,Kyoto,camera4,UFPR04,256,0.3051122889562843
Modelo8,Kyoto,camera4,UFPR04,512,0.27710854756573416
Modelo8,Kyoto,camera4,UFPR04,1024,0.18936538079986395
Modelo8,Kyoto,camera4,UFPR05,64,0.31946195373525954
Modelo8,Kyoto,camera4,UFPR05,128,0.27392104231384024
Modelo8,Kyoto,camera4,UFPR05,256,0.2971076997315801
Modelo8,Kyoto,camera4,UFPR05,512,0.21727538679615163
Modelo8,Kyoto,camera4,UFPR05,1024,0.1547848116536478
Modelo8,Kyoto,camera4,camera1,64,0.7929366846961502
Modelo8,Kyoto,camera4,camera1,128,0.7345847916003818
Modelo8,Kyoto,camera4,camera1,256,0.8022908049634108
Modelo8,Kyoto,camera4,camera1,512,0.8278078269169583
Modelo8,Kyoto,camera4,camera1,1024,0.8652243079860006
Modelo8,Kyoto,camera4,camera2,64,0.8901098901098901
Modelo8,Kyoto,camera4,camera2,128,0.8576312576312576
Modelo8,Kyoto,camera4,camera2,256,0.8940170940170941
Modelo8,Kyoto,camera4,camera2,512,0.9157509157509157
Modelo8,Kyoto,camera4,camera2,1024,0.9345543345543346
Modelo8,Kyoto,camera4,camera3,64,0.8647450110864745
Modelo8,Kyoto,camera4,camera3,128,0.8503853869707528
Modelo8,Kyoto,camera4,camera3,256,0.8729806778587267
Modelo8,Kyoto,camera4,camera3,512,0.9042339774047091
Modelo8,Kyoto,camera4,camera3,1024,0.9209164818920916
Modelo8,Kyoto,camera4,camera4,64,0.9164193094828933
Modelo8,Kyoto,camera4,camera4,128,0.8970473363536947
Modelo8,Kyoto,camera4,camera4,256,0.9142321512263709
Modelo8,Kyoto,camera4,camera4,512,0.9320418684580535
Modelo8,Kyoto,camera4,camera4,1024,0.9542259022027808
Modelo8,Kyoto,camera4,camera5,64,0.8567520875323927
Modelo8,Kyoto,camera4,camera5,128,0.8309818600633458
Modelo8,Kyoto,camera4,camera5,256,0.8687494001343699
Modelo8,Kyoto,camera4,camera5,512,0.8837700355120452
Modelo8,Kyoto,camera4,camera5,1024,0.9184662635569633
Modelo8,Kyoto,camera4,camera6,64,0.8751243286254227
Modelo8,Kyoto,camera4,camera6,128,0.859259996021484
Modelo8,Kyoto,camera4,camera6,256,0.8871096081161727
Modelo8,Kyoto,camera4,camera6,512,0.9058583648299184
Modelo8,Kyoto,camera4,camera6,1024,0.9320171076188581
Modelo8,Kyoto,camera4,camera7,64,0.7579804868807426
Modelo8,Kyoto,camera4,camera7,128,0.7176281140475513
Modelo8,Kyoto,camera4,camera7,256,0.7830349531116795
Modelo8,Kyoto,camera4,camera7,512,0.7947807142180544
Modelo8,Kyoto,camera4,camera7,1024,0.8406744340248177
Modelo8,Kyoto,camera4,camera8,64,0.8744809832253778
Modelo8,Kyoto,camera4,camera8,128,0.861858495266567
Modelo8,Kyoto,camera4,camera8,256,0.8906327852516194
Modelo8,Kyoto,camera4,camera8,512,0.9130543099152965
Modelo8,Kyoto,camera4,camera8,1024,0.9419116425842883
Modelo8,Kyoto,camera4,camera9,64,0.7921166306695464
Modelo8,Kyoto,camera4,camera9,128,0.7782320271521136
Modelo8,Kyoto,camera4,camera9,256,0.8150262264733107
Modelo8,Kyoto,camera4,camera9,512,0.8525917926565875
Modelo8,Kyoto,camera4,camera9,1024,0.865242209194693
Modelo8,Kyoto,camera5,PUC,64,0.12500029465634818
Modelo8,Kyoto,camera5,PUC,128,0.08288329487085802
Modelo8,Kyoto,camera5,PUC,256,0.07497236123453938
Modelo8,Kyoto,camera5,PUC,512,0.07575496849534324
Modelo8,Kyoto,camera5,PUC,1024,0.056736669157495
Modelo8,Kyoto,camera5,UFPR04,64,0.3511616261821755
Modelo8,Kyoto,camera5,UFPR04,128,0.2898443921657549
Modelo8,Kyoto,camera5,UFPR04,256,0.17544854170800148
Modelo8,Kyoto,camera5,UFPR04,512,0.2636263144468694
Modelo8,Kyoto,camera5,UFPR04,1024,0.20362234630537684
Modelo8,Kyoto,camera5,UFPR05,64,0.37798353288898273
Modelo8,Kyoto,camera5,UFPR05,128,0.21596646258708568
Modelo8,Kyoto,camera5,UFPR05,256,0.16905630786862502
Modelo8,Kyoto,camera5,UFPR05,512,0.1522333142322888
Modelo8,Kyoto,camera5,UFPR05,1024,0.1945350906294297
Modelo8,Kyoto,camera5,camera1,64,0.7599109131403118
Modelo8,Kyoto,camera5,camera1,128,0.8120267260579065
Modelo8,Kyoto,camera5,camera1,256,0.859815462933503
Modelo8,Kyoto,camera5,camera1,512,0.81489023226217
Modelo8,Kyoto,camera5,camera1,1024,0.8451797645561565
Modelo8,Kyoto,camera5,camera2,64,0.8273504273504273
Modelo8,Kyoto,camera5,camera2,128,0.8847374847374847
Modelo8,Kyoto,camera5,camera2,256,0.9089133089133089
Modelo8,Kyoto,camera5,camera2,512,0.8776556776556776
Modelo8,Kyoto,camera5,camera2,1024,0.9208791208791208
Modelo8,Kyoto,camera5,camera3,64,0.8673846478724527
Modelo8,Kyoto,camera5,camera3,128,0.8938866012036744
Modelo8,Kyoto,camera5,camera3,256,0.8946256995037483
Modelo8,Kyoto,camera5,camera3,512,0.9006440713757787
Modelo8,Kyoto,camera5,camera3,1024,0.9183824305775525
Modelo8,Kyoto,camera5,camera4,64,0.8862210424710425
Modelo8,Kyoto,camera5,camera4,128,0.9263392857142857
Modelo8,Kyoto,camera5,camera4,256,0.9460666023166023
Modelo8,Kyoto,camera5,camera4,512,0.9257360038610039
Modelo8,Kyoto,camera5,camera4,1024,0.9512548262548263
Modelo8,Kyoto,camera5,camera5,64,0.8036890645586298
Modelo8,Kyoto,camera5,camera5,128,0.8684672815107598
Modelo8,Kyoto,camera5,camera5,256,0.900197628458498
Modelo8,Kyoto,camera5,camera5,512,0.8630873956960914
Modelo8,Kyoto,camera5,camera5,1024,0.9045893719806763
Modelo8,Kyoto,camera5,camera6,64,0.8598070419733439
Modelo8,Kyoto,camera5,camera6,128,0.9111298985478417
Modelo8,Kyoto,camera5,camera6,256,0.9234632981897752
Modelo8,Kyoto,camera5,camera6,512,0.9203799482792918
Modelo8,Kyoto,camera5,camera6,1024,0.9406206484981102
Modelo8,Kyoto,camera5,camera7,64,0.7397461400018944
Modelo8,Kyoto,camera5,camera7,128,0.8137254901960784
Modelo8,Kyoto,camera5,camera7,256,0.8455053518992138
Modelo8,Kyoto,camera5,camera7,512,0.8068580089040447
Modelo8,Kyoto,camera5,camera7,1024,0.8405323482049825
Modelo8,Kyoto,camera5,camera8,64,0.8619830592924763
Modelo8,Kyoto,camera5,camera8,128,0.9226042185683442
Modelo8,Kyoto,camera5,camera8,256,0.9313652217239661
Modelo8,Kyoto,camera5,camera8,512,0.9252200631124398
Modelo8,Kyoto,camera5,camera8,1024,0.9445690084703537
Modelo8,Kyoto,camera5,camera9,64,0.7489972230792965
Modelo8,Kyoto,camera5,camera9,128,0.8231255785251466
Modelo8,Kyoto,camera5,camera9,256,0.8335390311632213
Modelo8,Kyoto,camera5,camera9,512,0.8352360382597963
Modelo8,Kyoto,camera5,camera9,1024,0.8699475470533786
Modelo8,Kyoto,camera6,PUC,64,0.08263578353837486
Modelo8,Kyoto,camera6,PUC,128,0.103313587429253
Modelo8,Kyoto,camera6,PUC,256,0.06393335580579082
Modelo8,Kyoto,camera6,PUC,512,0.11172190098132351
Modelo8,Kyoto,camera6,PUC,1024,0.06892365571880826
Modelo8,Kyoto,camera6,UFPR04,64,0.2935196470243663
Modelo8,Kyoto,camera6,UFPR04,128,0.2735277722664701
Modelo8,Kyoto,camera6,UFPR04,256,0.21053825004960178
Modelo8,Kyoto,camera6,UFPR04,512,0.252543862135427
Modelo8,Kyoto,camera6,UFPR04,1024,0.17078125147624312
Modelo8,Kyoto,camera6,UFPR05,64,0.24372530687336008
Modelo8,Kyoto,camera6,UFPR05,128,0.25652501734173777
Modelo8,Kyoto,camera6,UFPR05,256,0.2626474047712399
Modelo8,Kyoto,camera6,UFPR05,512,0.2187532044515487
Modelo8,Kyoto,camera6,UFPR05,1024,0.11020297373103718
Modelo8,Kyoto,camera6,camera1,64,0.8330894050270442
Modelo8,Kyoto,camera6,camera1,128,0.7956092904867961
Modelo8,Kyoto,camera6,camera1,256,0.8167992363983455
Modelo8,Kyoto,camera6,camera1,512,0.7935093859370028
Modelo8,Kyoto,camera6,camera1,1024,0.8262806236080178
Modelo8,Kyoto,camera6,camera2,64,0.9218559218559218
Modelo8,Kyoto,camera6,camera2,128,0.8932844932844933
Modelo8,Kyoto,camera6,camera2,256,0.904029304029304
Modelo8,Kyoto,camera6,camera2,512,0.8862026862026862
Modelo8,Kyoto,camera6,camera2,1024,0.9167277167277167
Modelo8,Kyoto,camera6,camera3,64,0.920388554534896
Modelo8,Kyoto,camera6,camera3,128,0.9099355928624221
Modelo8,Kyoto,camera6,camera3,256,0.9150036954915004
Modelo8,Kyoto,camera6,camera3,512,0.8886073276317179
Modelo8,Kyoto,camera6,camera3,1024,0.9226058494351177
Modelo8,Kyoto,camera6,camera4,64,0.9376809845559846
Modelo8,Kyoto,camera6,camera4,128,0.9137910231660231
Modelo8,Kyoto,camera6,camera4,256,0.9343026061776062
Modelo8,Kyoto,camera6,camera4,512,0.9096887065637066
Modelo8,Kyoto,camera6,camera4,1024,0.9288127413127413
Modelo8,Kyoto,camera6,camera5,64,0.8932719070928112
Modelo8,Kyoto,camera6,camera5,128,0.8867933582877435
Modelo8,Kyoto,camera6,camera5,256,0.9091083597274211
Modelo8,Kyoto,camera6,camera5,512,0.8757558306939246
Modelo8,Kyoto,camera6,camera5,1024,0.9032536711776562
Modelo8,Kyoto,camera6,camera6,64,0.926857406552838
Modelo8,Kyoto,camera6,camera6,128,0.9225888324873096
Modelo8,Kyoto,camera6,camera6,256,0.9484310106137517
Modelo8,Kyoto,camera6,camera6,512,0.9276649746192893
Modelo8,Kyoto,camera6,camera6,1024,0.9544300876788187
Modelo8,Kyoto,camera6,camera7,64,0.8246187363834423
Modelo8,Kyoto,camera6,camera7,128,0.7908970351425595
Modelo8,Kyoto,camera6,camera7,256,0.8279340721795965
Modelo8,Kyoto,camera6,camera7,512,0.7783461210571185
Modelo8,Kyoto,camera6,camera7,1024,0.8175144453916833
Modelo8,Kyoto,camera6,camera8,64,0.9189088191330343
Modelo8,Kyoto,camera6,camera8,128,0.9201959807340974
Modelo8,Kyoto,camera6,camera8,256,0.9368875602059459
Modelo8,Kyoto,camera6,camera8,512,0.9042517854177047
Modelo8,Kyoto,camera6,camera8,1024,0.933939544926092
Modelo8,Kyoto,camera6,camera9,64,0.8544430731255785
Modelo8,Kyoto,camera6,camera9,128,0.8687133600740512
Modelo8,Kyoto,camera6,camera9,256,0.8615396482567109
Modelo8,Kyoto,camera6,camera9,512,0.8410984264116014
Modelo8,Kyoto,camera6,camera9,1024,0.8680191298981795
Modelo8,Kyoto,camera7,PUC,64,0.07815464979503704
Modelo8,Kyoto,camera7,PUC,128,0.06652633166990003
Modelo8,Kyoto,camera7,PUC,256,0.12663151219995145
Modelo8,Kyoto,camera7,PUC,512,0.09972349448285453
Modelo8,Kyoto,camera7,PUC,1024,0.0785648114317234
Modelo8,Kyoto,camera7,UFPR04,64,0.1524522169628601
Modelo8,Kyoto,camera7,UFPR04,128,0.14601815897130654
Modelo8,Kyoto,camera7,UFPR04,256,0.16844760636036393
Modelo8,Kyoto,camera7,UFPR04,512,0.20938559942556428
Modelo8,Kyoto,camera7,UFPR04,1024,0.15607078408586303
Modelo8,Kyoto,camera7,UFPR05,64,0.29243297041348737
Modelo8,Kyoto,camera7,UFPR05,128,0.2646198389480351
Modelo8,Kyoto,camera7,UFPR05,256,0.31547486202008623
Modelo8,Kyoto,camera7,UFPR05,512,0.20517537774828845
Modelo8,Kyoto,camera7,UFPR05,1024,0.30764544440088065
Modelo8,Kyoto,camera7,camera1,64,0.9030225898822781
Modelo8,Kyoto,camera7,camera1,128,0.8985682468978683
Modelo8,Kyoto,camera7,camera1,256,0.9097041043588928
Modelo8,Kyoto,camera7,camera1,512,0.8734330257715558
Modelo8,Kyoto,camera7,camera1,1024,0.89608654152084
Modelo8,Kyoto,camera7,camera2,64,0.9267399267399268
Modelo8,Kyoto,camera7,camera2,128,0.9272283272283273
Modelo8,Kyoto,camera7,camera2,256,0.9428571428571428
Modelo8,Kyoto,camera7,camera2,512,0.9245421245421246
Modelo8,Kyoto,camera7,camera2,1024,0.9277167277167278
Modelo8,Kyoto,camera7,camera3,64,0.9201773835920177
Modelo8,Kyoto,camera7,camera3,128,0.9218667511350438
Modelo8,Kyoto,camera7,camera3,256,0.9299968324358568
Modelo8,Kyoto,camera7,camera3,512,0.9330588111075916
Modelo8,Kyoto,camera7,camera3,1024,0.9385492556224263
Modelo8,Kyoto,camera7,camera4,64,0.9581925675675675
Modelo8,Kyoto,camera7,camera4,128,0.9428088803088803
Modelo8,Kyoto,camera7,camera4,256,0.9551158301158301
Modelo8,Kyoto,camera7,camera4,512,0.943351833976834
Modelo8,Kyoto,camera7,camera4,1024,0.9579512548262549
Modelo8,Kyoto,camera7,camera5,64,0.929119877147519
Modelo8,Kyoto,camera7,camera5,128,0.9240330166042806
Modelo8,Kyoto,camera7,camera5,256,0.9358383722046262
Modelo8,Kyoto,camera7,camera5,512,0.9276322103848738
Modelo8,Kyoto,camera7,camera5,1024,0.9480756310586429
Modelo8,Kyoto,camera7,camera6,64,0.9308732842649692
Modelo8,Kyoto,camera7,camera6,128,0.9360950865327233
Modelo8,Kyoto,camera7,camera6,256,0.943952655659439
Modelo8,Kyoto,camera7,camera6,512,0.9436045355082554
Modelo8,Kyoto,camera7,camera6,1024,0.9474835886214442
Modelo8,Kyoto,camera7,camera7,64,0.9134871339840284
Modelo8,Kyoto,camera7,camera7,128,0.8934117125110914
Modelo8,Kyoto,camera7,camera7,256,0.9235803016858918
Modelo8,Kyoto,camera7,camera7,512,0.8693433895297249
Modelo8,Kyoto,camera7,camera7,1024,0.9149290150842946
Modelo8,Kyoto,camera7,camera8,64,0.9272546088689586
Modelo8,Kyoto,camera7,camera8,128,0.9390051486464043
Modelo8,Kyoto,camera7,camera8,256,0.9440707523667164
Modelo8,Kyoto,camera7,camera8,512,0.9415794718485302
Modelo8,Kyoto,camera7,camera8,1024,0.949634612190666
Modelo8,Kyoto,camera7,camera9,64,0.8758099352051836
Modelo8,Kyoto,camera7,camera9,128,0.8936285097192225
Modelo8,Kyoto,camera7,camera9,256,0.908207343412527
Modelo8,Kyoto,camera7,camera9,512,0.8949398333847578
Modelo8,Kyoto,camera7,camera9,1024,0.900416538105523
Modelo8,Kyoto,camera8,PUC,64,0.24663443519092554
Modelo8,Kyoto,camera8,PUC,128,0.16909738510170358
Modelo8,Kyoto,camera8,PUC,256,0.08806924659907643
Modelo8,Kyoto,camera8,PUC,512,0.12600919799256524
Modelo8,Kyoto,camera8,PUC,1024,0.07794485447512275
Modelo8,Kyoto,camera8,UFPR04,64,0.38970928639588825
Modelo8,Kyoto,camera8,UFPR04,128,0.3385958447889799
Modelo8,Kyoto,camera8,UFPR04,256,0.26488289258618897
Modelo8,Kyoto,camera8,UFPR04,512,0.29839479228668875
Modelo8,Kyoto,camera8,UFPR04,1024,0.23916555653184435
Modelo8,Kyoto,camera8,UFPR05,64,0.26414331815302955
Modelo8,Kyoto,camera8,UFPR05,128,0.21230509394697952
Modelo8,Kyoto,camera8,UFPR05,256,0.21275748710679496
Modelo8,Kyoto,camera8,UFPR05,512,0.22371746539192328
Modelo8,Kyoto,camera8,UFPR05,1024,0.23843532285791838
Modelo8,Kyoto,camera8,camera1,64,0.6451161310849507
Modelo8,Kyoto,camera8,camera1,128,0.7179764556156538
Modelo8,Kyoto,camera8,camera1,256,0.8241170855870188
Modelo8,Kyoto,camera8,camera1,512,0.7655742920776328
Modelo8,Kyoto,camera8,camera1,1024,0.7744829780464524
Modelo8,Kyoto,camera8,camera2,64,0.757997557997558
Modelo8,Kyoto,camera8,camera2,128,0.8566544566544566
Modelo8,Kyoto,camera8,camera2,256,0.906959706959707
Modelo8,Kyoto,camera8,camera2,512,0.8564102564102564
Modelo8,Kyoto,camera8,camera2,1024,0.8683760683760684
Modelo8,Kyoto,camera8,camera3,64,0.8275789251399007
Modelo8,Kyoto,camera8,camera3,128,0.890296695174744
Modelo8,Kyoto,camera8,camera3,256,0.917960088691796
Modelo8,Kyoto,camera8,camera3,512,0.9025446098616831
Modelo8,Kyoto,camera8,camera3,1024,0.8963150670467743
Modelo8,Kyoto,camera8,camera4,64,0.8389840733590733
Modelo8,Kyoto,camera8,camera4,128,0.881153474903475
Modelo8,Kyoto,camera8,camera4,256,0.9226592664092664
Modelo8,Kyoto,camera8,camera4,512,0.90558638996139
Modelo8,Kyoto,camera8,camera4,1024,0.9210304054054054
Modelo8,Kyoto,camera8,camera5,64,0.7640848449947212
Modelo8,Kyoto,camera8,camera5,128,0.8271427200307131
Modelo8,Kyoto,camera8,camera5,256,0.8920721758326134
Modelo8,Kyoto,camera8,camera5,512,0.8602073135617622
Modelo8,Kyoto,camera8,camera5,1024,0.8856896055283616
Modelo8,Kyoto,camera8,camera6,64,0.8244977123532922
Modelo8,Kyoto,camera8,camera6,128,0.8766162721304953
Modelo8,Kyoto,camera8,camera6,256,0.9242590013924806
Modelo8,Kyoto,camera8,camera6,512,0.9082952058882037
Modelo8,Kyoto,camera8,camera6,1024,0.914760294410185
Modelo8,Kyoto,camera8,camera7,64,0.6839537747466137
Modelo8,Kyoto,camera8,camera7,128,0.7258690915979918
Modelo8,Kyoto,camera8,camera7,256,0.7969593634555271
Modelo8,Kyoto,camera8,camera7,512,0.7726153263237662
Modelo8,Kyoto,camera8,camera7,1024,0.81495690063465
Modelo8,Kyoto,camera8,camera8,64,0.8515625
Modelo8,Kyoto,camera8,camera8,128,0.9048996913580247
Modelo8,Kyoto,camera8,camera8,256,0.9436728395061729
Modelo8,Kyoto,camera8,camera8,512,0.9278549382716049
Modelo8,Kyoto,camera8,camera8,1024,0.9487847222222222
Modelo8,Kyoto,camera8,camera9,64,0.681656896019747
Modelo8,Kyoto,camera8,camera9,128,0.7752236963900031
Modelo8,Kyoto,camera8,camera9,256,0.865087935822277
Modelo8,Kyoto,camera8,camera9,512,0.8308392471459426
Modelo8,Kyoto,camera8,camera9,1024,0.839864239432274
Modelo8,Kyoto,camera9,PUC,64,0.1533839513652018
Modelo8,Kyoto,camera9,PUC,128,0.11929339050452238
Modelo8,Kyoto,camera9,PUC,256,0.10422348623247679
Modelo8,Kyoto,camera9,PUC,512,0.12097646756540782
Modelo8,Kyoto,camera9,PUC,1024,0.1356692117117648
Modelo8,Kyoto,camera9,UFPR04,64,0.3557627807223907
Modelo8,Kyoto,camera9,UFPR04,128,0.309165462052285
Modelo8,Kyoto,camera9,UFPR04,256,0.22632578441654147
Modelo8,Kyoto,camera9,UFPR04,512,0.2562852526855815
Modelo8,Kyoto,camera9,UFPR04,1024,0.2262502007690636
Modelo8,Kyoto,camera9,UFPR05,64,0.3009500256356124
Modelo8,Kyoto,camera9,UFPR05,128,0.24392435986367886
Modelo8,Kyoto,camera9,UFPR05,256,0.14872877522091865
Modelo8,Kyoto,camera9,UFPR05,512,0.21062822330126368
Modelo8,Kyoto,camera9,UFPR05,1024,0.16005669994269686
Modelo8,Kyoto,camera9,camera1,64,0.7710467706013363
Modelo8,Kyoto,camera9,camera1,128,0.810944957047407
Modelo8,Kyoto,camera9,camera1,256,0.865097041043589
Modelo8,Kyoto,camera9,camera1,512,0.8299713649379573
Modelo8,Kyoto,camera9,camera1,1024,0.8610244988864143
Modelo8,Kyoto,camera9,camera2,64,0.8791208791208791
Modelo8,Kyoto,camera9,camera2,128,0.8947496947496948
Modelo8,Kyoto,camera9,camera2,256,0.9015873015873016
Modelo8,Kyoto,camera9,camera2,512,0.8986568986568987
Modelo8,Kyoto,camera9,camera2,1024,0.9199023199023199
Modelo8,Kyoto,camera9,camera3,64,0.8951536268609439
Modelo8,Kyoto,camera9,camera3,128,0.9154260373772569
Modelo8,Kyoto,camera9,camera3,256,0.9131031570055961
Modelo8,Kyoto,camera9,camera3,512,0.9107802766339351
Modelo8,Kyoto,camera9,camera3,1024,0.9205997254777742
Modelo8,Kyoto,camera9,camera4,64,0.8926158301158301
Modelo8,Kyoto,camera9,camera4,128,0.9208494208494209
Modelo8,Kyoto,camera9,camera4,256,0.9325530888030888
Modelo8,Kyoto,camera9,camera4,512,0.9271838803088803
Modelo8,Kyoto,camera9,camera4,1024,0.9409387065637066
Modelo8,Kyoto,camera9,camera5,64,0.8480660332085613
Modelo8,Kyoto,camera9,camera5,128,0.8731644111718975
Modelo8,Kyoto,camera9,camera5,256,0.905509165946828
Modelo8,Kyoto,camera9,camera5,512,0.8944716383530089
Modelo8,Kyoto,camera9,camera5,1024,0.9190421345618581
Modelo8,Kyoto,camera9,camera6,64,0.8804953252436841
Modelo8,Kyoto,camera9,camera6,128,0.907897354286851
Modelo8,Kyoto,camera9,camera6,256,0.9264969166500895
Modelo8,Kyoto,camera9,camera6,512,0.9218221603341954
Modelo8,Kyoto,camera9,camera6,1024,0.9419136662025065
Modelo8,Kyoto,camera9,camera7,64,0.7522023302074453
Modelo8,Kyoto,camera9,camera7,128,0.7878658709860756
Modelo8,Kyoto,camera9,camera7,256,0.8210192289476177
Modelo8,Kyoto,camera9,camera7,512,0.822108553566354
Modelo8,Kyoto,camera9,camera7,1024,0.8434214265416311
Modelo8,Kyoto,camera9,camera8,64,0.8919199468526823
Modelo8,Kyoto,camera9,camera8,128,0.9151303770137851
Modelo8,Kyoto,camera9,camera8,256,0.9310745723301778
Modelo8,Kyoto,camera9,camera8,512,0.9314897857498754
Modelo8,Kyoto,camera9,camera8,1024,0.947807673143996
Modelo8,Kyoto,camera9,camera9,64,0.8531300160513644
Modelo8,Kyoto,camera9,camera9,128,0.8834269662921348
Modelo8,Kyoto,camera9,camera9,256,0.8992776886035313
Modelo8,Kyoto,camera9,camera9,512,0.8964686998394864
Modelo8,Kyoto,camera9,camera9,1024,0.9283707865168539
Modelo8,PKLot,camera1,camera1,64,0.9009083402146986
Modelo8,PKLot,camera1,camera1,128,0.9081750619322874
Modelo8,PKLot,camera1,camera1,256,0.943682906688687
Modelo8,PKLot,camera1,camera1,512,0.9534269199009083
Modelo8,PKLot,camera1,camera1,1024,0.9453344343517754
Modelo8,PKLot,camera1,camera2,64,0.9115995115995116
Modelo8,PKLot,camera1,camera2,128,0.9223443223443224
Modelo8,PKLot,camera1,camera2,256,0.9421245421245421
Modelo8,PKLot,camera1,camera2,512,0.9445665445665445
Modelo8,PKLot,camera1,camera2,1024,0.9345543345543346
Modelo8,PKLot,camera1,camera3,64,0.9150036954915004
Modelo8,PKLot,camera1,camera3,128,0.9147925245486221
Modelo8,PKLot,camera1,camera3,256,0.9369654735508394
Modelo8,PKLot,camera1,camera3,512,0.9394995248653786
Modelo8,PKLot,camera1,camera3,1024,0.9455178967374089
Modelo8,PKLot,camera1,camera4,64,0.9344835907335908
Modelo8,PKLot,camera1,camera4,128,0.9298383204633205
Modelo8,PKLot,camera1,camera4,256,0.952823359073359
Modelo8,PKLot,camera1,camera4,512,0.9597007722007722
Modelo8,PKLot,camera1,camera4,1024,0.9486607142857143
Modelo8,PKLot,camera1,camera5,64,0.9127555427584221
Modelo8,PKLot,camera1,camera5,128,0.9119877147518956
Modelo8,PKLot,camera1,camera5,256,0.9367501679623764
Modelo8,PKLot,camera1,camera5,512,0.9468279105480373
Modelo8,PKLot,camera1,camera5,1024,0.9371820712160476
Modelo8,PKLot,camera1,camera6,64,0.9163019693654267
Modelo8,PKLot,camera1,camera6,128,0.9225681320867316
Modelo8,PKLot,camera1,camera6,256,0.9403222597970957
Modelo8,PKLot,camera1,camera6,512,0.945096479013328
Modelo8,PKLot,camera1,camera6,1024,0.942212054903521
Modelo8,PKLot,camera1,camera7,64,0.8662025196552051
Modelo8,PKLot,camera1,camera7,128,0.8695652173913043
Modelo8,PKLot,camera1,camera7,256,0.8913990717059771
Modelo8,PKLot,camera1,camera7,512,0.8931041015439992
Modelo8,PKLot,camera1,camera7,1024,0.8904044709671308
Modelo8,PKLot,camera1,camera8,64,0.9225211758844046
Modelo8,PKLot,camera1,camera8,128,0.9262996180036539
Modelo8,PKLot,camera1,camera8,256,0.945067264573991
Modelo8,PKLot,camera1,camera8,512,0.9457731273874772
Modelo8,PKLot,camera1,camera8,1024,0.9427835907656535
Modelo8,PKLot,camera1,camera9,64,0.882983647022524
Modelo8,PKLot,camera1,camera9,128,0.9017278617710583
Modelo8,PKLot,camera1,camera9,256,0.9106757173711817
Modelo8,PKLot,camera1,camera9,512,0.9071274298056156
Modelo8,PKLot,camera1,camera9,1024,0.9031934588090096
Modelo8,PKLot,camera2,camera1,64,0.8015908367801463
Modelo8,PKLot,camera2,camera1,128,0.7543748011454025
Modelo8,PKLot,camera2,camera1,256,0.8790964047088768
Modelo8,PKLot,camera2,camera1,512,0.8651606745147948
Modelo8,PKLot,camera2,camera1,1024,0.8308622335348393
Modelo8,PKLot,camera2,camera2,64,0.9625850340136054
Modelo8,PKLot,camera2,camera2,128,0.9455782312925171
Modelo8,PKLot,camera2,camera2,256,0.9773242630385488
Modelo8,PKLot,camera2,camera2,512,0.9807256235827665
Modelo8,PKLot,camera2,camera2,1024,0.9761904761904762
Modelo8,PKLot,camera2,camera3,64,0.907401541547883
Modelo8,PKLot,camera2,camera3,128,0.8743532889874354
Modelo8,PKLot,camera2,camera3,256,0.9351705205363742
Modelo8,PKLot,camera2,camera3,512,0.9353816914792524
Modelo8,PKLot,camera2,camera3,1024,0.9255622426354133
Modelo8,PKLot,camera2,camera4,64,0.906551640926641
Modelo8,PKLot,camera2,camera4,128,0.8477919884169884
Modelo8,PKLot,camera2,camera4,256,0.9425675675675675
Modelo8,PKLot,camera2,camera4,512,0.9323721042471043
Modelo8,PKLot,camera2,camera4,1024,0.9193412162162162
Modelo8,PKLot,camera2,camera5,64,0.8840099817640849
Modelo8,PKLot,camera2,camera5,128,0.8303100105576351
Modelo8,PKLot,camera2,camera5,256,0.9087244457241578
Modelo8,PKLot,camera2,camera5,512,0.9058930799500912
Modelo8,PKLot,camera2,camera5,1024,0.8920241865822056
Modelo8,PKLot,camera2,camera6,64,0.8905410781778397
Modelo8,PKLot,camera2,camera6,128,0.8563258404615078
Modelo8,PKLot,camera2,camera6,256,0.9275910085538094
Modelo8,PKLot,camera2,camera6,512,0.9324149592202109
Modelo8,PKLot,camera2,camera6,1024,0.9179431072210066
Modelo8,PKLot,camera2,camera7,64,0.8271289192005304
Modelo8,PKLot,camera2,camera7,128,0.774793975561239
Modelo8,PKLot,camera2,camera7,256,0.8697073032111395
Modelo8,PKLot,camera2,camera7,512,0.8743961352657005
Modelo8,PKLot,camera2,camera7,1024,0.8642606801174576
Modelo8,PKLot,camera2,camera8,64,0.899809001826939
Modelo8,PKLot,camera2,camera8,128,0.8725294801527985
Modelo8,PKLot,camera2,camera8,256,0.9338980235841222
Modelo8,PKLot,camera2,camera8,512,0.9382992858329181
Modelo8,PKLot,camera2,camera8,1024,0.9318634778276034
Modelo8,PKLot,camera2,camera9,64,0.8545202098117864
Modelo8,PKLot,camera2,camera9,128,0.8103208886146251
Modelo8,PKLot,camera2,camera9,256,0.9053532860228325
Modelo8,PKLot,camera2,camera9,512,0.9026535020055538
Modelo8,PKLot,camera2,camera9,1024,0.8923171860536872
Modelo8,PKLot,camera3,camera1,64,0.7851097677378301
Modelo8,PKLot,camera3,camera1,128,0.7837098313713013
Modelo8,PKLot,camera3,camera1,256,0.8780146356983773
Modelo8,PKLot,camera3,camera1,512,0.8517976455615653
Modelo8,PKLot,camera3,camera1,1024,0.8329621380846325
Modelo8,PKLot,camera3,camera2,64,0.8515262515262515
Modelo8,PKLot,camera3,camera2,128,0.8061050061050061
Modelo8,PKLot,camera3,camera2,256,0.9316239316239316
Modelo8,PKLot,camera3,camera2,512,0.9223443223443224
Modelo8,PKLot,camera3,camera2,1024,0.9240537240537241
Modelo8,PKLot,camera3,camera3,64,0.9493087557603687
Modelo8,PKLot,camera3,camera3,128,0.9360983102918586
Modelo8,PKLot,camera3,camera3,256,0.965284178187404
Modelo8,PKLot,camera3,camera3,512,0.9634408602150538
Modelo8,PKLot,camera3,camera3,1024,0.9631336405529954
Modelo8,PKLot,camera3,camera4,64,0.9185569498069498
Modelo8,PKLot,camera3,camera4,128,0.9084218146718147
Modelo8,PKLot,camera3,camera4,256,0.9564430501930502
Modelo8,PKLot,camera3,camera4,512,0.9484797297297297
Modelo8,PKLot,camera3,camera4,1024,0.939792471042471
Modelo8,PKLot,camera3,camera5,64,0.893415874844035
Modelo8,PKLot,camera3,camera5,128,0.8821384009981764
Modelo8,PKLot,camera3,camera5,256,0.9249448123620309
Modelo8,PKLot,camera3,camera5,512,0.9209137153277666
Modelo8,PKLot,camera3,camera5,1024,0.9113158652461849
Modelo8,PKLot,camera3,camera6,64,0.9052615874278894
Modelo8,PKLot,camera3,camera6,128,0.9038193753729858
Modelo8,PKLot,camera3,camera6,256,0.943405609707579
Modelo8,PKLot,camera3,camera6,512,0.9404217226974338
Modelo8,PKLot,camera3,camera6,1024,0.9305748955639547
Modelo8,PKLot,camera3,camera7,64,0.8546462063086104
Modelo8,PKLot,camera3,camera7,128,0.8353225348110258
Modelo8,PKLot,camera3,camera7,256,0.8854314672728995
Modelo8,PKLot,camera3,camera7,512,0.8727384673676234
Modelo8,PKLot,camera3,camera7,1024,0.8709387136497111
Modelo8,PKLot,camera3,camera8,64,0.9182444776615181
Modelo8,PKLot,camera3,camera8,128,0.9173725294801528
Modelo8,PKLot,camera3,camera8,256,0.944153795050656
Modelo8,PKLot,camera3,camera8,512,0.940873609035044
Modelo8,PKLot,camera3,camera8,1024,0.9376764657033715
Modelo8,PKLot,camera3,camera9,64,0.8542116630669546
Modelo8,PKLot,camera3,camera9,128,0.855600123418698
Modelo8,PKLot,camera3,camera9,256,0.9072817031780315
Modelo8,PKLot,camera3,camera9,512,0.8915458191916076
Modelo8,PKLot,camera3,camera9,1024,0.884912064177723
Modelo8,PKLot,camera4,camera1,64,0.7137130130448616
Modelo8,PKLot,camera4,camera1,128,0.7464842507158765
Modelo8,PKLot,camera4,camera1,256,0.8365892459433663
Modelo8,PKLot,camera4,camera1,512,0.8022908049634108
Modelo8,PKLot,camera4,camera1,1024,0.8513522112631244
Modelo8,PKLot,camera4,camera2,64,0.7533577533577533
Modelo8,PKLot,camera4,camera2,128,0.8422466422466423
Modelo8,PKLot,camera4,camera2,256,0.9145299145299145
Modelo8,PKLot,camera4,camera2,512,0.8700854700854701
Modelo8,PKLot,camera4,camera2,1024,0.9164835164835164
Modelo8,PKLot,camera4,camera3,64,0.8219828951536269
Modelo8,PKLot,camera4,camera3,128,0.8580931263858093
Modelo8,PKLot,camera4,camera3,256,0.9264069264069265
Modelo8,PKLot,camera4,camera3,512,0.8932530883750396
Modelo8,PKLot,camera4,camera3,1024,0.9435117727800655
Modelo8,PKLot,camera4,camera4,64,0.8901734104046243
Modelo8,PKLot,camera4,camera4,128,0.9032963599437588
Modelo8,PKLot,camera4,camera4,256,0.9486017809717232
Modelo8,PKLot,camera4,camera4,512,0.9339165755350727
Modelo8,PKLot,camera4,camera4,1024,0.9550070301515389
Modelo8,PKLot,camera4,camera5,64,0.8511853344850754
Modelo8,PKLot,camera4,camera5,128,0.8567040982819848
Modelo8,PKLot,camera4,camera5,256,0.9169306075439102
Modelo8,PKLot,camera4,camera5,512,0.8952874556099434
Modelo8,PKLot,camera4,camera5,1024,0.9265284576254919
Modelo8,PKLot,camera4,camera6,64,0.8537398050527153
Modelo8,PKLot,camera4,camera6,128,0.8799980107419932
Modelo8,PKLot,camera4,camera6,256,0.9306743584642928
Modelo8,PKLot,camera4,camera6,512,0.918788541873881
Modelo8,PKLot,camera4,camera6,1024,0.9465884225184006
Modelo8,PKLot,camera4,camera7,64,0.7554229421237094
Modelo8,PKLot,camera4,camera7,128,0.7949701619778347
Modelo8,PKLot,camera4,camera7,256,0.8617504973003695
Modelo8,PKLot,camera4,camera7,512,0.8321019228947618
Modelo8,PKLot,camera4,camera7,1024,0.8786587098607559
Modelo8,PKLot,camera4,camera8,64,0.8511459890383657
Modelo8,PKLot,camera4,camera8,128,0.8910064773293472
Modelo8,PKLot,camera4,camera8,256,0.9371782095997343
Modelo8,PKLot,camera4,camera8,512,0.9314897857498754
Modelo8,PKLot,camera4,camera8,1024,0.9507556884238498
Modelo8,PKLot,camera4,camera9,64,0.7455260721999383
Modelo8,PKLot,camera4,camera9,128,0.8187287874112928
Modelo8,PKLot,camera4,camera9,256,0.8837550138846035
Modelo8,PKLot,camera4,camera9,512,0.8616939216291268
Modelo8,PKLot,camera4,camera9,1024,0.9010336315951867
Modelo8,PKLot,camera5,camera1,64,0.7557111040407254
Modelo8,PKLot,camera5,camera1,128,0.7755011135857461
Modelo8,PKLot,camera5,camera1,256,0.8629335030225899
Modelo8,PKLot,camera5,camera1,512,0.7510022271714922
Modelo8,PKLot,camera5,camera1,1024,0.8623608017817372
Modelo8,PKLot,camera5,camera2,64,0.7912087912087912
Modelo8,PKLot,camera5,camera2,128,0.8415140415140415
Modelo8,PKLot,camera5,camera2,256,0.9064713064713065
Modelo8,PKLot,camera5,camera2,512,0.8356532356532357
Modelo8,PKLot,camera5,camera2,1024,0.9216117216117216
Modelo8,PKLot,camera5,camera3,64,0.858621053743005
Modelo8,PKLot,camera5,camera3,128,0.8811107591595396
Modelo8,PKLot,camera5,camera3,256,0.932530883750396
Modelo8,PKLot,camera5,camera3,512,0.8912469644176961
Modelo8,PKLot,camera5,camera3,1024,0.9315806145074438
Modelo8,PKLot,camera5,camera4,64,0.916023166023166
Modelo8,PKLot,camera5,camera4,128,0.915057915057915
Modelo8,PKLot,camera5,camera4,256,0.957347972972973
Modelo8,PKLot,camera5,camera4,512,0.9193412162162162
Modelo8,PKLot,camera5,camera4,1024,0.9598817567567568
Modelo8,PKLot,camera5,camera5,64,0.8670399648660518
Modelo8,PKLot,camera5,camera5,128,0.8728590250329381
Modelo8,PKLot,camera5,camera5,256,0.9266578831796223
Modelo8,PKLot,camera5,camera5,512,0.8792270531400966
Modelo8,PKLot,camera5,camera5,1024,0.9314888010540184
Modelo8,PKLot,camera5,camera6,64,0.8892977919236125
Modelo8,PKLot,camera5,camera6,128,0.9105828525959817
Modelo8,PKLot,camera5,camera6,256,0.949074995026855
Modelo8,PKLot,camera5,camera6,512,0.9209767256813208
Modelo8,PKLot,camera5,camera6,1024,0.9524567336383529
Modelo8,PKLot,camera5,camera7,64,0.8027375201288245
Modelo8,PKLot,camera5,camera7,128,0.8486786018755328
Modelo8,PKLot,camera5,camera7,256,0.8849578478734489
Modelo8,PKLot,camera5,camera7,512,0.8443686653405323
Modelo8,PKLot,camera5,camera7,1024,0.8914464336459221
Modelo8,PKLot,camera5,camera8,64,0.895075568842385
Modelo8,PKLot,camera5,camera8,128,0.9215661850190998
Modelo8,PKLot,camera5,camera8,256,0.9484720146155123
Modelo8,PKLot,camera5,camera8,512,0.9263411393456237
Modelo8,PKLot,camera5,camera8,1024,0.9535791396777944
Modelo8,PKLot,camera5,camera9,64,0.7629589632829373
Modelo8,PKLot,camera5,camera9,128,0.8248997223079296
Modelo8,PKLot,camera5,camera9,256,0.8798981795742055
Modelo8,PKLot,camera5,camera9,512,0.8550601666152422
Modelo8,PKLot,camera5,camera9,1024,0.8962511570502931
Modelo8,PKLot,camera6,camera1,64,0.7709831371301304
Modelo8,PKLot,camera6,camera1,128,0.7797645561565384
Modelo8,PKLot,camera6,camera1,256,0.8108813235762011
Modelo8,PKLot,camera6,camera1,512,0.744575246579701
Modelo8,PKLot,camera6,camera1,1024,0.7770283168946867
Modelo8,PKLot,camera6,camera2,64,0.8842490842490842
Modelo8,PKLot,camera6,camera2,128,0.8803418803418803
Modelo8,PKLot,camera6,camera2,256,0.8857142857142857
Modelo8,PKLot,camera6,camera2,512,0.8503052503052503
Modelo8,PKLot,camera6,camera2,1024,0.8622710622710623
Modelo8,PKLot,camera6,camera3,64,0.9072959560764439
Modelo8,PKLot,camera6,camera3,128,0.915531622848696
Modelo8,PKLot,camera6,camera3,256,0.8950480413895048
Modelo8,PKLot,camera6,camera3,512,0.8756203146447049
Modelo8,PKLot,camera6,camera3,1024,0.9048674902333439
Modelo8,PKLot,camera6,camera4,64,0.9330357142857143
Modelo8,PKLot,camera6,camera4,128,0.9245897683397684
Modelo8,PKLot,camera6,camera4,256,0.9350265444015444
Modelo8,PKLot,camera6,camera4,512,0.918617277992278
Modelo8,PKLot,camera6,camera4,1024,0.9194015444015444
Modelo8,PKLot,camera6,camera5,64,0.9158268547845283
Modelo8,PKLot,camera6,camera5,128,0.9179383818024762
Modelo8,PKLot,camera6,camera5,256,0.9238410596026491
Modelo8,PKLot,camera6,camera5,512,0.8959593051156541
Modelo8,PKLot,camera6,camera5,1024,0.9129474997600537
Modelo8,PKLot,camera6,camera6,64,0.9260498384863867
Modelo8,PKLot,camera6,camera6,128,0.9394323950161514
Modelo8,PKLot,camera6,camera6,256,0.9508537148131057
Modelo8,PKLot,camera6,camera6,512,0.9379326257498847
Modelo8,PKLot,camera6,camera6,1024,0.9507383479464697
Modelo8,PKLot,camera6,camera7,64,0.8420479302832244
Modelo8,PKLot,camera6,camera7,128,0.8521833854314673
Modelo8,PKLot,camera6,camera7,256,0.8616084114805342
Modelo8,PKLot,camera6,camera7,512,0.8242872028038268
Modelo8,PKLot,camera6,camera7,1024,0.8532253481102586
Modelo8,PKLot,camera6,camera8,64,0.9254276698222886
Modelo8,PKLot,camera6,camera8,128,0.9362232187344295
Modelo8,PKLot,camera6,camera8,256,0.9329845540607873
Modelo8,PKLot,camera6,camera8,512,0.9110197641587776
Modelo8,PKLot,camera6,camera8,1024,0.9326108619830593
Modelo8,PKLot,camera6,camera9,64,0.8503548287565567
Modelo8,PKLot,camera6,camera9,128,0.8578370873187288
Modelo8,PKLot,camera6,camera9,256,0.8631595186670781
Modelo8,PKLot,camera6,camera9,512,0.8313792039493983
Modelo8,PKLot,camera6,camera9,1024,0.8671706263498921
Modelo8,PKLot,camera7,camera1,64,0.8557429207763283
Modelo8,PKLot,camera7,camera1,128,0.7966274260260897
Modelo8,PKLot,camera7,camera1,256,0.9070314985682469
Modelo8,PKLot,camera7,camera1,512,0.9056315622017181
Modelo8,PKLot,camera7,camera1,1024,0.9079860006363347
Modelo8,PKLot,camera7,camera2,64,0.8913308913308914
Modelo8,PKLot,camera7,camera2,128,0.8632478632478633
Modelo8,PKLot,camera7,camera2,256,0.935042735042735
Modelo8,PKLot,camera7,camera2,512,0.9443223443223443
Modelo8,PKLot,camera7,camera2,1024,0.9345543345543346
Modelo8,PKLot,camera7,camera3,64,0.8703410410727483
Modelo8,PKLot,camera7,camera3,128,0.9139478407771091
Modelo8,PKLot,camera7,camera3,256,0.9443564565515785
Modelo8,PKLot,camera7,camera3,512,0.9460458240946046
Modelo8,PKLot,camera7,camera3,1024,0.9462569950374828
Modelo8,PKLot,camera7,camera4,64,0.9426278957528957
Modelo8,PKLot,camera7,camera4,128,0.9082408301158301
Modelo8,PKLot,camera7,camera4,256,0.9552364864864865
Modelo8,PKLot,camera7,camera4,512,0.9630188223938224
Modelo8,PKLot,camera7,camera4,1024,0.9646476833976834
Modelo8,PKLot,camera7,camera5,64,0.9180823495536999
Modelo8,PKLot,camera7,camera5,128,0.9019099721662348
Modelo8,PKLot,camera7,camera5,256,0.9532104808522891
Modelo8,PKLot,camera7,camera5,512,0.9597370189077646
Modelo8,PKLot,camera7,camera5,1024,0.9614646319224494
Modelo8,PKLot,camera7,camera6,64,0.9136662025064651
Modelo8,PKLot,camera7,camera6,128,0.9070519196339766
Modelo8,PKLot,camera7,camera6,256,0.9544957230952854
Modelo8,PKLot,camera7,camera6,512,0.9642430873284265
Modelo8,PKLot,camera7,camera6,1024,0.9630992639745375
Modelo8,PKLot,camera7,camera7,64,0.9232475598935226
Modelo8,PKLot,camera7,camera7,128,0.8917480035492458
Modelo8,PKLot,camera7,camera7,256,0.9426574977817214
Modelo8,PKLot,camera7,camera7,512,0.9472049689440993
Modelo8,PKLot,camera7,camera7,1024,0.9486468500443656
Modelo8,PKLot,camera7,camera8,64,0.9052482976249793
Modelo8,PKLot,camera7,camera8,128,0.9174140508221226
Modelo8,PKLot,camera7,camera8,256,0.9512124231855174
Modelo8,PKLot,camera7,camera8,512,0.9562780269058296
Modelo8,PKLot,camera7,camera8,1024,0.9555721640923435
Modelo8,PKLot,camera7,camera9,64,0.896482567108917
Modelo8,PKLot,camera7,camera9,128,0.8378586855908671
Modelo8,PKLot,camera7,camera9,256,0.9298827522369639
Modelo8,PKLot,camera7,camera9,512,0.9351280468991052
Modelo8,PKLot,camera7,camera9,1024,0.9304998457266276
Modelo8,PKLot,camera8,camera1,64,0.6864778873687559
Modelo8,PKLot,camera8,camera1,128,0.7094495704740693
Modelo8,PKLot,camera8,camera1,256,0.8285077951002228
Modelo8,PKLot,camera8,camera1,512,0.8552338530066815
Modelo8,PKLot,camera8,camera1,1024,0.7242125357938276
Modelo8,PKLot,camera8,camera2,64,0.7218559218559218
Modelo8,PKLot,camera8,camera2,128,0.819047619047619
Modelo8,PKLot,camera8,camera2,256,0.9074481074481074
Modelo8,PKLot,camera8,camera2,512,0.9242979242979243
Modelo8,PKLot,camera8,camera2,1024,0.8234432234432234
Modelo8,PKLot,camera8,camera3,64,0.7936859888079401
Modelo8,PKLot,camera8,camera3,128,0.8821666138739309
Modelo8,PKLot,camera8,camera3,256,0.9334811529933481
Modelo8,PKLot,camera8,camera3,512,0.9444620420230176
Modelo8,PKLot,camera8,camera3,1024,0.8852285925456658
Modelo8,PKLot,camera8,camera4,64,0.8783783783783784
Modelo8,PKLot,camera8,camera4,128,0.892917471042471
Modelo8,PKLot,camera8,camera4,256,0.9382239382239382
Modelo8,PKLot,camera8,camera4,512,0.9451013513513513
Modelo8,PKLot,camera8,camera4,1024,0.888030888030888
Modelo8,PKLot,camera8,camera5,64,0.8577598617909589
Modelo8,PKLot,camera8,camera5,128,0.8719646799116998
Modelo8,PKLot,camera8,camera5,256,0.9248488338612151
Modelo8,PKLot,camera8,camera5,512,0.9360783184566657
Modelo8,PKLot,camera8,camera5,1024,0.8666858623668299
Modelo8,PKLot,camera8,camera6,64,0.8662721304953253
Modelo8,PKLot,camera8,camera6,128,0.8952158344937339
Modelo8,PKLot,camera8,camera6,256,0.9438034613089318
Modelo8,PKLot,camera8,camera6,512,0.9544957230952854
Modelo8,PKLot,camera8,camera6,1024,0.9167992838671176
Modelo8,PKLot,camera8,camera7,64,0.7739888225821729
Modelo8,PKLot,camera8,camera7,128,0.8122099081178366
Modelo8,PKLot,camera8,camera7,256,0.8729752770673487
Modelo8,PKLot,camera8,camera7,512,0.8869470493511414
Modelo8,PKLot,camera8,camera7,1024,0.8405323482049825
Modelo8,PKLot,camera8,camera8,64,0.8870563271604939
Modelo8,PKLot,camera8,camera8,128,0.925829475308642
Modelo8,PKLot,camera8,camera8,256,0.9568865740740741
Modelo8,PKLot,camera8,camera8,512,0.9664351851851852
Modelo8,PKLot,camera8,camera8,1024,0.9397183641975309
Modelo8,PKLot,camera8,camera9,64,0.7459117556309781
Modelo8,PKLot,camera8,camera9,128,0.8238198087010182
Modelo8,PKLot,camera8,camera9,256,0.8896945387226165
Modelo8,PKLot,camera8,camera9,512,0.9112928108608455
Modelo8,PKLot,camera8,camera9,1024,0.8431811169392163
Modelo8,PKLot,camera9,camera1,64,0.8099268215081132
Modelo8,PKLot,camera9,camera1,128,0.8157811008590519
Modelo8,PKLot,camera9,camera1,256,0.8764874323894368
Modelo8,PKLot,camera9,camera1,512,0.8425071587655106
Modelo8,PKLot,camera9,camera1,1024,0.8593063951638562
Modelo8,PKLot,camera9,camera2,64,0.8815628815628815
Modelo8,PKLot,camera9,camera2,128,0.9081807081807082
Modelo8,PKLot,camera9,camera2,256,0.936996336996337
Modelo8,PKLot,camera9,camera2,512,0.926007326007326
Modelo8,PKLot,camera9,camera2,1024,0.9311355311355312
Modelo8,PKLot,camera9,camera3,64,0.9004329004329005
Modelo8,PKLot,camera9,camera3,128,0.9310526871502481
Modelo8,PKLot,camera9,camera3,256,0.9494245591806567
Modelo8,PKLot,camera9,camera3,512,0.9506915848379263
Modelo8,PKLot,camera9,camera3,1024,0.9501636574807306
Modelo8,PKLot,camera9,camera4,64,0.9232022200772201
Modelo8,PKLot,camera9,camera4,128,0.9290540540540541
Modelo8,PKLot,camera9,camera4,256,0.9467905405405406
Modelo8,PKLot,camera9,camera4,512,0.9381032818532818
Modelo8,PKLot,camera9,camera4,1024,0.950229247104247
Modelo8,PKLot,camera9,camera5,64,0.9120357040023035
Modelo8,PKLot,camera9,camera5,128,0.9160668010365678
Modelo8,PKLot,camera9,camera5,256,0.9315193396679143
Modelo8,PKLot,camera9,camera5,512,0.92542470486611
Modelo8,PKLot,camera9,camera5,1024,0.9239370381034648
Modelo8,PKLot,camera9,camera6,64,0.9182414959220211
Modelo8,PKLot,camera9,camera6,128,0.9371891784364432
Modelo8,PKLot,camera9,camera6,256,0.9492739208275314
Modelo8,PKLot,camera9,camera6,512,0.9494231151780386
Modelo8,PKLot,camera9,camera6,1024,0.9514123731848021
Modelo8,PKLot,camera9,camera7,64,0.8735436203466894
Modelo8,PKLot,camera9,camera7,128,0.8513782324524013
Modelo8,PKLot,camera9,camera7,256,0.8775220233020744
Modelo8,PKLot,camera9,camera7,512,0.8746803069053708
Modelo8,PKLot,camera9,camera7,1024,0.8799374822392725
Modelo8,PKLot,camera9,camera8,64,0.9321541272213918
Modelo8,PKLot,camera9,camera8,128,0.9391297126723136
Modelo8,PKLot,camera9,camera8,256,0.9488872280352101
Modelo8,PKLot,camera9,camera8,512,0.9505896030559707
Modelo8,PKLot,camera9,camera8,1024,0.9522089353927919
Modelo8,PKLot,camera9,camera9,64,0.8914526484751204
Modelo8,PKLot,camera9,camera9,128,0.8918539325842697
Modelo8,PKLot,camera9,camera9,256,0.9245585874799358
Modelo8,PKLot,camera9,camera9,512,0.9265650080256822
Modelo8,PKLot,camera9,camera9,1024,0.9367977528089888
Modelo9,CNR,PUC,PUC,64,0.9296680591115304
Modelo9,CNR,PUC,PUC,128,0.945784485469164
Modelo9,CNR,PUC,PUC,256,0.9563760499483448
Modelo9,CNR,PUC,PUC,512,0.9700130260971118
Modelo9,CNR,PUC,PUC,1024,0.9748551408166015
Modelo9,CNR,PUC,UFPR04,64,0.8022164904622885
Modelo9,CNR,PUC,UFPR04,128,0.820989578904604
Modelo9,CNR,PUC,UFPR04,256,0.8250333040446699
Modelo9,CNR,PUC,UFPR04,512,0.8596789584573378
Modelo9,CNR,PUC,UFPR04,1024,0.9040843513505853
Modelo9,CNR,PUC,UFPR05,64,0.7295533371535422
Modelo9,CNR,PUC,UFPR05,128,0.7729287933166451
Modelo9,CNR,PUC,UFPR05,256,0.846735229363332
Modelo9,CNR,PUC,UFPR05,512,0.8233193594112858
Modelo9,CNR,PUC,UFPR05,1024,0.9019694182223965
Modelo9,CNR,UFPR04,PUC,64,0.8528792639720147
Modelo9,CNR,UFPR04,PUC,128,0.833203291664997
Modelo9,CNR,UFPR04,PUC,256,0.8178269447908294
Modelo9,CNR,UFPR04,PUC,512,0.8762207612505687
Modelo9,CNR,UFPR04,PUC,1024,0.8546165578009679
Modelo9,CNR,UFPR04,UFPR04,64,0.8760306138140695
Modelo9,CNR,UFPR04,UFPR04,128,0.9230869323491488
Modelo9,CNR,UFPR04,UFPR04,256,0.9203780593113075
Modelo9,CNR,UFPR04,UFPR04,512,0.936631297538356
Modelo9,CNR,UFPR04,UFPR04,1024,0.929663934135349
Modelo9,CNR,UFPR04,UFPR05,64,0.6154416865216998
Modelo9,CNR,UFPR04,UFPR05,128,0.5983291612630817
Modelo9,CNR,UFPR04,UFPR05,256,0.6368670265705583
Modelo9,CNR,UFPR04,UFPR05,512,0.7451458213951805
Modelo9,CNR,UFPR04,UFPR05,1024,0.8299544590885786
Modelo9,CNR,UFPR05,PUC,64,0.6210648644698661
Modelo9,CNR,UFPR05,PUC,128,0.6391732650044906
Modelo9,CNR,UFPR05,PUC,256,0.7270303590328672
Modelo9,CNR,UFPR05,PUC,512,0.7938702050572458
Modelo9,CNR,UFPR05,PUC,1024,0.8088481765486548
Modelo9,CNR,UFPR05,UFPR04,64,0.5868881267537768
Modelo9,CNR,UFPR05,UFPR04,128,0.5878234743913154
Modelo9,CNR,UFPR05,UFPR04,256,0.6350065663293747
Modelo9,CNR,UFPR05,UFPR04,512,0.8509112553499051
Modelo9,CNR,UFPR05,UFPR04,1024,0.7502810766890583
Modelo9,CNR,UFPR05,UFPR05,64,0.8849635413109953
Modelo9,CNR,UFPR05,UFPR05,128,0.9092288664800103
Modelo9,CNR,UFPR05,UFPR05,256,0.9520080732664102
Modelo9,CNR,UFPR05,UFPR05,512,0.9722367652303233
Modelo9,CNR,UFPR05,UFPR05,1024,0.966189403079071
Modelo9,Kyoto,PUC,PUC,64,0.8950695473805567
Modelo9,Kyoto,PUC,PUC,128,0.9379897887376664
Modelo9,Kyoto,PUC,PUC,256,0.910901495755289
Modelo9,Kyoto,PUC,PUC,512,0.9575199508901167
Modelo9,Kyoto,PUC,PUC,1024,0.9412238542274926
Modelo9,Kyoto,PUC,UFPR04,64,0.6562172274028514
Modelo9,Kyoto,PUC,UFPR04,128,0.8347646986574455
Modelo9,Kyoto,PUC,UFPR04,256,0.8376274293056697
Modelo9,Kyoto,PUC,UFPR04,512,0.8447606360363935
Modelo9,Kyoto,PUC,UFPR04,1024,0.8563532779683115
Modelo9,Kyoto,PUC,UFPR05,64,0.6592152486654401
Modelo9,Kyoto,PUC,UFPR05,128,0.7919232741200953
Modelo9,Kyoto,PUC,UFPR05,256,0.8452332840727448
Modelo9,Kyoto,PUC,UFPR05,512,0.9016497270561269
Modelo9,Kyoto,PUC,UFPR05,1024,0.8678046867931357
Modelo9,Kyoto,PUC,camera1,64,0.15252943048043272
Modelo9,Kyoto,PUC,camera1,128,0.11835825644288896
Modelo9,Kyoto,PUC,camera1,256,0.13757556474705696
Modelo9,Kyoto,PUC,camera1,512,0.11345847916003818
Modelo9,Kyoto,PUC,camera1,1024,0.1613108495068406
Modelo9,Kyoto,PUC,camera2,64,0.19267399267399268
Modelo9,Kyoto,PUC,camera2,128,0.14603174603174604
Modelo9,Kyoto,PUC,camera2,256,0.15457875457875458
Modelo9,Kyoto,PUC,camera2,512,0.11233211233211234
Modelo9,Kyoto,PUC,camera2,1024,0.1768009768009768
Modelo9,Kyoto,PUC,camera3,64,0.19723366064829478
Modelo9,Kyoto,PUC,camera3,128,0.18783655369021224
Modelo9,Kyoto,PUC,camera3,256,0.1384225530566994
Modelo9,Kyoto,PUC,camera3,512,0.12902544609861683
Modelo9,Kyoto,PUC,camera3,1024,0.13620525815647766
Modelo9,Kyoto,PUC,camera4,64,0.1340492277992278
Modelo9,Kyoto,PUC,camera4,128,0.11667471042471042
Modelo9,Kyoto,PUC,camera4,256,0.1192084942084942
Modelo9,Kyoto,PUC,camera4,512,0.08626930501930502
Modelo9,Kyoto,PUC,camera4,1024,0.12530164092664092
Modelo9,Kyoto,PUC,camera5,64,0.15481332181591323
Modelo9,Kyoto,PUC,camera5,128,0.12765140608503694
Modelo9,Kyoto,PUC,camera5,256,0.12611575007198386
Modelo9,Kyoto,PUC,camera5,512,0.10447259813801708
Modelo9,Kyoto,PUC,camera5,1024,0.14535943948555524
Modelo9,Kyoto,PUC,camera6,64,0.15968768649293813
Modelo9,Kyoto,PUC,camera6,128,0.13198726874875671
Modelo9,Kyoto,PUC,camera6,256,0.11657051919633976
Modelo9,Kyoto,PUC,camera6,512,0.0939924408195743
Modelo9,Kyoto,PUC,camera6,1024,0.11458126118957629
Modelo9,Kyoto,PUC,camera7,64,0.20730321113952827
Modelo9,Kyoto,PUC,camera7,128,0.17438666287771148
Modelo9,Kyoto,PUC,camera7,256,0.218906886426068
Modelo9,Kyoto,PUC,camera7,512,0.17585488301600832
Modelo9,Kyoto,PUC,camera7,1024,0.2274793975561239
Modelo9,Kyoto,PUC,camera8,64,0.18476997176548746
Modelo9,Kyoto,PUC,camera8,128,0.1645075568842385
Modelo9,Kyoto,PUC,camera8,256,0.13411393456236506
Modelo9,Kyoto,PUC,camera8,512,0.11787908985218402
Modelo9,Kyoto,PUC,camera8,1024,0.12717987045341306
Modelo9,Kyoto,PUC,camera9,64,0.2473002159827214
Modelo9,Kyoto,PUC,camera9,128,0.19345880900956494
Modelo9,Kyoto,PUC,camera9,256,0.21336007405121876
Modelo9,Kyoto,PUC,camera9,512,0.16784942918852205
Modelo9,Kyoto,PUC,camera9,1024,0.21575131132366554
Modelo9,Kyoto,UFPR04,PUC,64,0.7339229603298265
Modelo9,Kyoto,UFPR04,PUC,128,0.8253135732857483
Modelo9,Kyoto,UFPR04,PUC,256,0.8997626248458948
Modelo9,Kyoto,UFPR04,PUC,512,0.9014174148973535
Modelo9,Kyoto,UFPR04,PUC,1024,0.9106436944720112
Modelo9,Kyoto,UFPR04,UFPR04,64,0.8148148148148148
Modelo9,Kyoto,UFPR04,UFPR04,128,0.8510947868980446
Modelo9,Kyoto,UFPR04,UFPR04,256,0.8770834072654577
Modelo9,Kyoto,UFPR04,UFPR04,512,0.9355548458071613
Modelo9,Kyoto,UFPR04,UFPR04,1024,0.944544992133622
Modelo9,Kyoto,UFPR04,UFPR05,64,0.588629851916639
Modelo9,Kyoto,UFPR04,UFPR05,128,0.7049371173507857
Modelo9,Kyoto,UFPR04,UFPR05,256,0.8001990529903188
Modelo9,Kyoto,UFPR04,UFPR05,512,0.8394607473535001
Modelo9,Kyoto,UFPR04,UFPR05,1024,0.8886509635974305
Modelo9,Kyoto,UFPR04,camera1,64,0.4243716194718422
Modelo9,Kyoto,UFPR04,camera1,128,0.3503022589882278
Modelo9,Kyoto,UFPR04,camera1,256,0.17887368755965638
Modelo9,Kyoto,UFPR04,camera1,512,0.19580019090041362
Modelo9,Kyoto,UFPR04,camera1,1024,0.20184537066496977
Modelo9,Kyoto,UFPR04,camera2,64,0.3711843711843712
Modelo9,Kyoto,UFPR04,camera2,128,0.34554334554334554
Modelo9,Kyoto,UFPR04,camera2,256,0.12356532356532357
Modelo9,Kyoto,UFPR04,camera2,512,0.2070818070818071
Modelo9,Kyoto,UFPR04,camera2,1024,0.1492063492063492
Modelo9,Kyoto,UFPR04,camera3,64,0.42466476612818077
Modelo9,Kyoto,UFPR04,camera3,128,0.3370288248337029
Modelo9,Kyoto,UFPR04,camera3,256,0.13430471967057334
Modelo9,Kyoto,UFPR04,camera3,512,0.17706683560342096
Modelo9,Kyoto,UFPR04,camera3,1024,0.11888924084046035
Modelo9,Kyoto,UFPR04,camera4,64,0.42410714285714285
Modelo9,Kyoto,UFPR04,camera4,128,0.3416988416988417
Modelo9,Kyoto,UFPR04,camera4,256,0.09055260617760617
Modelo9,Kyoto,UFPR04,camera4,512,0.18357866795366795
Modelo9,Kyoto,UFPR04,camera4,1024,0.14183156370656372
Modelo9,Kyoto,UFPR04,camera5,64,0.451674824839236
Modelo9,Kyoto,UFPR04,camera5,128,0.3948075631058643
Modelo9,Kyoto,UFPR04,camera5,256,0.1235243305499568
Modelo9,Kyoto,UFPR04,camera5,512,0.19646799116997793
Modelo9,Kyoto,UFPR04,camera5,1024,0.18173529129474997
Modelo9,Kyoto,UFPR04,camera6,64,0.45792719315695246
Modelo9,Kyoto,UFPR04,camera6,128,0.3730853391684901
Modelo9,Kyoto,UFPR04,camera6,256,0.10493335985677342
Modelo9,Kyoto,UFPR04,camera6,512,0.17863536900736027
Modelo9,Kyoto,UFPR04,camera6,1024,0.145315297394072
Modelo9,Kyoto,UFPR04,camera7,64,0.4946481007862082
Modelo9,Kyoto,UFPR04,camera7,128,0.37851662404092073
Modelo9,Kyoto,UFPR04,camera7,256,0.1902529127593066
Modelo9,Kyoto,UFPR04,camera7,512,0.20412996116320925
Modelo9,Kyoto,UFPR04,camera7,1024,0.23780430046414702
Modelo9,Kyoto,UFPR04,camera8,64,0.4586447433981066
Modelo9,Kyoto,UFPR04,camera8,128,0.39648729446935727
Modelo9,Kyoto,UFPR04,camera8,256,0.11854343132370038
Modelo9,Kyoto,UFPR04,camera8,512,0.21827769473509384
Modelo9,Kyoto,UFPR04,camera8,1024,0.13083374854675303
Modelo9,Kyoto,UFPR04,camera9,64,0.46505708114779387
Modelo9,Kyoto,UFPR04,camera9,128,0.40296204875038566
Modelo9,Kyoto,UFPR04,camera9,256,0.22292502314100587
Modelo9,Kyoto,UFPR04,camera9,512,0.2757636531934588
Modelo9,Kyoto,UFPR04,camera9,1024,0.2592564023449553
Modelo9,Kyoto,UFPR05,PUC,64,0.6787892217065081
Modelo9,Kyoto,UFPR05,PUC,128,0.8242080226673235
Modelo9,Kyoto,UFPR05,PUC,256,0.8514366264912557
Modelo9,Kyoto,UFPR05,PUC,512,0.8181663889039491
Modelo9,Kyoto,UFPR05,PUC,1024,0.7647180845923017
Modelo9,Kyoto,UFPR05,UFPR04,64,0.47573292518163696
Modelo9,Kyoto,UFPR05,UFPR04,128,0.6543181882599699
Modelo9,Kyoto,UFPR05,UFPR04,256,0.8351237209829654
Modelo9,Kyoto,UFPR05,UFPR04,512,0.7330952448437781
Modelo9,Kyoto,UFPR05,UFPR04,1024,0.7329251816369529
Modelo9,Kyoto,UFPR05,UFPR05,64,0.8596131812766991
Modelo9,Kyoto,UFPR05,UFPR05,128,0.9569021116447762
Modelo9,Kyoto,UFPR05,UFPR05,256,0.9444735304606466
Modelo9,Kyoto,UFPR05,UFPR05,512,0.9644670050761421
Modelo9,Kyoto,UFPR05,UFPR05,1024,0.9391014697290447
Modelo9,Kyoto,UFPR05,camera1,64,0.33394845688832325
Modelo9,Kyoto,UFPR05,camera1,128,0.22163538020999046
Modelo9,Kyoto,UFPR05,camera1,256,0.2977410117721922
Modelo9,Kyoto,UFPR05,camera1,512,0.2779510022271715
Modelo9,Kyoto,UFPR05,camera1,1024,0.36601972637607383
Modelo9,Kyoto,UFPR05,camera2,64,0.4598290598290598
Modelo9,Kyoto,UFPR05,camera2,128,0.3125763125763126
Modelo9,Kyoto,UFPR05,camera2,256,0.3172161172161172
Modelo9,Kyoto,UFPR05,camera2,512,0.25616605616605614
Modelo9,Kyoto,UFPR05,camera2,1024,0.3299145299145299
Modelo9,Kyoto,UFPR05,camera3,64,0.3935170520536374
Modelo9,Kyoto,UFPR05,camera3,128,0.21782282757892513
Modelo9,Kyoto,UFPR05,camera3,256,0.23186569528032944
Modelo9,Kyoto,UFPR05,camera3,512,0.20272410516312955
Modelo9,Kyoto,UFPR05,camera3,1024,0.26744799915531625
Modelo9,Kyoto,UFPR05,camera4,64,0.3970801158301158
Modelo9,Kyoto,UFPR05,camera4,128,0.24812982625482624
Modelo9,Kyoto,UFPR05,camera4,256,0.2810086872586873
Modelo9,Kyoto,UFPR05,camera4,512,0.22598938223938225
Modelo9,Kyoto,UFPR05,camera4,1024,0.3042350386100386
Modelo9,Kyoto,UFPR05,camera5,64,0.4105960264900662
Modelo9,Kyoto,UFPR05,camera5,128,0.28553603992705634
Modelo9,Kyoto,UFPR05,camera5,256,0.32560706401766004
Modelo9,Kyoto,UFPR05,camera5,512,0.2763221038487379
Modelo9,Kyoto,UFPR05,camera5,1024,0.36011133506094634
Modelo9,Kyoto,UFPR05,camera6,64,0.36080167097672566
Modelo9,Kyoto,UFPR05,camera6,128,0.22538293216630198
Modelo9,Kyoto,UFPR05,camera6,256,0.24497712353292223
Modelo9,Kyoto,UFPR05,camera6,512,0.1982792918241496
Modelo9,Kyoto,UFPR05,camera6,1024,0.27307539287845634
Modelo9,Kyoto,UFPR05,camera7,64,0.37671687032300843
Modelo9,Kyoto,UFPR05,camera7,128,0.3311546840958606
Modelo9,Kyoto,UFPR05,camera7,256,0.35734583688547883
Modelo9,Kyoto,UFPR05,camera7,512,0.3107890499194847
Modelo9,Kyoto,UFPR05,camera7,1024,0.3893151463483944
Modelo9,Kyoto,UFPR05,camera8,64,0.352557714665338
Modelo9,Kyoto,UFPR05,camera8,128,0.22068593256934063
Modelo9,Kyoto,UFPR05,camera8,256,0.23135691745557216
Modelo9,Kyoto,UFPR05,camera8,512,0.1964789902009633
Modelo9,Kyoto,UFPR05,camera8,1024,0.2576814482644079
Modelo9,Kyoto,UFPR05,camera9,64,0.4115242209194693
Modelo9,Kyoto,UFPR05,camera9,128,0.3532088861462512
Modelo9,Kyoto,UFPR05,camera9,256,0.38005245294662143
Modelo9,Kyoto,UFPR05,camera9,512,0.32752236963900033
Modelo9,Kyoto,UFPR05,camera9,1024,0.398488120950324
Modelo9,Kyoto,camera1,PUC,64,0.3865019105517617
Modelo9,Kyoto,camera1,PUC,128,0.3096508204411359
Modelo9,Kyoto,camera1,PUC,256,0.305233332469008
Modelo9,Kyoto,camera1,PUC,512,0.25133950775889097
Modelo9,Kyoto,camera1,PUC,1024,0.1303960417044809
Modelo9,Kyoto,camera1,UFPR04,64,0.5954668707425148
Modelo9,Kyoto,camera1,UFPR04,128,0.5861795300586718
Modelo9,Kyoto,camera1,UFPR04,256,0.5900531919919125
Modelo9,Kyoto,camera1,UFPR04,512,0.555539808962331
Modelo9,Kyoto,camera1,UFPR04,1024,0.37274075753710684
Modelo9,Kyoto,camera1,UFPR05,64,0.343058780951232
Modelo9,Kyoto,camera1,UFPR05,128,0.30929818741140636
Modelo9,Kyoto,camera1,UFPR05,256,0.26922218536055736
Modelo9,Kyoto,camera1,UFPR05,512,0.2388093012033658
Modelo9,Kyoto,camera1,UFPR05,1024,0.2106161594836686
Modelo9,Kyoto,camera1,camera1,64,0.8525185796862097
Modelo9,Kyoto,camera1,camera1,128,0.8848885218827416
Modelo9,Kyoto,camera1,camera1,256,0.8477291494632535
Modelo9,Kyoto,camera1,camera1,512,0.8695293146160198
Modelo9,Kyoto,camera1,camera1,1024,0.9195706028075971
Modelo9,Kyoto,camera1,camera2,64,0.8744810744810745
Modelo9,Kyoto,camera1,camera2,128,0.8857142857142857
Modelo9,Kyoto,camera1,camera2,256,0.8803418803418803
Modelo9,Kyoto,camera1,camera2,512,0.8874236874236874
Modelo9,Kyoto,camera1,camera2,1024,0.9177045177045177
Modelo9,Kyoto,camera1,camera3,64,0.8539752929996832
Modelo9,Kyoto,camera1,camera3,128,0.875725900116144
Modelo9,Kyoto,camera1,camera3,256,0.8802660753880266
Modelo9,Kyoto,camera1,camera3,512,0.8926195755464048
Modelo9,Kyoto,camera1,camera3,1024,0.9170098194488439
Modelo9,Kyoto,camera1,camera4,64,0.8604609073359073
Modelo9,Kyoto,camera1,camera4,128,0.9010617760617761
Modelo9,Kyoto,camera1,camera4,256,0.8730694980694981
Modelo9,Kyoto,camera1,camera4,512,0.8868846525096525
Modelo9,Kyoto,camera1,camera4,1024,0.9227195945945946
Modelo9,Kyoto,camera1,camera5,64,0.8226317304923697
Modelo9,Kyoto,camera1,camera5,128,0.8495057107207985
Modelo9,Kyoto,camera1,camera5,256,0.8285823975429504
Modelo9,Kyoto,camera1,camera5,512,0.8486419042134562
Modelo9,Kyoto,camera1,camera5,1024,0.8904405413187446
Modelo9,Kyoto,camera1,camera6,64,0.8370797692460712
Modelo9,Kyoto,camera1,camera6,128,0.8683608514024269
Modelo9,Kyoto,camera1,camera6,256,0.8600556992241893
Modelo9,Kyoto,camera1,camera6,512,0.8742788939725482
Modelo9,Kyoto,camera1,camera6,1024,0.9068032623831311
Modelo9,Kyoto,camera1,camera7,64,0.7603485838779956
Modelo9,Kyoto,camera1,camera7,128,0.7761674718196457
Modelo9,Kyoto,camera1,camera7,256,0.7522023302074453
Modelo9,Kyoto,camera1,camera7,512,0.7660320166714029
Modelo9,Kyoto,camera1,camera7,1024,0.8059107701051436
Modelo9,Kyoto,camera1,camera8,64,0.8420112938050158
Modelo9,Kyoto,camera1,camera8,128,0.8608619830592925
Modelo9,Kyoto,camera1,camera8,256,0.8631871782095998
Modelo9,Kyoto,camera1,camera8,512,0.8783009466865969
Modelo9,Kyoto,camera1,camera8,1024,0.9029646238166418
Modelo9,Kyoto,camera1,camera9,64,0.8082381980870101
Modelo9,Kyoto,camera1,camera9,128,0.8192687442147485
Modelo9,Kyoto,camera1,camera9,256,0.8103208886146251
Modelo9,Kyoto,camera1,camera9,512,0.8148719531008948
Modelo9,Kyoto,camera1,camera9,1024,0.8463437210737427
Modelo9,Kyoto,camera2,PUC,64,0.48909889374220633
Modelo9,Kyoto,camera2,PUC,128,0.3960699914903247
Modelo9,Kyoto,camera2,PUC,256,0.15501045440723393
Modelo9,Kyoto,camera2,PUC,512,0.13697041414539052
Modelo9,Kyoto,camera2,PUC,1024,0.13741357729307463
Modelo9,Kyoto,camera2,UFPR04,64,0.6076452859423863
Modelo9,Kyoto,camera2,UFPR04,128,0.5884942792626815
Modelo9,Kyoto,camera2,UFPR04,256,0.45127216726661185
Modelo9,Kyoto,camera2,UFPR04,512,0.3759341666430468
Modelo9,Kyoto,camera2,UFPR04,1024,0.39995087062913937
Modelo9,Kyoto,camera2,UFPR05,64,0.4240431884669904
Modelo9,Kyoto,camera2,UFPR05,128,0.3462918840667129
Modelo9,Kyoto,camera2,UFPR05,256,0.33558524595108125
Modelo9,Kyoto,camera2,UFPR05,512,0.3480954247971771
Modelo9,Kyoto,camera2,UFPR05,1024,0.2384956419458938
Modelo9,Kyoto,camera2,camera1,64,0.7706649697741011
Modelo9,Kyoto,camera2,camera1,128,0.8509067769646834
Modelo9,Kyoto,camera2,camera1,256,0.7854279350938593
Modelo9,Kyoto,camera2,camera1,512,0.7674196627426026
Modelo9,Kyoto,camera2,camera1,1024,0.8178173719376391
Modelo9,Kyoto,camera2,camera2,64,0.8968253968253969
Modelo9,Kyoto,camera2,camera2,128,0.9603174603174603
Modelo9,Kyoto,camera2,camera2,256,0.9433106575963719
Modelo9,Kyoto,camera2,camera2,512,0.937641723356009
Modelo9,Kyoto,camera2,camera2,1024,0.9682539682539683
Modelo9,Kyoto,camera2,camera3,64,0.8095238095238095
Modelo9,Kyoto,camera2,camera3,128,0.8715024812585788
Modelo9,Kyoto,camera2,camera3,256,0.8723471650300919
Modelo9,Kyoto,camera2,camera3,512,0.8588322246858833
Modelo9,Kyoto,camera2,camera3,1024,0.9084573962622743
Modelo9,Kyoto,camera2,camera4,64,0.7895752895752896
Modelo9,Kyoto,camera2,camera4,128,0.8724662162162162
Modelo9,Kyoto,camera2,camera4,256,0.8445945945945946
Modelo9,Kyoto,camera2,camera4,512,0.8366916023166023
Modelo9,Kyoto,camera2,camera4,1024,0.8869449806949807
Modelo9,Kyoto,camera2,camera5,64,0.7513676936366254
Modelo9,Kyoto,camera2,camera5,128,0.8221038487378827
Modelo9,Kyoto,camera2,camera5,256,0.784144351665227
Modelo9,Kyoto,camera2,camera5,512,0.7803052116325943
Modelo9,Kyoto,camera2,camera5,1024,0.842979172665323
Modelo9,Kyoto,camera2,camera6,64,0.7636264173463299
Modelo9,Kyoto,camera2,camera6,128,0.8503083349910483
Modelo9,Kyoto,camera2,camera6,256,0.8339964193355879
Modelo9,Kyoto,camera2,camera6,512,0.8247463696041376
Modelo9,Kyoto,camera2,camera6,1024,0.8755221802267754
Modelo9,Kyoto,camera2,camera7,64,0.7216065170029364
Modelo9,Kyoto,camera2,camera7,128,0.7713839158851946
Modelo9,Kyoto,camera2,camera7,256,0.7153073789902434
Modelo9,Kyoto,camera2,camera7,512,0.7064980581604623
Modelo9,Kyoto,camera2,camera7,1024,0.7473714123330492
Modelo9,Kyoto,camera2,camera8,64,0.7862066101976416
Modelo9,Kyoto,camera2,camera8,128,0.8583707025411061
Modelo9,Kyoto,camera2,camera8,256,0.8510214250124564
Modelo9,Kyoto,camera2,camera8,512,0.8460803853180535
Modelo9,Kyoto,camera2,camera8,1024,0.882660687593423
Modelo9,Kyoto,camera2,camera9,64,0.7794662141314409
Modelo9,Kyoto,camera2,camera9,128,0.8070811477938907
Modelo9,Kyoto,camera2,camera9,256,0.7542425177414378
Modelo9,Kyoto,camera2,camera9,512,0.7458346189447701
Modelo9,Kyoto,camera2,camera9,1024,0.7883369330453563
Modelo9,Kyoto,camera3,PUC,64,0.3639335915308694
Modelo9,Kyoto,camera3,PUC,128,0.1629308170466948
Modelo9,Kyoto,camera3,PUC,256,0.17068617213116685
Modelo9,Kyoto,camera3,PUC,512,0.12964407870388922
Modelo9,Kyoto,camera3,PUC,1024,0.11589187762096821
Modelo9,Kyoto,camera3,UFPR04,64,0.5625407443099686
Modelo9,Kyoto,camera3,UFPR04,128,0.30140869022986877
Modelo9,Kyoto,camera3,UFPR04,256,0.23068129210245364
Modelo9,Kyoto,camera3,UFPR04,512,0.25507591432593557
Modelo9,Kyoto,camera3,UFPR04,1024,0.22685486994888657
Modelo9,Kyoto,camera3,UFPR05,64,0.26572367825798476
Modelo9,Kyoto,camera3,UFPR05,128,0.19455921826461983
Modelo9,Kyoto,camera3,UFPR05,256,0.17748891636758451
Modelo9,Kyoto,camera3,UFPR05,512,0.28833730433995836
Modelo9,Kyoto,camera3,UFPR05,1024,0.2308833730433996
Modelo9,Kyoto,camera3,camera1,64,0.8474069360483615
Modelo9,Kyoto,camera3,camera1,128,0.8384982500795418
Modelo9,Kyoto,camera3,camera1,256,0.8
Modelo9,Kyoto,camera3,camera1,512,0.737957365574292
Modelo9,Kyoto,camera3,camera1,1024,0.804327076041998
Modelo9,Kyoto,camera3,camera2,64,0.8456654456654457
Modelo9,Kyoto,camera3,camera2,128,0.8654456654456655
Modelo9,Kyoto,camera3,camera2,256,0.8644688644688645
Modelo9,Kyoto,camera3,camera2,512,0.818070818070818
Modelo9,Kyoto,camera3,camera2,1024,0.8932844932844933
Modelo9,Kyoto,camera3,camera3,64,0.8789554531490016
Modelo9,Kyoto,camera3,camera3,128,0.9139784946236559
Modelo9,Kyoto,camera3,camera3,256,0.9032258064516129
Modelo9,Kyoto,camera3,camera3,512,0.8599078341013825
Modelo9,Kyoto,camera3,camera3,1024,0.9308755760368663
Modelo9,Kyoto,camera3,camera4,64,0.8363296332046332
Modelo9,Kyoto,camera3,camera4,128,0.850265444015444
Modelo9,Kyoto,camera3,camera4,256,0.8439913127413128
Modelo9,Kyoto,camera3,camera4,512,0.7948238416988417
Modelo9,Kyoto,camera3,camera4,1024,0.8816361003861004
Modelo9,Kyoto,camera3,camera5,64,0.8136577406660908
Modelo9,Kyoto,camera3,camera5,128,0.8042998368365486
Modelo9,Kyoto,camera3,camera5,256,0.8000767828006526
Modelo9,Kyoto,camera3,camera5,512,0.7343794989922258
Modelo9,Kyoto,camera3,camera5,1024,0.8244073327574624
Modelo9,Kyoto,camera3,camera6,64,0.8372289635965785
Modelo9,Kyoto,camera3,camera6,128,0.8481698826337776
Modelo9,Kyoto,camera3,camera6,256,0.8533419534513627
Modelo9,Kyoto,camera3,camera6,512,0.7974438034613089
Modelo9,Kyoto,camera3,camera6,1024,0.8654266958424508
Modelo9,Kyoto,camera3,camera7,64,0.7558018376432699
Modelo9,Kyoto,camera3,camera7,128,0.7339679833285971
Modelo9,Kyoto,camera3,camera7,256,0.7191436961257933
Modelo9,Kyoto,camera3,camera7,512,0.6651984465283698
Modelo9,Kyoto,camera3,camera7,1024,0.722032774462442
Modelo9,Kyoto,camera3,camera8,64,0.8411393456236506
Modelo9,Kyoto,camera3,camera8,128,0.8562946354426175
Modelo9,Kyoto,camera3,camera8,256,0.8636439129712672
Modelo9,Kyoto,camera3,camera8,512,0.8227038697890716
Modelo9,Kyoto,camera3,camera8,1024,0.8802109284172065
Modelo9,Kyoto,camera3,camera9,64,0.7851743289108299
Modelo9,Kyoto,camera3,camera9,128,0.7789262573279851
Modelo9,Kyoto,camera3,camera9,256,0.7667386609071274
Modelo9,Kyoto,camera3,camera9,512,0.7078062326442456
Modelo9,Kyoto,camera3,camera9,1024,0.796976241900648
Modelo9,Kyoto,camera4,PUC,64,0.21081600950443516
Modelo9,Kyoto,camera4,PUC,128,0.1431794127145393
Modelo9,Kyoto,camera4,PUC,256,0.11038298253512893
Modelo9,Kyoto,camera4,PUC,512,0.14400209323869756
Modelo9,Kyoto,camera4,PUC,1024,0.09473555182062264
Modelo9,Kyoto,camera4,UFPR04,64,0.3459935942858762
Modelo9,Kyoto,camera4,UFPR04,128,0.27229009003902005
Modelo9,Kyoto,camera4,UFPR04,256,0.26155721209716276
Modelo9,Kyoto,camera4,UFPR04,512,0.39650236671296163
Modelo9,Kyoto,camera4,UFPR04,1024,0.2115302854227488
Modelo9,Kyoto,camera4,UFPR05,64,0.47460264800796215
Modelo9,Kyoto,camera4,UFPR05,128,0.4075519498145188
Modelo9,Kyoto,camera4,UFPR05,256,0.33637542600355885
Modelo9,Kyoto,camera4,UFPR05,512,0.2776487619507193
Modelo9,Kyoto,camera4,UFPR05,1024,0.16768706457158367
Modelo9,Kyoto,camera4,camera1,64,0.7713649379573656
Modelo9,Kyoto,camera4,camera1,128,0.8139993636652879
Modelo9,Kyoto,camera4,camera1,256,0.7923639834552975
Modelo9,Kyoto,camera4,camera1,512,0.7840279987273305
Modelo9,Kyoto,camera4,camera1,1024,0.8038180082723513
Modelo9,Kyoto,camera4,camera2,64,0.833943833943834
Modelo9,Kyoto,camera4,camera2,128,0.8564102564102564
Modelo9,Kyoto,camera4,camera2,256,0.8708180708180708
Modelo9,Kyoto,camera4,camera2,512,0.8483516483516483
Modelo9,Kyoto,camera4,camera2,1024,0.8761904761904762
Modelo9,Kyoto,camera4,camera3,64,0.8435223313272093
Modelo9,Kyoto,camera4,camera3,128,0.8669623059866962
Modelo9,Kyoto,camera4,camera3,256,0.8711857248442614
Modelo9,Kyoto,camera4,camera3,512,0.8559814169570267
Modelo9,Kyoto,camera4,camera3,1024,0.8766761693590962
Modelo9,Kyoto,camera4,camera4,64,0.8639275113263553
Modelo9,Kyoto,camera4,camera4,128,0.8823621309170442
Modelo9,Kyoto,camera4,camera4,256,0.8837681612248086
Modelo9,Kyoto,camera4,camera4,512,0.8523668176847368
Modelo9,Kyoto,camera4,camera4,1024,0.8856428683018278
Modelo9,Kyoto,camera4,camera5,64,0.8148094826758806
Modelo9,Kyoto,camera4,camera5,128,0.8260869565217391
Modelo9,Kyoto,camera4,camera5,256,0.8184086764564737
Modelo9,Kyoto,camera4,camera5,512,0.7910068144735579
Modelo9,Kyoto,camera4,camera5,1024,0.831365774066609
Modelo9,Kyoto,camera4,camera6,64,0.8293713944698627
Modelo9,Kyoto,camera4,camera6,128,0.8544360453550826
Modelo9,Kyoto,camera4,camera6,256,0.8586632186194549
Modelo9,Kyoto,camera4,camera6,512,0.8386214442013129
Modelo9,Kyoto,camera4,camera6,1024,0.8765168092301572
Modelo9,Kyoto,camera4,camera7,64,0.7112342521549683
Modelo9,Kyoto,camera4,camera7,128,0.7266268826371128
Modelo9,Kyoto,camera4,camera7,256,0.7159704461494742
Modelo9,Kyoto,camera4,camera7,512,0.722837927441508
Modelo9,Kyoto,camera4,camera7,1024,0.7344889646679928
Modelo9,Kyoto,camera4,camera8,64,0.817887394120578
Modelo9,Kyoto,camera4,camera8,128,0.8485716658362398
Modelo9,Kyoto,camera4,camera8,256,0.8628965288158114
Modelo9,Kyoto,camera4,camera8,512,0.8572081049659525
Modelo9,Kyoto,camera4,camera8,1024,0.8822454741737253
Modelo9,Kyoto,camera4,camera9,64,0.7280160444307312
Modelo9,Kyoto,camera4,camera9,128,0.7667386609071274
Modelo9,Kyoto,camera4,camera9,256,0.7695155816106141
Modelo9,Kyoto,camera4,camera9,512,0.7855600123418698
Modelo9,Kyoto,camera4,camera9,1024,0.8073896945387227
Modelo9,Kyoto,camera5,PUC,64,0.18264686261706697
Modelo9,Kyoto,camera5,PUC,128,0.18035561485350865
Modelo9,Kyoto,camera5,PUC,256,0.09127275041664408
Modelo9,Kyoto,camera5,PUC,512,0.06508605143992664
Modelo9,Kyoto,camera5,PUC,1024,0.09912475278332386
Modelo9,Kyoto,camera5,UFPR04,64,0.3265591489281294
Modelo9,Kyoto,camera5,UFPR04,128,0.475836852696919
Modelo9,Kyoto,camera5,UFPR04,256,0.22558884385363226
Modelo9,Kyoto,camera5,UFPR04,512,0.19348468958740778
Modelo9,Kyoto,camera5,UFPR04,1024,0.24794270759521178
Modelo9,Kyoto,camera5,UFPR05,64,0.4862201043520222
Modelo9,Kyoto,camera5,UFPR05,128,0.4041499532527068
Modelo9,Kyoto,camera5,UFPR05,256,0.20763639653768434
Modelo9,Kyoto,camera5,UFPR05,512,0.18823777784479898
Modelo9,Kyoto,camera5,UFPR05,1024,0.21763730132400397
Modelo9,Kyoto,camera5,camera1,64,0.7762010817690105
Modelo9,Kyoto,camera5,camera1,128,0.8403436207445116
Modelo9,Kyoto,camera5,camera1,256,0.8477251034043907
Modelo9,Kyoto,camera5,camera1,512,0.8425071587655106
Modelo9,Kyoto,camera5,camera1,1024,0.8383073496659242
Modelo9,Kyoto,camera5,camera2,64,0.7987789987789988
Modelo9,Kyoto,camera5,camera2,128,0.8771672771672772
Modelo9,Kyoto,camera5,camera2,256,0.8930402930402931
Modelo9,Kyoto,camera5,camera2,512,0.8964590964590965
Modelo9,Kyoto,camera5,camera2,1024,0.8981684981684982
Modelo9,Kyoto,camera5,camera3,64,0.8448949424559181
Modelo9,Kyoto,camera5,camera3,128,0.8852285925456658
Modelo9,Kyoto,camera5,camera3,256,0.9029669517474396
Modelo9,Kyoto,camera5,camera3,512,0.9119417168197655
Modelo9,Kyoto,camera5,camera3,1024,0.9136310843627917
Modelo9,Kyoto,camera5,camera4,64,0.8755429536679536
Modelo9,Kyoto,camera5,camera4,128,0.9028716216216216
Modelo9,Kyoto,camera5,camera4,256,0.9168074324324325
Modelo9,Kyoto,camera5,camera4,512,0.9188585907335908
Modelo9,Kyoto,camera5,camera4,1024,0.9194618725868726
Modelo9,Kyoto,camera5,camera5,64,0.8201581027667985
Modelo9,Kyoto,camera5,camera5,128,0.8596837944664032
Modelo9,Kyoto,camera5,camera5,256,0.867808519982433
Modelo9,Kyoto,camera5,camera5,512,0.8663812033377251
Modelo9,Kyoto,camera5,camera5,1024,0.8693456302151954
Modelo9,Kyoto,camera5,camera6,64,0.8328525959816988
Modelo9,Kyoto,camera5,camera6,128,0.8778595583847225
Modelo9,Kyoto,camera5,camera6,256,0.9063556793316093
Modelo9,Kyoto,camera5,camera6,512,0.9038691068231549
Modelo9,Kyoto,camera5,camera6,1024,0.9054107817783966
Modelo9,Kyoto,camera5,camera7,64,0.7068769536800227
Modelo9,Kyoto,camera5,camera7,128,0.7628114047551388
Modelo9,Kyoto,camera5,camera7,256,0.7744150800416785
Modelo9,Kyoto,camera5,camera7,512,0.7759306621199205
Modelo9,Kyoto,camera5,camera7,1024,0.7861134792081084
Modelo9,Kyoto,camera5,camera8,64,0.8139013452914798
Modelo9,Kyoto,camera5,camera8,128,0.8736505563859824
Modelo9,Kyoto,camera5,camera8,256,0.900182693904667
Modelo9,Kyoto,camera5,camera8,512,0.905829596412556
Modelo9,Kyoto,camera5,camera8,1024,0.9069091513037701
Modelo9,Kyoto,camera5,camera9,64,0.7118173403270596
Modelo9,Kyoto,camera5,camera9,128,0.783091638383215
Modelo9,Kyoto,camera5,camera9,256,0.814331996297439
Modelo9,Kyoto,camera5,camera9,512,0.8236655353286023
Modelo9,Kyoto,camera5,camera9,1024,0.8291422400493674
Modelo9,Kyoto,camera6,PUC,64,0.27113569985597197
Modelo9,Kyoto,camera6,PUC,128,0.24032407483799795
Modelo9,Kyoto,camera6,PUC,256,0.12389945853949456
Modelo9,Kyoto,camera6,PUC,512,0.10597728081692884
Modelo9,Kyoto,camera6,PUC,1024,0.11962812011607103
Modelo9,Kyoto,camera6,UFPR04,64,0.5317687518305415
Modelo9,Kyoto,camera6,UFPR04,128,0.5067222206475629
Modelo9,Kyoto,camera6,UFPR04,256,0.2949746322383152
Modelo9,Kyoto,camera6,UFPR04,512,0.20559696909573613
Modelo9,Kyoto,camera6,UFPR04,1024,0.30652948234649435
Modelo9,Kyoto,camera6,UFPR05,64,0.37230750671049856
Modelo9,Kyoto,camera6,UFPR05,128,0.37880990439424556
Modelo9,Kyoto,camera6,UFPR05,256,0.2859908918177157
Modelo9,Kyoto,camera6,UFPR05,512,0.29771089061133393
Modelo9,Kyoto,camera6,UFPR05,1024,0.2554091142141931
Modelo9,Kyoto,camera6,camera1,64,0.8783964365256125
Modelo9,Kyoto,camera6,camera1,128,0.8335984727966911
Modelo9,Kyoto,camera6,camera1,256,0.8107540566337894
Modelo9,Kyoto,camera6,camera1,512,0.7680559974546611
Modelo9,Kyoto,camera6,camera1,1024,0.8078269169583201
Modelo9,Kyoto,camera6,camera2,64,0.8754578754578755
Modelo9,Kyoto,camera6,camera2,128,0.8654456654456655
Modelo9,Kyoto,camera6,camera2,256,0.872039072039072
Modelo9,Kyoto,camera6,camera2,512,0.8544566544566544
Modelo9,Kyoto,camera6,camera2,1024,0.8864468864468864
Modelo9,Kyoto,camera6,camera3,64,0.8561925878999049
Modelo9,Kyoto,camera6,camera3,128,0.8808995882166614
Modelo9,Kyoto,camera6,camera3,256,0.8817442719881744
Modelo9,Kyoto,camera6,camera3,512,0.8650617675007919
Modelo9,Kyoto,camera6,camera3,1024,0.8936754302607961
Modelo9,Kyoto,camera6,camera4,64,0.9066119691119691
Modelo9,Kyoto,camera6,camera4,128,0.8760859073359073
Modelo9,Kyoto,camera6,camera4,256,0.8949686293436293
Modelo9,Kyoto,camera6,camera4,512,0.8769908301158301
Modelo9,Kyoto,camera6,camera4,1024,0.9106539575289575
Modelo9,Kyoto,camera6,camera5,64,0.8913043478260869
Modelo9,Kyoto,camera6,camera5,128,0.8567040982819848
Modelo9,Kyoto,camera6,camera5,256,0.8775794222094251
Modelo9,Kyoto,camera6,camera5,512,0.8511373452346674
Modelo9,Kyoto,camera6,camera5,1024,0.8871292830405989
Modelo9,Kyoto,camera6,camera6,64,0.8835948315643747
Modelo9,Kyoto,camera6,camera6,128,0.8792108906322105
Modelo9,Kyoto,camera6,camera6,256,0.8921319796954315
Modelo9,Kyoto,camera6,camera6,512,0.8786340562990309
Modelo9,Kyoto,camera6,camera6,1024,0.9063221042916474
Modelo9,Kyoto,camera6,camera7,64,0.824429288623662
Modelo9,Kyoto,camera6,camera7,128,0.777114710618547
Modelo9,Kyoto,camera6,camera7,256,0.7541915316851379
Modelo9,Kyoto,camera6,camera7,512,0.7356256512266742
Modelo9,Kyoto,camera6,camera7,1024,0.7809983896940419
Modelo9,Kyoto,camera6,camera8,64,0.8584952665670155
Modelo9,Kyoto,camera6,camera8,128,0.8700797209765819
Modelo9,Kyoto,camera6,camera8,256,0.8844876266400931
Modelo9,Kyoto,camera6,camera8,512,0.8748961966450756
Modelo9,Kyoto,camera6,camera8,1024,0.9037950506560372
Modelo9,Kyoto,camera6,camera9,64,0.8176488738043813
Modelo9,Kyoto,camera6,camera9,128,0.7997531626041345
Modelo9,Kyoto,camera6,camera9,256,0.8062326442456033
Modelo9,Kyoto,camera6,camera9,512,0.7813946312866399
Modelo9,Kyoto,camera6,camera9,1024,0.8303764270286949
Modelo9,Kyoto,camera7,PUC,64,0.3432722883954901
Modelo9,Kyoto,camera7,PUC,128,0.268879810854197
Modelo9,Kyoto,camera7,PUC,256,0.18273408089613247
Modelo9,Kyoto,camera7,PUC,512,0.12589604995485865
Modelo9,Kyoto,camera7,PUC,1024,0.15330616208927852
Modelo9,Kyoto,camera7,UFPR04,64,0.5814272082235008
Modelo9,Kyoto,camera7,UFPR04,128,0.5355573821603696
Modelo9,Kyoto,camera7,UFPR04,256,0.33269087232977146
Modelo9,Kyoto,camera7,UFPR04,512,0.1746643613654186
Modelo9,Kyoto,camera7,UFPR04,1024,0.21795489545836758
Modelo9,Kyoto,camera7,UFPR05,64,0.4398045661549597
Modelo9,Kyoto,camera7,UFPR05,128,0.2911723014748017
Modelo9,Kyoto,camera7,UFPR05,256,0.25212775582833186
Modelo9,Kyoto,camera7,UFPR05,512,0.2538649455620231
Modelo9,Kyoto,camera7,UFPR05,1024,0.22605181409657085
Modelo9,Kyoto,camera7,camera1,64,0.8269169583200764
Modelo9,Kyoto,camera7,camera1,128,0.8721603563474387
Modelo9,Kyoto,camera7,camera1,256,0.8996500159083678
Modelo9,Kyoto,camera7,camera1,512,0.8473433025771556
Modelo9,Kyoto,camera7,camera1,1024,0.8976773783009864
Modelo9,Kyoto,camera7,camera2,64,0.8283272283272284
Modelo9,Kyoto,camera7,camera2,128,0.8620268620268621
Modelo9,Kyoto,camera7,camera2,256,0.9054945054945055
Modelo9,Kyoto,camera7,camera2,512,0.8844932844932845
Modelo9,Kyoto,camera7,camera2,1024,0.9196581196581196
Modelo9,Kyoto,camera7,camera3,64,0.8081511983951009
Modelo9,Kyoto,camera7,camera3,128,0.8803716608594657
Modelo9,Kyoto,camera7,camera3,256,0.9113082039911308
Modelo9,Kyoto,camera7,camera3,512,0.9019110970330483
Modelo9,Kyoto,camera7,camera3,1024,0.9232393622637525
Modelo9,Kyoto,camera7,camera4,64,0.8293315637065637
Modelo9,Kyoto,camera7,camera4,128,0.8810328185328186
Modelo9,Kyoto,camera7,camera4,256,0.9248914092664092
Modelo9,Kyoto,camera7,camera4,512,0.8921935328185329
Modelo9,Kyoto,camera7,camera4,1024,0.936534749034749
Modelo9,Kyoto,camera7,camera5,64,0.8154333429311834
Modelo9,Kyoto,camera7,camera5,128,0.8631346578366446
Modelo9,Kyoto,camera7,camera5,256,0.9110279297437374
Modelo9,Kyoto,camera7,camera5,512,0.8708609271523179
Modelo9,Kyoto,camera7,camera5,1024,0.9320472214224014
Modelo9,Kyoto,camera7,camera6,64,0.800925004973145
Modelo9,Kyoto,camera7,camera6,128,0.8686592401034414
Modelo9,Kyoto,camera7,camera6,256,0.9108315098468271
Modelo9,Kyoto,camera7,camera6,512,0.885567933160931
Modelo9,Kyoto,camera7,camera6,1024,0.9257012134473841
Modelo9,Kyoto,camera7,camera7,64,0.7823868677905945
Modelo9,Kyoto,camera7,camera7,128,0.8084516415261757
Modelo9,Kyoto,camera7,camera7,256,0.860248447204969
Modelo9,Kyoto,camera7,camera7,512,0.8145519077196096
Modelo9,Kyoto,camera7,camera7,1024,0.8690106477373558
Modelo9,Kyoto,camera7,camera8,64,0.8026075402757017
Modelo9,Kyoto,camera7,camera8,128,0.8749792393290151
Modelo9,Kyoto,camera7,camera8,256,0.9088606543763494
Modelo9,Kyoto,camera7,camera8,512,0.8976498920445108
Modelo9,Kyoto,camera7,camera8,1024,0.9276698222886564
Modelo9,Kyoto,camera7,camera9,64,0.7632675100277692
Modelo9,Kyoto,camera7,camera9,128,0.810398025300833
Modelo9,Kyoto,camera7,camera9,256,0.8739586547361925
Modelo9,Kyoto,camera7,camera9,512,0.8302221536562789
Modelo9,Kyoto,camera7,camera9,1024,0.884912064177723
Modelo9,Kyoto,camera8,PUC,64,0.13544291563635164
Modelo9,Kyoto,camera8,PUC,128,0.1830334517458978
Modelo9,Kyoto,camera8,PUC,256,0.16685799685542746
Modelo9,Kyoto,camera8,PUC,512,0.11503619558581218
Modelo9,Kyoto,camera8,PUC,1024,0.10810352102549838
Modelo9,Kyoto,camera8,UFPR04,64,0.2899766635488412
Modelo9,Kyoto,camera8,UFPR04,128,0.22205530833404194
Modelo9,Kyoto,camera8,UFPR04,256,0.2343093071813913
Modelo9,Kyoto,camera8,UFPR04,512,0.2160464083595514
Modelo9,Kyoto,camera8,UFPR04,1024,0.22245212248330073
Modelo9,Kyoto,camera8,UFPR05,64,0.24031124649395302
Modelo9,Kyoto,camera8,UFPR05,128,0.2926320234038061
Modelo9,Kyoto,camera8,UFPR05,256,0.2861115299936665
Modelo9,Kyoto,camera8,UFPR05,512,0.28605121090569113
Modelo9,Kyoto,camera8,UFPR05,1024,0.26480682812075884
Modelo9,Kyoto,camera8,camera1,64,0.8659879096404709
Modelo9,Kyoto,camera8,camera1,128,0.7836461979000955
Modelo9,Kyoto,camera8,camera1,256,0.7705377028316894
Modelo9,Kyoto,camera8,camera1,512,0.7570474069360483
Modelo9,Kyoto,camera8,camera1,1024,0.7473114858415526
Modelo9,Kyoto,camera8,camera2,64,0.8605616605616606
Modelo9,Kyoto,camera8,camera2,128,0.8251526251526251
Modelo9,Kyoto,camera8,camera2,256,0.8490842490842491
Modelo9,Kyoto,camera8,camera2,512,0.8617826617826618
Modelo9,Kyoto,camera8,camera2,1024,0.8610500610500611
Modelo9,Kyoto,camera8,camera3,64,0.888712913103157
Modelo9,Kyoto,camera8,camera3,128,0.8511244852708267
Modelo9,Kyoto,camera8,camera3,256,0.8665399641009397
Modelo9,Kyoto,camera8,camera3,512,0.8673846478724527
Modelo9,Kyoto,camera8,camera3,1024,0.8697075282441136
Modelo9,Kyoto,camera8,camera4,64,0.8812741312741312
Modelo9,Kyoto,camera8,camera4,128,0.8348214285714286
Modelo9,Kyoto,camera8,camera4,256,0.8497224903474904
Modelo9,Kyoto,camera8,camera4,512,0.8509290540540541
Modelo9,Kyoto,camera8,camera4,1024,0.8489382239382239
Modelo9,Kyoto,camera8,camera5,64,0.8743161531816873
Modelo9,Kyoto,camera8,camera5,128,0.7960936750167963
Modelo9,Kyoto,camera8,camera5,256,0.819320472214224
Modelo9,Kyoto,camera8,camera5,512,0.8142336116709857
Modelo9,Kyoto,camera8,camera5,1024,0.8153853536807755
Modelo9,Kyoto,camera8,camera6,64,0.8800974736423314
Modelo9,Kyoto,camera8,camera6,128,0.8377262780982694
Modelo9,Kyoto,camera8,camera6,256,0.8572210065645515
Modelo9,Kyoto,camera8,camera6,512,0.8581659041177641
Modelo9,Kyoto,camera8,camera6,1024,0.8565744977123533
Modelo9,Kyoto,camera8,camera7,64,0.777919863597613
Modelo9,Kyoto,camera8,camera7,128,0.6996779388083736
Modelo9,Kyoto,camera8,camera7,256,0.7176754759874965
Modelo9,Kyoto,camera8,camera7,512,0.7167282371885952
Modelo9,Kyoto,camera8,camera7,1024,0.7230273752012882
Modelo9,Kyoto,camera8,camera8,64,0.8908179012345679
Modelo9,Kyoto,camera8,camera8,128,0.8618827160493827
Modelo9,Kyoto,camera8,camera8,256,0.8739390432098766
Modelo9,Kyoto,camera8,camera8,512,0.8767361111111112
Modelo9,Kyoto,camera8,camera8,1024,0.8839699074074074
Modelo9,Kyoto,camera8,camera9,64,0.8024529466214132
Modelo9,Kyoto,camera8,camera9,128,0.7290959580376427
Modelo9,Kyoto,camera8,camera9,256,0.761647639617402
Modelo9,Kyoto,camera8,camera9,512,0.7621104597346497
Modelo9,Kyoto,camera8,camera9,1024,0.7707497685899414
Modelo9,Kyoto,camera9,PUC,64,0.4613092642313123
Modelo9,Kyoto,camera9,PUC,128,0.10360588652666168
Modelo9,Kyoto,camera9,PUC,256,0.10837460486583707
Modelo9,Kyoto,camera9,PUC,512,0.1038911138717137
Modelo9,Kyoto,camera9,PUC,1024,0.16220242655395864
Modelo9,Kyoto,camera9,UFPR04,64,0.6007293821981614
Modelo9,Kyoto,camera9,UFPR04,128,0.26099033474107874
Modelo9,Kyoto,camera9,UFPR04,256,0.1877403323790898
Modelo9,Kyoto,camera9,UFPR04,512,0.23712479804994188
Modelo9,Kyoto,camera9,UFPR04,1024,0.3825288398854908
Modelo9,Kyoto,camera9,UFPR05,64,0.4050547395723377
Modelo9,Kyoto,camera9,UFPR05,128,0.28065868444069125
Modelo9,Kyoto,camera9,UFPR05,256,0.2763036462888681
Modelo9,Kyoto,camera9,UFPR05,512,0.2542871791778508
Modelo9,Kyoto,camera9,UFPR05,1024,0.23194498899176644
Modelo9,Kyoto,camera9,camera1,64,0.7859370028635062
Modelo9,Kyoto,camera9,camera1,128,0.8614062997136493
Modelo9,Kyoto,camera9,camera1,256,0.81489023226217
Modelo9,Kyoto,camera9,camera1,512,0.8064906140629972
Modelo9,Kyoto,camera9,camera1,1024,0.8430162265351575
Modelo9,Kyoto,camera9,camera2,64,0.8332112332112332
Modelo9,Kyoto,camera9,camera2,128,0.8722832722832723
Modelo9,Kyoto,camera9,camera2,256,0.8463980463980464
Modelo9,Kyoto,camera9,camera2,512,0.8608058608058609
Modelo9,Kyoto,camera9,camera2,1024,0.9015873015873016
Modelo9,Kyoto,camera9,camera3,64,0.8007602153943617
Modelo9,Kyoto,camera9,camera3,128,0.8820610284024918
Modelo9,Kyoto,camera9,camera3,256,0.8669623059866962
Modelo9,Kyoto,camera9,camera3,512,0.8701298701298701
Modelo9,Kyoto,camera9,camera3,1024,0.9010664132615352
Modelo9,Kyoto,camera9,camera4,64,0.791324806949807
Modelo9,Kyoto,camera9,camera4,128,0.8880912162162162
Modelo9,Kyoto,camera9,camera4,256,0.844051640926641
Modelo9,Kyoto,camera9,camera4,512,0.8547297297297297
Modelo9,Kyoto,camera9,camera4,1024,0.9028716216216216
Modelo9,Kyoto,camera9,camera5,64,0.754151070160284
Modelo9,Kyoto,camera9,camera5,128,0.851857183990786
Modelo9,Kyoto,camera9,camera5,256,0.8070832133602073
Modelo9,Kyoto,camera9,camera5,512,0.8147135041750648
Modelo9,Kyoto,camera9,camera5,1024,0.8652461848545926
Modelo9,Kyoto,camera9,camera6,64,0.7662124527551223
Modelo9,Kyoto,camera9,camera6,128,0.8790033817386115
Modelo9,Kyoto,camera9,camera6,256,0.8475731052317486
Modelo9,Kyoto,camera9,camera6,512,0.8577680525164114
Modelo9,Kyoto,camera9,camera6,1024,0.8910383926795306
Modelo9,Kyoto,camera9,camera7,64,0.7357677370465094
Modelo9,Kyoto,camera9,camera7,128,0.7605380316377759
Modelo9,Kyoto,camera9,camera7,256,0.719664677465189
Modelo9,Kyoto,camera9,camera7,512,0.7349625840674434
Modelo9,Kyoto,camera9,camera7,1024,0.7673581509898646
Modelo9,Kyoto,camera9,camera8,64,0.7872031224049161
Modelo9,Kyoto,camera9,camera8,128,0.8758511875103804
Modelo9,Kyoto,camera9,camera8,256,0.8574572330177711
Modelo9,Kyoto,camera9,camera8,512,0.8719481813652217
Modelo9,Kyoto,camera9,camera8,1024,0.9005979073243647
Modelo9,Kyoto,camera9,camera9,64,0.7999598715890851
Modelo9,Kyoto,camera9,camera9,128,0.8459069020866774
Modelo9,Kyoto,camera9,camera9,256,0.8057784911717496
Modelo9,Kyoto,camera9,camera9,512,0.8286516853932584
Modelo9,Kyoto,camera9,camera9,1024,0.8683788121990369
Modelo9,PKLot,camera1,camera1,64,0.8516928158546656
Modelo9,PKLot,camera1,camera1,128,0.8758051197357556
Modelo9,PKLot,camera1,camera1,256,0.9052023121387284
Modelo9,PKLot,camera1,camera1,512,0.8189925681255161
Modelo9,PKLot,camera1,camera1,1024,0.9152766308835673
Modelo9,PKLot,camera1,camera2,64,0.8918192918192919
Modelo9,PKLot,camera1,camera2,128,0.9094017094017094
Modelo9,PKLot,camera1,camera2,256,0.9345543345543346
Modelo9,PKLot,camera1,camera2,512,0.8925518925518926
Modelo9,PKLot,camera1,camera2,1024,0.9340659340659341
Modelo9,PKLot,camera1,camera3,64,0.8943089430894309
Modelo9,PKLot,camera1,camera3,128,0.9132087424770352
Modelo9,PKLot,camera1,camera3,256,0.9396051103368177
Modelo9,PKLot,camera1,camera3,512,0.9132087424770352
Modelo9,PKLot,camera1,camera3,1024,0.9478407771090698
Modelo9,PKLot,camera1,camera4,64,0.9270028957528957
Modelo9,PKLot,camera1,camera4,128,0.939792471042471
Modelo9,PKLot,camera1,camera4,256,0.9522804054054054
Modelo9,PKLot,camera1,camera4,512,0.9051640926640927
Modelo9,PKLot,camera1,camera4,1024,0.9513754826254827
Modelo9,PKLot,camera1,camera5,64,0.8823303579998081
Modelo9,PKLot,camera1,camera5,128,0.9107399942412899
Modelo9,PKLot,camera1,camera5,256,0.9239370381034648
Modelo9,PKLot,camera1,camera5,512,0.848210000959785
Modelo9,PKLot,camera1,camera5,1024,0.9199059410692005
Modelo9,PKLot,camera1,camera6,64,0.9140143226576487
Modelo9,PKLot,camera1,camera6,128,0.9224189377362244
Modelo9,PKLot,camera1,camera6,256,0.9360950865327233
Modelo9,PKLot,camera1,camera6,512,0.8969564352496519
Modelo9,PKLot,camera1,camera6,1024,0.9407698428486174
Modelo9,PKLot,camera1,camera7,64,0.7753149569006347
Modelo9,PKLot,camera1,camera7,128,0.8315809415553661
Modelo9,PKLot,camera1,camera7,256,0.8626030122193805
Modelo9,PKLot,camera1,camera7,512,0.770010419626788
Modelo9,PKLot,camera1,camera7,1024,0.8486786018755328
Modelo9,PKLot,camera1,camera8,64,0.8912140840391961
Modelo9,PKLot,camera1,camera8,128,0.9130543099152965
Modelo9,PKLot,camera1,camera8,256,0.9333582461385151
Modelo9,PKLot,camera1,camera8,512,0.8925012456402591
Modelo9,PKLot,camera1,camera8,1024,0.9356834412888224
Modelo9,PKLot,camera1,camera9,64,0.8055384140697316
Modelo9,PKLot,camera1,camera9,128,0.8707189139154582
Modelo9,PKLot,camera1,camera9,256,0.888614625115705
Modelo9,PKLot,camera1,camera9,512,0.8035328602283246
Modelo9,PKLot,camera1,camera9,1024,0.875038568343104
Modelo9,PKLot,camera2,camera1,64,0.7394209354120267
Modelo9,PKLot,camera2,camera1,128,0.8260897231944002
Modelo9,PKLot,camera2,camera1,256,0.803945275214763
Modelo9,PKLot,camera2,camera1,512,0.8216353802099905
Modelo9,PKLot,camera2,camera1,1024,0.8
Modelo9,PKLot,camera2,camera2,64,0.937641723356009
Modelo9,PKLot,camera2,camera2,128,0.95578231292517
Modelo9,PKLot,camera2,camera2,256,0.9512471655328798
Modelo9,PKLot,camera2,camera2,512,0.9671201814058957
Modelo9,PKLot,camera2,camera2,1024,0.95578231292517
Modelo9,PKLot,camera2,camera3,64,0.8621053743004963
Modelo9,PKLot,camera2,camera3,128,0.9109914475768134
Modelo9,PKLot,camera2,camera3,256,0.9186991869918699
Modelo9,PKLot,camera2,camera3,512,0.9417168197656003
Modelo9,PKLot,camera2,camera3,1024,0.9241896315067046
Modelo9,PKLot,camera2,camera4,64,0.8778354247104247
Modelo9,PKLot,camera2,camera4,128,0.9244087837837838
Modelo9,PKLot,camera2,camera4,256,0.9125241312741312
Modelo9,PKLot,camera2,camera4,512,0.9308035714285714
Modelo9,PKLot,camera2,camera4,1024,0.9093870656370656
Modelo9,PKLot,camera2,camera5,64,0.8284384297917267
Modelo9,PKLot,camera2,camera5,128,0.8827622612534792
Modelo9,PKLot,camera2,camera5,256,0.8654381418562243
Modelo9,PKLot,camera2,camera5,512,0.9010941549093003
Modelo9,PKLot,camera2,camera5,1024,0.8715327766580286
Modelo9,PKLot,camera2,camera6,64,0.871245275512234
Modelo9,PKLot,camera2,camera6,128,0.9117266759498707
Modelo9,PKLot,camera2,camera6,256,0.9016809230157151
Modelo9,PKLot,camera2,camera6,512,0.9304257012134474
Modelo9,PKLot,camera2,camera6,1024,0.9096876864929382
Modelo9,PKLot,camera2,camera7,64,0.7621483375959079
Modelo9,PKLot,camera2,camera7,128,0.8018376432698683
Modelo9,PKLot,camera2,camera7,256,0.7971961731552525
Modelo9,PKLot,camera2,camera7,512,0.8254238893625083
Modelo9,PKLot,camera2,camera7,1024,0.8071895424836601
Modelo9,PKLot,camera2,camera8,64,0.8565022421524664
Modelo9,PKLot,camera2,camera8,128,0.8944527487128384
Modelo9,PKLot,camera2,camera8,256,0.9027154957648231
Modelo9,PKLot,camera2,camera8,512,0.9258013619000166
Modelo9,PKLot,camera2,camera8,1024,0.9137186513868129
Modelo9,PKLot,camera2,camera9,64,0.8048441838938599
Modelo9,PKLot,camera2,camera9,128,0.8395556926874421
Modelo9,PKLot,camera2,camera9,256,0.8385529157667386
Modelo9,PKLot,camera2,camera9,512,0.8684819500154274
Modelo9,PKLot,camera2,camera9,1024,0.8531317494600432
Modelo9,PKLot,camera3,camera1,64,0.7854915685650652
Modelo9,PKLot,camera3,camera1,128,0.817053770283169
Modelo9,PKLot,camera3,camera1,256,0.7933821189945911
Modelo9,PKLot,camera3,camera1,512,0.8075087496022908
Modelo9,PKLot,camera3,camera1,1024,0.8093541202672606
Modelo9,PKLot,camera3,camera2,64,0.8827838827838828
Modelo9,PKLot,camera3,camera2,128,0.9120879120879121
Modelo9,PKLot,camera3,camera2,256,0.8918192918192919
Modelo9,PKLot,camera3,camera2,512,0.896947496947497
Modelo9,PKLot,camera3,camera2,1024,0.9120879120879121
Modelo9,PKLot,camera3,camera3,64,0.9210445468509985
Modelo9,PKLot,camera3,camera3,128,0.9529953917050691
Modelo9,PKLot,camera3,camera3,256,0.9477726574500768
Modelo9,PKLot,camera3,camera3,512,0.9493087557603687
Modelo9,PKLot,camera3,camera3,1024,0.9554531490015361
Modelo9,PKLot,camera3,camera4,64,0.9160834942084942
Modelo9,PKLot,camera3,camera4,128,0.9183759652509652
Modelo9,PKLot,camera3,camera4,256,0.903293918918919
Modelo9,PKLot,camera3,camera4,512,0.9110159266409267
Modelo9,PKLot,camera3,camera4,1024,0.9115588803088803
Modelo9,PKLot,camera3,camera5,64,0.8730204434206738
Modelo9,PKLot,camera3,camera5,128,0.879211056723294
Modelo9,PKLot,camera3,camera5,256,0.8575199155389193
Modelo9,PKLot,camera3,camera5,512,0.856656109031577
Modelo9,PKLot,camera3,camera5,1024,0.8665418946156062
Modelo9,PKLot,camera3,camera6,64,0.9001392480604734
Modelo9,PKLot,camera3,camera6,128,0.9132186194549433
Modelo9,PKLot,camera3,camera6,256,0.8973045554008355
Modelo9,PKLot,camera3,camera6,512,0.9061070220807639
Modelo9,PKLot,camera3,camera6,1024,0.90904117764074
Modelo9,PKLot,camera3,camera7,64,0.7644217107132708
Modelo9,PKLot,camera3,camera7,128,0.7973856209150327
Modelo9,PKLot,camera3,camera7,256,0.7793880837359098
Modelo9,PKLot,camera3,camera7,512,0.7781093113573933
Modelo9,PKLot,camera3,camera7,1024,0.8016481955100881
Modelo9,PKLot,camera3,camera8,64,0.8918369041687427
Modelo9,PKLot,camera3,camera8,128,0.9146736422521176
Modelo9,PKLot,camera3,camera8,256,0.9050822122571002
Modelo9,PKLot,camera3,camera8,512,0.906576980568012
Modelo9,PKLot,camera3,camera8,1024,0.9147151635940873
Modelo9,PKLot,camera3,camera9,64,0.7796976241900648
Modelo9,PKLot,camera3,camera9,128,0.8497377352668929
Modelo9,PKLot,camera3,camera9,256,0.8232798518975625
Modelo9,PKLot,camera3,camera9,512,0.8277537796976242
Modelo9,PKLot,camera3,camera9,1024,0.847655044739278
Modelo9,PKLot,camera4,camera1,64,0.7567928730512249
Modelo9,PKLot,camera4,camera1,128,0.8089723194400255
Modelo9,PKLot,camera4,camera1,256,0.7931275851097678
Modelo9,PKLot,camera4,camera1,512,0.7319758192809418
Modelo9,PKLot,camera4,camera1,1024,0.7775373846643334
Modelo9,PKLot,camera4,camera2,64,0.828083028083028
Modelo9,PKLot,camera4,camera2,128,0.873015873015873
Modelo9,PKLot,camera4,camera2,256,0.9025641025641026
Modelo9,PKLot,camera4,camera2,512,0.8361416361416362
Modelo9,PKLot,camera4,camera2,1024,0.8771672771672772
Modelo9,PKLot,camera4,camera3,64,0.8485904339562876
Modelo9,PKLot,camera4,camera3,128,0.8880794002745223
Modelo9,PKLot,camera4,camera3,256,0.9001161440185831
Modelo9,PKLot,camera4,camera3,512,0.869285186358357
Modelo9,PKLot,camera4,camera3,1024,0.9010664132615352
Modelo9,PKLot,camera4,camera4,64,0.9090767067645681
Modelo9,PKLot,camera4,camera4,128,0.9295422590220278
Modelo9,PKLot,camera4,camera4,256,0.9151695047648805
Modelo9,PKLot,camera4,camera4,512,0.8740821746602093
Modelo9,PKLot,camera4,camera4,1024,0.9090767067645681
Modelo9,PKLot,camera4,camera5,64,0.8556003455226029
Modelo9,PKLot,camera4,camera5,128,0.8906324983203763
Modelo9,PKLot,camera4,camera5,256,0.8735963144255686
Modelo9,PKLot,camera4,camera5,512,0.824023418754199
Modelo9,PKLot,camera4,camera5,1024,0.8632786255878683
Modelo9,PKLot,camera4,camera6,64,0.8739805052715337
Modelo9,PKLot,camera4,camera6,128,0.8996419335587825
Modelo9,PKLot,camera4,camera6,256,0.902178237517406
Modelo9,PKLot,camera4,camera6,512,0.8689576288044559
Modelo9,PKLot,camera4,camera6,1024,0.9082952058882037
Modelo9,PKLot,camera4,camera7,64,0.7333996400492564
Modelo9,PKLot,camera4,camera7,128,0.7899497963436583
Modelo9,PKLot,camera4,camera7,256,0.784266363550251
Modelo9,PKLot,camera4,camera7,512,0.7494079757506867
Modelo9,PKLot,camera4,camera7,1024,0.7963436582362413
Modelo9,PKLot,camera4,camera8,64,0.8522670652715496
Modelo9,PKLot,camera4,camera8,128,0.8920860322205614
Modelo9,PKLot,camera4,camera8,256,0.8994768310911808
Modelo9,PKLot,camera4,camera8,512,0.8814150473343298
Modelo9,PKLot,camera4,camera8,1024,0.9160438465371201
Modelo9,PKLot,camera4,camera9,64,0.7349583461894477
Modelo9,PKLot,camera4,camera9,128,0.8098580684973774
Modelo9,PKLot,camera4,camera9,256,0.8246683122493058
Modelo9,PKLot,camera4,camera9,512,0.7844800987349584
Modelo9,PKLot,camera4,camera9,1024,0.8352360382597963
Modelo9,PKLot,camera5,camera1,64,0.7485841552656698
Modelo9,PKLot,camera5,camera1,128,0.8046452433980273
Modelo9,PKLot,camera5,camera1,256,0.8545338848234171
Modelo9,PKLot,camera5,camera1,512,0.8194082087177855
Modelo9,PKLot,camera5,camera1,1024,0.8787782373528475
Modelo9,PKLot,camera5,camera2,64,0.8268620268620268
Modelo9,PKLot,camera5,camera2,128,0.8732600732600733
Modelo9,PKLot,camera5,camera2,256,0.9282051282051282
Modelo9,PKLot,camera5,camera2,512,0.8923076923076924
Modelo9,PKLot,camera5,camera2,1024,0.9423687423687424
Modelo9,PKLot,camera5,camera3,64,0.853764122056805
Modelo9,PKLot,camera5,camera3,128,0.8972653362897265
Modelo9,PKLot,camera5,camera3,256,0.936648717136522
Modelo9,PKLot,camera5,camera3,512,0.917960088691796
Modelo9,PKLot,camera5,camera3,1024,0.9471016788089959
Modelo9,PKLot,camera5,camera4,64,0.8842302123552124
Modelo9,PKLot,camera5,camera4,128,0.9217543436293436
Modelo9,PKLot,camera5,camera4,256,0.9489623552123552
Modelo9,PKLot,camera5,camera4,512,0.9279078185328186
Modelo9,PKLot,camera5,camera4,1024,0.9582528957528957
Modelo9,PKLot,camera5,camera5,64,0.8111550285463329
Modelo9,PKLot,camera5,camera5,128,0.8675889328063241
Modelo9,PKLot,camera5,camera5,256,0.896354852876592
Modelo9,PKLot,camera5,camera5,512,0.8612209046991656
Modelo9,PKLot,camera5,camera5,1024,0.9230346947738252
Modelo9,PKLot,camera5,camera6,64,0.8696538691068232
Modelo9,PKLot,camera5,camera6,128,0.9047145414760295
Modelo9,PKLot,camera5,camera6,256,0.935349114780187
Modelo9,PKLot,camera5,camera6,512,0.9200815595782773
Modelo9,PKLot,camera5,camera6,1024,0.9482792918241496
Modelo9,PKLot,camera5,camera7,64,0.7258217296580468
Modelo9,PKLot,camera5,camera7,128,0.789712986643933
Modelo9,PKLot,camera5,camera7,256,0.8396798332859714
Modelo9,PKLot,camera5,camera7,512,0.8065738372643744
Modelo9,PKLot,camera5,camera7,1024,0.869281045751634
Modelo9,PKLot,camera5,camera8,64,0.8442119249294138
Modelo9,PKLot,camera5,camera8,128,0.8940375352931407
Modelo9,PKLot,camera5,camera8,256,0.9333997674804849
Modelo9,PKLot,camera5,camera8,512,0.9202790234180369
Modelo9,PKLot,camera5,camera8,1024,0.9491363560870287
Modelo9,PKLot,camera5,camera9,64,0.7154427645788337
Modelo9,PKLot,camera5,camera9,128,0.7857142857142857
Modelo9,PKLot,camera5,camera9,256,0.8626195618636223
Modelo9,PKLot,camera5,camera9,512,0.8367016352977477
Modelo9,PKLot,camera5,camera9,1024,0.8951712434433817
Modelo9,PKLot,camera6,camera1,64,0.7938275532930321
Modelo9,PKLot,camera6,camera1,128,0.8387527839643653
Modelo9,PKLot,camera6,camera1,256,0.8020999045497932
Modelo9,PKLot,camera6,camera1,512,0.8330894050270442
Modelo9,PKLot,camera6,camera1,1024,0.8304167992363983
Modelo9,PKLot,camera6,camera2,64,0.864957264957265
Modelo9,PKLot,camera6,camera2,128,0.8920634920634921
Modelo9,PKLot,camera6,camera2,256,0.8713064713064713
Modelo9,PKLot,camera6,camera2,512,0.884981684981685
Modelo9,PKLot,camera6,camera2,1024,0.8920634920634921
Modelo9,PKLot,camera6,camera3,64,0.8885017421602788
Modelo9,PKLot,camera6,camera3,128,0.9294689050786612
Modelo9,PKLot,camera6,camera3,256,0.8999049730757048
Modelo9,PKLot,camera6,camera3,512,0.9140534262485482
Modelo9,PKLot,camera6,camera3,1024,0.917115404920283
Modelo9,PKLot,camera6,camera4,64,0.9207890926640927
Modelo9,PKLot,camera6,camera4,128,0.9371380308880309
Modelo9,PKLot,camera6,camera4,256,0.9303209459459459
Modelo9,PKLot,camera6,camera4,512,0.937801640926641
Modelo9,PKLot,camera6,camera4,1024,0.939128861003861
Modelo9,PKLot,camera6,camera5,64,0.8838180247624532
Modelo9,PKLot,camera6,camera5,128,0.9159228332853441
Modelo9,PKLot,camera6,camera5,256,0.9000383914003264
Modelo9,PKLot,camera6,camera5,512,0.9137153277665803
Modelo9,PKLot,camera6,camera5,1024,0.915394951530857
Modelo9,PKLot,camera6,camera6,64,0.9157821873557914
Modelo9,PKLot,camera6,camera6,128,0.936317489616982
Modelo9,PKLot,camera6,camera6,256,0.9239732348869405
Modelo9,PKLot,camera6,camera6,512,0.9397784956160591
Modelo9,PKLot,camera6,camera6,1024,0.9465851407475773
Modelo9,PKLot,camera6,camera7,64,0.7795775314956901
Modelo9,PKLot,camera6,camera7,128,0.8423794638628398
Modelo9,PKLot,camera6,camera7,256,0.7950648858577247
Modelo9,PKLot,camera6,camera7,512,0.816567206592782
Modelo9,PKLot,camera6,camera7,1024,0.8267026617410249
Modelo9,PKLot,camera6,camera8,64,0.8849443614017605
Modelo9,PKLot,camera6,camera8,128,0.9249709350606211
Modelo9,PKLot,camera6,camera8,256,0.9084454409566517
Modelo9,PKLot,camera6,camera8,512,0.922645739910314
Modelo9,PKLot,camera6,camera8,1024,0.928292642418203
Modelo9,PKLot,camera6,camera9,64,0.7790805307004011
Modelo9,PKLot,camera6,camera9,128,0.8583770441221845
Modelo9,PKLot,camera6,camera9,256,0.8353903116322123
Modelo9,PKLot,camera6,camera9,512,0.8579913606911447
Modelo9,PKLot,camera6,camera9,1024,0.872955877815489
Modelo9,PKLot,camera7,camera1,64,0.8619790009545021
Modelo9,PKLot,camera7,camera1,128,0.8809417753738467
Modelo9,PKLot,camera7,camera1,256,0.8808781419026408
Modelo9,PKLot,camera7,camera1,512,0.9045497931912185
Modelo9,PKLot,camera7,camera1,1024,0.9083678014635699
Modelo9,PKLot,camera7,camera2,64,0.8788766788766789
Modelo9,PKLot,camera7,camera2,128,0.9186813186813186
Modelo9,PKLot,camera7,camera2,256,0.9304029304029304
Modelo9,PKLot,camera7,camera2,512,0.9435897435897436
Modelo9,PKLot,camera7,camera2,1024,0.9496947496947497
Modelo9,PKLot,camera7,camera3,64,0.9061345158906134
Modelo9,PKLot,camera7,camera3,128,0.9377045718509133
Modelo9,PKLot,camera7,camera3,256,0.9542814908668568
Modelo9,PKLot,camera7,camera3,512,0.9597719353816915
Modelo9,PKLot,camera7,camera3,1024,0.9597719353816915
Modelo9,PKLot,camera7,camera4,64,0.9399131274131274
Modelo9,PKLot,camera7,camera4,128,0.9463682432432432
Modelo9,PKLot,camera7,camera4,256,0.9506515444015444
Modelo9,PKLot,camera7,camera4,512,0.9604247104247104
Modelo9,PKLot,camera7,camera4,1024,0.9627775096525096
Modelo9,PKLot,camera7,camera5,64,0.9260965543718207
Modelo9,PKLot,camera7,camera5,128,0.9350705441980997
Modelo9,PKLot,camera7,camera5,256,0.9343027161915731
Modelo9,PKLot,camera7,camera5,512,0.9459641040406949
Modelo9,PKLot,camera7,camera5,1024,0.9505710720798541
Modelo9,PKLot,camera7,camera6,64,0.9307240899144619
Modelo9,PKLot,camera7,camera6,128,0.9381340759896558
Modelo9,PKLot,camera7,camera6,256,0.9418639347523374
Modelo9,PKLot,camera7,camera6,512,0.9557887407996817
Modelo9,PKLot,camera7,camera6,1024,0.9596677939128705
Modelo9,PKLot,camera7,camera7,64,0.9026175687666371
Modelo9,PKLot,camera7,camera7,128,0.9130434782608695
Modelo9,PKLot,camera7,camera7,256,0.90150842945874
Modelo9,PKLot,camera7,camera7,512,0.9088287488908607
Modelo9,PKLot,camera7,camera7,1024,0.9082741792369121
Modelo9,PKLot,camera7,camera8,64,0.9188672977910646
Modelo9,PKLot,camera7,camera8,128,0.9425759840558047
Modelo9,PKLot,camera7,camera8,256,0.9470602889885401
Modelo9,PKLot,camera7,camera8,512,0.9538697890715828
Modelo9,PKLot,camera7,camera8,1024,0.9574406244809832
Modelo9,PKLot,camera7,camera9,64,0.8630823819808701
Modelo9,PKLot,camera7,camera9,128,0.9051218759642086
Modelo9,PKLot,camera7,camera9,256,0.9069731564331996
Modelo9,PKLot,camera7,camera9,512,0.9227090404196235
Modelo9,PKLot,camera7,camera9,1024,0.9294970688059241
Modelo9,PKLot,camera8,camera1,64,0.7719376391982182
Modelo9,PKLot,camera8,camera1,128,0.8342984409799554
Modelo9,PKLot,camera8,camera1,256,0.8358892777601018
Modelo9,PKLot,camera8,camera1,512,0.7772192173083041
Modelo9,PKLot,camera8,camera1,1024,0.7983455297486478
Modelo9,PKLot,camera8,camera2,64,0.8346764346764347
Modelo9,PKLot,camera8,camera2,128,0.8986568986568987
Modelo9,PKLot,camera8,camera2,256,0.9013431013431014
Modelo9,PKLot,camera8,camera2,512,0.8742368742368742
Modelo9,PKLot,camera8,camera2,1024,0.9010989010989011
Modelo9,PKLot,camera8,camera3,64,0.8681237461725266
Modelo9,PKLot,camera8,camera3,128,0.9197550417062612
Modelo9,PKLot,camera8,camera3,256,0.9389715975081828
Modelo9,PKLot,camera8,camera3,512,0.9088797381480308
Modelo9,PKLot,camera8,camera3,1024,0.9270404392355612
Modelo9,PKLot,camera8,camera4,64,0.906551640926641
Modelo9,PKLot,camera8,camera4,128,0.9356298262548263
Modelo9,PKLot,camera8,camera4,256,0.9323721042471043
Modelo9,PKLot,camera8,camera4,512,0.9014840733590733
Modelo9,PKLot,camera8,camera4,1024,0.916023166023166
Modelo9,PKLot,camera8,camera5,64,0.8664939053651982
Modelo9,PKLot,camera8,camera5,128,0.9024378539207217
Modelo9,PKLot,camera8,camera5,256,0.9043094346866302
Modelo9,PKLot,camera8,camera5,512,0.8683174968806987
Modelo9,PKLot,camera8,camera5,1024,0.8873212400422306
Modelo9,PKLot,camera8,camera6,64,0.8954147602944101
Modelo9,PKLot,camera8,camera6,128,0.9264471851999204
Modelo9,PKLot,camera8,camera6,256,0.9310224786154764
Modelo9,PKLot,camera8,camera6,512,0.9098368808434454
Modelo9,PKLot,camera8,camera6,1024,0.9298289238114184
Modelo9,PKLot,camera8,camera7,64,0.7513024533484891
Modelo9,PKLot,camera8,camera7,128,0.8151463483944302
Modelo9,PKLot,camera8,camera7,256,0.8321966467746519
Modelo9,PKLot,camera8,camera7,512,0.7925073411006914
Modelo9,PKLot,camera8,camera7,1024,0.8269394714407502
Modelo9,PKLot,camera8,camera8,64,0.8863811728395061
Modelo9,PKLot,camera8,camera8,128,0.9311342592592593
Modelo9,PKLot,camera8,camera8,256,0.9475308641975309
Modelo9,PKLot,camera8,camera8,512,0.9267939814814815
Modelo9,PKLot,camera8,camera8,1024,0.9434799382716049
Modelo9,PKLot,camera8,camera9,64,0.7541653810552299
Modelo9,PKLot,camera8,camera9,128,0.838012958963283
Modelo9,PKLot,camera8,camera9,256,0.8823665535328602
Modelo9,PKLot,camera8,camera9,512,0.8331533477321814
Modelo9,PKLot,camera8,camera9,1024,0.861308238198087
Modelo9,PKLot,camera9,camera1,64,0.8257079223671652
Modelo9,PKLot,camera9,camera1,128,0.8384982500795418
Modelo9,PKLot,camera9,camera1,256,0.8276805599745466
Modelo9,PKLot,camera9,camera1,512,0.8330257715558383
Modelo9,PKLot,camera9,camera1,1024,0.8936684696150174
Modelo9,PKLot,camera9,camera2,64,0.897924297924298
Modelo9,PKLot,camera9,camera2,128,0.9023199023199023
Modelo9,PKLot,camera9,camera2,256,0.9032967032967033
Modelo9,PKLot,camera9,camera2,512,0.9174603174603174
Modelo9,PKLot,camera9,camera2,1024,0.9538461538461539
Modelo9,PKLot,camera9,camera3,64,0.9274627811213177
Modelo9,PKLot,camera9,camera3,128,0.9292577341357829
Modelo9,PKLot,camera9,camera3,256,0.9331643965790307
Modelo9,PKLot,camera9,camera3,512,0.9429838454228698
Modelo9,PKLot,camera9,camera3,1024,0.9618836448104741
Modelo9,PKLot,camera9,camera4,64,0.9337596525096525
Modelo9,PKLot,camera9,camera4,128,0.9314068532818532
Modelo9,PKLot,camera9,camera4,256,0.9219353281853282
Modelo9,PKLot,camera9,camera4,512,0.9330960424710425
Modelo9,PKLot,camera9,camera4,1024,0.9577099420849421
Modelo9,PKLot,camera9,camera5,64,0.9091083597274211
Modelo9,PKLot,camera9,camera5,128,0.9045973701890776
Modelo9,PKLot,camera9,camera5,256,0.8858335732795853
Modelo9,PKLot,camera9,camera5,512,0.8955274018619829
Modelo9,PKLot,camera9,camera5,1024,0.9329590171801516
Modelo9,PKLot,camera9,camera6,64,0.929629998010742
Modelo9,PKLot,camera9,camera6,128,0.9279888601551621
Modelo9,PKLot,camera9,camera6,256,0.9246071215436642
Modelo9,PKLot,camera9,camera6,512,0.9348020688283271
Modelo9,PKLot,camera9,camera6,1024,0.9560373980505271
Modelo9,PKLot,camera9,camera7,64,0.8192194752297054
Modelo9,PKLot,camera9,camera7,128,0.8187458558302548
Modelo9,PKLot,camera9,camera7,256,0.8112626693189353
Modelo9,PKLot,camera9,camera7,512,0.8238135834043763
Modelo9,PKLot,camera9,camera7,1024,0.8762432509235578
Modelo9,PKLot,camera9,camera8,64,0.9245972429828933
Modelo9,PKLot,camera9,camera8,128,0.924098986879256
Modelo9,PKLot,camera9,camera8,256,0.9254276698222886
Modelo9,PKLot,camera9,camera8,512,0.9351436638432155
Modelo9,PKLot,camera9,camera8,1024,0.9551984720146155
Modelo9,PKLot,camera9,camera9,64,0.8764044943820225
Modelo9,PKLot,camera9,camera9,128,0.8852327447833066
Modelo9,PKLot,camera9,camera9,256,0.889446227929374
Modelo9,PKLot,camera9,camera9,512,0.8976725521669342
Modelo9,PKLot,camera9,camera9,1024,0.9462279293739968
