encoder,classificador,teste,batch,n_models,combination,fusion_method,value
PKLot,camera1,camera1,64,2,"(0, 1)",sum,0.9192402972749794
PKLot,camera1,camera1,64,2,"(0, 1)",mean_probs,0.9192402972749794
PKLot,camera1,camera1,64,2,"(0, 1)",max,0.9192402972749794
PKLot,camera1,camera1,64,2,"(0, 1)",mult,0.9192402972749794
PKLot,camera1,camera1,64,2,"(0, 1)",vote,0.9192402972749794
PKLot,camera1,camera1,64,2,"(0, 2)",sum,0.9331131296449215
PKLot,camera1,camera1,64,2,"(0, 2)",mean_probs,0.9331131296449215
PKLot,camera1,camera1,64,2,"(0, 2)",max,0.9331131296449215
PKLot,camera1,camera1,64,2,"(0, 2)",mult,0.9331131296449215
PKLot,camera1,camera1,64,2,"(0, 2)",vote,0.9331131296449215
PKLot,camera1,camera1,64,2,"(0, 3)",sum,0.9200660611065236
PKLot,camera1,camera1,64,2,"(0, 3)",mean_probs,0.9200660611065236
PKLot,camera1,camera1,64,2,"(0, 3)",max,0.9200660611065236
PKLot,camera1,camera1,64,2,"(0, 3)",mult,0.9200660611065236
PKLot,camera1,camera1,64,2,"(0, 3)",vote,0.9200660611065236
PKLot,camera1,camera1,64,2,"(0, 4)",sum,0.9212221304706854
PKLot,camera1,camera1,64,2,"(0, 4)",mean_probs,0.9212221304706854
PKLot,camera1,camera1,64,2,"(0, 4)",max,0.9212221304706854
PKLot,camera1,camera1,64,2,"(0, 4)",mult,0.9212221304706854
PKLot,camera1,camera1,64,2,"(0, 4)",vote,0.9212221304706854
PKLot,camera1,camera1,64,2,"(0, 5)",sum,0.925681255161024
PKLot,camera1,camera1,64,2,"(0, 5)",mean_probs,0.925681255161024
PKLot,camera1,camera1,64,2,"(0, 5)",max,0.925681255161024
PKLot,camera1,camera1,64,2,"(0, 5)",mult,0.925681255161024
PKLot,camera1,camera1,64,2,"(0, 5)",vote,0.925681255161024
PKLot,camera1,camera1,64,2,"(0, 6)",sum,0.9192402972749794
PKLot,camera1,camera1,64,2,"(0, 6)",mean_probs,0.9192402972749794
PKLot,camera1,camera1,64,2,"(0, 6)",max,0.9192402972749794
PKLot,camera1,camera1,64,2,"(0, 6)",mult,0.9192402972749794
PKLot,camera1,camera1,64,2,"(0, 6)",vote,0.9192402972749794
PKLot,camera1,camera1,64,2,"(0, 7)",sum,0.9383980181668043
PKLot,camera1,camera1,64,2,"(0, 7)",mean_probs,0.9383980181668043
PKLot,camera1,camera1,64,2,"(0, 7)",max,0.9383980181668043
PKLot,camera1,camera1,64,2,"(0, 7)",mult,0.9383980181668043
PKLot,camera1,camera1,64,2,"(0, 7)",vote,0.9383980181668043
PKLot,camera1,camera1,64,2,"(0, 8)",sum,0.9334434351775392
PKLot,camera1,camera1,64,2,"(0, 8)",mean_probs,0.9334434351775392
PKLot,camera1,camera1,64,2,"(0, 8)",max,0.9334434351775392
PKLot,camera1,camera1,64,2,"(0, 8)",mult,0.9334434351775392
PKLot,camera1,camera1,64,2,"(0, 8)",vote,0.9334434351775392
PKLot,camera1,camera1,64,2,"(0, 9)",sum,0.9152766308835673
PKLot,camera1,camera1,64,2,"(0, 9)",mean_probs,0.9152766308835673
PKLot,camera1,camera1,64,2,"(0, 9)",max,0.9152766308835673
PKLot,camera1,camera1,64,2,"(0, 9)",mult,0.9152766308835673
PKLot,camera1,camera1,64,2,"(0, 9)",vote,0.9152766308835673
PKLot,camera1,camera1,64,2,"(1, 2)",sum,0.9174236168455822
PKLot,camera1,camera1,64,2,"(1, 2)",mean_probs,0.9174236168455822
PKLot,camera1,camera1,64,2,"(1, 2)",max,0.9174236168455822
PKLot,camera1,camera1,64,2,"(1, 2)",mult,0.9174236168455822
PKLot,camera1,camera1,64,2,"(1, 2)",vote,0.9174236168455822
PKLot,camera1,camera1,64,2,"(1, 3)",sum,0.9027250206440958
PKLot,camera1,camera1,64,2,"(1, 3)",mean_probs,0.9027250206440958
PKLot,camera1,camera1,64,2,"(1, 3)",max,0.9027250206440958
PKLot,camera1,camera1,64,2,"(1, 3)",mult,0.9027250206440958
PKLot,camera1,camera1,64,2,"(1, 3)",vote,0.9027250206440958
PKLot,camera1,camera1,64,2,"(1, 4)",sum,0.8933113129644922
PKLot,camera1,camera1,64,2,"(1, 4)",mean_probs,0.8933113129644922
PKLot,camera1,camera1,64,2,"(1, 4)",max,0.8933113129644922
PKLot,camera1,camera1,64,2,"(1, 4)",mult,0.8933113129644922
PKLot,camera1,camera1,64,2,"(1, 4)",vote,0.8933113129644922
PKLot,camera1,camera1,64,2,"(1, 5)",sum,0.9081750619322874
PKLot,camera1,camera1,64,2,"(1, 5)",mean_probs,0.9081750619322874
PKLot,camera1,camera1,64,2,"(1, 5)",max,0.9081750619322874
PKLot,camera1,camera1,64,2,"(1, 5)",mult,0.9081750619322874
PKLot,camera1,camera1,64,2,"(1, 5)",vote,0.9081750619322874
PKLot,camera1,camera1,64,2,"(1, 6)",sum,0.9032204789430223
PKLot,camera1,camera1,64,2,"(1, 6)",mean_probs,0.9032204789430223
PKLot,camera1,camera1,64,2,"(1, 6)",max,0.9032204789430223
PKLot,camera1,camera1,64,2,"(1, 6)",mult,0.9032204789430223
PKLot,camera1,camera1,64,2,"(1, 6)",vote,0.9032204789430223
PKLot,camera1,camera1,64,2,"(1, 7)",sum,0.929644921552436
PKLot,camera1,camera1,64,2,"(1, 7)",mean_probs,0.929644921552436
PKLot,camera1,camera1,64,2,"(1, 7)",max,0.929644921552436
PKLot,camera1,camera1,64,2,"(1, 7)",mult,0.929644921552436
PKLot,camera1,camera1,64,2,"(1, 7)",vote,0.929644921552436
PKLot,camera1,camera1,64,2,"(1, 8)",sum,0.9149463253509497
PKLot,camera1,camera1,64,2,"(1, 8)",mean_probs,0.9149463253509497
PKLot,camera1,camera1,64,2,"(1, 8)",max,0.9149463253509497
PKLot,camera1,camera1,64,2,"(1, 8)",mult,0.9149463253509497
PKLot,camera1,camera1,64,2,"(1, 8)",vote,0.9149463253509497
PKLot,camera1,camera1,64,2,"(1, 9)",sum,0.87943848059455
PKLot,camera1,camera1,64,2,"(1, 9)",mean_probs,0.87943848059455
PKLot,camera1,camera1,64,2,"(1, 9)",max,0.87943848059455
PKLot,camera1,camera1,64,2,"(1, 9)",mult,0.87943848059455
PKLot,camera1,camera1,64,2,"(1, 9)",vote,0.87943848059455
PKLot,camera1,camera1,64,2,"(2, 3)",sum,0.9190751445086706
PKLot,camera1,camera1,64,2,"(2, 3)",mean_probs,0.9190751445086706
PKLot,camera1,camera1,64,2,"(2, 3)",max,0.9190751445086706
PKLot,camera1,camera1,64,2,"(2, 3)",mult,0.9190751445086706
PKLot,camera1,camera1,64,2,"(2, 3)",vote,0.9190751445086706
PKLot,camera1,camera1,64,2,"(2, 4)",sum,0.9129644921552436
PKLot,camera1,camera1,64,2,"(2, 4)",mean_probs,0.9129644921552436
PKLot,camera1,camera1,64,2,"(2, 4)",max,0.9129644921552436
PKLot,camera1,camera1,64,2,"(2, 4)",mult,0.9129644921552436
PKLot,camera1,camera1,64,2,"(2, 4)",vote,0.9129644921552436
PKLot,camera1,camera1,64,2,"(2, 5)",sum,0.924525185796862
PKLot,camera1,camera1,64,2,"(2, 5)",mean_probs,0.924525185796862
PKLot,camera1,camera1,64,2,"(2, 5)",max,0.924525185796862
PKLot,camera1,camera1,64,2,"(2, 5)",mult,0.924525185796862
PKLot,camera1,camera1,64,2,"(2, 5)",vote,0.924525185796862
PKLot,camera1,camera1,64,2,"(2, 6)",sum,0.9185796862097441
PKLot,camera1,camera1,64,2,"(2, 6)",mean_probs,0.9185796862097441
PKLot,camera1,camera1,64,2,"(2, 6)",max,0.9185796862097441
PKLot,camera1,camera1,64,2,"(2, 6)",mult,0.9185796862097441
PKLot,camera1,camera1,64,2,"(2, 6)",vote,0.9185796862097441
PKLot,camera1,camera1,64,2,"(2, 7)",sum,0.9344343517753922
PKLot,camera1,camera1,64,2,"(2, 7)",mean_probs,0.9344343517753922
PKLot,camera1,camera1,64,2,"(2, 7)",max,0.9344343517753922
PKLot,camera1,camera1,64,2,"(2, 7)",mult,0.9344343517753922
PKLot,camera1,camera1,64,2,"(2, 7)",vote,0.9344343517753922
PKLot,camera1,camera1,64,2,"(2, 8)",sum,0.9291494632535094
PKLot,camera1,camera1,64,2,"(2, 8)",mean_probs,0.9291494632535094
PKLot,camera1,camera1,64,2,"(2, 8)",max,0.9291494632535094
PKLot,camera1,camera1,64,2,"(2, 8)",mult,0.9291494632535094
PKLot,camera1,camera1,64,2,"(2, 8)",vote,0.9291494632535094
PKLot,camera1,camera1,64,2,"(2, 9)",sum,0.9076796036333609
PKLot,camera1,camera1,64,2,"(2, 9)",mean_probs,0.9076796036333609
PKLot,camera1,camera1,64,2,"(2, 9)",max,0.9076796036333609
PKLot,camera1,camera1,64,2,"(2, 9)",mult,0.9076796036333609
PKLot,camera1,camera1,64,2,"(2, 9)",vote,0.9076796036333609
PKLot,camera1,camera1,64,2,"(3, 4)",sum,0.9012386457473163
PKLot,camera1,camera1,64,2,"(3, 4)",mean_probs,0.9012386457473163
PKLot,camera1,camera1,64,2,"(3, 4)",max,0.9012386457473163
PKLot,camera1,camera1,64,2,"(3, 4)",mult,0.9012386457473163
PKLot,camera1,camera1,64,2,"(3, 4)",vote,0.9012386457473163
PKLot,camera1,camera1,64,2,"(3, 5)",sum,0.9094962840627581
PKLot,camera1,camera1,64,2,"(3, 5)",mean_probs,0.9094962840627581
PKLot,camera1,camera1,64,2,"(3, 5)",max,0.9094962840627581
PKLot,camera1,camera1,64,2,"(3, 5)",mult,0.9094962840627581
PKLot,camera1,camera1,64,2,"(3, 5)",vote,0.9094962840627581
PKLot,camera1,camera1,64,2,"(3, 6)",sum,0.8994219653179191
PKLot,camera1,camera1,64,2,"(3, 6)",mean_probs,0.8994219653179191
PKLot,camera1,camera1,64,2,"(3, 6)",max,0.8994219653179191
PKLot,camera1,camera1,64,2,"(3, 6)",mult,0.8994219653179191
PKLot,camera1,camera1,64,2,"(3, 6)",vote,0.8994219653179191
PKLot,camera1,camera1,64,2,"(3, 7)",sum,0.9332782824112303
PKLot,camera1,camera1,64,2,"(3, 7)",mean_probs,0.9332782824112303
PKLot,camera1,camera1,64,2,"(3, 7)",max,0.9332782824112303
PKLot,camera1,camera1,64,2,"(3, 7)",mult,0.9332782824112303
PKLot,camera1,camera1,64,2,"(3, 7)",vote,0.9332782824112303
PKLot,camera1,camera1,64,2,"(3, 8)",sum,0.921552436003303
PKLot,camera1,camera1,64,2,"(3, 8)",mean_probs,0.921552436003303
PKLot,camera1,camera1,64,2,"(3, 8)",max,0.921552436003303
PKLot,camera1,camera1,64,2,"(3, 8)",mult,0.921552436003303
PKLot,camera1,camera1,64,2,"(3, 8)",vote,0.921552436003303
PKLot,camera1,camera1,64,2,"(3, 9)",sum,0.892485549132948
PKLot,camera1,camera1,64,2,"(3, 9)",mean_probs,0.892485549132948
PKLot,camera1,camera1,64,2,"(3, 9)",max,0.892485549132948
PKLot,camera1,camera1,64,2,"(3, 9)",mult,0.892485549132948
PKLot,camera1,camera1,64,2,"(3, 9)",vote,0.892485549132948
PKLot,camera1,camera1,64,2,"(4, 5)",sum,0.9037159372419488
PKLot,camera1,camera1,64,2,"(4, 5)",mean_probs,0.9037159372419488
PKLot,camera1,camera1,64,2,"(4, 5)",max,0.9037159372419488
PKLot,camera1,camera1,64,2,"(4, 5)",mult,0.9037159372419488
PKLot,camera1,camera1,64,2,"(4, 5)",vote,0.9037159372419488
PKLot,camera1,camera1,64,2,"(4, 6)",sum,0.8981007431874484
PKLot,camera1,camera1,64,2,"(4, 6)",mean_probs,0.8981007431874484
PKLot,camera1,camera1,64,2,"(4, 6)",max,0.8981007431874484
PKLot,camera1,camera1,64,2,"(4, 6)",mult,0.8981007431874484
PKLot,camera1,camera1,64,2,"(4, 6)",vote,0.8981007431874484
PKLot,camera1,camera1,64,2,"(4, 7)",sum,0.9311312964492156
PKLot,camera1,camera1,64,2,"(4, 7)",mean_probs,0.9311312964492156
PKLot,camera1,camera1,64,2,"(4, 7)",max,0.9311312964492156
PKLot,camera1,camera1,64,2,"(4, 7)",mult,0.9311312964492156
PKLot,camera1,camera1,64,2,"(4, 7)",vote,0.9311312964492156
PKLot,camera1,camera1,64,2,"(4, 8)",sum,0.9162675474814204
PKLot,camera1,camera1,64,2,"(4, 8)",mean_probs,0.9162675474814204
PKLot,camera1,camera1,64,2,"(4, 8)",max,0.9162675474814204
PKLot,camera1,camera1,64,2,"(4, 8)",mult,0.9162675474814204
PKLot,camera1,camera1,64,2,"(4, 8)",vote,0.9162675474814204
PKLot,camera1,camera1,64,2,"(4, 9)",sum,0.8791081750619323
PKLot,camera1,camera1,64,2,"(4, 9)",mean_probs,0.8791081750619323
PKLot,camera1,camera1,64,2,"(4, 9)",max,0.8791081750619323
PKLot,camera1,camera1,64,2,"(4, 9)",mult,0.8791081750619323
PKLot,camera1,camera1,64,2,"(4, 9)",vote,0.8791081750619323
PKLot,camera1,camera1,64,2,"(5, 6)",sum,0.9096614368290669
PKLot,camera1,camera1,64,2,"(5, 6)",mean_probs,0.9096614368290669
PKLot,camera1,camera1,64,2,"(5, 6)",max,0.9096614368290669
PKLot,camera1,camera1,64,2,"(5, 6)",mult,0.9096614368290669
PKLot,camera1,camera1,64,2,"(5, 6)",vote,0.9096614368290669
PKLot,camera1,camera1,64,2,"(5, 7)",sum,0.933608587943848
PKLot,camera1,camera1,64,2,"(5, 7)",mean_probs,0.933608587943848
PKLot,camera1,camera1,64,2,"(5, 7)",max,0.933608587943848
PKLot,camera1,camera1,64,2,"(5, 7)",mult,0.933608587943848
PKLot,camera1,camera1,64,2,"(5, 7)",vote,0.933608587943848
PKLot,camera1,camera1,64,2,"(5, 8)",sum,0.9220478943022296
PKLot,camera1,camera1,64,2,"(5, 8)",mean_probs,0.9220478943022296
PKLot,camera1,camera1,64,2,"(5, 8)",max,0.9220478943022296
PKLot,camera1,camera1,64,2,"(5, 8)",mult,0.9220478943022296
PKLot,camera1,camera1,64,2,"(5, 8)",vote,0.9220478943022296
PKLot,camera1,camera1,64,2,"(5, 9)",sum,0.8981007431874484
PKLot,camera1,camera1,64,2,"(5, 9)",mean_probs,0.8981007431874484
PKLot,camera1,camera1,64,2,"(5, 9)",max,0.8981007431874484
PKLot,camera1,camera1,64,2,"(5, 9)",mult,0.8981007431874484
PKLot,camera1,camera1,64,2,"(5, 9)",vote,0.8981007431874484
PKLot,camera1,camera1,64,2,"(6, 7)",sum,0.9281585466556564
PKLot,camera1,camera1,64,2,"(6, 7)",mean_probs,0.9281585466556564
PKLot,camera1,camera1,64,2,"(6, 7)",max,0.9281585466556564
PKLot,camera1,camera1,64,2,"(6, 7)",mult,0.9281585466556564
PKLot,camera1,camera1,64,2,"(6, 7)",vote,0.9281585466556564
PKLot,camera1,camera1,64,2,"(6, 8)",sum,0.9152766308835673
PKLot,camera1,camera1,64,2,"(6, 8)",mean_probs,0.9152766308835673
PKLot,camera1,camera1,64,2,"(6, 8)",max,0.9152766308835673
PKLot,camera1,camera1,64,2,"(6, 8)",mult,0.9152766308835673
PKLot,camera1,camera1,64,2,"(6, 8)",vote,0.9152766308835673
PKLot,camera1,camera1,64,2,"(6, 9)",sum,0.8870355078447564
PKLot,camera1,camera1,64,2,"(6, 9)",mean_probs,0.8870355078447564
PKLot,camera1,camera1,64,2,"(6, 9)",max,0.8870355078447564
PKLot,camera1,camera1,64,2,"(6, 9)",mult,0.8870355078447564
PKLot,camera1,camera1,64,2,"(6, 9)",vote,0.8870355078447564
PKLot,camera1,camera1,64,2,"(7, 8)",sum,0.9364161849710982
PKLot,camera1,camera1,64,2,"(7, 8)",mean_probs,0.9364161849710982
PKLot,camera1,camera1,64,2,"(7, 8)",max,0.9364161849710982
PKLot,camera1,camera1,64,2,"(7, 8)",mult,0.9364161849710982
PKLot,camera1,camera1,64,2,"(7, 8)",vote,0.9364161849710982
PKLot,camera1,camera1,64,2,"(7, 9)",sum,0.9289843104872006
PKLot,camera1,camera1,64,2,"(7, 9)",mean_probs,0.9289843104872006
PKLot,camera1,camera1,64,2,"(7, 9)",max,0.9289843104872006
PKLot,camera1,camera1,64,2,"(7, 9)",mult,0.9289843104872006
PKLot,camera1,camera1,64,2,"(7, 9)",vote,0.9289843104872006
PKLot,camera1,camera1,64,2,"(8, 9)",sum,0.9073492981007432
PKLot,camera1,camera1,64,2,"(8, 9)",mean_probs,0.9073492981007432
PKLot,camera1,camera1,64,2,"(8, 9)",max,0.9073492981007432
PKLot,camera1,camera1,64,2,"(8, 9)",mult,0.9073492981007432
PKLot,camera1,camera1,64,2,"(8, 9)",vote,0.9073492981007432
PKLot,camera1,camera1,64,3,"(0, 1, 2)",sum,0.9270024772914947
PKLot,camera1,camera1,64,3,"(0, 1, 2)",mean_probs,0.9270024772914947
PKLot,camera1,camera1,64,3,"(0, 1, 2)",max,0.9238645747316268
PKLot,camera1,camera1,64,3,"(0, 1, 2)",mult,0.925681255161024
PKLot,camera1,camera1,64,3,"(0, 1, 2)",vote,0.9258464079273327
PKLot,camera1,camera1,64,3,"(0, 1, 3)",sum,0.9182493806771264
PKLot,camera1,camera1,64,3,"(0, 1, 3)",mean_probs,0.9182493806771264
PKLot,camera1,camera1,64,3,"(0, 1, 3)",max,0.9147811725846408
PKLot,camera1,camera1,64,3,"(0, 1, 3)",mult,0.9177539223781999
PKLot,camera1,camera1,64,3,"(0, 1, 3)",vote,0.9210569777043766
PKLot,camera1,camera1,64,3,"(0, 1, 4)",sum,0.9129644921552436
PKLot,camera1,camera1,64,3,"(0, 1, 4)",mean_probs,0.9129644921552436
PKLot,camera1,camera1,64,3,"(0, 1, 4)",max,0.9144508670520232
PKLot,camera1,camera1,64,3,"(0, 1, 4)",mult,0.9144508670520232
PKLot,camera1,camera1,64,3,"(0, 1, 4)",vote,0.9099917423616846
PKLot,camera1,camera1,64,3,"(0, 1, 5)",sum,0.9179190751445087
PKLot,camera1,camera1,64,3,"(0, 1, 5)",mean_probs,0.9179190751445087
PKLot,camera1,camera1,64,3,"(0, 1, 5)",max,0.9190751445086706
PKLot,camera1,camera1,64,3,"(0, 1, 5)",mult,0.9180842279108175
PKLot,camera1,camera1,64,3,"(0, 1, 5)",vote,0.9212221304706854
PKLot,camera1,camera1,64,3,"(0, 1, 6)",sum,0.9162675474814204
PKLot,camera1,camera1,64,3,"(0, 1, 6)",mean_probs,0.9162675474814204
PKLot,camera1,camera1,64,3,"(0, 1, 6)",max,0.915606936416185
PKLot,camera1,camera1,64,3,"(0, 1, 6)",mult,0.9167630057803469
PKLot,camera1,camera1,64,3,"(0, 1, 6)",vote,0.9169281585466557
PKLot,camera1,camera1,64,3,"(0, 1, 7)",sum,0.935590421139554
PKLot,camera1,camera1,64,3,"(0, 1, 7)",mean_probs,0.935590421139554
PKLot,camera1,camera1,64,3,"(0, 1, 7)",max,0.9339388934764657
PKLot,camera1,camera1,64,3,"(0, 1, 7)",mult,0.9359207266721717
PKLot,camera1,camera1,64,3,"(0, 1, 7)",vote,0.9321222130470685
PKLot,camera1,camera1,64,3,"(0, 1, 8)",sum,0.9230388109000826
PKLot,camera1,camera1,64,3,"(0, 1, 8)",mean_probs,0.9230388109000826
PKLot,camera1,camera1,64,3,"(0, 1, 8)",max,0.924690338563171
PKLot,camera1,camera1,64,3,"(0, 1, 8)",mult,0.9243600330305533
PKLot,camera1,camera1,64,3,"(0, 1, 8)",vote,0.9210569777043766
PKLot,camera1,camera1,64,3,"(0, 1, 9)",sum,0.9042113955408753
PKLot,camera1,camera1,64,3,"(0, 1, 9)",mean_probs,0.9042113955408753
PKLot,camera1,camera1,64,3,"(0, 1, 9)",max,0.911643270024773
PKLot,camera1,camera1,64,3,"(0, 1, 9)",mult,0.9098265895953758
PKLot,camera1,camera1,64,3,"(0, 1, 9)",vote,0.8984310487200661
PKLot,camera1,camera1,64,3,"(0, 2, 3)",sum,0.9250206440957887
PKLot,camera1,camera1,64,3,"(0, 2, 3)",mean_probs,0.9250206440957887
PKLot,camera1,camera1,64,3,"(0, 2, 3)",max,0.924525185796862
PKLot,camera1,camera1,64,3,"(0, 2, 3)",mult,0.9253509496284062
PKLot,camera1,camera1,64,3,"(0, 2, 3)",vote,0.9258464079273327
PKLot,camera1,camera1,64,3,"(0, 2, 4)",sum,0.9253509496284062
PKLot,camera1,camera1,64,3,"(0, 2, 4)",mean_probs,0.9253509496284062
PKLot,camera1,camera1,64,3,"(0, 2, 4)",max,0.9230388109000826
PKLot,camera1,camera1,64,3,"(0, 2, 4)",mult,0.9255161023947152
PKLot,camera1,camera1,64,3,"(0, 2, 4)",vote,0.9278282411230389
PKLot,camera1,camera1,64,3,"(0, 2, 5)",sum,0.9294797687861271
PKLot,camera1,camera1,64,3,"(0, 2, 5)",mean_probs,0.9294797687861271
PKLot,camera1,camera1,64,3,"(0, 2, 5)",max,0.9271676300578034
PKLot,camera1,camera1,64,3,"(0, 2, 5)",mult,0.9294797687861271
PKLot,camera1,camera1,64,3,"(0, 2, 5)",vote,0.9294797687861271
PKLot,camera1,camera1,64,3,"(0, 2, 6)",sum,0.923534269199009
PKLot,camera1,camera1,64,3,"(0, 2, 6)",mean_probs,0.923534269199009
PKLot,camera1,camera1,64,3,"(0, 2, 6)",max,0.9243600330305533
PKLot,camera1,camera1,64,3,"(0, 2, 6)",mult,0.923534269199009
PKLot,camera1,camera1,64,3,"(0, 2, 6)",vote,0.922708505367465
PKLot,camera1,camera1,64,3,"(0, 2, 7)",sum,0.9380677126341866
PKLot,camera1,camera1,64,3,"(0, 2, 7)",mean_probs,0.9380677126341866
PKLot,camera1,camera1,64,3,"(0, 2, 7)",max,0.9370767960363336
PKLot,camera1,camera1,64,3,"(0, 2, 7)",mult,0.9382328654004954
PKLot,camera1,camera1,64,3,"(0, 2, 7)",vote,0.934599504541701
PKLot,camera1,camera1,64,3,"(0, 2, 8)",sum,0.9334434351775392
PKLot,camera1,camera1,64,3,"(0, 2, 8)",mean_probs,0.9334434351775392
PKLot,camera1,camera1,64,3,"(0, 2, 8)",max,0.932617671345995
PKLot,camera1,camera1,64,3,"(0, 2, 8)",mult,0.9331131296449215
PKLot,camera1,camera1,64,3,"(0, 2, 8)",vote,0.9321222130470685
PKLot,camera1,camera1,64,3,"(0, 2, 9)",sum,0.9232039636663915
PKLot,camera1,camera1,64,3,"(0, 2, 9)",mean_probs,0.9232039636663915
PKLot,camera1,camera1,64,3,"(0, 2, 9)",max,0.9213872832369943
PKLot,camera1,camera1,64,3,"(0, 2, 9)",mult,0.9233691164327003
PKLot,camera1,camera1,64,3,"(0, 2, 9)",vote,0.9228736581337738
PKLot,camera1,camera1,64,3,"(0, 3, 4)",sum,0.9162675474814204
PKLot,camera1,camera1,64,3,"(0, 3, 4)",mean_probs,0.9162675474814204
PKLot,camera1,camera1,64,3,"(0, 3, 4)",max,0.9149463253509497
PKLot,camera1,camera1,64,3,"(0, 3, 4)",mult,0.9159372419488027
PKLot,camera1,camera1,64,3,"(0, 3, 4)",vote,0.9179190751445087
PKLot,camera1,camera1,64,3,"(0, 3, 5)",sum,0.9218827415359208
PKLot,camera1,camera1,64,3,"(0, 3, 5)",mean_probs,0.9218827415359208
PKLot,camera1,camera1,64,3,"(0, 3, 5)",max,0.9200660611065236
PKLot,camera1,camera1,64,3,"(0, 3, 5)",mult,0.9217175887696119
PKLot,camera1,camera1,64,3,"(0, 3, 5)",vote,0.9210569777043766
PKLot,camera1,camera1,64,3,"(0, 3, 6)",sum,0.9137902559867878
PKLot,camera1,camera1,64,3,"(0, 3, 6)",mean_probs,0.9137902559867878
PKLot,camera1,camera1,64,3,"(0, 3, 6)",max,0.9154417836498762
PKLot,camera1,camera1,64,3,"(0, 3, 6)",mult,0.9137902559867878
PKLot,camera1,camera1,64,3,"(0, 3, 6)",vote,0.911643270024773
PKLot,camera1,camera1,64,3,"(0, 3, 7)",sum,0.9350949628406275
PKLot,camera1,camera1,64,3,"(0, 3, 7)",mean_probs,0.9350949628406275
PKLot,camera1,camera1,64,3,"(0, 3, 7)",max,0.9344343517753922
PKLot,camera1,camera1,64,3,"(0, 3, 7)",mult,0.9360858794384805
PKLot,camera1,camera1,64,3,"(0, 3, 7)",vote,0.9349298100743187
PKLot,camera1,camera1,64,3,"(0, 3, 8)",sum,0.9279933938893477
PKLot,camera1,camera1,64,3,"(0, 3, 8)",mean_probs,0.9279933938893477
PKLot,camera1,camera1,64,3,"(0, 3, 8)",max,0.9255161023947152
PKLot,camera1,camera1,64,3,"(0, 3, 8)",mult,0.9281585466556564
PKLot,camera1,camera1,64,3,"(0, 3, 8)",vote,0.9289843104872006
PKLot,camera1,camera1,64,3,"(0, 3, 9)",sum,0.9113129644921553
PKLot,camera1,camera1,64,3,"(0, 3, 9)",mean_probs,0.9113129644921553
PKLot,camera1,camera1,64,3,"(0, 3, 9)",max,0.9124690338563171
PKLot,camera1,camera1,64,3,"(0, 3, 9)",mult,0.9119735755573906
PKLot,camera1,camera1,64,3,"(0, 3, 9)",vote,0.9118084227910818
PKLot,camera1,camera1,64,3,"(0, 4, 5)",sum,0.9184145334434352
PKLot,camera1,camera1,64,3,"(0, 4, 5)",mean_probs,0.9184145334434352
PKLot,camera1,camera1,64,3,"(0, 4, 5)",max,0.9197357555739059
PKLot,camera1,camera1,64,3,"(0, 4, 5)",mult,0.9194054500412882
PKLot,camera1,camera1,64,3,"(0, 4, 5)",vote,0.9170933113129645
PKLot,camera1,camera1,64,3,"(0, 4, 6)",sum,0.9141205615194055
PKLot,camera1,camera1,64,3,"(0, 4, 6)",mean_probs,0.9141205615194055
PKLot,camera1,camera1,64,3,"(0, 4, 6)",max,0.9161023947151115
PKLot,camera1,camera1,64,3,"(0, 4, 6)",mult,0.9154417836498762
PKLot,camera1,camera1,64,3,"(0, 4, 6)",vote,0.912634186622626
PKLot,camera1,camera1,64,3,"(0, 4, 7)",sum,0.9332782824112303
PKLot,camera1,camera1,64,3,"(0, 4, 7)",mean_probs,0.9332782824112303
PKLot,camera1,camera1,64,3,"(0, 4, 7)",max,0.9344343517753922
PKLot,camera1,camera1,64,3,"(0, 4, 7)",mult,0.9339388934764657
PKLot,camera1,camera1,64,3,"(0, 4, 7)",vote,0.9319570602807598
PKLot,camera1,camera1,64,3,"(0, 4, 8)",sum,0.9253509496284062
PKLot,camera1,camera1,64,3,"(0, 4, 8)",mean_probs,0.9253509496284062
PKLot,camera1,camera1,64,3,"(0, 4, 8)",max,0.9253509496284062
PKLot,camera1,camera1,64,3,"(0, 4, 8)",mult,0.9263418662262592
PKLot,camera1,camera1,64,3,"(0, 4, 8)",vote,0.925681255161024
PKLot,camera1,camera1,64,3,"(0, 4, 9)",sum,0.9010734929810075
PKLot,camera1,camera1,64,3,"(0, 4, 9)",mean_probs,0.9010734929810075
PKLot,camera1,camera1,64,3,"(0, 4, 9)",max,0.9159372419488027
PKLot,camera1,camera1,64,3,"(0, 4, 9)",mult,0.9071841453344344
PKLot,camera1,camera1,64,3,"(0, 4, 9)",vote,0.8919900908340215
PKLot,camera1,camera1,64,3,"(0, 5, 6)",sum,0.9208918249380678
PKLot,camera1,camera1,64,3,"(0, 5, 6)",mean_probs,0.9208918249380678
PKLot,camera1,camera1,64,3,"(0, 5, 6)",max,0.9210569777043766
PKLot,camera1,camera1,64,3,"(0, 5, 6)",mult,0.9213872832369943
PKLot,camera1,camera1,64,3,"(0, 5, 6)",vote,0.9170933113129645
PKLot,camera1,camera1,64,3,"(0, 5, 7)",sum,0.9375722543352601
PKLot,camera1,camera1,64,3,"(0, 5, 7)",mean_probs,0.9375722543352601
PKLot,camera1,camera1,64,3,"(0, 5, 7)",max,0.9344343517753922
PKLot,camera1,camera1,64,3,"(0, 5, 7)",mult,0.9372419488026424
PKLot,camera1,camera1,64,3,"(0, 5, 7)",vote,0.9370767960363336
PKLot,camera1,camera1,64,3,"(0, 5, 8)",sum,0.9303055326176713
PKLot,camera1,camera1,64,3,"(0, 5, 8)",mean_probs,0.9303055326176713
PKLot,camera1,camera1,64,3,"(0, 5, 8)",max,0.9260115606936417
PKLot,camera1,camera1,64,3,"(0, 5, 8)",mult,0.9288191577208919
PKLot,camera1,camera1,64,3,"(0, 5, 8)",vote,0.9317919075144508
PKLot,camera1,camera1,64,3,"(0, 5, 9)",sum,0.9144508670520232
PKLot,camera1,camera1,64,3,"(0, 5, 9)",mean_probs,0.9144508670520232
PKLot,camera1,camera1,64,3,"(0, 5, 9)",max,0.9172584640792734
PKLot,camera1,camera1,64,3,"(0, 5, 9)",mult,0.916597853014038
PKLot,camera1,camera1,64,3,"(0, 5, 9)",vote,0.9118084227910818
PKLot,camera1,camera1,64,3,"(0, 6, 7)",sum,0.9312964492155243
PKLot,camera1,camera1,64,3,"(0, 6, 7)",mean_probs,0.9312964492155243
PKLot,camera1,camera1,64,3,"(0, 6, 7)",max,0.9317919075144508
PKLot,camera1,camera1,64,3,"(0, 6, 7)",mult,0.932617671345995
PKLot,camera1,camera1,64,3,"(0, 6, 7)",vote,0.9293146160198184
PKLot,camera1,camera1,64,3,"(0, 6, 8)",sum,0.9241948802642445
PKLot,camera1,camera1,64,3,"(0, 6, 8)",mean_probs,0.9241948802642445
PKLot,camera1,camera1,64,3,"(0, 6, 8)",max,0.9238645747316268
PKLot,camera1,camera1,64,3,"(0, 6, 8)",mult,0.9240297274979355
PKLot,camera1,camera1,64,3,"(0, 6, 8)",vote,0.9228736581337738
PKLot,camera1,camera1,64,3,"(0, 6, 9)",sum,0.9101568951279934
PKLot,camera1,camera1,64,3,"(0, 6, 9)",mean_probs,0.9101568951279934
PKLot,camera1,camera1,64,3,"(0, 6, 9)",max,0.9123038810900083
PKLot,camera1,camera1,64,3,"(0, 6, 9)",mult,0.911643270024773
PKLot,camera1,camera1,64,3,"(0, 6, 9)",vote,0.906523534269199
PKLot,camera1,camera1,64,3,"(0, 7, 8)",sum,0.9402146985962014
PKLot,camera1,camera1,64,3,"(0, 7, 8)",mean_probs,0.9402146985962014
PKLot,camera1,camera1,64,3,"(0, 7, 8)",max,0.9377374071015689
PKLot,camera1,camera1,64,3,"(0, 7, 8)",mult,0.9390586292320396
PKLot,camera1,camera1,64,3,"(0, 7, 8)",vote,0.9372419488026424
PKLot,camera1,camera1,64,3,"(0, 7, 9)",sum,0.9332782824112303
PKLot,camera1,camera1,64,3,"(0, 7, 9)",mean_probs,0.9332782824112303
PKLot,camera1,camera1,64,3,"(0, 7, 9)",max,0.9331131296449215
PKLot,camera1,camera1,64,3,"(0, 7, 9)",mult,0.9354252683732452
PKLot,camera1,camera1,64,3,"(0, 7, 9)",vote,0.9304706853839801
PKLot,camera1,camera1,64,3,"(0, 8, 9)",sum,0.9223781998348473
PKLot,camera1,camera1,64,3,"(0, 8, 9)",mean_probs,0.9223781998348473
PKLot,camera1,camera1,64,3,"(0, 8, 9)",max,0.9228736581337738
PKLot,camera1,camera1,64,3,"(0, 8, 9)",mult,0.9248554913294798
PKLot,camera1,camera1,64,3,"(0, 8, 9)",vote,0.9199009083402147
PKLot,camera1,camera1,64,3,"(1, 2, 3)",sum,0.914616019818332
PKLot,camera1,camera1,64,3,"(1, 2, 3)",mean_probs,0.914616019818332
PKLot,camera1,camera1,64,3,"(1, 2, 3)",max,0.9132947976878613
PKLot,camera1,camera1,64,3,"(1, 2, 3)",mult,0.9151114781172585
PKLot,camera1,camera1,64,3,"(1, 2, 3)",vote,0.9174236168455822
PKLot,camera1,camera1,64,3,"(1, 2, 4)",sum,0.9094962840627581
PKLot,camera1,camera1,64,3,"(1, 2, 4)",mean_probs,0.9094962840627581
PKLot,camera1,camera1,64,3,"(1, 2, 4)",max,0.9096614368290669
PKLot,camera1,camera1,64,3,"(1, 2, 4)",mult,0.9096614368290669
PKLot,camera1,camera1,64,3,"(1, 2, 4)",vote,0.9106523534269199
PKLot,camera1,camera1,64,3,"(1, 2, 5)",sum,0.9197357555739059
PKLot,camera1,camera1,64,3,"(1, 2, 5)",mean_probs,0.9197357555739059
PKLot,camera1,camera1,64,3,"(1, 2, 5)",max,0.9180842279108175
PKLot,camera1,camera1,64,3,"(1, 2, 5)",mult,0.9190751445086706
PKLot,camera1,camera1,64,3,"(1, 2, 5)",vote,0.9208918249380678
PKLot,camera1,camera1,64,3,"(1, 2, 6)",sum,0.9142857142857143
PKLot,camera1,camera1,64,3,"(1, 2, 6)",mean_probs,0.9142857142857143
PKLot,camera1,camera1,64,3,"(1, 2, 6)",max,0.912634186622626
PKLot,camera1,camera1,64,3,"(1, 2, 6)",mult,0.913625103220479
PKLot,camera1,camera1,64,3,"(1, 2, 6)",vote,0.9144508670520232
PKLot,camera1,camera1,64,3,"(1, 2, 7)",sum,0.9308009909165978
PKLot,camera1,camera1,64,3,"(1, 2, 7)",mean_probs,0.9308009909165978
PKLot,camera1,camera1,64,3,"(1, 2, 7)",max,0.9309661436829066
PKLot,camera1,camera1,64,3,"(1, 2, 7)",mult,0.9321222130470685
PKLot,camera1,camera1,64,3,"(1, 2, 7)",vote,0.928654004954583
PKLot,camera1,camera1,64,3,"(1, 2, 8)",sum,0.9240297274979355
PKLot,camera1,camera1,64,3,"(1, 2, 8)",mean_probs,0.9240297274979355
PKLot,camera1,camera1,64,3,"(1, 2, 8)",max,0.9251857968620975
PKLot,camera1,camera1,64,3,"(1, 2, 8)",mult,0.9243600330305533
PKLot,camera1,camera1,64,3,"(1, 2, 8)",vote,0.9190751445086706
PKLot,camera1,camera1,64,3,"(1, 2, 9)",sum,0.9052023121387284
PKLot,camera1,camera1,64,3,"(1, 2, 9)",mean_probs,0.9052023121387284
PKLot,camera1,camera1,64,3,"(1, 2, 9)",max,0.9081750619322874
PKLot,camera1,camera1,64,3,"(1, 2, 9)",mult,0.9071841453344344
PKLot,camera1,camera1,64,3,"(1, 2, 9)",vote,0.8994219653179191
PKLot,camera1,camera1,64,3,"(1, 3, 4)",sum,0.9020644095788605
PKLot,camera1,camera1,64,3,"(1, 3, 4)",mean_probs,0.9020644095788605
PKLot,camera1,camera1,64,3,"(1, 3, 4)",max,0.9032204789430223
PKLot,camera1,camera1,64,3,"(1, 3, 4)",mult,0.9033856317093312
PKLot,camera1,camera1,64,3,"(1, 3, 4)",vote,0.9018992568125516
PKLot,camera1,camera1,64,3,"(1, 3, 5)",sum,0.9078447563996697
PKLot,camera1,camera1,64,3,"(1, 3, 5)",mean_probs,0.9078447563996697
PKLot,camera1,camera1,64,3,"(1, 3, 5)",max,0.9081750619322874
PKLot,camera1,camera1,64,3,"(1, 3, 5)",mult,0.9075144508670521
PKLot,camera1,camera1,64,3,"(1, 3, 5)",vote,0.9103220478943023
PKLot,camera1,camera1,64,3,"(1, 3, 6)",sum,0.9027250206440958
PKLot,camera1,camera1,64,3,"(1, 3, 6)",mean_probs,0.9027250206440958
PKLot,camera1,camera1,64,3,"(1, 3, 6)",max,0.902559867877787
PKLot,camera1,camera1,64,3,"(1, 3, 6)",mult,0.9028901734104047
PKLot,camera1,camera1,64,3,"(1, 3, 6)",vote,0.9018992568125516
PKLot,camera1,camera1,64,3,"(1, 3, 7)",sum,0.9289843104872006
PKLot,camera1,camera1,64,3,"(1, 3, 7)",mean_probs,0.9289843104872006
PKLot,camera1,camera1,64,3,"(1, 3, 7)",max,0.9298100743187449
PKLot,camera1,camera1,64,3,"(1, 3, 7)",mult,0.9301403798513626
PKLot,camera1,camera1,64,3,"(1, 3, 7)",vote,0.923534269199009
PKLot,camera1,camera1,64,3,"(1, 3, 8)",sum,0.9127993393889348
PKLot,camera1,camera1,64,3,"(1, 3, 8)",mean_probs,0.9127993393889348
PKLot,camera1,camera1,64,3,"(1, 3, 8)",max,0.9199009083402147
PKLot,camera1,camera1,64,3,"(1, 3, 8)",mult,0.9170933113129645
PKLot,camera1,camera1,64,3,"(1, 3, 8)",vote,0.9078447563996697
PKLot,camera1,camera1,64,3,"(1, 3, 9)",sum,0.8929810074318745
PKLot,camera1,camera1,64,3,"(1, 3, 9)",mean_probs,0.8929810074318745
PKLot,camera1,camera1,64,3,"(1, 3, 9)",max,0.8990916597853014
PKLot,camera1,camera1,64,3,"(1, 3, 9)",mult,0.8982658959537573
PKLot,camera1,camera1,64,3,"(1, 3, 9)",vote,0.8875309661436829
PKLot,camera1,camera1,64,3,"(1, 4, 5)",sum,0.9022295623451693
PKLot,camera1,camera1,64,3,"(1, 4, 5)",mean_probs,0.9022295623451693
PKLot,camera1,camera1,64,3,"(1, 4, 5)",max,0.9010734929810075
PKLot,camera1,camera1,64,3,"(1, 4, 5)",mult,0.901568951279934
PKLot,camera1,camera1,64,3,"(1, 4, 5)",vote,0.9075144508670521
PKLot,camera1,camera1,64,3,"(1, 4, 6)",sum,0.9012386457473163
PKLot,camera1,camera1,64,3,"(1, 4, 6)",mean_probs,0.9012386457473163
PKLot,camera1,camera1,64,3,"(1, 4, 6)",max,0.9017341040462428
PKLot,camera1,camera1,64,3,"(1, 4, 6)",mult,0.9012386457473163
PKLot,camera1,camera1,64,3,"(1, 4, 6)",vote,0.9010734929810075
PKLot,camera1,camera1,64,3,"(1, 4, 7)",sum,0.9180842279108175
PKLot,camera1,camera1,64,3,"(1, 4, 7)",mean_probs,0.9180842279108175
PKLot,camera1,camera1,64,3,"(1, 4, 7)",max,0.9281585466556564
PKLot,camera1,camera1,64,3,"(1, 4, 7)",mult,0.924690338563171
PKLot,camera1,camera1,64,3,"(1, 4, 7)",vote,0.9108175061932288
PKLot,camera1,camera1,64,3,"(1, 4, 8)",sum,0.9075144508670521
PKLot,camera1,camera1,64,3,"(1, 4, 8)",mean_probs,0.9075144508670521
PKLot,camera1,camera1,64,3,"(1, 4, 8)",max,0.9127993393889348
PKLot,camera1,camera1,64,3,"(1, 4, 8)",mult,0.9113129644921553
PKLot,camera1,camera1,64,3,"(1, 4, 8)",vote,0.9043765483071842
PKLot,camera1,camera1,64,3,"(1, 4, 9)",sum,0.8870355078447564
PKLot,camera1,camera1,64,3,"(1, 4, 9)",mean_probs,0.8870355078447564
PKLot,camera1,camera1,64,3,"(1, 4, 9)",max,0.8888521882741536
PKLot,camera1,camera1,64,3,"(1, 4, 9)",mult,0.8878612716763006
PKLot,camera1,camera1,64,3,"(1, 4, 9)",vote,0.880429397192403
PKLot,camera1,camera1,64,3,"(1, 5, 6)",sum,0.9109826589595376
PKLot,camera1,camera1,64,3,"(1, 5, 6)",mean_probs,0.9109826589595376
PKLot,camera1,camera1,64,3,"(1, 5, 6)",max,0.9090008257638316
PKLot,camera1,camera1,64,3,"(1, 5, 6)",mult,0.9098265895953758
PKLot,camera1,camera1,64,3,"(1, 5, 6)",vote,0.9108175061932288
PKLot,camera1,camera1,64,3,"(1, 5, 7)",sum,0.923699421965318
PKLot,camera1,camera1,64,3,"(1, 5, 7)",mean_probs,0.923699421965318
PKLot,camera1,camera1,64,3,"(1, 5, 7)",max,0.9309661436829066
PKLot,camera1,camera1,64,3,"(1, 5, 7)",mult,0.928654004954583
PKLot,camera1,camera1,64,3,"(1, 5, 7)",vote,0.9222130470685383
PKLot,camera1,camera1,64,3,"(1, 5, 8)",sum,0.9147811725846408
PKLot,camera1,camera1,64,3,"(1, 5, 8)",mean_probs,0.9147811725846408
PKLot,camera1,camera1,64,3,"(1, 5, 8)",max,0.9199009083402147
PKLot,camera1,camera1,64,3,"(1, 5, 8)",mult,0.9180842279108175
PKLot,camera1,camera1,64,3,"(1, 5, 8)",vote,0.9127993393889348
PKLot,camera1,camera1,64,3,"(1, 5, 9)",sum,0.8974401321222131
PKLot,camera1,camera1,64,3,"(1, 5, 9)",mean_probs,0.8974401321222131
PKLot,camera1,camera1,64,3,"(1, 5, 9)",max,0.8999174236168456
PKLot,camera1,camera1,64,3,"(1, 5, 9)",mult,0.8989265070189926
PKLot,camera1,camera1,64,3,"(1, 5, 9)",vote,0.8946325350949629
PKLot,camera1,camera1,64,3,"(1, 6, 7)",sum,0.9220478943022296
PKLot,camera1,camera1,64,3,"(1, 6, 7)",mean_probs,0.9220478943022296
PKLot,camera1,camera1,64,3,"(1, 6, 7)",max,0.9271676300578034
PKLot,camera1,camera1,64,3,"(1, 6, 7)",mult,0.9253509496284062
PKLot,camera1,camera1,64,3,"(1, 6, 7)",vote,0.9184145334434352
PKLot,camera1,camera1,64,3,"(1, 6, 8)",sum,0.9099917423616846
PKLot,camera1,camera1,64,3,"(1, 6, 8)",mean_probs,0.9099917423616846
PKLot,camera1,camera1,64,3,"(1, 6, 8)",max,0.9161023947151115
PKLot,camera1,camera1,64,3,"(1, 6, 8)",mult,0.9129644921552436
PKLot,camera1,camera1,64,3,"(1, 6, 8)",vote,0.9061932287365814
PKLot,camera1,camera1,64,3,"(1, 6, 9)",sum,0.8921552436003303
PKLot,camera1,camera1,64,3,"(1, 6, 9)",mean_probs,0.8921552436003303
PKLot,camera1,camera1,64,3,"(1, 6, 9)",max,0.8966143682906689
PKLot,camera1,camera1,64,3,"(1, 6, 9)",mult,0.8952931461601982
PKLot,camera1,camera1,64,3,"(1, 6, 9)",vote,0.8853839801816681
PKLot,camera1,camera1,64,3,"(1, 7, 8)",sum,0.9303055326176713
PKLot,camera1,camera1,64,3,"(1, 7, 8)",mean_probs,0.9303055326176713
PKLot,camera1,camera1,64,3,"(1, 7, 8)",max,0.932617671345995
PKLot,camera1,camera1,64,3,"(1, 7, 8)",mult,0.933608587943848
PKLot,camera1,camera1,64,3,"(1, 7, 8)",vote,0.9271676300578034
PKLot,camera1,camera1,64,3,"(1, 7, 9)",sum,0.9124690338563171
PKLot,camera1,camera1,64,3,"(1, 7, 9)",mean_probs,0.9124690338563171
PKLot,camera1,camera1,64,3,"(1, 7, 9)",max,0.9278282411230389
PKLot,camera1,camera1,64,3,"(1, 7, 9)",mult,0.9230388109000826
PKLot,camera1,camera1,64,3,"(1, 7, 9)",vote,0.8990916597853014
PKLot,camera1,camera1,64,3,"(1, 8, 9)",sum,0.9014037985136251
PKLot,camera1,camera1,64,3,"(1, 8, 9)",mean_probs,0.9014037985136251
PKLot,camera1,camera1,64,3,"(1, 8, 9)",max,0.9088356729975227
PKLot,camera1,camera1,64,3,"(1, 8, 9)",mult,0.9056977704376549
PKLot,camera1,camera1,64,3,"(1, 8, 9)",vote,0.8916597853014038
PKLot,camera1,camera1,64,3,"(2, 3, 4)",sum,0.91345995045417
PKLot,camera1,camera1,64,3,"(2, 3, 4)",mean_probs,0.91345995045417
PKLot,camera1,camera1,64,3,"(2, 3, 4)",max,0.9113129644921553
PKLot,camera1,camera1,64,3,"(2, 3, 4)",mult,0.9129644921552436
PKLot,camera1,camera1,64,3,"(2, 3, 4)",vote,0.9169281585466557
PKLot,camera1,camera1,64,3,"(2, 3, 5)",sum,0.9190751445086706
PKLot,camera1,camera1,64,3,"(2, 3, 5)",mean_probs,0.9190751445086706
PKLot,camera1,camera1,64,3,"(2, 3, 5)",max,0.9179190751445087
PKLot,camera1,camera1,64,3,"(2, 3, 5)",mult,0.9200660611065236
PKLot,camera1,camera1,64,3,"(2, 3, 5)",vote,0.9217175887696119
PKLot,camera1,camera1,64,3,"(2, 3, 6)",sum,0.9118084227910818
PKLot,camera1,camera1,64,3,"(2, 3, 6)",mean_probs,0.9118084227910818
PKLot,camera1,camera1,64,3,"(2, 3, 6)",max,0.9139554087530967
PKLot,camera1,camera1,64,3,"(2, 3, 6)",mult,0.9124690338563171
PKLot,camera1,camera1,64,3,"(2, 3, 6)",vote,0.9101568951279934
PKLot,camera1,camera1,64,3,"(2, 3, 7)",sum,0.9334434351775392
PKLot,camera1,camera1,64,3,"(2, 3, 7)",mean_probs,0.9334434351775392
PKLot,camera1,camera1,64,3,"(2, 3, 7)",max,0.9339388934764657
PKLot,camera1,camera1,64,3,"(2, 3, 7)",mult,0.9334434351775392
PKLot,camera1,camera1,64,3,"(2, 3, 7)",vote,0.9291494632535094
PKLot,camera1,camera1,64,3,"(2, 3, 8)",sum,0.9251857968620975
PKLot,camera1,camera1,64,3,"(2, 3, 8)",mean_probs,0.9251857968620975
PKLot,camera1,camera1,64,3,"(2, 3, 8)",max,0.9251857968620975
PKLot,camera1,camera1,64,3,"(2, 3, 8)",mult,0.9255161023947152
PKLot,camera1,camera1,64,3,"(2, 3, 8)",vote,0.9220478943022296
PKLot,camera1,camera1,64,3,"(2, 3, 9)",sum,0.9083402146985962
PKLot,camera1,camera1,64,3,"(2, 3, 9)",mean_probs,0.9083402146985962
PKLot,camera1,camera1,64,3,"(2, 3, 9)",max,0.9086705202312139
PKLot,camera1,camera1,64,3,"(2, 3, 9)",mult,0.9098265895953758
PKLot,camera1,camera1,64,3,"(2, 3, 9)",vote,0.9108175061932288
PKLot,camera1,camera1,64,3,"(2, 4, 5)",sum,0.9151114781172585
PKLot,camera1,camera1,64,3,"(2, 4, 5)",mean_probs,0.9151114781172585
PKLot,camera1,camera1,64,3,"(2, 4, 5)",max,0.9141205615194055
PKLot,camera1,camera1,64,3,"(2, 4, 5)",mult,0.9149463253509497
PKLot,camera1,camera1,64,3,"(2, 4, 5)",vote,0.9170933113129645
PKLot,camera1,camera1,64,3,"(2, 4, 6)",sum,0.9121387283236995
PKLot,camera1,camera1,64,3,"(2, 4, 6)",mean_probs,0.9121387283236995
PKLot,camera1,camera1,64,3,"(2, 4, 6)",max,0.9118084227910818
PKLot,camera1,camera1,64,3,"(2, 4, 6)",mult,0.9124690338563171
PKLot,camera1,camera1,64,3,"(2, 4, 6)",vote,0.9101568951279934
PKLot,camera1,camera1,64,3,"(2, 4, 7)",sum,0.9303055326176713
PKLot,camera1,camera1,64,3,"(2, 4, 7)",mean_probs,0.9303055326176713
PKLot,camera1,camera1,64,3,"(2, 4, 7)",max,0.9317919075144508
PKLot,camera1,camera1,64,3,"(2, 4, 7)",mult,0.9321222130470685
PKLot,camera1,camera1,64,3,"(2, 4, 7)",vote,0.9278282411230389
PKLot,camera1,camera1,64,3,"(2, 4, 8)",sum,0.9223781998348473
PKLot,camera1,camera1,64,3,"(2, 4, 8)",mean_probs,0.9223781998348473
PKLot,camera1,camera1,64,3,"(2, 4, 8)",max,0.9213872832369943
PKLot,camera1,camera1,64,3,"(2, 4, 8)",mult,0.922543352601156
PKLot,camera1,camera1,64,3,"(2, 4, 8)",vote,0.9217175887696119
PKLot,camera1,camera1,64,3,"(2, 4, 9)",sum,0.8985962014863749
PKLot,camera1,camera1,64,3,"(2, 4, 9)",mean_probs,0.8985962014863749
PKLot,camera1,camera1,64,3,"(2, 4, 9)",max,0.9073492981007432
PKLot,camera1,camera1,64,3,"(2, 4, 9)",mult,0.9012386457473163
PKLot,camera1,camera1,64,3,"(2, 4, 9)",vote,0.8893476465730801
PKLot,camera1,camera1,64,3,"(2, 5, 6)",sum,0.9192402972749794
PKLot,camera1,camera1,64,3,"(2, 5, 6)",mean_probs,0.9192402972749794
PKLot,camera1,camera1,64,3,"(2, 5, 6)",max,0.9189099917423617
PKLot,camera1,camera1,64,3,"(2, 5, 6)",mult,0.9189099917423617
PKLot,camera1,camera1,64,3,"(2, 5, 6)",vote,0.917588769611891
PKLot,camera1,camera1,64,3,"(2, 5, 7)",sum,0.9322873658133773
PKLot,camera1,camera1,64,3,"(2, 5, 7)",mean_probs,0.9322873658133773
PKLot,camera1,camera1,64,3,"(2, 5, 7)",max,0.9341040462427745
PKLot,camera1,camera1,64,3,"(2, 5, 7)",mult,0.93476465730801
PKLot,camera1,camera1,64,3,"(2, 5, 7)",vote,0.932617671345995
PKLot,camera1,camera1,64,3,"(2, 5, 8)",sum,0.926672171758877
PKLot,camera1,camera1,64,3,"(2, 5, 8)",mean_probs,0.926672171758877
PKLot,camera1,camera1,64,3,"(2, 5, 8)",max,0.9253509496284062
PKLot,camera1,camera1,64,3,"(2, 5, 8)",mult,0.9260115606936417
PKLot,camera1,camera1,64,3,"(2, 5, 8)",vote,0.9271676300578034
PKLot,camera1,camera1,64,3,"(2, 5, 9)",sum,0.9139554087530967
PKLot,camera1,camera1,64,3,"(2, 5, 9)",mean_probs,0.9139554087530967
PKLot,camera1,camera1,64,3,"(2, 5, 9)",max,0.9121387283236995
PKLot,camera1,camera1,64,3,"(2, 5, 9)",mult,0.9142857142857143
PKLot,camera1,camera1,64,3,"(2, 5, 9)",vote,0.9104872006606111
PKLot,camera1,camera1,64,3,"(2, 6, 7)",sum,0.9279933938893477
PKLot,camera1,camera1,64,3,"(2, 6, 7)",mean_probs,0.9279933938893477
PKLot,camera1,camera1,64,3,"(2, 6, 7)",max,0.9304706853839801
PKLot,camera1,camera1,64,3,"(2, 6, 7)",mult,0.9293146160198184
PKLot,camera1,camera1,64,3,"(2, 6, 7)",vote,0.9270024772914947
PKLot,camera1,camera1,64,3,"(2, 6, 8)",sum,0.922543352601156
PKLot,camera1,camera1,64,3,"(2, 6, 8)",mean_probs,0.922543352601156
PKLot,camera1,camera1,64,3,"(2, 6, 8)",max,0.9232039636663915
PKLot,camera1,camera1,64,3,"(2, 6, 8)",mult,0.922543352601156
PKLot,camera1,camera1,64,3,"(2, 6, 8)",vote,0.9203963666391412
PKLot,camera1,camera1,64,3,"(2, 6, 9)",sum,0.9076796036333609
PKLot,camera1,camera1,64,3,"(2, 6, 9)",mean_probs,0.9076796036333609
PKLot,camera1,camera1,64,3,"(2, 6, 9)",max,0.9075144508670521
PKLot,camera1,camera1,64,3,"(2, 6, 9)",mult,0.9083402146985962
PKLot,camera1,camera1,64,3,"(2, 6, 9)",vote,0.9050371593724195
PKLot,camera1,camera1,64,3,"(2, 7, 8)",sum,0.9369116432700247
PKLot,camera1,camera1,64,3,"(2, 7, 8)",mean_probs,0.9369116432700247
PKLot,camera1,camera1,64,3,"(2, 7, 8)",max,0.9352601156069364
PKLot,camera1,camera1,64,3,"(2, 7, 8)",mult,0.9369116432700247
PKLot,camera1,camera1,64,3,"(2, 7, 8)",vote,0.9341040462427745
PKLot,camera1,camera1,64,3,"(2, 7, 9)",sum,0.9289843104872006
PKLot,camera1,camera1,64,3,"(2, 7, 9)",mean_probs,0.9289843104872006
PKLot,camera1,camera1,64,3,"(2, 7, 9)",max,0.9303055326176713
PKLot,camera1,camera1,64,3,"(2, 7, 9)",mult,0.9303055326176713
PKLot,camera1,camera1,64,3,"(2, 7, 9)",vote,0.9243600330305533
PKLot,camera1,camera1,64,3,"(2, 8, 9)",sum,0.9200660611065236
PKLot,camera1,camera1,64,3,"(2, 8, 9)",mean_probs,0.9200660611065236
PKLot,camera1,camera1,64,3,"(2, 8, 9)",max,0.9203963666391412
PKLot,camera1,camera1,64,3,"(2, 8, 9)",mult,0.921552436003303
PKLot,camera1,camera1,64,3,"(2, 8, 9)",vote,0.9149463253509497
PKLot,camera1,camera1,64,3,"(3, 4, 5)",sum,0.9083402146985962
PKLot,camera1,camera1,64,3,"(3, 4, 5)",mean_probs,0.9083402146985962
PKLot,camera1,camera1,64,3,"(3, 4, 5)",max,0.9048720066061107
PKLot,camera1,camera1,64,3,"(3, 4, 5)",mult,0.9085053674649051
PKLot,camera1,camera1,64,3,"(3, 4, 5)",vote,0.9119735755573906
PKLot,camera1,camera1,64,3,"(3, 4, 6)",sum,0.8997522708505368
PKLot,camera1,camera1,64,3,"(3, 4, 6)",mean_probs,0.8997522708505368
PKLot,camera1,camera1,64,3,"(3, 4, 6)",max,0.900578034682081
PKLot,camera1,camera1,64,3,"(3, 4, 6)",mult,0.900578034682081
PKLot,camera1,camera1,64,3,"(3, 4, 6)",vote,0.8994219653179191
PKLot,camera1,camera1,64,3,"(3, 4, 7)",sum,0.92766308835673
PKLot,camera1,camera1,64,3,"(3, 4, 7)",mean_probs,0.92766308835673
PKLot,camera1,camera1,64,3,"(3, 4, 7)",max,0.9314616019818331
PKLot,camera1,camera1,64,3,"(3, 4, 7)",mult,0.9308009909165978
PKLot,camera1,camera1,64,3,"(3, 4, 7)",vote,0.9218827415359208
PKLot,camera1,camera1,64,3,"(3, 4, 8)",sum,0.9139554087530967
PKLot,camera1,camera1,64,3,"(3, 4, 8)",mean_probs,0.9139554087530967
PKLot,camera1,camera1,64,3,"(3, 4, 8)",max,0.9172584640792734
PKLot,camera1,camera1,64,3,"(3, 4, 8)",mult,0.9177539223781999
PKLot,camera1,camera1,64,3,"(3, 4, 8)",vote,0.9113129644921553
PKLot,camera1,camera1,64,3,"(3, 4, 9)",sum,0.8923203963666392
PKLot,camera1,camera1,64,3,"(3, 4, 9)",mean_probs,0.8923203963666392
PKLot,camera1,camera1,64,3,"(3, 4, 9)",max,0.8992568125516103
PKLot,camera1,camera1,64,3,"(3, 4, 9)",mult,0.8964492155243601
PKLot,camera1,camera1,64,3,"(3, 4, 9)",vote,0.8835672997522709
PKLot,camera1,camera1,64,3,"(3, 5, 6)",sum,0.9071841453344344
PKLot,camera1,camera1,64,3,"(3, 5, 6)",mean_probs,0.9071841453344344
PKLot,camera1,camera1,64,3,"(3, 5, 6)",max,0.9083402146985962
PKLot,camera1,camera1,64,3,"(3, 5, 6)",mult,0.9085053674649051
PKLot,camera1,camera1,64,3,"(3, 5, 6)",vote,0.9063583815028902
PKLot,camera1,camera1,64,3,"(3, 5, 7)",sum,0.9303055326176713
PKLot,camera1,camera1,64,3,"(3, 5, 7)",mean_probs,0.9303055326176713
PKLot,camera1,camera1,64,3,"(3, 5, 7)",max,0.9319570602807598
PKLot,camera1,camera1,64,3,"(3, 5, 7)",mult,0.9314616019818331
PKLot,camera1,camera1,64,3,"(3, 5, 7)",vote,0.9271676300578034
PKLot,camera1,camera1,64,3,"(3, 5, 8)",sum,0.9208918249380678
PKLot,camera1,camera1,64,3,"(3, 5, 8)",mean_probs,0.9208918249380678
PKLot,camera1,camera1,64,3,"(3, 5, 8)",max,0.9203963666391412
PKLot,camera1,camera1,64,3,"(3, 5, 8)",mult,0.922543352601156
PKLot,camera1,camera1,64,3,"(3, 5, 8)",vote,0.9189099917423617
PKLot,camera1,camera1,64,3,"(3, 5, 9)",sum,0.9022295623451693
PKLot,camera1,camera1,64,3,"(3, 5, 9)",mean_probs,0.9022295623451693
PKLot,camera1,camera1,64,3,"(3, 5, 9)",max,0.90355078447564
PKLot,camera1,camera1,64,3,"(3, 5, 9)",mult,0.9042113955408753
PKLot,camera1,camera1,64,3,"(3, 5, 9)",vote,0.9018992568125516
PKLot,camera1,camera1,64,3,"(3, 6, 7)",sum,0.9255161023947152
PKLot,camera1,camera1,64,3,"(3, 6, 7)",mean_probs,0.9255161023947152
PKLot,camera1,camera1,64,3,"(3, 6, 7)",max,0.9301403798513626
PKLot,camera1,camera1,64,3,"(3, 6, 7)",mult,0.9273327828241124
PKLot,camera1,camera1,64,3,"(3, 6, 7)",vote,0.9139554087530967
PKLot,camera1,camera1,64,3,"(3, 6, 8)",sum,0.9127993393889348
PKLot,camera1,camera1,64,3,"(3, 6, 8)",mean_probs,0.9127993393889348
PKLot,camera1,camera1,64,3,"(3, 6, 8)",max,0.9184145334434352
PKLot,camera1,camera1,64,3,"(3, 6, 8)",mult,0.9149463253509497
PKLot,camera1,camera1,64,3,"(3, 6, 8)",vote,0.9085053674649051
PKLot,camera1,camera1,64,3,"(3, 6, 9)",sum,0.8961189099917424
PKLot,camera1,camera1,64,3,"(3, 6, 9)",mean_probs,0.8961189099917424
PKLot,camera1,camera1,64,3,"(3, 6, 9)",max,0.8956234516928159
PKLot,camera1,camera1,64,3,"(3, 6, 9)",mult,0.8979355904211396
PKLot,camera1,camera1,64,3,"(3, 6, 9)",vote,0.893476465730801
PKLot,camera1,camera1,64,3,"(3, 7, 8)",sum,0.9360858794384805
PKLot,camera1,camera1,64,3,"(3, 7, 8)",mean_probs,0.9360858794384805
PKLot,camera1,camera1,64,3,"(3, 7, 8)",max,0.9331131296449215
PKLot,camera1,camera1,64,3,"(3, 7, 8)",mult,0.935590421139554
PKLot,camera1,camera1,64,3,"(3, 7, 8)",vote,0.933608587943848
PKLot,camera1,camera1,64,3,"(3, 7, 9)",sum,0.9263418662262592
PKLot,camera1,camera1,64,3,"(3, 7, 9)",mean_probs,0.9263418662262592
PKLot,camera1,camera1,64,3,"(3, 7, 9)",max,0.9311312964492156
PKLot,camera1,camera1,64,3,"(3, 7, 9)",mult,0.9293146160198184
PKLot,camera1,camera1,64,3,"(3, 7, 9)",vote,0.9139554087530967
PKLot,camera1,camera1,64,3,"(3, 8, 9)",sum,0.9108175061932288
PKLot,camera1,camera1,64,3,"(3, 8, 9)",mean_probs,0.9108175061932288
PKLot,camera1,camera1,64,3,"(3, 8, 9)",max,0.9169281585466557
PKLot,camera1,camera1,64,3,"(3, 8, 9)",mult,0.9147811725846408
PKLot,camera1,camera1,64,3,"(3, 8, 9)",vote,0.9027250206440958
PKLot,camera1,camera1,64,3,"(4, 5, 6)",sum,0.9063583815028902
PKLot,camera1,camera1,64,3,"(4, 5, 6)",mean_probs,0.9063583815028902
PKLot,camera1,camera1,64,3,"(4, 5, 6)",max,0.904541701073493
PKLot,camera1,camera1,64,3,"(4, 5, 6)",mult,0.9058629232039637
PKLot,camera1,camera1,64,3,"(4, 5, 6)",vote,0.9083402146985962
PKLot,camera1,camera1,64,3,"(4, 5, 7)",sum,0.9222130470685383
PKLot,camera1,camera1,64,3,"(4, 5, 7)",mean_probs,0.9222130470685383
PKLot,camera1,camera1,64,3,"(4, 5, 7)",max,0.9309661436829066
PKLot,camera1,camera1,64,3,"(4, 5, 7)",mult,0.9281585466556564
PKLot,camera1,camera1,64,3,"(4, 5, 7)",vote,0.9169281585466557
PKLot,camera1,camera1,64,3,"(4, 5, 8)",sum,0.915606936416185
PKLot,camera1,camera1,64,3,"(4, 5, 8)",mean_probs,0.915606936416185
PKLot,camera1,camera1,64,3,"(4, 5, 8)",max,0.916597853014038
PKLot,camera1,camera1,64,3,"(4, 5, 8)",mult,0.9172584640792734
PKLot,camera1,camera1,64,3,"(4, 5, 8)",vote,0.9123038810900083
PKLot,camera1,camera1,64,3,"(4, 5, 9)",sum,0.8957886044591247
PKLot,camera1,camera1,64,3,"(4, 5, 9)",mean_probs,0.8957886044591247
PKLot,camera1,camera1,64,3,"(4, 5, 9)",max,0.8992568125516103
PKLot,camera1,camera1,64,3,"(4, 5, 9)",mult,0.8969446738232866
PKLot,camera1,camera1,64,3,"(4, 5, 9)",vote,0.8890173410404625
PKLot,camera1,camera1,64,3,"(4, 6, 7)",sum,0.9199009083402147
PKLot,camera1,camera1,64,3,"(4, 6, 7)",mean_probs,0.9199009083402147
PKLot,camera1,camera1,64,3,"(4, 6, 7)",max,0.9279933938893477
PKLot,camera1,camera1,64,3,"(4, 6, 7)",mult,0.9253509496284062
PKLot,camera1,camera1,64,3,"(4, 6, 7)",vote,0.9132947976878613
PKLot,camera1,camera1,64,3,"(4, 6, 8)",sum,0.9101568951279934
PKLot,camera1,camera1,64,3,"(4, 6, 8)",mean_probs,0.9101568951279934
PKLot,camera1,camera1,64,3,"(4, 6, 8)",max,0.9144508670520232
PKLot,camera1,camera1,64,3,"(4, 6, 8)",mult,0.9121387283236995
PKLot,camera1,camera1,64,3,"(4, 6, 8)",vote,0.9068538398018167
PKLot,camera1,camera1,64,3,"(4, 6, 9)",sum,0.8900082576383155
PKLot,camera1,camera1,64,3,"(4, 6, 9)",mean_probs,0.8900082576383155
PKLot,camera1,camera1,64,3,"(4, 6, 9)",max,0.8936416184971099
PKLot,camera1,camera1,64,3,"(4, 6, 9)",mult,0.892485549132948
PKLot,camera1,camera1,64,3,"(4, 6, 9)",vote,0.8855491329479769
PKLot,camera1,camera1,64,3,"(4, 7, 8)",sum,0.930635838150289
PKLot,camera1,camera1,64,3,"(4, 7, 8)",mean_probs,0.930635838150289
PKLot,camera1,camera1,64,3,"(4, 7, 8)",max,0.9342691990090835
PKLot,camera1,camera1,64,3,"(4, 7, 8)",mult,0.9341040462427745
PKLot,camera1,camera1,64,3,"(4, 7, 8)",vote,0.9250206440957887
PKLot,camera1,camera1,64,3,"(4, 7, 9)",sum,0.9099917423616846
PKLot,camera1,camera1,64,3,"(4, 7, 9)",mean_probs,0.9099917423616846
PKLot,camera1,camera1,64,3,"(4, 7, 9)",max,0.9284888521882741
PKLot,camera1,camera1,64,3,"(4, 7, 9)",mult,0.923699421965318
PKLot,camera1,camera1,64,3,"(4, 7, 9)",vote,0.892485549132948
PKLot,camera1,camera1,64,3,"(4, 8, 9)",sum,0.9000825763831544
PKLot,camera1,camera1,64,3,"(4, 8, 9)",mean_probs,0.9000825763831544
PKLot,camera1,camera1,64,3,"(4, 8, 9)",max,0.912634186622626
PKLot,camera1,camera1,64,3,"(4, 8, 9)",mult,0.9048720066061107
PKLot,camera1,camera1,64,3,"(4, 8, 9)",vote,0.8878612716763006
PKLot,camera1,camera1,64,3,"(5, 6, 7)",sum,0.9251857968620975
PKLot,camera1,camera1,64,3,"(5, 6, 7)",mean_probs,0.9251857968620975
PKLot,camera1,camera1,64,3,"(5, 6, 7)",max,0.9301403798513626
PKLot,camera1,camera1,64,3,"(5, 6, 7)",mult,0.9283236994219654
PKLot,camera1,camera1,64,3,"(5, 6, 7)",vote,0.9218827415359208
PKLot,camera1,camera1,64,3,"(5, 6, 8)",sum,0.9184145334434352
PKLot,camera1,camera1,64,3,"(5, 6, 8)",mean_probs,0.9184145334434352
PKLot,camera1,camera1,64,3,"(5, 6, 8)",max,0.9194054500412882
PKLot,camera1,camera1,64,3,"(5, 6, 8)",mult,0.9185796862097441
PKLot,camera1,camera1,64,3,"(5, 6, 8)",vote,0.9144508670520232
PKLot,camera1,camera1,64,3,"(5, 6, 9)",sum,0.901568951279934
PKLot,camera1,camera1,64,3,"(5, 6, 9)",mean_probs,0.901568951279934
PKLot,camera1,camera1,64,3,"(5, 6, 9)",max,0.900578034682081
PKLot,camera1,camera1,64,3,"(5, 6, 9)",mult,0.9010734929810075
PKLot,camera1,camera1,64,3,"(5, 6, 9)",vote,0.8999174236168456
PKLot,camera1,camera1,64,3,"(5, 7, 8)",sum,0.9360858794384805
PKLot,camera1,camera1,64,3,"(5, 7, 8)",mean_probs,0.9360858794384805
PKLot,camera1,camera1,64,3,"(5, 7, 8)",max,0.9341040462427745
PKLot,camera1,camera1,64,3,"(5, 7, 8)",mult,0.9377374071015689
PKLot,camera1,camera1,64,3,"(5, 7, 8)",vote,0.9332782824112303
PKLot,camera1,camera1,64,3,"(5, 7, 9)",sum,0.9212221304706854
PKLot,camera1,camera1,64,3,"(5, 7, 9)",mean_probs,0.9212221304706854
PKLot,camera1,camera1,64,3,"(5, 7, 9)",max,0.9294797687861271
PKLot,camera1,camera1,64,3,"(5, 7, 9)",mult,0.9279933938893477
PKLot,camera1,camera1,64,3,"(5, 7, 9)",vote,0.9137902559867878
PKLot,camera1,camera1,64,3,"(5, 8, 9)",sum,0.9114781172584641
PKLot,camera1,camera1,64,3,"(5, 8, 9)",mean_probs,0.9114781172584641
PKLot,camera1,camera1,64,3,"(5, 8, 9)",max,0.915606936416185
PKLot,camera1,camera1,64,3,"(5, 8, 9)",mult,0.9137902559867878
PKLot,camera1,camera1,64,3,"(5, 8, 9)",vote,0.905532617671346
PKLot,camera1,camera1,64,3,"(6, 7, 8)",sum,0.929644921552436
PKLot,camera1,camera1,64,3,"(6, 7, 8)",mean_probs,0.929644921552436
PKLot,camera1,camera1,64,3,"(6, 7, 8)",max,0.9294797687861271
PKLot,camera1,camera1,64,3,"(6, 7, 8)",mult,0.9312964492155243
PKLot,camera1,camera1,64,3,"(6, 7, 8)",vote,0.9271676300578034
PKLot,camera1,camera1,64,3,"(6, 7, 9)",sum,0.9180842279108175
PKLot,camera1,camera1,64,3,"(6, 7, 9)",mean_probs,0.9180842279108175
PKLot,camera1,camera1,64,3,"(6, 7, 9)",max,0.9258464079273327
PKLot,camera1,camera1,64,3,"(6, 7, 9)",mult,0.9241948802642445
PKLot,camera1,camera1,64,3,"(6, 7, 9)",vote,0.9066886870355079
PKLot,camera1,camera1,64,3,"(6, 8, 9)",sum,0.9053674649050372
PKLot,camera1,camera1,64,3,"(6, 8, 9)",mean_probs,0.9053674649050372
PKLot,camera1,camera1,64,3,"(6, 8, 9)",max,0.9108175061932288
PKLot,camera1,camera1,64,3,"(6, 8, 9)",mult,0.9073492981007432
PKLot,camera1,camera1,64,3,"(6, 8, 9)",vote,0.8999174236168456
PKLot,camera1,camera1,64,3,"(7, 8, 9)",sum,0.9284888521882741
PKLot,camera1,camera1,64,3,"(7, 8, 9)",mean_probs,0.9284888521882741
PKLot,camera1,camera1,64,3,"(7, 8, 9)",max,0.9324525185796863
PKLot,camera1,camera1,64,3,"(7, 8, 9)",mult,0.9319570602807598
PKLot,camera1,camera1,64,3,"(7, 8, 9)",vote,0.9207266721717589
PKLot,camera1,camera1,64,4,"(0, 1, 2, 3)",sum,0.9223781998348473
PKLot,camera1,camera1,64,4,"(0, 1, 2, 3)",mean_probs,0.9223781998348473
PKLot,camera1,camera1,64,4,"(0, 1, 2, 3)",max,0.9187448389760529
PKLot,camera1,camera1,64,4,"(0, 1, 2, 3)",mult,0.9213872832369943
PKLot,camera1,camera1,64,4,"(0, 1, 2, 3)",vote,0.9222130470685383
PKLot,camera1,camera1,64,4,"(0, 1, 2, 4)",sum,0.9220478943022296
PKLot,camera1,camera1,64,4,"(0, 1, 2, 4)",mean_probs,0.9220478943022296
PKLot,camera1,camera1,64,4,"(0, 1, 2, 4)",max,0.9182493806771264
PKLot,camera1,camera1,64,4,"(0, 1, 2, 4)",mult,0.9218827415359208
PKLot,camera1,camera1,64,4,"(0, 1, 2, 4)",vote,0.9218827415359208
PKLot,camera1,camera1,64,4,"(0, 1, 2, 5)",sum,0.9253509496284062
PKLot,camera1,camera1,64,4,"(0, 1, 2, 5)",mean_probs,0.9253509496284062
PKLot,camera1,camera1,64,4,"(0, 1, 2, 5)",max,0.9217175887696119
PKLot,camera1,camera1,64,4,"(0, 1, 2, 5)",mult,0.9253509496284062
PKLot,camera1,camera1,64,4,"(0, 1, 2, 5)",vote,0.9263418662262592
PKLot,camera1,camera1,64,4,"(0, 1, 2, 6)",sum,0.9217175887696119
PKLot,camera1,camera1,64,4,"(0, 1, 2, 6)",mean_probs,0.9217175887696119
PKLot,camera1,camera1,64,4,"(0, 1, 2, 6)",max,0.9199009083402147
PKLot,camera1,camera1,64,4,"(0, 1, 2, 6)",mult,0.9212221304706854
PKLot,camera1,camera1,64,4,"(0, 1, 2, 6)",vote,0.9222130470685383
PKLot,camera1,camera1,64,4,"(0, 1, 2, 7)",sum,0.9331131296449215
PKLot,camera1,camera1,64,4,"(0, 1, 2, 7)",mean_probs,0.9331131296449215
PKLot,camera1,camera1,64,4,"(0, 1, 2, 7)",max,0.9337737407101568
PKLot,camera1,camera1,64,4,"(0, 1, 2, 7)",mult,0.9341040462427745
PKLot,camera1,camera1,64,4,"(0, 1, 2, 7)",vote,0.932617671345995
PKLot,camera1,camera1,64,4,"(0, 1, 2, 8)",sum,0.9271676300578034
PKLot,camera1,camera1,64,4,"(0, 1, 2, 8)",mean_probs,0.9271676300578034
PKLot,camera1,camera1,64,4,"(0, 1, 2, 8)",max,0.9274979355904212
PKLot,camera1,camera1,64,4,"(0, 1, 2, 8)",mult,0.9278282411230389
PKLot,camera1,camera1,64,4,"(0, 1, 2, 8)",vote,0.9263418662262592
PKLot,camera1,camera1,64,4,"(0, 1, 2, 9)",sum,0.9172584640792734
PKLot,camera1,camera1,64,4,"(0, 1, 2, 9)",mean_probs,0.9172584640792734
PKLot,camera1,camera1,64,4,"(0, 1, 2, 9)",max,0.9170933113129645
PKLot,camera1,camera1,64,4,"(0, 1, 2, 9)",mult,0.9187448389760529
PKLot,camera1,camera1,64,4,"(0, 1, 2, 9)",vote,0.9162675474814204
PKLot,camera1,camera1,64,4,"(0, 1, 3, 4)",sum,0.913625103220479
PKLot,camera1,camera1,64,4,"(0, 1, 3, 4)",mean_probs,0.913625103220479
PKLot,camera1,camera1,64,4,"(0, 1, 3, 4)",max,0.9127993393889348
PKLot,camera1,camera1,64,4,"(0, 1, 3, 4)",mult,0.9137902559867878
PKLot,camera1,camera1,64,4,"(0, 1, 3, 4)",vote,0.9144508670520232
PKLot,camera1,camera1,64,4,"(0, 1, 3, 5)",sum,0.9164327002477292
PKLot,camera1,camera1,64,4,"(0, 1, 3, 5)",mean_probs,0.9164327002477292
PKLot,camera1,camera1,64,4,"(0, 1, 3, 5)",max,0.9162675474814204
PKLot,camera1,camera1,64,4,"(0, 1, 3, 5)",mult,0.9172584640792734
PKLot,camera1,camera1,64,4,"(0, 1, 3, 5)",vote,0.917588769611891
PKLot,camera1,camera1,64,4,"(0, 1, 3, 6)",sum,0.9142857142857143
PKLot,camera1,camera1,64,4,"(0, 1, 3, 6)",mean_probs,0.9142857142857143
PKLot,camera1,camera1,64,4,"(0, 1, 3, 6)",max,0.9121387283236995
PKLot,camera1,camera1,64,4,"(0, 1, 3, 6)",mult,0.914616019818332
PKLot,camera1,camera1,64,4,"(0, 1, 3, 6)",vote,0.9141205615194055
PKLot,camera1,camera1,64,4,"(0, 1, 3, 7)",sum,0.9309661436829066
PKLot,camera1,camera1,64,4,"(0, 1, 3, 7)",mean_probs,0.9309661436829066
PKLot,camera1,camera1,64,4,"(0, 1, 3, 7)",max,0.930635838150289
PKLot,camera1,camera1,64,4,"(0, 1, 3, 7)",mult,0.9319570602807598
PKLot,camera1,camera1,64,4,"(0, 1, 3, 7)",vote,0.9312964492155243
PKLot,camera1,camera1,64,4,"(0, 1, 3, 8)",sum,0.9222130470685383
PKLot,camera1,camera1,64,4,"(0, 1, 3, 8)",mean_probs,0.9222130470685383
PKLot,camera1,camera1,64,4,"(0, 1, 3, 8)",max,0.9217175887696119
PKLot,camera1,camera1,64,4,"(0, 1, 3, 8)",mult,0.922708505367465
PKLot,camera1,camera1,64,4,"(0, 1, 3, 8)",vote,0.9232039636663915
PKLot,camera1,camera1,64,4,"(0, 1, 3, 9)",sum,0.9091659785301404
PKLot,camera1,camera1,64,4,"(0, 1, 3, 9)",mean_probs,0.9091659785301404
PKLot,camera1,camera1,64,4,"(0, 1, 3, 9)",max,0.9111478117258464
PKLot,camera1,camera1,64,4,"(0, 1, 3, 9)",mult,0.9106523534269199
PKLot,camera1,camera1,64,4,"(0, 1, 3, 9)",vote,0.9098265895953758
PKLot,camera1,camera1,64,4,"(0, 1, 4, 5)",sum,0.9129644921552436
PKLot,camera1,camera1,64,4,"(0, 1, 4, 5)",mean_probs,0.9129644921552436
PKLot,camera1,camera1,64,4,"(0, 1, 4, 5)",max,0.9149463253509497
PKLot,camera1,camera1,64,4,"(0, 1, 4, 5)",mult,0.913625103220479
PKLot,camera1,camera1,64,4,"(0, 1, 4, 5)",vote,0.9139554087530967
PKLot,camera1,camera1,64,4,"(0, 1, 4, 6)",sum,0.9119735755573906
PKLot,camera1,camera1,64,4,"(0, 1, 4, 6)",mean_probs,0.9119735755573906
PKLot,camera1,camera1,64,4,"(0, 1, 4, 6)",max,0.9132947976878613
PKLot,camera1,camera1,64,4,"(0, 1, 4, 6)",mult,0.9121387283236995
PKLot,camera1,camera1,64,4,"(0, 1, 4, 6)",vote,0.912634186622626
PKLot,camera1,camera1,64,4,"(0, 1, 4, 7)",sum,0.9283236994219654
PKLot,camera1,camera1,64,4,"(0, 1, 4, 7)",mean_probs,0.9283236994219654
PKLot,camera1,camera1,64,4,"(0, 1, 4, 7)",max,0.931626754748142
PKLot,camera1,camera1,64,4,"(0, 1, 4, 7)",mult,0.9304706853839801
PKLot,camera1,camera1,64,4,"(0, 1, 4, 7)",vote,0.9278282411230389
PKLot,camera1,camera1,64,4,"(0, 1, 4, 8)",sum,0.9202312138728324
PKLot,camera1,camera1,64,4,"(0, 1, 4, 8)",mean_probs,0.9202312138728324
PKLot,camera1,camera1,64,4,"(0, 1, 4, 8)",max,0.9203963666391412
PKLot,camera1,camera1,64,4,"(0, 1, 4, 8)",mult,0.9217175887696119
PKLot,camera1,camera1,64,4,"(0, 1, 4, 8)",vote,0.9202312138728324
PKLot,camera1,camera1,64,4,"(0, 1, 4, 9)",sum,0.9030553261767135
PKLot,camera1,camera1,64,4,"(0, 1, 4, 9)",mean_probs,0.9030553261767135
PKLot,camera1,camera1,64,4,"(0, 1, 4, 9)",max,0.9119735755573906
PKLot,camera1,camera1,64,4,"(0, 1, 4, 9)",mult,0.9063583815028902
PKLot,camera1,camera1,64,4,"(0, 1, 4, 9)",vote,0.9014037985136251
PKLot,camera1,camera1,64,4,"(0, 1, 5, 6)",sum,0.9170933113129645
PKLot,camera1,camera1,64,4,"(0, 1, 5, 6)",mean_probs,0.9170933113129645
PKLot,camera1,camera1,64,4,"(0, 1, 5, 6)",max,0.9170933113129645
PKLot,camera1,camera1,64,4,"(0, 1, 5, 6)",mult,0.917588769611891
PKLot,camera1,camera1,64,4,"(0, 1, 5, 6)",vote,0.9170933113129645
PKLot,camera1,camera1,64,4,"(0, 1, 5, 7)",sum,0.9299752270850536
PKLot,camera1,camera1,64,4,"(0, 1, 5, 7)",mean_probs,0.9299752270850536
PKLot,camera1,camera1,64,4,"(0, 1, 5, 7)",max,0.9324525185796863
PKLot,camera1,camera1,64,4,"(0, 1, 5, 7)",mult,0.931626754748142
PKLot,camera1,camera1,64,4,"(0, 1, 5, 7)",vote,0.929644921552436
PKLot,camera1,camera1,64,4,"(0, 1, 5, 8)",sum,0.9223781998348473
PKLot,camera1,camera1,64,4,"(0, 1, 5, 8)",mean_probs,0.9223781998348473
PKLot,camera1,camera1,64,4,"(0, 1, 5, 8)",max,0.923534269199009
PKLot,camera1,camera1,64,4,"(0, 1, 5, 8)",mult,0.9228736581337738
PKLot,camera1,camera1,64,4,"(0, 1, 5, 8)",vote,0.922708505367465
PKLot,camera1,camera1,64,4,"(0, 1, 5, 9)",sum,0.9096614368290669
PKLot,camera1,camera1,64,4,"(0, 1, 5, 9)",mean_probs,0.9096614368290669
PKLot,camera1,camera1,64,4,"(0, 1, 5, 9)",max,0.9137902559867878
PKLot,camera1,camera1,64,4,"(0, 1, 5, 9)",mult,0.9118084227910818
PKLot,camera1,camera1,64,4,"(0, 1, 5, 9)",vote,0.9104872006606111
PKLot,camera1,camera1,64,4,"(0, 1, 6, 7)",sum,0.9279933938893477
PKLot,camera1,camera1,64,4,"(0, 1, 6, 7)",mean_probs,0.9279933938893477
PKLot,camera1,camera1,64,4,"(0, 1, 6, 7)",max,0.9304706853839801
PKLot,camera1,camera1,64,4,"(0, 1, 6, 7)",mult,0.928654004954583
PKLot,camera1,camera1,64,4,"(0, 1, 6, 7)",vote,0.9281585466556564
PKLot,camera1,camera1,64,4,"(0, 1, 6, 8)",sum,0.9190751445086706
PKLot,camera1,camera1,64,4,"(0, 1, 6, 8)",mean_probs,0.9190751445086706
PKLot,camera1,camera1,64,4,"(0, 1, 6, 8)",max,0.9213872832369943
PKLot,camera1,camera1,64,4,"(0, 1, 6, 8)",mult,0.9202312138728324
PKLot,camera1,camera1,64,4,"(0, 1, 6, 8)",vote,0.9197357555739059
PKLot,camera1,camera1,64,4,"(0, 1, 6, 9)",sum,0.9104872006606111
PKLot,camera1,camera1,64,4,"(0, 1, 6, 9)",mean_probs,0.9104872006606111
PKLot,camera1,camera1,64,4,"(0, 1, 6, 9)",max,0.9118084227910818
PKLot,camera1,camera1,64,4,"(0, 1, 6, 9)",mult,0.9106523534269199
PKLot,camera1,camera1,64,4,"(0, 1, 6, 9)",vote,0.9096614368290669
PKLot,camera1,camera1,64,4,"(0, 1, 7, 8)",sum,0.9337737407101568
PKLot,camera1,camera1,64,4,"(0, 1, 7, 8)",mean_probs,0.9337737407101568
PKLot,camera1,camera1,64,4,"(0, 1, 7, 8)",max,0.9344343517753922
PKLot,camera1,camera1,64,4,"(0, 1, 7, 8)",mult,0.93476465730801
PKLot,camera1,camera1,64,4,"(0, 1, 7, 8)",vote,0.9334434351775392
PKLot,camera1,camera1,64,4,"(0, 1, 7, 9)",sum,0.9265070189925682
PKLot,camera1,camera1,64,4,"(0, 1, 7, 9)",mean_probs,0.9265070189925682
PKLot,camera1,camera1,64,4,"(0, 1, 7, 9)",max,0.9311312964492156
PKLot,camera1,camera1,64,4,"(0, 1, 7, 9)",mult,0.9299752270850536
PKLot,camera1,camera1,64,4,"(0, 1, 7, 9)",vote,0.925681255161024
PKLot,camera1,camera1,64,4,"(0, 1, 8, 9)",sum,0.9157720891824938
PKLot,camera1,camera1,64,4,"(0, 1, 8, 9)",mean_probs,0.9157720891824938
PKLot,camera1,camera1,64,4,"(0, 1, 8, 9)",max,0.9190751445086706
PKLot,camera1,camera1,64,4,"(0, 1, 8, 9)",mult,0.9174236168455822
PKLot,camera1,camera1,64,4,"(0, 1, 8, 9)",vote,0.9149463253509497
PKLot,camera1,camera1,64,4,"(0, 2, 3, 4)",sum,0.9228736581337738
PKLot,camera1,camera1,64,4,"(0, 2, 3, 4)",mean_probs,0.9228736581337738
PKLot,camera1,camera1,64,4,"(0, 2, 3, 4)",max,0.9177539223781999
PKLot,camera1,camera1,64,4,"(0, 2, 3, 4)",mult,0.9223781998348473
PKLot,camera1,camera1,64,4,"(0, 2, 3, 4)",vote,0.9233691164327003
PKLot,camera1,camera1,64,4,"(0, 2, 3, 5)",sum,0.9261767134599505
PKLot,camera1,camera1,64,4,"(0, 2, 3, 5)",mean_probs,0.9261767134599505
PKLot,camera1,camera1,64,4,"(0, 2, 3, 5)",max,0.9223781998348473
PKLot,camera1,camera1,64,4,"(0, 2, 3, 5)",mult,0.9258464079273327
PKLot,camera1,camera1,64,4,"(0, 2, 3, 5)",vote,0.926672171758877
PKLot,camera1,camera1,64,4,"(0, 2, 3, 6)",sum,0.9190751445086706
PKLot,camera1,camera1,64,4,"(0, 2, 3, 6)",mean_probs,0.9190751445086706
PKLot,camera1,camera1,64,4,"(0, 2, 3, 6)",max,0.9192402972749794
PKLot,camera1,camera1,64,4,"(0, 2, 3, 6)",mult,0.9189099917423617
PKLot,camera1,camera1,64,4,"(0, 2, 3, 6)",vote,0.9200660611065236
PKLot,camera1,camera1,64,4,"(0, 2, 3, 7)",sum,0.9341040462427745
PKLot,camera1,camera1,64,4,"(0, 2, 3, 7)",mean_probs,0.9341040462427745
PKLot,camera1,camera1,64,4,"(0, 2, 3, 7)",max,0.9344343517753922
PKLot,camera1,camera1,64,4,"(0, 2, 3, 7)",mult,0.9344343517753922
PKLot,camera1,camera1,64,4,"(0, 2, 3, 7)",vote,0.933608587943848
PKLot,camera1,camera1,64,4,"(0, 2, 3, 8)",sum,0.930635838150289
PKLot,camera1,camera1,64,4,"(0, 2, 3, 8)",mean_probs,0.930635838150289
PKLot,camera1,camera1,64,4,"(0, 2, 3, 8)",max,0.9268373245251857
PKLot,camera1,camera1,64,4,"(0, 2, 3, 8)",mult,0.9301403798513626
PKLot,camera1,camera1,64,4,"(0, 2, 3, 8)",vote,0.9308009909165978
PKLot,camera1,camera1,64,4,"(0, 2, 3, 9)",sum,0.9179190751445087
PKLot,camera1,camera1,64,4,"(0, 2, 3, 9)",mean_probs,0.9179190751445087
PKLot,camera1,camera1,64,4,"(0, 2, 3, 9)",max,0.917588769611891
PKLot,camera1,camera1,64,4,"(0, 2, 3, 9)",mult,0.9185796862097441
PKLot,camera1,camera1,64,4,"(0, 2, 3, 9)",vote,0.9187448389760529
PKLot,camera1,camera1,64,4,"(0, 2, 4, 5)",sum,0.9222130470685383
PKLot,camera1,camera1,64,4,"(0, 2, 4, 5)",mean_probs,0.9222130470685383
PKLot,camera1,camera1,64,4,"(0, 2, 4, 5)",max,0.9202312138728324
PKLot,camera1,camera1,64,4,"(0, 2, 4, 5)",mult,0.9222130470685383
PKLot,camera1,camera1,64,4,"(0, 2, 4, 5)",vote,0.9228736581337738
PKLot,camera1,camera1,64,4,"(0, 2, 4, 6)",sum,0.9208918249380678
PKLot,camera1,camera1,64,4,"(0, 2, 4, 6)",mean_probs,0.9208918249380678
PKLot,camera1,camera1,64,4,"(0, 2, 4, 6)",max,0.9195706028075971
PKLot,camera1,camera1,64,4,"(0, 2, 4, 6)",mult,0.9207266721717589
PKLot,camera1,camera1,64,4,"(0, 2, 4, 6)",vote,0.9208918249380678
PKLot,camera1,camera1,64,4,"(0, 2, 4, 7)",sum,0.9329479768786128
PKLot,camera1,camera1,64,4,"(0, 2, 4, 7)",mean_probs,0.9329479768786128
PKLot,camera1,camera1,64,4,"(0, 2, 4, 7)",max,0.9349298100743187
PKLot,camera1,camera1,64,4,"(0, 2, 4, 7)",mult,0.933608587943848
PKLot,camera1,camera1,64,4,"(0, 2, 4, 7)",vote,0.9324525185796863
PKLot,camera1,camera1,64,4,"(0, 2, 4, 8)",sum,0.9273327828241124
PKLot,camera1,camera1,64,4,"(0, 2, 4, 8)",mean_probs,0.9273327828241124
PKLot,camera1,camera1,64,4,"(0, 2, 4, 8)",max,0.9258464079273327
PKLot,camera1,camera1,64,4,"(0, 2, 4, 8)",mult,0.9268373245251857
PKLot,camera1,camera1,64,4,"(0, 2, 4, 8)",vote,0.9283236994219654
PKLot,camera1,camera1,64,4,"(0, 2, 4, 9)",sum,0.915606936416185
PKLot,camera1,camera1,64,4,"(0, 2, 4, 9)",mean_probs,0.915606936416185
PKLot,camera1,camera1,64,4,"(0, 2, 4, 9)",max,0.9197357555739059
PKLot,camera1,camera1,64,4,"(0, 2, 4, 9)",mult,0.9177539223781999
PKLot,camera1,camera1,64,4,"(0, 2, 4, 9)",vote,0.9164327002477292
PKLot,camera1,camera1,64,4,"(0, 2, 5, 6)",sum,0.9233691164327003
PKLot,camera1,camera1,64,4,"(0, 2, 5, 6)",mean_probs,0.9233691164327003
PKLot,camera1,camera1,64,4,"(0, 2, 5, 6)",max,0.9230388109000826
PKLot,camera1,camera1,64,4,"(0, 2, 5, 6)",mult,0.923534269199009
PKLot,camera1,camera1,64,4,"(0, 2, 5, 6)",vote,0.9228736581337738
PKLot,camera1,camera1,64,4,"(0, 2, 5, 7)",sum,0.9352601156069364
PKLot,camera1,camera1,64,4,"(0, 2, 5, 7)",mean_probs,0.9352601156069364
PKLot,camera1,camera1,64,4,"(0, 2, 5, 7)",max,0.93476465730801
PKLot,camera1,camera1,64,4,"(0, 2, 5, 7)",mult,0.9359207266721717
PKLot,camera1,camera1,64,4,"(0, 2, 5, 7)",vote,0.9349298100743187
PKLot,camera1,camera1,64,4,"(0, 2, 5, 8)",sum,0.931626754748142
PKLot,camera1,camera1,64,4,"(0, 2, 5, 8)",mean_probs,0.931626754748142
PKLot,camera1,camera1,64,4,"(0, 2, 5, 8)",max,0.9273327828241124
PKLot,camera1,camera1,64,4,"(0, 2, 5, 8)",mult,0.9321222130470685
PKLot,camera1,camera1,64,4,"(0, 2, 5, 8)",vote,0.9312964492155243
PKLot,camera1,camera1,64,4,"(0, 2, 5, 9)",sum,0.9207266721717589
PKLot,camera1,camera1,64,4,"(0, 2, 5, 9)",mean_probs,0.9207266721717589
PKLot,camera1,camera1,64,4,"(0, 2, 5, 9)",max,0.9205615194054501
PKLot,camera1,camera1,64,4,"(0, 2, 5, 9)",mult,0.9207266721717589
PKLot,camera1,camera1,64,4,"(0, 2, 5, 9)",vote,0.9213872832369943
PKLot,camera1,camera1,64,4,"(0, 2, 6, 7)",sum,0.9319570602807598
PKLot,camera1,camera1,64,4,"(0, 2, 6, 7)",mean_probs,0.9319570602807598
PKLot,camera1,camera1,64,4,"(0, 2, 6, 7)",max,0.9322873658133773
PKLot,camera1,camera1,64,4,"(0, 2, 6, 7)",mult,0.933608587943848
PKLot,camera1,camera1,64,4,"(0, 2, 6, 7)",vote,0.9311312964492156
PKLot,camera1,camera1,64,4,"(0, 2, 6, 8)",sum,0.9268373245251857
PKLot,camera1,camera1,64,4,"(0, 2, 6, 8)",mean_probs,0.9268373245251857
PKLot,camera1,camera1,64,4,"(0, 2, 6, 8)",max,0.9263418662262592
PKLot,camera1,camera1,64,4,"(0, 2, 6, 8)",mult,0.9271676300578034
PKLot,camera1,camera1,64,4,"(0, 2, 6, 8)",vote,0.926672171758877
PKLot,camera1,camera1,64,4,"(0, 2, 6, 9)",sum,0.9200660611065236
PKLot,camera1,camera1,64,4,"(0, 2, 6, 9)",mean_probs,0.9200660611065236
PKLot,camera1,camera1,64,4,"(0, 2, 6, 9)",max,0.9190751445086706
PKLot,camera1,camera1,64,4,"(0, 2, 6, 9)",mult,0.9199009083402147
PKLot,camera1,camera1,64,4,"(0, 2, 6, 9)",vote,0.9189099917423617
PKLot,camera1,camera1,64,4,"(0, 2, 7, 8)",sum,0.9383980181668043
PKLot,camera1,camera1,64,4,"(0, 2, 7, 8)",mean_probs,0.9383980181668043
PKLot,camera1,camera1,64,4,"(0, 2, 7, 8)",max,0.9364161849710982
PKLot,camera1,camera1,64,4,"(0, 2, 7, 8)",mult,0.9385631709331131
PKLot,camera1,camera1,64,4,"(0, 2, 7, 8)",vote,0.9377374071015689
PKLot,camera1,camera1,64,4,"(0, 2, 7, 9)",sum,0.9329479768786128
PKLot,camera1,camera1,64,4,"(0, 2, 7, 9)",mean_probs,0.9329479768786128
PKLot,camera1,camera1,64,4,"(0, 2, 7, 9)",max,0.9334434351775392
PKLot,camera1,camera1,64,4,"(0, 2, 7, 9)",mult,0.9334434351775392
PKLot,camera1,camera1,64,4,"(0, 2, 7, 9)",vote,0.9317919075144508
PKLot,camera1,camera1,64,4,"(0, 2, 8, 9)",sum,0.9255161023947152
PKLot,camera1,camera1,64,4,"(0, 2, 8, 9)",mean_probs,0.9255161023947152
PKLot,camera1,camera1,64,4,"(0, 2, 8, 9)",max,0.9250206440957887
PKLot,camera1,camera1,64,4,"(0, 2, 8, 9)",mult,0.9260115606936417
PKLot,camera1,camera1,64,4,"(0, 2, 8, 9)",vote,0.9258464079273327
PKLot,camera1,camera1,64,4,"(0, 3, 4, 5)",sum,0.915606936416185
PKLot,camera1,camera1,64,4,"(0, 3, 4, 5)",mean_probs,0.915606936416185
PKLot,camera1,camera1,64,4,"(0, 3, 4, 5)",max,0.9149463253509497
PKLot,camera1,camera1,64,4,"(0, 3, 4, 5)",mult,0.9169281585466557
PKLot,camera1,camera1,64,4,"(0, 3, 4, 5)",vote,0.9167630057803469
PKLot,camera1,camera1,64,4,"(0, 3, 4, 6)",sum,0.911643270024773
PKLot,camera1,camera1,64,4,"(0, 3, 4, 6)",mean_probs,0.911643270024773
PKLot,camera1,camera1,64,4,"(0, 3, 4, 6)",max,0.9124690338563171
PKLot,camera1,camera1,64,4,"(0, 3, 4, 6)",mult,0.9124690338563171
PKLot,camera1,camera1,64,4,"(0, 3, 4, 6)",vote,0.9124690338563171
PKLot,camera1,camera1,64,4,"(0, 3, 4, 7)",sum,0.931626754748142
PKLot,camera1,camera1,64,4,"(0, 3, 4, 7)",mean_probs,0.931626754748142
PKLot,camera1,camera1,64,4,"(0, 3, 4, 7)",max,0.9324525185796863
PKLot,camera1,camera1,64,4,"(0, 3, 4, 7)",mult,0.9331131296449215
PKLot,camera1,camera1,64,4,"(0, 3, 4, 7)",vote,0.9309661436829066
PKLot,camera1,camera1,64,4,"(0, 3, 4, 8)",sum,0.9240297274979355
PKLot,camera1,camera1,64,4,"(0, 3, 4, 8)",mean_probs,0.9240297274979355
PKLot,camera1,camera1,64,4,"(0, 3, 4, 8)",max,0.9208918249380678
PKLot,camera1,camera1,64,4,"(0, 3, 4, 8)",mult,0.9251857968620975
PKLot,camera1,camera1,64,4,"(0, 3, 4, 8)",vote,0.924525185796862
PKLot,camera1,camera1,64,4,"(0, 3, 4, 9)",sum,0.9083402146985962
PKLot,camera1,camera1,64,4,"(0, 3, 4, 9)",mean_probs,0.9083402146985962
PKLot,camera1,camera1,64,4,"(0, 3, 4, 9)",max,0.9132947976878613
PKLot,camera1,camera1,64,4,"(0, 3, 4, 9)",mult,0.9106523534269199
PKLot,camera1,camera1,64,4,"(0, 3, 4, 9)",vote,0.9081750619322874
PKLot,camera1,camera1,64,4,"(0, 3, 5, 6)",sum,0.9174236168455822
PKLot,camera1,camera1,64,4,"(0, 3, 5, 6)",mean_probs,0.9174236168455822
PKLot,camera1,camera1,64,4,"(0, 3, 5, 6)",max,0.9169281585466557
PKLot,camera1,camera1,64,4,"(0, 3, 5, 6)",mult,0.916597853014038
PKLot,camera1,camera1,64,4,"(0, 3, 5, 6)",vote,0.9162675474814204
PKLot,camera1,camera1,64,4,"(0, 3, 5, 7)",sum,0.9317919075144508
PKLot,camera1,camera1,64,4,"(0, 3, 5, 7)",mean_probs,0.9317919075144508
PKLot,camera1,camera1,64,4,"(0, 3, 5, 7)",max,0.9327828241123038
PKLot,camera1,camera1,64,4,"(0, 3, 5, 7)",mult,0.932617671345995
PKLot,camera1,camera1,64,4,"(0, 3, 5, 7)",vote,0.931626754748142
PKLot,camera1,camera1,64,4,"(0, 3, 5, 8)",sum,0.9270024772914947
PKLot,camera1,camera1,64,4,"(0, 3, 5, 8)",mean_probs,0.9270024772914947
PKLot,camera1,camera1,64,4,"(0, 3, 5, 8)",max,0.922708505367465
PKLot,camera1,camera1,64,4,"(0, 3, 5, 8)",mult,0.9268373245251857
PKLot,camera1,camera1,64,4,"(0, 3, 5, 8)",vote,0.9268373245251857
PKLot,camera1,camera1,64,4,"(0, 3, 5, 9)",sum,0.913625103220479
PKLot,camera1,camera1,64,4,"(0, 3, 5, 9)",mean_probs,0.913625103220479
PKLot,camera1,camera1,64,4,"(0, 3, 5, 9)",max,0.9147811725846408
PKLot,camera1,camera1,64,4,"(0, 3, 5, 9)",mult,0.9152766308835673
PKLot,camera1,camera1,64,4,"(0, 3, 5, 9)",vote,0.913625103220479
PKLot,camera1,camera1,64,4,"(0, 3, 6, 7)",sum,0.9274979355904212
PKLot,camera1,camera1,64,4,"(0, 3, 6, 7)",mean_probs,0.9274979355904212
PKLot,camera1,camera1,64,4,"(0, 3, 6, 7)",max,0.9314616019818331
PKLot,camera1,camera1,64,4,"(0, 3, 6, 7)",mult,0.9304706853839801
PKLot,camera1,camera1,64,4,"(0, 3, 6, 7)",vote,0.9265070189925682
PKLot,camera1,camera1,64,4,"(0, 3, 6, 8)",sum,0.9212221304706854
PKLot,camera1,camera1,64,4,"(0, 3, 6, 8)",mean_probs,0.9212221304706854
PKLot,camera1,camera1,64,4,"(0, 3, 6, 8)",max,0.9218827415359208
PKLot,camera1,camera1,64,4,"(0, 3, 6, 8)",mult,0.921552436003303
PKLot,camera1,camera1,64,4,"(0, 3, 6, 8)",vote,0.921552436003303
PKLot,camera1,camera1,64,4,"(0, 3, 6, 9)",sum,0.9085053674649051
PKLot,camera1,camera1,64,4,"(0, 3, 6, 9)",mean_probs,0.9085053674649051
PKLot,camera1,camera1,64,4,"(0, 3, 6, 9)",max,0.9106523534269199
PKLot,camera1,camera1,64,4,"(0, 3, 6, 9)",mult,0.9104872006606111
PKLot,camera1,camera1,64,4,"(0, 3, 6, 9)",vote,0.9078447563996697
PKLot,camera1,camera1,64,4,"(0, 3, 7, 8)",sum,0.9362510322047894
PKLot,camera1,camera1,64,4,"(0, 3, 7, 8)",mean_probs,0.9362510322047894
PKLot,camera1,camera1,64,4,"(0, 3, 7, 8)",max,0.9337737407101568
PKLot,camera1,camera1,64,4,"(0, 3, 7, 8)",mult,0.935755573905863
PKLot,camera1,camera1,64,4,"(0, 3, 7, 8)",vote,0.9365813377374071
PKLot,camera1,camera1,64,4,"(0, 3, 7, 9)",sum,0.9299752270850536
PKLot,camera1,camera1,64,4,"(0, 3, 7, 9)",mean_probs,0.9299752270850536
PKLot,camera1,camera1,64,4,"(0, 3, 7, 9)",max,0.932617671345995
PKLot,camera1,camera1,64,4,"(0, 3, 7, 9)",mult,0.931626754748142
PKLot,camera1,camera1,64,4,"(0, 3, 7, 9)",vote,0.928654004954583
PKLot,camera1,camera1,64,4,"(0, 3, 8, 9)",sum,0.9203963666391412
PKLot,camera1,camera1,64,4,"(0, 3, 8, 9)",mean_probs,0.9203963666391412
PKLot,camera1,camera1,64,4,"(0, 3, 8, 9)",max,0.9208918249380678
PKLot,camera1,camera1,64,4,"(0, 3, 8, 9)",mult,0.9212221304706854
PKLot,camera1,camera1,64,4,"(0, 3, 8, 9)",vote,0.9207266721717589
PKLot,camera1,camera1,64,4,"(0, 4, 5, 6)",sum,0.9151114781172585
PKLot,camera1,camera1,64,4,"(0, 4, 5, 6)",mean_probs,0.9151114781172585
PKLot,camera1,camera1,64,4,"(0, 4, 5, 6)",max,0.9172584640792734
PKLot,camera1,camera1,64,4,"(0, 4, 5, 6)",mult,0.9174236168455822
PKLot,camera1,camera1,64,4,"(0, 4, 5, 6)",vote,0.915606936416185
PKLot,camera1,camera1,64,4,"(0, 4, 5, 7)",sum,0.9284888521882741
PKLot,camera1,camera1,64,4,"(0, 4, 5, 7)",mean_probs,0.9284888521882741
PKLot,camera1,camera1,64,4,"(0, 4, 5, 7)",max,0.9322873658133773
PKLot,camera1,camera1,64,4,"(0, 4, 5, 7)",mult,0.9309661436829066
PKLot,camera1,camera1,64,4,"(0, 4, 5, 7)",vote,0.928654004954583
PKLot,camera1,camera1,64,4,"(0, 4, 5, 8)",sum,0.9248554913294798
PKLot,camera1,camera1,64,4,"(0, 4, 5, 8)",mean_probs,0.9248554913294798
PKLot,camera1,camera1,64,4,"(0, 4, 5, 8)",max,0.922543352601156
PKLot,camera1,camera1,64,4,"(0, 4, 5, 8)",mult,0.924690338563171
PKLot,camera1,camera1,64,4,"(0, 4, 5, 8)",vote,0.9253509496284062
PKLot,camera1,camera1,64,4,"(0, 4, 5, 9)",sum,0.9093311312964493
PKLot,camera1,camera1,64,4,"(0, 4, 5, 9)",mean_probs,0.9093311312964493
PKLot,camera1,camera1,64,4,"(0, 4, 5, 9)",max,0.9167630057803469
PKLot,camera1,camera1,64,4,"(0, 4, 5, 9)",mult,0.9108175061932288
PKLot,camera1,camera1,64,4,"(0, 4, 5, 9)",vote,0.9094962840627581
PKLot,camera1,camera1,64,4,"(0, 4, 6, 7)",sum,0.9270024772914947
PKLot,camera1,camera1,64,4,"(0, 4, 6, 7)",mean_probs,0.9270024772914947
PKLot,camera1,camera1,64,4,"(0, 4, 6, 7)",max,0.9309661436829066
PKLot,camera1,camera1,64,4,"(0, 4, 6, 7)",mult,0.9291494632535094
PKLot,camera1,camera1,64,4,"(0, 4, 6, 7)",vote,0.9270024772914947
PKLot,camera1,camera1,64,4,"(0, 4, 6, 8)",sum,0.9203963666391412
PKLot,camera1,camera1,64,4,"(0, 4, 6, 8)",mean_probs,0.9203963666391412
PKLot,camera1,camera1,64,4,"(0, 4, 6, 8)",max,0.9208918249380678
PKLot,camera1,camera1,64,4,"(0, 4, 6, 8)",mult,0.9210569777043766
PKLot,camera1,camera1,64,4,"(0, 4, 6, 8)",vote,0.9199009083402147
PKLot,camera1,camera1,64,4,"(0, 4, 6, 9)",sum,0.9058629232039637
PKLot,camera1,camera1,64,4,"(0, 4, 6, 9)",mean_probs,0.9058629232039637
PKLot,camera1,camera1,64,4,"(0, 4, 6, 9)",max,0.9132947976878613
PKLot,camera1,camera1,64,4,"(0, 4, 6, 9)",mult,0.9075144508670521
PKLot,camera1,camera1,64,4,"(0, 4, 6, 9)",vote,0.905532617671346
PKLot,camera1,camera1,64,4,"(0, 4, 7, 8)",sum,0.9339388934764657
PKLot,camera1,camera1,64,4,"(0, 4, 7, 8)",mean_probs,0.9339388934764657
PKLot,camera1,camera1,64,4,"(0, 4, 7, 8)",max,0.9354252683732452
PKLot,camera1,camera1,64,4,"(0, 4, 7, 8)",mult,0.9344343517753922
PKLot,camera1,camera1,64,4,"(0, 4, 7, 8)",vote,0.9341040462427745
PKLot,camera1,camera1,64,4,"(0, 4, 7, 9)",sum,0.923534269199009
PKLot,camera1,camera1,64,4,"(0, 4, 7, 9)",mean_probs,0.923534269199009
PKLot,camera1,camera1,64,4,"(0, 4, 7, 9)",max,0.9322873658133773
PKLot,camera1,camera1,64,4,"(0, 4, 7, 9)",mult,0.9293146160198184
PKLot,camera1,camera1,64,4,"(0, 4, 7, 9)",vote,0.9232039636663915
PKLot,camera1,camera1,64,4,"(0, 4, 8, 9)",sum,0.9167630057803469
PKLot,camera1,camera1,64,4,"(0, 4, 8, 9)",mean_probs,0.9167630057803469
PKLot,camera1,camera1,64,4,"(0, 4, 8, 9)",max,0.9222130470685383
PKLot,camera1,camera1,64,4,"(0, 4, 8, 9)",mult,0.9185796862097441
PKLot,camera1,camera1,64,4,"(0, 4, 8, 9)",vote,0.9161023947151115
PKLot,camera1,camera1,64,4,"(0, 5, 6, 7)",sum,0.9304706853839801
PKLot,camera1,camera1,64,4,"(0, 5, 6, 7)",mean_probs,0.9304706853839801
PKLot,camera1,camera1,64,4,"(0, 5, 6, 7)",max,0.9319570602807598
PKLot,camera1,camera1,64,4,"(0, 5, 6, 7)",mult,0.9308009909165978
PKLot,camera1,camera1,64,4,"(0, 5, 6, 7)",vote,0.929644921552436
PKLot,camera1,camera1,64,4,"(0, 5, 6, 8)",sum,0.9250206440957887
PKLot,camera1,camera1,64,4,"(0, 5, 6, 8)",mean_probs,0.9250206440957887
PKLot,camera1,camera1,64,4,"(0, 5, 6, 8)",max,0.9232039636663915
PKLot,camera1,camera1,64,4,"(0, 5, 6, 8)",mult,0.9251857968620975
PKLot,camera1,camera1,64,4,"(0, 5, 6, 8)",vote,0.9248554913294798
PKLot,camera1,camera1,64,4,"(0, 5, 6, 9)",sum,0.9129644921552436
PKLot,camera1,camera1,64,4,"(0, 5, 6, 9)",mean_probs,0.9129644921552436
PKLot,camera1,camera1,64,4,"(0, 5, 6, 9)",max,0.915606936416185
PKLot,camera1,camera1,64,4,"(0, 5, 6, 9)",mult,0.9147811725846408
PKLot,camera1,camera1,64,4,"(0, 5, 6, 9)",vote,0.912634186622626
PKLot,camera1,camera1,64,4,"(0, 5, 7, 8)",sum,0.936746490503716
PKLot,camera1,camera1,64,4,"(0, 5, 7, 8)",mean_probs,0.936746490503716
PKLot,camera1,camera1,64,4,"(0, 5, 7, 8)",max,0.9337737407101568
PKLot,camera1,camera1,64,4,"(0, 5, 7, 8)",mult,0.9380677126341866
PKLot,camera1,camera1,64,4,"(0, 5, 7, 8)",vote,0.9365813377374071
PKLot,camera1,camera1,64,4,"(0, 5, 7, 9)",sum,0.9284888521882741
PKLot,camera1,camera1,64,4,"(0, 5, 7, 9)",mean_probs,0.9284888521882741
PKLot,camera1,camera1,64,4,"(0, 5, 7, 9)",max,0.9309661436829066
PKLot,camera1,camera1,64,4,"(0, 5, 7, 9)",mult,0.9311312964492156
PKLot,camera1,camera1,64,4,"(0, 5, 7, 9)",vote,0.9284888521882741
PKLot,camera1,camera1,64,4,"(0, 5, 8, 9)",sum,0.9220478943022296
PKLot,camera1,camera1,64,4,"(0, 5, 8, 9)",mean_probs,0.9220478943022296
PKLot,camera1,camera1,64,4,"(0, 5, 8, 9)",max,0.9208918249380678
PKLot,camera1,camera1,64,4,"(0, 5, 8, 9)",mult,0.923699421965318
PKLot,camera1,camera1,64,4,"(0, 5, 8, 9)",vote,0.9222130470685383
PKLot,camera1,camera1,64,4,"(0, 6, 7, 8)",sum,0.9334434351775392
PKLot,camera1,camera1,64,4,"(0, 6, 7, 8)",mean_probs,0.9334434351775392
PKLot,camera1,camera1,64,4,"(0, 6, 7, 8)",max,0.9312964492155243
PKLot,camera1,camera1,64,4,"(0, 6, 7, 8)",mult,0.9331131296449215
PKLot,camera1,camera1,64,4,"(0, 6, 7, 8)",vote,0.9322873658133773
PKLot,camera1,camera1,64,4,"(0, 6, 7, 9)",sum,0.924690338563171
PKLot,camera1,camera1,64,4,"(0, 6, 7, 9)",mean_probs,0.924690338563171
PKLot,camera1,camera1,64,4,"(0, 6, 7, 9)",max,0.929644921552436
PKLot,camera1,camera1,64,4,"(0, 6, 7, 9)",mult,0.9271676300578034
PKLot,camera1,camera1,64,4,"(0, 6, 7, 9)",vote,0.9233691164327003
PKLot,camera1,camera1,64,4,"(0, 6, 8, 9)",sum,0.917588769611891
PKLot,camera1,camera1,64,4,"(0, 6, 8, 9)",mean_probs,0.917588769611891
PKLot,camera1,camera1,64,4,"(0, 6, 8, 9)",max,0.9194054500412882
PKLot,camera1,camera1,64,4,"(0, 6, 8, 9)",mult,0.9185796862097441
PKLot,camera1,camera1,64,4,"(0, 6, 8, 9)",vote,0.9172584640792734
PKLot,camera1,camera1,64,4,"(0, 7, 8, 9)",sum,0.9329479768786128
PKLot,camera1,camera1,64,4,"(0, 7, 8, 9)",mean_probs,0.9329479768786128
PKLot,camera1,camera1,64,4,"(0, 7, 8, 9)",max,0.9337737407101568
PKLot,camera1,camera1,64,4,"(0, 7, 8, 9)",mult,0.9341040462427745
PKLot,camera1,camera1,64,4,"(0, 7, 8, 9)",vote,0.9319570602807598
PKLot,camera1,camera1,64,4,"(1, 2, 3, 4)",sum,0.9131296449215525
PKLot,camera1,camera1,64,4,"(1, 2, 3, 4)",mean_probs,0.9131296449215525
PKLot,camera1,camera1,64,4,"(1, 2, 3, 4)",max,0.9086705202312139
PKLot,camera1,camera1,64,4,"(1, 2, 3, 4)",mult,0.9132947976878613
PKLot,camera1,camera1,64,4,"(1, 2, 3, 4)",vote,0.9131296449215525
PKLot,camera1,camera1,64,4,"(1, 2, 3, 5)",sum,0.917588769611891
PKLot,camera1,camera1,64,4,"(1, 2, 3, 5)",mean_probs,0.917588769611891
PKLot,camera1,camera1,64,4,"(1, 2, 3, 5)",max,0.9141205615194055
PKLot,camera1,camera1,64,4,"(1, 2, 3, 5)",mult,0.9161023947151115
PKLot,camera1,camera1,64,4,"(1, 2, 3, 5)",vote,0.9189099917423617
PKLot,camera1,camera1,64,4,"(1, 2, 3, 6)",sum,0.9114781172584641
PKLot,camera1,camera1,64,4,"(1, 2, 3, 6)",mean_probs,0.9114781172584641
PKLot,camera1,camera1,64,4,"(1, 2, 3, 6)",max,0.9098265895953758
PKLot,camera1,camera1,64,4,"(1, 2, 3, 6)",mult,0.911643270024773
PKLot,camera1,camera1,64,4,"(1, 2, 3, 6)",vote,0.9119735755573906
PKLot,camera1,camera1,64,4,"(1, 2, 3, 7)",sum,0.9299752270850536
PKLot,camera1,camera1,64,4,"(1, 2, 3, 7)",mean_probs,0.9299752270850536
PKLot,camera1,camera1,64,4,"(1, 2, 3, 7)",max,0.9303055326176713
PKLot,camera1,camera1,64,4,"(1, 2, 3, 7)",mult,0.930635838150289
PKLot,camera1,camera1,64,4,"(1, 2, 3, 7)",vote,0.9289843104872006
PKLot,camera1,camera1,64,4,"(1, 2, 3, 8)",sum,0.9195706028075971
PKLot,camera1,camera1,64,4,"(1, 2, 3, 8)",mean_probs,0.9195706028075971
PKLot,camera1,camera1,64,4,"(1, 2, 3, 8)",max,0.9228736581337738
PKLot,camera1,camera1,64,4,"(1, 2, 3, 8)",mult,0.9218827415359208
PKLot,camera1,camera1,64,4,"(1, 2, 3, 8)",vote,0.9189099917423617
PKLot,camera1,camera1,64,4,"(1, 2, 3, 9)",sum,0.9078447563996697
PKLot,camera1,camera1,64,4,"(1, 2, 3, 9)",mean_probs,0.9078447563996697
PKLot,camera1,camera1,64,4,"(1, 2, 3, 9)",max,0.9081750619322874
PKLot,camera1,camera1,64,4,"(1, 2, 3, 9)",mult,0.9088356729975227
PKLot,camera1,camera1,64,4,"(1, 2, 3, 9)",vote,0.9083402146985962
PKLot,camera1,camera1,64,4,"(1, 2, 4, 5)",sum,0.912634186622626
PKLot,camera1,camera1,64,4,"(1, 2, 4, 5)",mean_probs,0.912634186622626
PKLot,camera1,camera1,64,4,"(1, 2, 4, 5)",max,0.9103220478943023
PKLot,camera1,camera1,64,4,"(1, 2, 4, 5)",mult,0.912634186622626
PKLot,camera1,camera1,64,4,"(1, 2, 4, 5)",vote,0.9137902559867878
PKLot,camera1,camera1,64,4,"(1, 2, 4, 6)",sum,0.9123038810900083
PKLot,camera1,camera1,64,4,"(1, 2, 4, 6)",mean_probs,0.9123038810900083
PKLot,camera1,camera1,64,4,"(1, 2, 4, 6)",max,0.9096614368290669
PKLot,camera1,camera1,64,4,"(1, 2, 4, 6)",mult,0.911643270024773
PKLot,camera1,camera1,64,4,"(1, 2, 4, 6)",vote,0.9124690338563171
PKLot,camera1,camera1,64,4,"(1, 2, 4, 7)",sum,0.9253509496284062
PKLot,camera1,camera1,64,4,"(1, 2, 4, 7)",mean_probs,0.9253509496284062
PKLot,camera1,camera1,64,4,"(1, 2, 4, 7)",max,0.9291494632535094
PKLot,camera1,camera1,64,4,"(1, 2, 4, 7)",mult,0.9283236994219654
PKLot,camera1,camera1,64,4,"(1, 2, 4, 7)",vote,0.9250206440957887
PKLot,camera1,camera1,64,4,"(1, 2, 4, 8)",sum,0.9185796862097441
PKLot,camera1,camera1,64,4,"(1, 2, 4, 8)",mean_probs,0.9185796862097441
PKLot,camera1,camera1,64,4,"(1, 2, 4, 8)",max,0.9192402972749794
PKLot,camera1,camera1,64,4,"(1, 2, 4, 8)",mult,0.9203963666391412
PKLot,camera1,camera1,64,4,"(1, 2, 4, 8)",vote,0.9179190751445087
PKLot,camera1,camera1,64,4,"(1, 2, 4, 9)",sum,0.9009083402146986
PKLot,camera1,camera1,64,4,"(1, 2, 4, 9)",mean_probs,0.9009083402146986
PKLot,camera1,camera1,64,4,"(1, 2, 4, 9)",max,0.9070189925681256
PKLot,camera1,camera1,64,4,"(1, 2, 4, 9)",mult,0.9028901734104047
PKLot,camera1,camera1,64,4,"(1, 2, 4, 9)",vote,0.9004128819157721
PKLot,camera1,camera1,64,4,"(1, 2, 5, 6)",sum,0.9170933113129645
PKLot,camera1,camera1,64,4,"(1, 2, 5, 6)",mean_probs,0.9170933113129645
PKLot,camera1,camera1,64,4,"(1, 2, 5, 6)",max,0.9149463253509497
PKLot,camera1,camera1,64,4,"(1, 2, 5, 6)",mult,0.9169281585466557
PKLot,camera1,camera1,64,4,"(1, 2, 5, 6)",vote,0.9172584640792734
PKLot,camera1,camera1,64,4,"(1, 2, 5, 7)",sum,0.9284888521882741
PKLot,camera1,camera1,64,4,"(1, 2, 5, 7)",mean_probs,0.9284888521882741
PKLot,camera1,camera1,64,4,"(1, 2, 5, 7)",max,0.9319570602807598
PKLot,camera1,camera1,64,4,"(1, 2, 5, 7)",mult,0.9301403798513626
PKLot,camera1,camera1,64,4,"(1, 2, 5, 7)",vote,0.928654004954583
PKLot,camera1,camera1,64,4,"(1, 2, 5, 8)",sum,0.9228736581337738
PKLot,camera1,camera1,64,4,"(1, 2, 5, 8)",mean_probs,0.9228736581337738
PKLot,camera1,camera1,64,4,"(1, 2, 5, 8)",max,0.923534269199009
PKLot,camera1,camera1,64,4,"(1, 2, 5, 8)",mult,0.9232039636663915
PKLot,camera1,camera1,64,4,"(1, 2, 5, 8)",vote,0.922543352601156
PKLot,camera1,camera1,64,4,"(1, 2, 5, 9)",sum,0.9101568951279934
PKLot,camera1,camera1,64,4,"(1, 2, 5, 9)",mean_probs,0.9101568951279934
PKLot,camera1,camera1,64,4,"(1, 2, 5, 9)",max,0.9108175061932288
PKLot,camera1,camera1,64,4,"(1, 2, 5, 9)",mult,0.9103220478943023
PKLot,camera1,camera1,64,4,"(1, 2, 5, 9)",vote,0.9103220478943023
PKLot,camera1,camera1,64,4,"(1, 2, 6, 7)",sum,0.9273327828241124
PKLot,camera1,camera1,64,4,"(1, 2, 6, 7)",mean_probs,0.9273327828241124
PKLot,camera1,camera1,64,4,"(1, 2, 6, 7)",max,0.9281585466556564
PKLot,camera1,camera1,64,4,"(1, 2, 6, 7)",mult,0.9281585466556564
PKLot,camera1,camera1,64,4,"(1, 2, 6, 7)",vote,0.9279933938893477
PKLot,camera1,camera1,64,4,"(1, 2, 6, 8)",sum,0.9212221304706854
PKLot,camera1,camera1,64,4,"(1, 2, 6, 8)",mean_probs,0.9212221304706854
PKLot,camera1,camera1,64,4,"(1, 2, 6, 8)",max,0.9213872832369943
PKLot,camera1,camera1,64,4,"(1, 2, 6, 8)",mult,0.9212221304706854
PKLot,camera1,camera1,64,4,"(1, 2, 6, 8)",vote,0.9205615194054501
PKLot,camera1,camera1,64,4,"(1, 2, 6, 9)",sum,0.9080099091659786
PKLot,camera1,camera1,64,4,"(1, 2, 6, 9)",mean_probs,0.9080099091659786
PKLot,camera1,camera1,64,4,"(1, 2, 6, 9)",max,0.9081750619322874
PKLot,camera1,camera1,64,4,"(1, 2, 6, 9)",mult,0.9080099091659786
PKLot,camera1,camera1,64,4,"(1, 2, 6, 9)",vote,0.9075144508670521
PKLot,camera1,camera1,64,4,"(1, 2, 7, 8)",sum,0.9312964492155243
PKLot,camera1,camera1,64,4,"(1, 2, 7, 8)",mean_probs,0.9312964492155243
PKLot,camera1,camera1,64,4,"(1, 2, 7, 8)",max,0.933608587943848
PKLot,camera1,camera1,64,4,"(1, 2, 7, 8)",mult,0.9322873658133773
PKLot,camera1,camera1,64,4,"(1, 2, 7, 8)",vote,0.9311312964492156
PKLot,camera1,camera1,64,4,"(1, 2, 7, 9)",sum,0.9233691164327003
PKLot,camera1,camera1,64,4,"(1, 2, 7, 9)",mean_probs,0.9233691164327003
PKLot,camera1,camera1,64,4,"(1, 2, 7, 9)",max,0.9291494632535094
PKLot,camera1,camera1,64,4,"(1, 2, 7, 9)",mult,0.92766308835673
PKLot,camera1,camera1,64,4,"(1, 2, 7, 9)",vote,0.921552436003303
PKLot,camera1,camera1,64,4,"(1, 2, 8, 9)",sum,0.9161023947151115
PKLot,camera1,camera1,64,4,"(1, 2, 8, 9)",mean_probs,0.9161023947151115
PKLot,camera1,camera1,64,4,"(1, 2, 8, 9)",max,0.9192402972749794
PKLot,camera1,camera1,64,4,"(1, 2, 8, 9)",mult,0.9189099917423617
PKLot,camera1,camera1,64,4,"(1, 2, 8, 9)",vote,0.913625103220479
PKLot,camera1,camera1,64,4,"(1, 3, 4, 5)",sum,0.9085053674649051
PKLot,camera1,camera1,64,4,"(1, 3, 4, 5)",mean_probs,0.9085053674649051
PKLot,camera1,camera1,64,4,"(1, 3, 4, 5)",max,0.904541701073493
PKLot,camera1,camera1,64,4,"(1, 3, 4, 5)",mult,0.9076796036333609
PKLot,camera1,camera1,64,4,"(1, 3, 4, 5)",vote,0.9098265895953758
PKLot,camera1,camera1,64,4,"(1, 3, 4, 6)",sum,0.9037159372419488
PKLot,camera1,camera1,64,4,"(1, 3, 4, 6)",mean_probs,0.9037159372419488
PKLot,camera1,camera1,64,4,"(1, 3, 4, 6)",max,0.9022295623451693
PKLot,camera1,camera1,64,4,"(1, 3, 4, 6)",mult,0.9043765483071842
PKLot,camera1,camera1,64,4,"(1, 3, 4, 6)",vote,0.904541701073493
PKLot,camera1,camera1,64,4,"(1, 3, 4, 7)",sum,0.9240297274979355
PKLot,camera1,camera1,64,4,"(1, 3, 4, 7)",mean_probs,0.9240297274979355
PKLot,camera1,camera1,64,4,"(1, 3, 4, 7)",max,0.9289843104872006
PKLot,camera1,camera1,64,4,"(1, 3, 4, 7)",mult,0.9273327828241124
PKLot,camera1,camera1,64,4,"(1, 3, 4, 7)",vote,0.9232039636663915
PKLot,camera1,camera1,64,4,"(1, 3, 4, 8)",sum,0.9108175061932288
PKLot,camera1,camera1,64,4,"(1, 3, 4, 8)",mean_probs,0.9108175061932288
PKLot,camera1,camera1,64,4,"(1, 3, 4, 8)",max,0.9162675474814204
PKLot,camera1,camera1,64,4,"(1, 3, 4, 8)",mult,0.9149463253509497
PKLot,camera1,camera1,64,4,"(1, 3, 4, 8)",vote,0.9101568951279934
PKLot,camera1,camera1,64,4,"(1, 3, 4, 9)",sum,0.8962840627580512
PKLot,camera1,camera1,64,4,"(1, 3, 4, 9)",mean_probs,0.8962840627580512
PKLot,camera1,camera1,64,4,"(1, 3, 4, 9)",max,0.9020644095788605
PKLot,camera1,camera1,64,4,"(1, 3, 4, 9)",mult,0.8992568125516103
PKLot,camera1,camera1,64,4,"(1, 3, 4, 9)",vote,0.8947976878612717
PKLot,camera1,camera1,64,4,"(1, 3, 5, 6)",sum,0.9080099091659786
PKLot,camera1,camera1,64,4,"(1, 3, 5, 6)",mean_probs,0.9080099091659786
PKLot,camera1,camera1,64,4,"(1, 3, 5, 6)",max,0.9070189925681256
PKLot,camera1,camera1,64,4,"(1, 3, 5, 6)",mult,0.9076796036333609
PKLot,camera1,camera1,64,4,"(1, 3, 5, 6)",vote,0.9088356729975227
PKLot,camera1,camera1,64,4,"(1, 3, 5, 7)",sum,0.9258464079273327
PKLot,camera1,camera1,64,4,"(1, 3, 5, 7)",mean_probs,0.9258464079273327
PKLot,camera1,camera1,64,4,"(1, 3, 5, 7)",max,0.9291494632535094
PKLot,camera1,camera1,64,4,"(1, 3, 5, 7)",mult,0.9279933938893477
PKLot,camera1,camera1,64,4,"(1, 3, 5, 7)",vote,0.9265070189925682
PKLot,camera1,camera1,64,4,"(1, 3, 5, 8)",sum,0.9167630057803469
PKLot,camera1,camera1,64,4,"(1, 3, 5, 8)",mean_probs,0.9167630057803469
PKLot,camera1,camera1,64,4,"(1, 3, 5, 8)",max,0.9194054500412882
PKLot,camera1,camera1,64,4,"(1, 3, 5, 8)",mult,0.9182493806771264
PKLot,camera1,camera1,64,4,"(1, 3, 5, 8)",vote,0.917588769611891
PKLot,camera1,camera1,64,4,"(1, 3, 5, 9)",sum,0.9033856317093312
PKLot,camera1,camera1,64,4,"(1, 3, 5, 9)",mean_probs,0.9033856317093312
PKLot,camera1,camera1,64,4,"(1, 3, 5, 9)",max,0.9038810900082577
PKLot,camera1,camera1,64,4,"(1, 3, 5, 9)",mult,0.9033856317093312
PKLot,camera1,camera1,64,4,"(1, 3, 5, 9)",vote,0.9042113955408753
PKLot,camera1,camera1,64,4,"(1, 3, 6, 7)",sum,0.9218827415359208
PKLot,camera1,camera1,64,4,"(1, 3, 6, 7)",mean_probs,0.9218827415359208
PKLot,camera1,camera1,64,4,"(1, 3, 6, 7)",max,0.92766308835673
PKLot,camera1,camera1,64,4,"(1, 3, 6, 7)",mult,0.9251857968620975
PKLot,camera1,camera1,64,4,"(1, 3, 6, 7)",vote,0.9199009083402147
PKLot,camera1,camera1,64,4,"(1, 3, 6, 8)",sum,0.9114781172584641
PKLot,camera1,camera1,64,4,"(1, 3, 6, 8)",mean_probs,0.9114781172584641
PKLot,camera1,camera1,64,4,"(1, 3, 6, 8)",max,0.9180842279108175
PKLot,camera1,camera1,64,4,"(1, 3, 6, 8)",mult,0.913625103220479
PKLot,camera1,camera1,64,4,"(1, 3, 6, 8)",vote,0.9099917423616846
PKLot,camera1,camera1,64,4,"(1, 3, 6, 9)",sum,0.9002477291494633
PKLot,camera1,camera1,64,4,"(1, 3, 6, 9)",mean_probs,0.9002477291494633
PKLot,camera1,camera1,64,4,"(1, 3, 6, 9)",max,0.9002477291494633
PKLot,camera1,camera1,64,4,"(1, 3, 6, 9)",mult,0.900578034682081
PKLot,camera1,camera1,64,4,"(1, 3, 6, 9)",vote,0.8995871180842279
PKLot,camera1,camera1,64,4,"(1, 3, 7, 8)",sum,0.9303055326176713
PKLot,camera1,camera1,64,4,"(1, 3, 7, 8)",mean_probs,0.9303055326176713
PKLot,camera1,camera1,64,4,"(1, 3, 7, 8)",max,0.9309661436829066
PKLot,camera1,camera1,64,4,"(1, 3, 7, 8)",mult,0.930635838150289
PKLot,camera1,camera1,64,4,"(1, 3, 7, 8)",vote,0.9299752270850536
PKLot,camera1,camera1,64,4,"(1, 3, 7, 9)",sum,0.9210569777043766
PKLot,camera1,camera1,64,4,"(1, 3, 7, 9)",mean_probs,0.9210569777043766
PKLot,camera1,camera1,64,4,"(1, 3, 7, 9)",max,0.9284888521882741
PKLot,camera1,camera1,64,4,"(1, 3, 7, 9)",mult,0.9258464079273327
PKLot,camera1,camera1,64,4,"(1, 3, 7, 9)",vote,0.9185796862097441
PKLot,camera1,camera1,64,4,"(1, 3, 8, 9)",sum,0.9063583815028902
PKLot,camera1,camera1,64,4,"(1, 3, 8, 9)",mean_probs,0.9063583815028902
PKLot,camera1,camera1,64,4,"(1, 3, 8, 9)",max,0.9162675474814204
PKLot,camera1,camera1,64,4,"(1, 3, 8, 9)",mult,0.9114781172584641
PKLot,camera1,camera1,64,4,"(1, 3, 8, 9)",vote,0.904541701073493
PKLot,camera1,camera1,64,4,"(1, 4, 5, 6)",sum,0.9086705202312139
PKLot,camera1,camera1,64,4,"(1, 4, 5, 6)",mean_probs,0.9086705202312139
PKLot,camera1,camera1,64,4,"(1, 4, 5, 6)",max,0.9048720066061107
PKLot,camera1,camera1,64,4,"(1, 4, 5, 6)",mult,0.9083402146985962
PKLot,camera1,camera1,64,4,"(1, 4, 5, 6)",vote,0.9096614368290669
PKLot,camera1,camera1,64,4,"(1, 4, 5, 7)",sum,0.9194054500412882
PKLot,camera1,camera1,64,4,"(1, 4, 5, 7)",mean_probs,0.9194054500412882
PKLot,camera1,camera1,64,4,"(1, 4, 5, 7)",max,0.9294797687861271
PKLot,camera1,camera1,64,4,"(1, 4, 5, 7)",mult,0.9251857968620975
PKLot,camera1,camera1,64,4,"(1, 4, 5, 7)",vote,0.9185796862097441
PKLot,camera1,camera1,64,4,"(1, 4, 5, 8)",sum,0.9109826589595376
PKLot,camera1,camera1,64,4,"(1, 4, 5, 8)",mean_probs,0.9109826589595376
PKLot,camera1,camera1,64,4,"(1, 4, 5, 8)",max,0.9152766308835673
PKLot,camera1,camera1,64,4,"(1, 4, 5, 8)",mult,0.913625103220479
PKLot,camera1,camera1,64,4,"(1, 4, 5, 8)",vote,0.9111478117258464
PKLot,camera1,camera1,64,4,"(1, 4, 5, 9)",sum,0.8969446738232866
PKLot,camera1,camera1,64,4,"(1, 4, 5, 9)",mean_probs,0.8969446738232866
PKLot,camera1,camera1,64,4,"(1, 4, 5, 9)",max,0.8994219653179191
PKLot,camera1,camera1,64,4,"(1, 4, 5, 9)",mult,0.8972749793559042
PKLot,camera1,camera1,64,4,"(1, 4, 5, 9)",vote,0.8974401321222131
PKLot,camera1,camera1,64,4,"(1, 4, 6, 7)",sum,0.9169281585466557
PKLot,camera1,camera1,64,4,"(1, 4, 6, 7)",mean_probs,0.9169281585466557
PKLot,camera1,camera1,64,4,"(1, 4, 6, 7)",max,0.9271676300578034
PKLot,camera1,camera1,64,4,"(1, 4, 6, 7)",mult,0.922543352601156
PKLot,camera1,camera1,64,4,"(1, 4, 6, 7)",vote,0.9170933113129645
PKLot,camera1,camera1,64,4,"(1, 4, 6, 8)",sum,0.9086705202312139
PKLot,camera1,camera1,64,4,"(1, 4, 6, 8)",mean_probs,0.9086705202312139
PKLot,camera1,camera1,64,4,"(1, 4, 6, 8)",max,0.9139554087530967
PKLot,camera1,camera1,64,4,"(1, 4, 6, 8)",mult,0.9114781172584641
PKLot,camera1,camera1,64,4,"(1, 4, 6, 8)",vote,0.9078447563996697
PKLot,camera1,camera1,64,4,"(1, 4, 6, 9)",sum,0.8936416184971099
PKLot,camera1,camera1,64,4,"(1, 4, 6, 9)",mean_probs,0.8936416184971099
PKLot,camera1,camera1,64,4,"(1, 4, 6, 9)",max,0.8987613542526838
PKLot,camera1,camera1,64,4,"(1, 4, 6, 9)",mult,0.8951279933938894
PKLot,camera1,camera1,64,4,"(1, 4, 6, 9)",vote,0.8931461601981833
PKLot,camera1,camera1,64,4,"(1, 4, 7, 8)",sum,0.9255161023947152
PKLot,camera1,camera1,64,4,"(1, 4, 7, 8)",mean_probs,0.9255161023947152
PKLot,camera1,camera1,64,4,"(1, 4, 7, 8)",max,0.9314616019818331
PKLot,camera1,camera1,64,4,"(1, 4, 7, 8)",mult,0.9289843104872006
PKLot,camera1,camera1,64,4,"(1, 4, 7, 8)",vote,0.9255161023947152
PKLot,camera1,camera1,64,4,"(1, 4, 7, 9)",sum,0.9083402146985962
PKLot,camera1,camera1,64,4,"(1, 4, 7, 9)",mean_probs,0.9083402146985962
PKLot,camera1,camera1,64,4,"(1, 4, 7, 9)",max,0.9273327828241124
PKLot,camera1,camera1,64,4,"(1, 4, 7, 9)",mult,0.9197357555739059
PKLot,camera1,camera1,64,4,"(1, 4, 7, 9)",vote,0.9052023121387284
PKLot,camera1,camera1,64,4,"(1, 4, 8, 9)",sum,0.8992568125516103
PKLot,camera1,camera1,64,4,"(1, 4, 8, 9)",mean_probs,0.8992568125516103
PKLot,camera1,camera1,64,4,"(1, 4, 8, 9)",max,0.9108175061932288
PKLot,camera1,camera1,64,4,"(1, 4, 8, 9)",mult,0.9023947151114781
PKLot,camera1,camera1,64,4,"(1, 4, 8, 9)",vote,0.8966143682906689
PKLot,camera1,camera1,64,4,"(1, 5, 6, 7)",sum,0.9228736581337738
PKLot,camera1,camera1,64,4,"(1, 5, 6, 7)",mean_probs,0.9228736581337738
PKLot,camera1,camera1,64,4,"(1, 5, 6, 7)",max,0.9289843104872006
PKLot,camera1,camera1,64,4,"(1, 5, 6, 7)",mult,0.9248554913294798
PKLot,camera1,camera1,64,4,"(1, 5, 6, 7)",vote,0.9222130470685383
PKLot,camera1,camera1,64,4,"(1, 5, 6, 8)",sum,0.914616019818332
PKLot,camera1,camera1,64,4,"(1, 5, 6, 8)",mean_probs,0.914616019818332
PKLot,camera1,camera1,64,4,"(1, 5, 6, 8)",max,0.9182493806771264
PKLot,camera1,camera1,64,4,"(1, 5, 6, 8)",mult,0.9172584640792734
PKLot,camera1,camera1,64,4,"(1, 5, 6, 8)",vote,0.9142857142857143
PKLot,camera1,camera1,64,4,"(1, 5, 6, 9)",sum,0.9042113955408753
PKLot,camera1,camera1,64,4,"(1, 5, 6, 9)",mean_probs,0.9042113955408753
PKLot,camera1,camera1,64,4,"(1, 5, 6, 9)",max,0.9038810900082577
PKLot,camera1,camera1,64,4,"(1, 5, 6, 9)",mult,0.9037159372419488
PKLot,camera1,camera1,64,4,"(1, 5, 6, 9)",vote,0.9040462427745665
PKLot,camera1,camera1,64,4,"(1, 5, 7, 8)",sum,0.9274979355904212
PKLot,camera1,camera1,64,4,"(1, 5, 7, 8)",mean_probs,0.9274979355904212
PKLot,camera1,camera1,64,4,"(1, 5, 7, 8)",max,0.932617671345995
PKLot,camera1,camera1,64,4,"(1, 5, 7, 8)",mult,0.929644921552436
PKLot,camera1,camera1,64,4,"(1, 5, 7, 8)",vote,0.9270024772914947
PKLot,camera1,camera1,64,4,"(1, 5, 7, 9)",sum,0.9159372419488027
PKLot,camera1,camera1,64,4,"(1, 5, 7, 9)",mean_probs,0.9159372419488027
PKLot,camera1,camera1,64,4,"(1, 5, 7, 9)",max,0.928654004954583
PKLot,camera1,camera1,64,4,"(1, 5, 7, 9)",mult,0.922708505367465
PKLot,camera1,camera1,64,4,"(1, 5, 7, 9)",vote,0.9149463253509497
PKLot,camera1,camera1,64,4,"(1, 5, 8, 9)",sum,0.9070189925681256
PKLot,camera1,camera1,64,4,"(1, 5, 8, 9)",mean_probs,0.9070189925681256
PKLot,camera1,camera1,64,4,"(1, 5, 8, 9)",max,0.9149463253509497
PKLot,camera1,camera1,64,4,"(1, 5, 8, 9)",mult,0.9101568951279934
PKLot,camera1,camera1,64,4,"(1, 5, 8, 9)",vote,0.9063583815028902
PKLot,camera1,camera1,64,4,"(1, 6, 7, 8)",sum,0.9253509496284062
PKLot,camera1,camera1,64,4,"(1, 6, 7, 8)",mean_probs,0.9253509496284062
PKLot,camera1,camera1,64,4,"(1, 6, 7, 8)",max,0.9288191577208919
PKLot,camera1,camera1,64,4,"(1, 6, 7, 8)",mult,0.9273327828241124
PKLot,camera1,camera1,64,4,"(1, 6, 7, 8)",vote,0.9248554913294798
PKLot,camera1,camera1,64,4,"(1, 6, 7, 9)",sum,0.914616019818332
PKLot,camera1,camera1,64,4,"(1, 6, 7, 9)",mean_probs,0.914616019818332
PKLot,camera1,camera1,64,4,"(1, 6, 7, 9)",max,0.9261767134599505
PKLot,camera1,camera1,64,4,"(1, 6, 7, 9)",mult,0.9207266721717589
PKLot,camera1,camera1,64,4,"(1, 6, 7, 9)",vote,0.9142857142857143
PKLot,camera1,camera1,64,4,"(1, 6, 8, 9)",sum,0.9040462427745665
PKLot,camera1,camera1,64,4,"(1, 6, 8, 9)",mean_probs,0.9040462427745665
PKLot,camera1,camera1,64,4,"(1, 6, 8, 9)",max,0.9129644921552436
PKLot,camera1,camera1,64,4,"(1, 6, 8, 9)",mult,0.9071841453344344
PKLot,camera1,camera1,64,4,"(1, 6, 8, 9)",vote,0.9023947151114781
PKLot,camera1,camera1,64,4,"(1, 7, 8, 9)",sum,0.9243600330305533
PKLot,camera1,camera1,64,4,"(1, 7, 8, 9)",mean_probs,0.9243600330305533
PKLot,camera1,camera1,64,4,"(1, 7, 8, 9)",max,0.9312964492155243
PKLot,camera1,camera1,64,4,"(1, 7, 8, 9)",mult,0.9291494632535094
PKLot,camera1,camera1,64,4,"(1, 7, 8, 9)",vote,0.922543352601156
PKLot,camera1,camera1,64,4,"(2, 3, 4, 5)",sum,0.9154417836498762
PKLot,camera1,camera1,64,4,"(2, 3, 4, 5)",mean_probs,0.9154417836498762
PKLot,camera1,camera1,64,4,"(2, 3, 4, 5)",max,0.9114781172584641
PKLot,camera1,camera1,64,4,"(2, 3, 4, 5)",mult,0.9154417836498762
PKLot,camera1,camera1,64,4,"(2, 3, 4, 5)",vote,0.917588769611891
PKLot,camera1,camera1,64,4,"(2, 3, 4, 6)",sum,0.9091659785301404
PKLot,camera1,camera1,64,4,"(2, 3, 4, 6)",mean_probs,0.9091659785301404
PKLot,camera1,camera1,64,4,"(2, 3, 4, 6)",max,0.9085053674649051
PKLot,camera1,camera1,64,4,"(2, 3, 4, 6)",mult,0.9091659785301404
PKLot,camera1,camera1,64,4,"(2, 3, 4, 6)",vote,0.9094962840627581
PKLot,camera1,camera1,64,4,"(2, 3, 4, 7)",sum,0.9298100743187449
PKLot,camera1,camera1,64,4,"(2, 3, 4, 7)",mean_probs,0.9298100743187449
PKLot,camera1,camera1,64,4,"(2, 3, 4, 7)",max,0.9321222130470685
PKLot,camera1,camera1,64,4,"(2, 3, 4, 7)",mult,0.931626754748142
PKLot,camera1,camera1,64,4,"(2, 3, 4, 7)",vote,0.9291494632535094
PKLot,camera1,camera1,64,4,"(2, 3, 4, 8)",sum,0.9220478943022296
PKLot,camera1,camera1,64,4,"(2, 3, 4, 8)",mean_probs,0.9220478943022296
PKLot,camera1,camera1,64,4,"(2, 3, 4, 8)",max,0.9205615194054501
PKLot,camera1,camera1,64,4,"(2, 3, 4, 8)",mult,0.9230388109000826
PKLot,camera1,camera1,64,4,"(2, 3, 4, 8)",vote,0.9210569777043766
PKLot,camera1,camera1,64,4,"(2, 3, 4, 9)",sum,0.9068538398018167
PKLot,camera1,camera1,64,4,"(2, 3, 4, 9)",mean_probs,0.9068538398018167
PKLot,camera1,camera1,64,4,"(2, 3, 4, 9)",max,0.9091659785301404
PKLot,camera1,camera1,64,4,"(2, 3, 4, 9)",mult,0.9070189925681256
PKLot,camera1,camera1,64,4,"(2, 3, 4, 9)",vote,0.9066886870355079
PKLot,camera1,camera1,64,4,"(2, 3, 5, 6)",sum,0.914616019818332
PKLot,camera1,camera1,64,4,"(2, 3, 5, 6)",mean_probs,0.914616019818332
PKLot,camera1,camera1,64,4,"(2, 3, 5, 6)",max,0.9142857142857143
PKLot,camera1,camera1,64,4,"(2, 3, 5, 6)",mult,0.9154417836498762
PKLot,camera1,camera1,64,4,"(2, 3, 5, 6)",vote,0.9154417836498762
PKLot,camera1,camera1,64,4,"(2, 3, 5, 7)",sum,0.9322873658133773
PKLot,camera1,camera1,64,4,"(2, 3, 5, 7)",mean_probs,0.9322873658133773
PKLot,camera1,camera1,64,4,"(2, 3, 5, 7)",max,0.932617671345995
PKLot,camera1,camera1,64,4,"(2, 3, 5, 7)",mult,0.9334434351775392
PKLot,camera1,camera1,64,4,"(2, 3, 5, 7)",vote,0.9324525185796863
PKLot,camera1,camera1,64,4,"(2, 3, 5, 8)",sum,0.926672171758877
PKLot,camera1,camera1,64,4,"(2, 3, 5, 8)",mean_probs,0.926672171758877
PKLot,camera1,camera1,64,4,"(2, 3, 5, 8)",max,0.9232039636663915
PKLot,camera1,camera1,64,4,"(2, 3, 5, 8)",mult,0.926672171758877
PKLot,camera1,camera1,64,4,"(2, 3, 5, 8)",vote,0.9271676300578034
PKLot,camera1,camera1,64,4,"(2, 3, 5, 9)",sum,0.9127993393889348
PKLot,camera1,camera1,64,4,"(2, 3, 5, 9)",mean_probs,0.9127993393889348
PKLot,camera1,camera1,64,4,"(2, 3, 5, 9)",max,0.9109826589595376
PKLot,camera1,camera1,64,4,"(2, 3, 5, 9)",mult,0.9132947976878613
PKLot,camera1,camera1,64,4,"(2, 3, 5, 9)",vote,0.9137902559867878
PKLot,camera1,camera1,64,4,"(2, 3, 6, 7)",sum,0.9284888521882741
PKLot,camera1,camera1,64,4,"(2, 3, 6, 7)",mean_probs,0.9284888521882741
PKLot,camera1,camera1,64,4,"(2, 3, 6, 7)",max,0.9303055326176713
PKLot,camera1,camera1,64,4,"(2, 3, 6, 7)",mult,0.9301403798513626
PKLot,camera1,camera1,64,4,"(2, 3, 6, 7)",vote,0.9273327828241124
PKLot,camera1,camera1,64,4,"(2, 3, 6, 8)",sum,0.9199009083402147
PKLot,camera1,camera1,64,4,"(2, 3, 6, 8)",mean_probs,0.9199009083402147
PKLot,camera1,camera1,64,4,"(2, 3, 6, 8)",max,0.9207266721717589
PKLot,camera1,camera1,64,4,"(2, 3, 6, 8)",mult,0.9205615194054501
PKLot,camera1,camera1,64,4,"(2, 3, 6, 8)",vote,0.9195706028075971
PKLot,camera1,camera1,64,4,"(2, 3, 6, 9)",sum,0.9078447563996697
PKLot,camera1,camera1,64,4,"(2, 3, 6, 9)",mean_probs,0.9078447563996697
PKLot,camera1,camera1,64,4,"(2, 3, 6, 9)",max,0.9070189925681256
PKLot,camera1,camera1,64,4,"(2, 3, 6, 9)",mult,0.9083402146985962
PKLot,camera1,camera1,64,4,"(2, 3, 6, 9)",vote,0.9071841453344344
PKLot,camera1,camera1,64,4,"(2, 3, 7, 8)",sum,0.9341040462427745
PKLot,camera1,camera1,64,4,"(2, 3, 7, 8)",mean_probs,0.9341040462427745
PKLot,camera1,camera1,64,4,"(2, 3, 7, 8)",max,0.9334434351775392
PKLot,camera1,camera1,64,4,"(2, 3, 7, 8)",mult,0.9349298100743187
PKLot,camera1,camera1,64,4,"(2, 3, 7, 8)",vote,0.9342691990090835
PKLot,camera1,camera1,64,4,"(2, 3, 7, 9)",sum,0.9288191577208919
PKLot,camera1,camera1,64,4,"(2, 3, 7, 9)",mean_probs,0.9288191577208919
PKLot,camera1,camera1,64,4,"(2, 3, 7, 9)",max,0.9319570602807598
PKLot,camera1,camera1,64,4,"(2, 3, 7, 9)",mult,0.9309661436829066
PKLot,camera1,camera1,64,4,"(2, 3, 7, 9)",vote,0.9273327828241124
PKLot,camera1,camera1,64,4,"(2, 3, 8, 9)",sum,0.9179190751445087
PKLot,camera1,camera1,64,4,"(2, 3, 8, 9)",mean_probs,0.9179190751445087
PKLot,camera1,camera1,64,4,"(2, 3, 8, 9)",max,0.9205615194054501
PKLot,camera1,camera1,64,4,"(2, 3, 8, 9)",mult,0.9200660611065236
PKLot,camera1,camera1,64,4,"(2, 3, 8, 9)",vote,0.916597853014038
PKLot,camera1,camera1,64,4,"(2, 4, 5, 6)",sum,0.9149463253509497
PKLot,camera1,camera1,64,4,"(2, 4, 5, 6)",mean_probs,0.9149463253509497
PKLot,camera1,camera1,64,4,"(2, 4, 5, 6)",max,0.9129644921552436
PKLot,camera1,camera1,64,4,"(2, 4, 5, 6)",mult,0.914616019818332
PKLot,camera1,camera1,64,4,"(2, 4, 5, 6)",vote,0.9154417836498762
PKLot,camera1,camera1,64,4,"(2, 4, 5, 7)",sum,0.9273327828241124
PKLot,camera1,camera1,64,4,"(2, 4, 5, 7)",mean_probs,0.9273327828241124
PKLot,camera1,camera1,64,4,"(2, 4, 5, 7)",max,0.931626754748142
PKLot,camera1,camera1,64,4,"(2, 4, 5, 7)",mult,0.9298100743187449
PKLot,camera1,camera1,64,4,"(2, 4, 5, 7)",vote,0.9265070189925682
PKLot,camera1,camera1,64,4,"(2, 4, 5, 8)",sum,0.9213872832369943
PKLot,camera1,camera1,64,4,"(2, 4, 5, 8)",mean_probs,0.9213872832369943
PKLot,camera1,camera1,64,4,"(2, 4, 5, 8)",max,0.9192402972749794
PKLot,camera1,camera1,64,4,"(2, 4, 5, 8)",mult,0.9213872832369943
PKLot,camera1,camera1,64,4,"(2, 4, 5, 8)",vote,0.9213872832369943
PKLot,camera1,camera1,64,4,"(2, 4, 5, 9)",sum,0.9058629232039637
PKLot,camera1,camera1,64,4,"(2, 4, 5, 9)",mean_probs,0.9058629232039637
PKLot,camera1,camera1,64,4,"(2, 4, 5, 9)",max,0.9101568951279934
PKLot,camera1,camera1,64,4,"(2, 4, 5, 9)",mult,0.9068538398018167
PKLot,camera1,camera1,64,4,"(2, 4, 5, 9)",vote,0.9060280759702725
PKLot,camera1,camera1,64,4,"(2, 4, 6, 7)",sum,0.924690338563171
PKLot,camera1,camera1,64,4,"(2, 4, 6, 7)",mean_probs,0.924690338563171
PKLot,camera1,camera1,64,4,"(2, 4, 6, 7)",max,0.9298100743187449
PKLot,camera1,camera1,64,4,"(2, 4, 6, 7)",mult,0.9274979355904212
PKLot,camera1,camera1,64,4,"(2, 4, 6, 7)",vote,0.9248554913294798
PKLot,camera1,camera1,64,4,"(2, 4, 6, 8)",sum,0.9197357555739059
PKLot,camera1,camera1,64,4,"(2, 4, 6, 8)",mean_probs,0.9197357555739059
PKLot,camera1,camera1,64,4,"(2, 4, 6, 8)",max,0.9185796862097441
PKLot,camera1,camera1,64,4,"(2, 4, 6, 8)",mult,0.9190751445086706
PKLot,camera1,camera1,64,4,"(2, 4, 6, 8)",vote,0.9192402972749794
PKLot,camera1,camera1,64,4,"(2, 4, 6, 9)",sum,0.9040462427745665
PKLot,camera1,camera1,64,4,"(2, 4, 6, 9)",mean_probs,0.9040462427745665
PKLot,camera1,camera1,64,4,"(2, 4, 6, 9)",max,0.9081750619322874
PKLot,camera1,camera1,64,4,"(2, 4, 6, 9)",mult,0.904541701073493
PKLot,camera1,camera1,64,4,"(2, 4, 6, 9)",vote,0.9030553261767135
PKLot,camera1,camera1,64,4,"(2, 4, 7, 8)",sum,0.9308009909165978
PKLot,camera1,camera1,64,4,"(2, 4, 7, 8)",mean_probs,0.9308009909165978
PKLot,camera1,camera1,64,4,"(2, 4, 7, 8)",max,0.9341040462427745
PKLot,camera1,camera1,64,4,"(2, 4, 7, 8)",mult,0.9319570602807598
PKLot,camera1,camera1,64,4,"(2, 4, 7, 8)",vote,0.9304706853839801
PKLot,camera1,camera1,64,4,"(2, 4, 7, 9)",sum,0.9200660611065236
PKLot,camera1,camera1,64,4,"(2, 4, 7, 9)",mean_probs,0.9200660611065236
PKLot,camera1,camera1,64,4,"(2, 4, 7, 9)",max,0.9301403798513626
PKLot,camera1,camera1,64,4,"(2, 4, 7, 9)",mult,0.9260115606936417
PKLot,camera1,camera1,64,4,"(2, 4, 7, 9)",vote,0.9190751445086706
PKLot,camera1,camera1,64,4,"(2, 4, 8, 9)",sum,0.912634186622626
PKLot,camera1,camera1,64,4,"(2, 4, 8, 9)",mean_probs,0.912634186622626
PKLot,camera1,camera1,64,4,"(2, 4, 8, 9)",max,0.9187448389760529
PKLot,camera1,camera1,64,4,"(2, 4, 8, 9)",mult,0.9147811725846408
PKLot,camera1,camera1,64,4,"(2, 4, 8, 9)",vote,0.9118084227910818
PKLot,camera1,camera1,64,4,"(2, 5, 6, 7)",sum,0.9270024772914947
PKLot,camera1,camera1,64,4,"(2, 5, 6, 7)",mean_probs,0.9270024772914947
PKLot,camera1,camera1,64,4,"(2, 5, 6, 7)",max,0.9314616019818331
PKLot,camera1,camera1,64,4,"(2, 5, 6, 7)",mult,0.929644921552436
PKLot,camera1,camera1,64,4,"(2, 5, 6, 7)",vote,0.9274979355904212
PKLot,camera1,camera1,64,4,"(2, 5, 6, 8)",sum,0.9228736581337738
PKLot,camera1,camera1,64,4,"(2, 5, 6, 8)",mean_probs,0.9228736581337738
PKLot,camera1,camera1,64,4,"(2, 5, 6, 8)",max,0.922543352601156
PKLot,camera1,camera1,64,4,"(2, 5, 6, 8)",mult,0.9223781998348473
PKLot,camera1,camera1,64,4,"(2, 5, 6, 8)",vote,0.9228736581337738
PKLot,camera1,camera1,64,4,"(2, 5, 6, 9)",sum,0.9132947976878613
PKLot,camera1,camera1,64,4,"(2, 5, 6, 9)",mean_probs,0.9132947976878613
PKLot,camera1,camera1,64,4,"(2, 5, 6, 9)",max,0.9108175061932288
PKLot,camera1,camera1,64,4,"(2, 5, 6, 9)",mult,0.91345995045417
PKLot,camera1,camera1,64,4,"(2, 5, 6, 9)",vote,0.9137902559867878
PKLot,camera1,camera1,64,4,"(2, 5, 7, 8)",sum,0.9341040462427745
PKLot,camera1,camera1,64,4,"(2, 5, 7, 8)",mean_probs,0.9341040462427745
PKLot,camera1,camera1,64,4,"(2, 5, 7, 8)",max,0.9341040462427745
PKLot,camera1,camera1,64,4,"(2, 5, 7, 8)",mult,0.9354252683732452
PKLot,camera1,camera1,64,4,"(2, 5, 7, 8)",vote,0.9337737407101568
PKLot,camera1,camera1,64,4,"(2, 5, 7, 9)",sum,0.9253509496284062
PKLot,camera1,camera1,64,4,"(2, 5, 7, 9)",mean_probs,0.9253509496284062
PKLot,camera1,camera1,64,4,"(2, 5, 7, 9)",max,0.9304706853839801
PKLot,camera1,camera1,64,4,"(2, 5, 7, 9)",mult,0.929644921552436
PKLot,camera1,camera1,64,4,"(2, 5, 7, 9)",vote,0.9253509496284062
PKLot,camera1,camera1,64,4,"(2, 5, 8, 9)",sum,0.9194054500412882
PKLot,camera1,camera1,64,4,"(2, 5, 8, 9)",mean_probs,0.9194054500412882
PKLot,camera1,camera1,64,4,"(2, 5, 8, 9)",max,0.9190751445086706
PKLot,camera1,camera1,64,4,"(2, 5, 8, 9)",mult,0.9203963666391412
PKLot,camera1,camera1,64,4,"(2, 5, 8, 9)",vote,0.9187448389760529
PKLot,camera1,camera1,64,4,"(2, 6, 7, 8)",sum,0.9299752270850536
PKLot,camera1,camera1,64,4,"(2, 6, 7, 8)",mean_probs,0.9299752270850536
PKLot,camera1,camera1,64,4,"(2, 6, 7, 8)",max,0.9308009909165978
PKLot,camera1,camera1,64,4,"(2, 6, 7, 8)",mult,0.931626754748142
PKLot,camera1,camera1,64,4,"(2, 6, 7, 8)",vote,0.9299752270850536
PKLot,camera1,camera1,64,4,"(2, 6, 7, 9)",sum,0.923534269199009
PKLot,camera1,camera1,64,4,"(2, 6, 7, 9)",mean_probs,0.923534269199009
PKLot,camera1,camera1,64,4,"(2, 6, 7, 9)",max,0.92766308835673
PKLot,camera1,camera1,64,4,"(2, 6, 7, 9)",mult,0.9260115606936417
PKLot,camera1,camera1,64,4,"(2, 6, 7, 9)",vote,0.9232039636663915
PKLot,camera1,camera1,64,4,"(2, 6, 8, 9)",sum,0.9172584640792734
PKLot,camera1,camera1,64,4,"(2, 6, 8, 9)",mean_probs,0.9172584640792734
PKLot,camera1,camera1,64,4,"(2, 6, 8, 9)",max,0.9189099917423617
PKLot,camera1,camera1,64,4,"(2, 6, 8, 9)",mult,0.9177539223781999
PKLot,camera1,camera1,64,4,"(2, 6, 8, 9)",vote,0.9162675474814204
PKLot,camera1,camera1,64,4,"(2, 7, 8, 9)",sum,0.9301403798513626
PKLot,camera1,camera1,64,4,"(2, 7, 8, 9)",mean_probs,0.9301403798513626
PKLot,camera1,camera1,64,4,"(2, 7, 8, 9)",max,0.9324525185796863
PKLot,camera1,camera1,64,4,"(2, 7, 8, 9)",mult,0.9314616019818331
PKLot,camera1,camera1,64,4,"(2, 7, 8, 9)",vote,0.9288191577208919
PKLot,camera1,camera1,64,4,"(3, 4, 5, 6)",sum,0.9078447563996697
PKLot,camera1,camera1,64,4,"(3, 4, 5, 6)",mean_probs,0.9078447563996697
PKLot,camera1,camera1,64,4,"(3, 4, 5, 6)",max,0.9047068538398018
PKLot,camera1,camera1,64,4,"(3, 4, 5, 6)",mult,0.9066886870355079
PKLot,camera1,camera1,64,4,"(3, 4, 5, 6)",vote,0.9093311312964493
PKLot,camera1,camera1,64,4,"(3, 4, 5, 7)",sum,0.9265070189925682
PKLot,camera1,camera1,64,4,"(3, 4, 5, 7)",mean_probs,0.9265070189925682
PKLot,camera1,camera1,64,4,"(3, 4, 5, 7)",max,0.9303055326176713
PKLot,camera1,camera1,64,4,"(3, 4, 5, 7)",mult,0.9298100743187449
PKLot,camera1,camera1,64,4,"(3, 4, 5, 7)",vote,0.9251857968620975
PKLot,camera1,camera1,64,4,"(3, 4, 5, 8)",sum,0.9164327002477292
PKLot,camera1,camera1,64,4,"(3, 4, 5, 8)",mean_probs,0.9164327002477292
PKLot,camera1,camera1,64,4,"(3, 4, 5, 8)",max,0.9161023947151115
PKLot,camera1,camera1,64,4,"(3, 4, 5, 8)",mult,0.9194054500412882
PKLot,camera1,camera1,64,4,"(3, 4, 5, 8)",vote,0.9162675474814204
PKLot,camera1,camera1,64,4,"(3, 4, 5, 9)",sum,0.9004128819157721
PKLot,camera1,camera1,64,4,"(3, 4, 5, 9)",mean_probs,0.9004128819157721
PKLot,camera1,camera1,64,4,"(3, 4, 5, 9)",max,0.9038810900082577
PKLot,camera1,camera1,64,4,"(3, 4, 5, 9)",mult,0.9022295623451693
PKLot,camera1,camera1,64,4,"(3, 4, 5, 9)",vote,0.9012386457473163
PKLot,camera1,camera1,64,4,"(3, 4, 6, 7)",sum,0.9208918249380678
PKLot,camera1,camera1,64,4,"(3, 4, 6, 7)",mean_probs,0.9208918249380678
PKLot,camera1,camera1,64,4,"(3, 4, 6, 7)",max,0.9291494632535094
PKLot,camera1,camera1,64,4,"(3, 4, 6, 7)",mult,0.9251857968620975
PKLot,camera1,camera1,64,4,"(3, 4, 6, 7)",vote,0.9190751445086706
PKLot,camera1,camera1,64,4,"(3, 4, 6, 8)",sum,0.9129644921552436
PKLot,camera1,camera1,64,4,"(3, 4, 6, 8)",mean_probs,0.9129644921552436
PKLot,camera1,camera1,64,4,"(3, 4, 6, 8)",max,0.9154417836498762
PKLot,camera1,camera1,64,4,"(3, 4, 6, 8)",mult,0.9152766308835673
PKLot,camera1,camera1,64,4,"(3, 4, 6, 8)",vote,0.9121387283236995
PKLot,camera1,camera1,64,4,"(3, 4, 6, 9)",sum,0.8951279933938894
PKLot,camera1,camera1,64,4,"(3, 4, 6, 9)",mean_probs,0.8951279933938894
PKLot,camera1,camera1,64,4,"(3, 4, 6, 9)",max,0.8987613542526838
PKLot,camera1,camera1,64,4,"(3, 4, 6, 9)",mult,0.8957886044591247
PKLot,camera1,camera1,64,4,"(3, 4, 6, 9)",vote,0.894467382328654
PKLot,camera1,camera1,64,4,"(3, 4, 7, 8)",sum,0.9303055326176713
PKLot,camera1,camera1,64,4,"(3, 4, 7, 8)",mean_probs,0.9303055326176713
PKLot,camera1,camera1,64,4,"(3, 4, 7, 8)",max,0.9321222130470685
PKLot,camera1,camera1,64,4,"(3, 4, 7, 8)",mult,0.931626754748142
PKLot,camera1,camera1,64,4,"(3, 4, 7, 8)",vote,0.9299752270850536
PKLot,camera1,camera1,64,4,"(3, 4, 7, 9)",sum,0.9172584640792734
PKLot,camera1,camera1,64,4,"(3, 4, 7, 9)",mean_probs,0.9172584640792734
PKLot,camera1,camera1,64,4,"(3, 4, 7, 9)",max,0.930635838150289
PKLot,camera1,camera1,64,4,"(3, 4, 7, 9)",mult,0.9263418662262592
PKLot,camera1,camera1,64,4,"(3, 4, 7, 9)",vote,0.914616019818332
PKLot,camera1,camera1,64,4,"(3, 4, 8, 9)",sum,0.9063583815028902
PKLot,camera1,camera1,64,4,"(3, 4, 8, 9)",mean_probs,0.9063583815028902
PKLot,camera1,camera1,64,4,"(3, 4, 8, 9)",max,0.9164327002477292
PKLot,camera1,camera1,64,4,"(3, 4, 8, 9)",mult,0.9104872006606111
PKLot,camera1,camera1,64,4,"(3, 4, 8, 9)",vote,0.9042113955408753
PKLot,camera1,camera1,64,4,"(3, 5, 6, 7)",sum,0.9250206440957887
PKLot,camera1,camera1,64,4,"(3, 5, 6, 7)",mean_probs,0.9250206440957887
PKLot,camera1,camera1,64,4,"(3, 5, 6, 7)",max,0.9304706853839801
PKLot,camera1,camera1,64,4,"(3, 5, 6, 7)",mult,0.92766308835673
PKLot,camera1,camera1,64,4,"(3, 5, 6, 7)",vote,0.9232039636663915
PKLot,camera1,camera1,64,4,"(3, 5, 6, 8)",sum,0.9159372419488027
PKLot,camera1,camera1,64,4,"(3, 5, 6, 8)",mean_probs,0.9159372419488027
PKLot,camera1,camera1,64,4,"(3, 5, 6, 8)",max,0.9180842279108175
PKLot,camera1,camera1,64,4,"(3, 5, 6, 8)",mult,0.9164327002477292
PKLot,camera1,camera1,64,4,"(3, 5, 6, 8)",vote,0.9147811725846408
PKLot,camera1,camera1,64,4,"(3, 5, 6, 9)",sum,0.9028901734104047
PKLot,camera1,camera1,64,4,"(3, 5, 6, 9)",mean_probs,0.9028901734104047
PKLot,camera1,camera1,64,4,"(3, 5, 6, 9)",max,0.9037159372419488
PKLot,camera1,camera1,64,4,"(3, 5, 6, 9)",mult,0.9030553261767135
PKLot,camera1,camera1,64,4,"(3, 5, 6, 9)",vote,0.9032204789430223
PKLot,camera1,camera1,64,4,"(3, 5, 7, 8)",sum,0.9311312964492156
PKLot,camera1,camera1,64,4,"(3, 5, 7, 8)",mean_probs,0.9311312964492156
PKLot,camera1,camera1,64,4,"(3, 5, 7, 8)",max,0.9319570602807598
PKLot,camera1,camera1,64,4,"(3, 5, 7, 8)",mult,0.9324525185796863
PKLot,camera1,camera1,64,4,"(3, 5, 7, 8)",vote,0.9317919075144508
PKLot,camera1,camera1,64,4,"(3, 5, 7, 9)",sum,0.9238645747316268
PKLot,camera1,camera1,64,4,"(3, 5, 7, 9)",mean_probs,0.9238645747316268
PKLot,camera1,camera1,64,4,"(3, 5, 7, 9)",max,0.9304706853839801
PKLot,camera1,camera1,64,4,"(3, 5, 7, 9)",mult,0.9288191577208919
PKLot,camera1,camera1,64,4,"(3, 5, 7, 9)",vote,0.9228736581337738
PKLot,camera1,camera1,64,4,"(3, 5, 8, 9)",sum,0.9132947976878613
PKLot,camera1,camera1,64,4,"(3, 5, 8, 9)",mean_probs,0.9132947976878613
PKLot,camera1,camera1,64,4,"(3, 5, 8, 9)",max,0.9169281585466557
PKLot,camera1,camera1,64,4,"(3, 5, 8, 9)",mult,0.9170933113129645
PKLot,camera1,camera1,64,4,"(3, 5, 8, 9)",vote,0.9121387283236995
PKLot,camera1,camera1,64,4,"(3, 6, 7, 8)",sum,0.9281585466556564
PKLot,camera1,camera1,64,4,"(3, 6, 7, 8)",mean_probs,0.9281585466556564
PKLot,camera1,camera1,64,4,"(3, 6, 7, 8)",max,0.9303055326176713
PKLot,camera1,camera1,64,4,"(3, 6, 7, 8)",mult,0.9284888521882741
PKLot,camera1,camera1,64,4,"(3, 6, 7, 8)",vote,0.926672171758877
PKLot,camera1,camera1,64,4,"(3, 6, 7, 9)",sum,0.9199009083402147
PKLot,camera1,camera1,64,4,"(3, 6, 7, 9)",mean_probs,0.9199009083402147
PKLot,camera1,camera1,64,4,"(3, 6, 7, 9)",max,0.9291494632535094
PKLot,camera1,camera1,64,4,"(3, 6, 7, 9)",mult,0.9240297274979355
PKLot,camera1,camera1,64,4,"(3, 6, 7, 9)",vote,0.9164327002477292
PKLot,camera1,camera1,64,4,"(3, 6, 8, 9)",sum,0.9094962840627581
PKLot,camera1,camera1,64,4,"(3, 6, 8, 9)",mean_probs,0.9094962840627581
PKLot,camera1,camera1,64,4,"(3, 6, 8, 9)",max,0.9154417836498762
PKLot,camera1,camera1,64,4,"(3, 6, 8, 9)",mult,0.9113129644921553
PKLot,camera1,camera1,64,4,"(3, 6, 8, 9)",vote,0.9080099091659786
PKLot,camera1,camera1,64,4,"(3, 7, 8, 9)",sum,0.9288191577208919
PKLot,camera1,camera1,64,4,"(3, 7, 8, 9)",mean_probs,0.9288191577208919
PKLot,camera1,camera1,64,4,"(3, 7, 8, 9)",max,0.9319570602807598
PKLot,camera1,camera1,64,4,"(3, 7, 8, 9)",mult,0.930635838150289
PKLot,camera1,camera1,64,4,"(3, 7, 8, 9)",vote,0.9268373245251857
PKLot,camera1,camera1,64,4,"(4, 5, 6, 7)",sum,0.917588769611891
PKLot,camera1,camera1,64,4,"(4, 5, 6, 7)",mean_probs,0.917588769611891
PKLot,camera1,camera1,64,4,"(4, 5, 6, 7)",max,0.9291494632535094
PKLot,camera1,camera1,64,4,"(4, 5, 6, 7)",mult,0.923534269199009
PKLot,camera1,camera1,64,4,"(4, 5, 6, 7)",vote,0.9172584640792734
PKLot,camera1,camera1,64,4,"(4, 5, 6, 8)",sum,0.9137902559867878
PKLot,camera1,camera1,64,4,"(4, 5, 6, 8)",mean_probs,0.9137902559867878
PKLot,camera1,camera1,64,4,"(4, 5, 6, 8)",max,0.9152766308835673
PKLot,camera1,camera1,64,4,"(4, 5, 6, 8)",mult,0.9167630057803469
PKLot,camera1,camera1,64,4,"(4, 5, 6, 8)",vote,0.9142857142857143
PKLot,camera1,camera1,64,4,"(4, 5, 6, 9)",sum,0.9004128819157721
PKLot,camera1,camera1,64,4,"(4, 5, 6, 9)",mean_probs,0.9004128819157721
PKLot,camera1,camera1,64,4,"(4, 5, 6, 9)",max,0.9014037985136251
PKLot,camera1,camera1,64,4,"(4, 5, 6, 9)",mult,0.9007431874483898
PKLot,camera1,camera1,64,4,"(4, 5, 6, 9)",vote,0.9009083402146986
PKLot,camera1,camera1,64,4,"(4, 5, 7, 8)",sum,0.9281585466556564
PKLot,camera1,camera1,64,4,"(4, 5, 7, 8)",mean_probs,0.9281585466556564
PKLot,camera1,camera1,64,4,"(4, 5, 7, 8)",max,0.9327828241123038
PKLot,camera1,camera1,64,4,"(4, 5, 7, 8)",mult,0.9308009909165978
PKLot,camera1,camera1,64,4,"(4, 5, 7, 8)",vote,0.9273327828241124
PKLot,camera1,camera1,64,4,"(4, 5, 7, 9)",sum,0.9111478117258464
PKLot,camera1,camera1,64,4,"(4, 5, 7, 9)",mean_probs,0.9111478117258464
PKLot,camera1,camera1,64,4,"(4, 5, 7, 9)",max,0.9293146160198184
PKLot,camera1,camera1,64,4,"(4, 5, 7, 9)",mult,0.921552436003303
PKLot,camera1,camera1,64,4,"(4, 5, 7, 9)",vote,0.9090008257638316
PKLot,camera1,camera1,64,4,"(4, 5, 8, 9)",sum,0.9060280759702725
PKLot,camera1,camera1,64,4,"(4, 5, 8, 9)",mean_probs,0.9060280759702725
PKLot,camera1,camera1,64,4,"(4, 5, 8, 9)",max,0.9152766308835673
PKLot,camera1,camera1,64,4,"(4, 5, 8, 9)",mult,0.9091659785301404
PKLot,camera1,camera1,64,4,"(4, 5, 8, 9)",vote,0.9048720066061107
PKLot,camera1,camera1,64,4,"(4, 6, 7, 8)",sum,0.924690338563171
PKLot,camera1,camera1,64,4,"(4, 6, 7, 8)",mean_probs,0.924690338563171
PKLot,camera1,camera1,64,4,"(4, 6, 7, 8)",max,0.9301403798513626
PKLot,camera1,camera1,64,4,"(4, 6, 7, 8)",mult,0.9270024772914947
PKLot,camera1,camera1,64,4,"(4, 6, 7, 8)",vote,0.9243600330305533
PKLot,camera1,camera1,64,4,"(4, 6, 7, 9)",sum,0.9109826589595376
PKLot,camera1,camera1,64,4,"(4, 6, 7, 9)",mean_probs,0.9109826589595376
PKLot,camera1,camera1,64,4,"(4, 6, 7, 9)",max,0.9270024772914947
PKLot,camera1,camera1,64,4,"(4, 6, 7, 9)",mult,0.9189099917423617
PKLot,camera1,camera1,64,4,"(4, 6, 7, 9)",vote,0.9090008257638316
PKLot,camera1,camera1,64,4,"(4, 6, 8, 9)",sum,0.9020644095788605
PKLot,camera1,camera1,64,4,"(4, 6, 8, 9)",mean_probs,0.9020644095788605
PKLot,camera1,camera1,64,4,"(4, 6, 8, 9)",max,0.9131296449215525
PKLot,camera1,camera1,64,4,"(4, 6, 8, 9)",mult,0.9050371593724195
PKLot,camera1,camera1,64,4,"(4, 6, 8, 9)",vote,0.9017341040462428
PKLot,camera1,camera1,64,4,"(4, 7, 8, 9)",sum,0.9208918249380678
PKLot,camera1,camera1,64,4,"(4, 7, 8, 9)",mean_probs,0.9208918249380678
PKLot,camera1,camera1,64,4,"(4, 7, 8, 9)",max,0.9324525185796863
PKLot,camera1,camera1,64,4,"(4, 7, 8, 9)",mult,0.926672171758877
PKLot,camera1,camera1,64,4,"(4, 7, 8, 9)",vote,0.9185796862097441
PKLot,camera1,camera1,64,4,"(5, 6, 7, 8)",sum,0.9281585466556564
PKLot,camera1,camera1,64,4,"(5, 6, 7, 8)",mean_probs,0.9281585466556564
PKLot,camera1,camera1,64,4,"(5, 6, 7, 8)",max,0.930635838150289
PKLot,camera1,camera1,64,4,"(5, 6, 7, 8)",mult,0.9301403798513626
PKLot,camera1,camera1,64,4,"(5, 6, 7, 8)",vote,0.9270024772914947
PKLot,camera1,camera1,64,4,"(5, 6, 7, 9)",sum,0.9179190751445087
PKLot,camera1,camera1,64,4,"(5, 6, 7, 9)",mean_probs,0.9179190751445087
PKLot,camera1,camera1,64,4,"(5, 6, 7, 9)",max,0.92766308835673
PKLot,camera1,camera1,64,4,"(5, 6, 7, 9)",mult,0.9233691164327003
PKLot,camera1,camera1,64,4,"(5, 6, 7, 9)",vote,0.9169281585466557
PKLot,camera1,camera1,64,4,"(5, 6, 8, 9)",sum,0.9108175061932288
PKLot,camera1,camera1,64,4,"(5, 6, 8, 9)",mean_probs,0.9108175061932288
PKLot,camera1,camera1,64,4,"(5, 6, 8, 9)",max,0.9151114781172585
PKLot,camera1,camera1,64,4,"(5, 6, 8, 9)",mult,0.91345995045417
PKLot,camera1,camera1,64,4,"(5, 6, 8, 9)",vote,0.9094962840627581
PKLot,camera1,camera1,64,4,"(5, 7, 8, 9)",sum,0.926672171758877
PKLot,camera1,camera1,64,4,"(5, 7, 8, 9)",mean_probs,0.926672171758877
PKLot,camera1,camera1,64,4,"(5, 7, 8, 9)",max,0.9317919075144508
PKLot,camera1,camera1,64,4,"(5, 7, 8, 9)",mult,0.9308009909165978
PKLot,camera1,camera1,64,4,"(5, 7, 8, 9)",vote,0.9250206440957887
PKLot,camera1,camera1,64,4,"(6, 7, 8, 9)",sum,0.9213872832369943
PKLot,camera1,camera1,64,4,"(6, 7, 8, 9)",mean_probs,0.9213872832369943
PKLot,camera1,camera1,64,4,"(6, 7, 8, 9)",max,0.9284888521882741
PKLot,camera1,camera1,64,4,"(6, 7, 8, 9)",mult,0.9251857968620975
PKLot,camera1,camera1,64,4,"(6, 7, 8, 9)",vote,0.9200660611065236
PKLot,camera1,camera1,64,5,"(0, 1, 2, 3, 4)",sum,0.9182493806771264
PKLot,camera1,camera1,64,5,"(0, 1, 2, 3, 4)",mean_probs,0.9182493806771264
PKLot,camera1,camera1,64,5,"(0, 1, 2, 3, 4)",max,0.914616019818332
PKLot,camera1,camera1,64,5,"(0, 1, 2, 3, 4)",mult,0.9199009083402147
PKLot,camera1,camera1,64,5,"(0, 1, 2, 3, 4)",vote,0.9195706028075971
PKLot,camera1,camera1,64,5,"(0, 1, 2, 3, 5)",sum,0.922708505367465
PKLot,camera1,camera1,64,5,"(0, 1, 2, 3, 5)",mean_probs,0.922708505367465
PKLot,camera1,camera1,64,5,"(0, 1, 2, 3, 5)",max,0.9182493806771264
PKLot,camera1,camera1,64,5,"(0, 1, 2, 3, 5)",mult,0.9228736581337738
PKLot,camera1,camera1,64,5,"(0, 1, 2, 3, 5)",vote,0.9233691164327003
PKLot,camera1,camera1,64,5,"(0, 1, 2, 3, 6)",sum,0.9195706028075971
PKLot,camera1,camera1,64,5,"(0, 1, 2, 3, 6)",mean_probs,0.9195706028075971
PKLot,camera1,camera1,64,5,"(0, 1, 2, 3, 6)",max,0.915606936416185
PKLot,camera1,camera1,64,5,"(0, 1, 2, 3, 6)",mult,0.9195706028075971
PKLot,camera1,camera1,64,5,"(0, 1, 2, 3, 6)",vote,0.9185796862097441
PKLot,camera1,camera1,64,5,"(0, 1, 2, 3, 7)",sum,0.9308009909165978
PKLot,camera1,camera1,64,5,"(0, 1, 2, 3, 7)",mean_probs,0.9308009909165978
PKLot,camera1,camera1,64,5,"(0, 1, 2, 3, 7)",max,0.930635838150289
PKLot,camera1,camera1,64,5,"(0, 1, 2, 3, 7)",mult,0.9324525185796863
PKLot,camera1,camera1,64,5,"(0, 1, 2, 3, 7)",vote,0.9291494632535094
PKLot,camera1,camera1,64,5,"(0, 1, 2, 3, 8)",sum,0.9248554913294798
PKLot,camera1,camera1,64,5,"(0, 1, 2, 3, 8)",mean_probs,0.9248554913294798
PKLot,camera1,camera1,64,5,"(0, 1, 2, 3, 8)",max,0.923534269199009
PKLot,camera1,camera1,64,5,"(0, 1, 2, 3, 8)",mult,0.9248554913294798
PKLot,camera1,camera1,64,5,"(0, 1, 2, 3, 8)",vote,0.9233691164327003
PKLot,camera1,camera1,64,5,"(0, 1, 2, 3, 9)",sum,0.9147811725846408
PKLot,camera1,camera1,64,5,"(0, 1, 2, 3, 9)",mean_probs,0.9147811725846408
PKLot,camera1,camera1,64,5,"(0, 1, 2, 3, 9)",max,0.9147811725846408
PKLot,camera1,camera1,64,5,"(0, 1, 2, 3, 9)",mult,0.9162675474814204
PKLot,camera1,camera1,64,5,"(0, 1, 2, 3, 9)",vote,0.9162675474814204
PKLot,camera1,camera1,64,5,"(0, 1, 2, 4, 5)",sum,0.9189099917423617
PKLot,camera1,camera1,64,5,"(0, 1, 2, 4, 5)",mean_probs,0.9189099917423617
PKLot,camera1,camera1,64,5,"(0, 1, 2, 4, 5)",max,0.9164327002477292
PKLot,camera1,camera1,64,5,"(0, 1, 2, 4, 5)",mult,0.9184145334434352
PKLot,camera1,camera1,64,5,"(0, 1, 2, 4, 5)",vote,0.9213872832369943
PKLot,camera1,camera1,64,5,"(0, 1, 2, 4, 6)",sum,0.9174236168455822
PKLot,camera1,camera1,64,5,"(0, 1, 2, 4, 6)",mean_probs,0.9174236168455822
PKLot,camera1,camera1,64,5,"(0, 1, 2, 4, 6)",max,0.916597853014038
PKLot,camera1,camera1,64,5,"(0, 1, 2, 4, 6)",mult,0.9182493806771264
PKLot,camera1,camera1,64,5,"(0, 1, 2, 4, 6)",vote,0.9172584640792734
PKLot,camera1,camera1,64,5,"(0, 1, 2, 4, 7)",sum,0.9291494632535094
PKLot,camera1,camera1,64,5,"(0, 1, 2, 4, 7)",mean_probs,0.9291494632535094
PKLot,camera1,camera1,64,5,"(0, 1, 2, 4, 7)",max,0.9321222130470685
PKLot,camera1,camera1,64,5,"(0, 1, 2, 4, 7)",mult,0.9309661436829066
PKLot,camera1,camera1,64,5,"(0, 1, 2, 4, 7)",vote,0.9279933938893477
PKLot,camera1,camera1,64,5,"(0, 1, 2, 4, 8)",sum,0.9240297274979355
PKLot,camera1,camera1,64,5,"(0, 1, 2, 4, 8)",mean_probs,0.9240297274979355
PKLot,camera1,camera1,64,5,"(0, 1, 2, 4, 8)",max,0.9222130470685383
PKLot,camera1,camera1,64,5,"(0, 1, 2, 4, 8)",mult,0.9241948802642445
PKLot,camera1,camera1,64,5,"(0, 1, 2, 4, 8)",vote,0.9241948802642445
PKLot,camera1,camera1,64,5,"(0, 1, 2, 4, 9)",sum,0.9111478117258464
PKLot,camera1,camera1,64,5,"(0, 1, 2, 4, 9)",mean_probs,0.9111478117258464
PKLot,camera1,camera1,64,5,"(0, 1, 2, 4, 9)",max,0.9162675474814204
PKLot,camera1,camera1,64,5,"(0, 1, 2, 4, 9)",mult,0.912634186622626
PKLot,camera1,camera1,64,5,"(0, 1, 2, 4, 9)",vote,0.9094962840627581
PKLot,camera1,camera1,64,5,"(0, 1, 2, 5, 6)",sum,0.9210569777043766
PKLot,camera1,camera1,64,5,"(0, 1, 2, 5, 6)",mean_probs,0.9210569777043766
PKLot,camera1,camera1,64,5,"(0, 1, 2, 5, 6)",max,0.9197357555739059
PKLot,camera1,camera1,64,5,"(0, 1, 2, 5, 6)",mult,0.9212221304706854
PKLot,camera1,camera1,64,5,"(0, 1, 2, 5, 6)",vote,0.9199009083402147
PKLot,camera1,camera1,64,5,"(0, 1, 2, 5, 7)",sum,0.9289843104872006
PKLot,camera1,camera1,64,5,"(0, 1, 2, 5, 7)",mean_probs,0.9289843104872006
PKLot,camera1,camera1,64,5,"(0, 1, 2, 5, 7)",max,0.932617671345995
PKLot,camera1,camera1,64,5,"(0, 1, 2, 5, 7)",mult,0.9312964492155243
PKLot,camera1,camera1,64,5,"(0, 1, 2, 5, 7)",vote,0.9303055326176713
PKLot,camera1,camera1,64,5,"(0, 1, 2, 5, 8)",sum,0.9255161023947152
PKLot,camera1,camera1,64,5,"(0, 1, 2, 5, 8)",mean_probs,0.9255161023947152
PKLot,camera1,camera1,64,5,"(0, 1, 2, 5, 8)",max,0.9250206440957887
PKLot,camera1,camera1,64,5,"(0, 1, 2, 5, 8)",mult,0.9263418662262592
PKLot,camera1,camera1,64,5,"(0, 1, 2, 5, 8)",vote,0.9271676300578034
PKLot,camera1,camera1,64,5,"(0, 1, 2, 5, 9)",sum,0.9170933113129645
PKLot,camera1,camera1,64,5,"(0, 1, 2, 5, 9)",mean_probs,0.9170933113129645
PKLot,camera1,camera1,64,5,"(0, 1, 2, 5, 9)",max,0.916597853014038
PKLot,camera1,camera1,64,5,"(0, 1, 2, 5, 9)",mult,0.917588769611891
PKLot,camera1,camera1,64,5,"(0, 1, 2, 5, 9)",vote,0.9179190751445087
PKLot,camera1,camera1,64,5,"(0, 1, 2, 6, 7)",sum,0.9288191577208919
PKLot,camera1,camera1,64,5,"(0, 1, 2, 6, 7)",mean_probs,0.9288191577208919
PKLot,camera1,camera1,64,5,"(0, 1, 2, 6, 7)",max,0.9303055326176713
PKLot,camera1,camera1,64,5,"(0, 1, 2, 6, 7)",mult,0.9312964492155243
PKLot,camera1,camera1,64,5,"(0, 1, 2, 6, 7)",vote,0.9258464079273327
PKLot,camera1,camera1,64,5,"(0, 1, 2, 6, 8)",sum,0.9238645747316268
PKLot,camera1,camera1,64,5,"(0, 1, 2, 6, 8)",mean_probs,0.9238645747316268
PKLot,camera1,camera1,64,5,"(0, 1, 2, 6, 8)",max,0.9238645747316268
PKLot,camera1,camera1,64,5,"(0, 1, 2, 6, 8)",mult,0.922708505367465
PKLot,camera1,camera1,64,5,"(0, 1, 2, 6, 8)",vote,0.922543352601156
PKLot,camera1,camera1,64,5,"(0, 1, 2, 6, 9)",sum,0.9149463253509497
PKLot,camera1,camera1,64,5,"(0, 1, 2, 6, 9)",mean_probs,0.9149463253509497
PKLot,camera1,camera1,64,5,"(0, 1, 2, 6, 9)",max,0.916597853014038
PKLot,camera1,camera1,64,5,"(0, 1, 2, 6, 9)",mult,0.9162675474814204
PKLot,camera1,camera1,64,5,"(0, 1, 2, 6, 9)",vote,0.9141205615194055
PKLot,camera1,camera1,64,5,"(0, 1, 2, 7, 8)",sum,0.933608587943848
PKLot,camera1,camera1,64,5,"(0, 1, 2, 7, 8)",mean_probs,0.933608587943848
PKLot,camera1,camera1,64,5,"(0, 1, 2, 7, 8)",max,0.9344343517753922
PKLot,camera1,camera1,64,5,"(0, 1, 2, 7, 8)",mult,0.9329479768786128
PKLot,camera1,camera1,64,5,"(0, 1, 2, 7, 8)",vote,0.933608587943848
PKLot,camera1,camera1,64,5,"(0, 1, 2, 7, 9)",sum,0.926672171758877
PKLot,camera1,camera1,64,5,"(0, 1, 2, 7, 9)",mean_probs,0.926672171758877
PKLot,camera1,camera1,64,5,"(0, 1, 2, 7, 9)",max,0.9312964492155243
PKLot,camera1,camera1,64,5,"(0, 1, 2, 7, 9)",mult,0.929644921552436
PKLot,camera1,camera1,64,5,"(0, 1, 2, 7, 9)",vote,0.925681255161024
PKLot,camera1,camera1,64,5,"(0, 1, 2, 8, 9)",sum,0.9207266721717589
PKLot,camera1,camera1,64,5,"(0, 1, 2, 8, 9)",mean_probs,0.9207266721717589
PKLot,camera1,camera1,64,5,"(0, 1, 2, 8, 9)",max,0.9220478943022296
PKLot,camera1,camera1,64,5,"(0, 1, 2, 8, 9)",mult,0.9218827415359208
PKLot,camera1,camera1,64,5,"(0, 1, 2, 8, 9)",vote,0.9182493806771264
PKLot,camera1,camera1,64,5,"(0, 1, 3, 4, 5)",sum,0.9132947976878613
PKLot,camera1,camera1,64,5,"(0, 1, 3, 4, 5)",mean_probs,0.9132947976878613
PKLot,camera1,camera1,64,5,"(0, 1, 3, 4, 5)",max,0.9127993393889348
PKLot,camera1,camera1,64,5,"(0, 1, 3, 4, 5)",mult,0.913625103220479
PKLot,camera1,camera1,64,5,"(0, 1, 3, 4, 5)",vote,0.9159372419488027
PKLot,camera1,camera1,64,5,"(0, 1, 3, 4, 6)",sum,0.9121387283236995
PKLot,camera1,camera1,64,5,"(0, 1, 3, 4, 6)",mean_probs,0.9121387283236995
PKLot,camera1,camera1,64,5,"(0, 1, 3, 4, 6)",max,0.9104872006606111
PKLot,camera1,camera1,64,5,"(0, 1, 3, 4, 6)",mult,0.9121387283236995
PKLot,camera1,camera1,64,5,"(0, 1, 3, 4, 6)",vote,0.91345995045417
PKLot,camera1,camera1,64,5,"(0, 1, 3, 4, 7)",sum,0.9268373245251857
PKLot,camera1,camera1,64,5,"(0, 1, 3, 4, 7)",mean_probs,0.9268373245251857
PKLot,camera1,camera1,64,5,"(0, 1, 3, 4, 7)",max,0.929644921552436
PKLot,camera1,camera1,64,5,"(0, 1, 3, 4, 7)",mult,0.9291494632535094
PKLot,camera1,camera1,64,5,"(0, 1, 3, 4, 7)",vote,0.9240297274979355
PKLot,camera1,camera1,64,5,"(0, 1, 3, 4, 8)",sum,0.9184145334434352
PKLot,camera1,camera1,64,5,"(0, 1, 3, 4, 8)",mean_probs,0.9184145334434352
PKLot,camera1,camera1,64,5,"(0, 1, 3, 4, 8)",max,0.9185796862097441
PKLot,camera1,camera1,64,5,"(0, 1, 3, 4, 8)",mult,0.9200660611065236
PKLot,camera1,camera1,64,5,"(0, 1, 3, 4, 8)",vote,0.916597853014038
PKLot,camera1,camera1,64,5,"(0, 1, 3, 4, 9)",sum,0.9058629232039637
PKLot,camera1,camera1,64,5,"(0, 1, 3, 4, 9)",mean_probs,0.9058629232039637
PKLot,camera1,camera1,64,5,"(0, 1, 3, 4, 9)",max,0.9119735755573906
PKLot,camera1,camera1,64,5,"(0, 1, 3, 4, 9)",mult,0.9088356729975227
PKLot,camera1,camera1,64,5,"(0, 1, 3, 4, 9)",vote,0.9033856317093312
PKLot,camera1,camera1,64,5,"(0, 1, 3, 5, 6)",sum,0.9144508670520232
PKLot,camera1,camera1,64,5,"(0, 1, 3, 5, 6)",mean_probs,0.9144508670520232
PKLot,camera1,camera1,64,5,"(0, 1, 3, 5, 6)",max,0.9141205615194055
PKLot,camera1,camera1,64,5,"(0, 1, 3, 5, 6)",mult,0.9161023947151115
PKLot,camera1,camera1,64,5,"(0, 1, 3, 5, 6)",vote,0.9162675474814204
PKLot,camera1,camera1,64,5,"(0, 1, 3, 5, 7)",sum,0.9273327828241124
PKLot,camera1,camera1,64,5,"(0, 1, 3, 5, 7)",mean_probs,0.9273327828241124
PKLot,camera1,camera1,64,5,"(0, 1, 3, 5, 7)",max,0.9298100743187449
PKLot,camera1,camera1,64,5,"(0, 1, 3, 5, 7)",mult,0.9284888521882741
PKLot,camera1,camera1,64,5,"(0, 1, 3, 5, 7)",vote,0.9284888521882741
PKLot,camera1,camera1,64,5,"(0, 1, 3, 5, 8)",sum,0.9210569777043766
PKLot,camera1,camera1,64,5,"(0, 1, 3, 5, 8)",mean_probs,0.9210569777043766
PKLot,camera1,camera1,64,5,"(0, 1, 3, 5, 8)",max,0.9208918249380678
PKLot,camera1,camera1,64,5,"(0, 1, 3, 5, 8)",mult,0.9222130470685383
PKLot,camera1,camera1,64,5,"(0, 1, 3, 5, 8)",vote,0.9223781998348473
PKLot,camera1,camera1,64,5,"(0, 1, 3, 5, 9)",sum,0.911643270024773
PKLot,camera1,camera1,64,5,"(0, 1, 3, 5, 9)",mean_probs,0.911643270024773
PKLot,camera1,camera1,64,5,"(0, 1, 3, 5, 9)",max,0.9129644921552436
PKLot,camera1,camera1,64,5,"(0, 1, 3, 5, 9)",mult,0.9127993393889348
PKLot,camera1,camera1,64,5,"(0, 1, 3, 5, 9)",vote,0.9121387283236995
PKLot,camera1,camera1,64,5,"(0, 1, 3, 6, 7)",sum,0.9243600330305533
PKLot,camera1,camera1,64,5,"(0, 1, 3, 6, 7)",mean_probs,0.9243600330305533
PKLot,camera1,camera1,64,5,"(0, 1, 3, 6, 7)",max,0.928654004954583
PKLot,camera1,camera1,64,5,"(0, 1, 3, 6, 7)",mult,0.9265070189925682
PKLot,camera1,camera1,64,5,"(0, 1, 3, 6, 7)",vote,0.9222130470685383
PKLot,camera1,camera1,64,5,"(0, 1, 3, 6, 8)",sum,0.9184145334434352
PKLot,camera1,camera1,64,5,"(0, 1, 3, 6, 8)",mean_probs,0.9184145334434352
PKLot,camera1,camera1,64,5,"(0, 1, 3, 6, 8)",max,0.9192402972749794
PKLot,camera1,camera1,64,5,"(0, 1, 3, 6, 8)",mult,0.9197357555739059
PKLot,camera1,camera1,64,5,"(0, 1, 3, 6, 8)",vote,0.9154417836498762
PKLot,camera1,camera1,64,5,"(0, 1, 3, 6, 9)",sum,0.9083402146985962
PKLot,camera1,camera1,64,5,"(0, 1, 3, 6, 9)",mean_probs,0.9083402146985962
PKLot,camera1,camera1,64,5,"(0, 1, 3, 6, 9)",max,0.9096614368290669
PKLot,camera1,camera1,64,5,"(0, 1, 3, 6, 9)",mult,0.9094962840627581
PKLot,camera1,camera1,64,5,"(0, 1, 3, 6, 9)",vote,0.9086705202312139
PKLot,camera1,camera1,64,5,"(0, 1, 3, 7, 8)",sum,0.9319570602807598
PKLot,camera1,camera1,64,5,"(0, 1, 3, 7, 8)",mean_probs,0.9319570602807598
PKLot,camera1,camera1,64,5,"(0, 1, 3, 7, 8)",max,0.9309661436829066
PKLot,camera1,camera1,64,5,"(0, 1, 3, 7, 8)",mult,0.9314616019818331
PKLot,camera1,camera1,64,5,"(0, 1, 3, 7, 8)",vote,0.9314616019818331
PKLot,camera1,camera1,64,5,"(0, 1, 3, 7, 9)",sum,0.924525185796862
PKLot,camera1,camera1,64,5,"(0, 1, 3, 7, 9)",mean_probs,0.924525185796862
PKLot,camera1,camera1,64,5,"(0, 1, 3, 7, 9)",max,0.9294797687861271
PKLot,camera1,camera1,64,5,"(0, 1, 3, 7, 9)",mult,0.9268373245251857
PKLot,camera1,camera1,64,5,"(0, 1, 3, 7, 9)",vote,0.9213872832369943
PKLot,camera1,camera1,64,5,"(0, 1, 3, 8, 9)",sum,0.9139554087530967
PKLot,camera1,camera1,64,5,"(0, 1, 3, 8, 9)",mean_probs,0.9139554087530967
PKLot,camera1,camera1,64,5,"(0, 1, 3, 8, 9)",max,0.9182493806771264
PKLot,camera1,camera1,64,5,"(0, 1, 3, 8, 9)",mult,0.917588769611891
PKLot,camera1,camera1,64,5,"(0, 1, 3, 8, 9)",vote,0.9104872006606111
PKLot,camera1,camera1,64,5,"(0, 1, 4, 5, 6)",sum,0.9142857142857143
PKLot,camera1,camera1,64,5,"(0, 1, 4, 5, 6)",mean_probs,0.9142857142857143
PKLot,camera1,camera1,64,5,"(0, 1, 4, 5, 6)",max,0.9141205615194055
PKLot,camera1,camera1,64,5,"(0, 1, 4, 5, 6)",mult,0.914616019818332
PKLot,camera1,camera1,64,5,"(0, 1, 4, 5, 6)",vote,0.9144508670520232
PKLot,camera1,camera1,64,5,"(0, 1, 4, 5, 7)",sum,0.924525185796862
PKLot,camera1,camera1,64,5,"(0, 1, 4, 5, 7)",mean_probs,0.924525185796862
PKLot,camera1,camera1,64,5,"(0, 1, 4, 5, 7)",max,0.9309661436829066
PKLot,camera1,camera1,64,5,"(0, 1, 4, 5, 7)",mult,0.9279933938893477
PKLot,camera1,camera1,64,5,"(0, 1, 4, 5, 7)",vote,0.9218827415359208
PKLot,camera1,camera1,64,5,"(0, 1, 4, 5, 8)",sum,0.9192402972749794
PKLot,camera1,camera1,64,5,"(0, 1, 4, 5, 8)",mean_probs,0.9192402972749794
PKLot,camera1,camera1,64,5,"(0, 1, 4, 5, 8)",max,0.9202312138728324
PKLot,camera1,camera1,64,5,"(0, 1, 4, 5, 8)",mult,0.9205615194054501
PKLot,camera1,camera1,64,5,"(0, 1, 4, 5, 8)",vote,0.9179190751445087
PKLot,camera1,camera1,64,5,"(0, 1, 4, 5, 9)",sum,0.9070189925681256
PKLot,camera1,camera1,64,5,"(0, 1, 4, 5, 9)",mean_probs,0.9070189925681256
PKLot,camera1,camera1,64,5,"(0, 1, 4, 5, 9)",max,0.913625103220479
PKLot,camera1,camera1,64,5,"(0, 1, 4, 5, 9)",mult,0.9090008257638316
PKLot,camera1,camera1,64,5,"(0, 1, 4, 5, 9)",vote,0.904541701073493
PKLot,camera1,camera1,64,5,"(0, 1, 4, 6, 7)",sum,0.9228736581337738
PKLot,camera1,camera1,64,5,"(0, 1, 4, 6, 7)",mean_probs,0.9228736581337738
PKLot,camera1,camera1,64,5,"(0, 1, 4, 6, 7)",max,0.9293146160198184
PKLot,camera1,camera1,64,5,"(0, 1, 4, 6, 7)",mult,0.9274979355904212
PKLot,camera1,camera1,64,5,"(0, 1, 4, 6, 7)",vote,0.9187448389760529
PKLot,camera1,camera1,64,5,"(0, 1, 4, 6, 8)",sum,0.9169281585466557
PKLot,camera1,camera1,64,5,"(0, 1, 4, 6, 8)",mean_probs,0.9169281585466557
PKLot,camera1,camera1,64,5,"(0, 1, 4, 6, 8)",max,0.9184145334434352
PKLot,camera1,camera1,64,5,"(0, 1, 4, 6, 8)",mult,0.9180842279108175
PKLot,camera1,camera1,64,5,"(0, 1, 4, 6, 8)",vote,0.9144508670520232
PKLot,camera1,camera1,64,5,"(0, 1, 4, 6, 9)",sum,0.9061932287365814
PKLot,camera1,camera1,64,5,"(0, 1, 4, 6, 9)",mean_probs,0.9061932287365814
PKLot,camera1,camera1,64,5,"(0, 1, 4, 6, 9)",max,0.9119735755573906
PKLot,camera1,camera1,64,5,"(0, 1, 4, 6, 9)",mult,0.9078447563996697
PKLot,camera1,camera1,64,5,"(0, 1, 4, 6, 9)",vote,0.901568951279934
PKLot,camera1,camera1,64,5,"(0, 1, 4, 7, 8)",sum,0.9291494632535094
PKLot,camera1,camera1,64,5,"(0, 1, 4, 7, 8)",mean_probs,0.9291494632535094
PKLot,camera1,camera1,64,5,"(0, 1, 4, 7, 8)",max,0.9329479768786128
PKLot,camera1,camera1,64,5,"(0, 1, 4, 7, 8)",mult,0.9309661436829066
PKLot,camera1,camera1,64,5,"(0, 1, 4, 7, 8)",vote,0.9284888521882741
PKLot,camera1,camera1,64,5,"(0, 1, 4, 7, 9)",sum,0.9167630057803469
PKLot,camera1,camera1,64,5,"(0, 1, 4, 7, 9)",mean_probs,0.9167630057803469
PKLot,camera1,camera1,64,5,"(0, 1, 4, 7, 9)",max,0.9303055326176713
PKLot,camera1,camera1,64,5,"(0, 1, 4, 7, 9)",mult,0.9248554913294798
PKLot,camera1,camera1,64,5,"(0, 1, 4, 7, 9)",vote,0.9096614368290669
PKLot,camera1,camera1,64,5,"(0, 1, 4, 8, 9)",sum,0.911643270024773
PKLot,camera1,camera1,64,5,"(0, 1, 4, 8, 9)",mean_probs,0.911643270024773
PKLot,camera1,camera1,64,5,"(0, 1, 4, 8, 9)",max,0.9189099917423617
PKLot,camera1,camera1,64,5,"(0, 1, 4, 8, 9)",mult,0.9159372419488027
PKLot,camera1,camera1,64,5,"(0, 1, 4, 8, 9)",vote,0.9058629232039637
PKLot,camera1,camera1,64,5,"(0, 1, 5, 6, 7)",sum,0.9255161023947152
PKLot,camera1,camera1,64,5,"(0, 1, 5, 6, 7)",mean_probs,0.9255161023947152
PKLot,camera1,camera1,64,5,"(0, 1, 5, 6, 7)",max,0.9301403798513626
PKLot,camera1,camera1,64,5,"(0, 1, 5, 6, 7)",mult,0.929644921552436
PKLot,camera1,camera1,64,5,"(0, 1, 5, 6, 7)",vote,0.9217175887696119
PKLot,camera1,camera1,64,5,"(0, 1, 5, 6, 8)",sum,0.9194054500412882
PKLot,camera1,camera1,64,5,"(0, 1, 5, 6, 8)",mean_probs,0.9194054500412882
PKLot,camera1,camera1,64,5,"(0, 1, 5, 6, 8)",max,0.9213872832369943
PKLot,camera1,camera1,64,5,"(0, 1, 5, 6, 8)",mult,0.9205615194054501
PKLot,camera1,camera1,64,5,"(0, 1, 5, 6, 8)",vote,0.9179190751445087
PKLot,camera1,camera1,64,5,"(0, 1, 5, 6, 9)",sum,0.9114781172584641
PKLot,camera1,camera1,64,5,"(0, 1, 5, 6, 9)",mean_probs,0.9114781172584641
PKLot,camera1,camera1,64,5,"(0, 1, 5, 6, 9)",max,0.9139554087530967
PKLot,camera1,camera1,64,5,"(0, 1, 5, 6, 9)",mult,0.9121387283236995
PKLot,camera1,camera1,64,5,"(0, 1, 5, 6, 9)",vote,0.9099917423616846
PKLot,camera1,camera1,64,5,"(0, 1, 5, 7, 8)",sum,0.931626754748142
PKLot,camera1,camera1,64,5,"(0, 1, 5, 7, 8)",mean_probs,0.931626754748142
PKLot,camera1,camera1,64,5,"(0, 1, 5, 7, 8)",max,0.9329479768786128
PKLot,camera1,camera1,64,5,"(0, 1, 5, 7, 8)",mult,0.931626754748142
PKLot,camera1,camera1,64,5,"(0, 1, 5, 7, 8)",vote,0.9319570602807598
PKLot,camera1,camera1,64,5,"(0, 1, 5, 7, 9)",sum,0.9228736581337738
PKLot,camera1,camera1,64,5,"(0, 1, 5, 7, 9)",mean_probs,0.9228736581337738
PKLot,camera1,camera1,64,5,"(0, 1, 5, 7, 9)",max,0.9301403798513626
PKLot,camera1,camera1,64,5,"(0, 1, 5, 7, 9)",mult,0.9284888521882741
PKLot,camera1,camera1,64,5,"(0, 1, 5, 7, 9)",vote,0.9189099917423617
PKLot,camera1,camera1,64,5,"(0, 1, 5, 8, 9)",sum,0.9162675474814204
PKLot,camera1,camera1,64,5,"(0, 1, 5, 8, 9)",mean_probs,0.9162675474814204
PKLot,camera1,camera1,64,5,"(0, 1, 5, 8, 9)",max,0.9190751445086706
PKLot,camera1,camera1,64,5,"(0, 1, 5, 8, 9)",mult,0.9194054500412882
PKLot,camera1,camera1,64,5,"(0, 1, 5, 8, 9)",vote,0.9124690338563171
PKLot,camera1,camera1,64,5,"(0, 1, 6, 7, 8)",sum,0.9288191577208919
PKLot,camera1,camera1,64,5,"(0, 1, 6, 7, 8)",mean_probs,0.9288191577208919
PKLot,camera1,camera1,64,5,"(0, 1, 6, 7, 8)",max,0.9309661436829066
PKLot,camera1,camera1,64,5,"(0, 1, 6, 7, 8)",mult,0.9291494632535094
PKLot,camera1,camera1,64,5,"(0, 1, 6, 7, 8)",vote,0.9291494632535094
PKLot,camera1,camera1,64,5,"(0, 1, 6, 7, 9)",sum,0.9213872832369943
PKLot,camera1,camera1,64,5,"(0, 1, 6, 7, 9)",mean_probs,0.9213872832369943
PKLot,camera1,camera1,64,5,"(0, 1, 6, 7, 9)",max,0.9293146160198184
PKLot,camera1,camera1,64,5,"(0, 1, 6, 7, 9)",mult,0.9258464079273327
PKLot,camera1,camera1,64,5,"(0, 1, 6, 7, 9)",vote,0.9161023947151115
PKLot,camera1,camera1,64,5,"(0, 1, 6, 8, 9)",sum,0.9132947976878613
PKLot,camera1,camera1,64,5,"(0, 1, 6, 8, 9)",mean_probs,0.9132947976878613
PKLot,camera1,camera1,64,5,"(0, 1, 6, 8, 9)",max,0.9180842279108175
PKLot,camera1,camera1,64,5,"(0, 1, 6, 8, 9)",mult,0.9161023947151115
PKLot,camera1,camera1,64,5,"(0, 1, 6, 8, 9)",vote,0.9086705202312139
PKLot,camera1,camera1,64,5,"(0, 1, 7, 8, 9)",sum,0.92766308835673
PKLot,camera1,camera1,64,5,"(0, 1, 7, 8, 9)",mean_probs,0.92766308835673
PKLot,camera1,camera1,64,5,"(0, 1, 7, 8, 9)",max,0.932617671345995
PKLot,camera1,camera1,64,5,"(0, 1, 7, 8, 9)",mult,0.9304706853839801
PKLot,camera1,camera1,64,5,"(0, 1, 7, 8, 9)",vote,0.924525185796862
PKLot,camera1,camera1,64,5,"(0, 2, 3, 4, 5)",sum,0.9232039636663915
PKLot,camera1,camera1,64,5,"(0, 2, 3, 4, 5)",mean_probs,0.9232039636663915
PKLot,camera1,camera1,64,5,"(0, 2, 3, 4, 5)",max,0.916597853014038
PKLot,camera1,camera1,64,5,"(0, 2, 3, 4, 5)",mult,0.9230388109000826
PKLot,camera1,camera1,64,5,"(0, 2, 3, 4, 5)",vote,0.9228736581337738
PKLot,camera1,camera1,64,5,"(0, 2, 3, 4, 6)",sum,0.9179190751445087
PKLot,camera1,camera1,64,5,"(0, 2, 3, 4, 6)",mean_probs,0.9179190751445087
PKLot,camera1,camera1,64,5,"(0, 2, 3, 4, 6)",max,0.9151114781172585
PKLot,camera1,camera1,64,5,"(0, 2, 3, 4, 6)",mult,0.9185796862097441
PKLot,camera1,camera1,64,5,"(0, 2, 3, 4, 6)",vote,0.9167630057803469
PKLot,camera1,camera1,64,5,"(0, 2, 3, 4, 7)",sum,0.9319570602807598
PKLot,camera1,camera1,64,5,"(0, 2, 3, 4, 7)",mean_probs,0.9319570602807598
PKLot,camera1,camera1,64,5,"(0, 2, 3, 4, 7)",max,0.9324525185796863
PKLot,camera1,camera1,64,5,"(0, 2, 3, 4, 7)",mult,0.9331131296449215
PKLot,camera1,camera1,64,5,"(0, 2, 3, 4, 7)",vote,0.9298100743187449
PKLot,camera1,camera1,64,5,"(0, 2, 3, 4, 8)",sum,0.926672171758877
PKLot,camera1,camera1,64,5,"(0, 2, 3, 4, 8)",mean_probs,0.926672171758877
PKLot,camera1,camera1,64,5,"(0, 2, 3, 4, 8)",max,0.9222130470685383
PKLot,camera1,camera1,64,5,"(0, 2, 3, 4, 8)",mult,0.9273327828241124
PKLot,camera1,camera1,64,5,"(0, 2, 3, 4, 8)",vote,0.9255161023947152
PKLot,camera1,camera1,64,5,"(0, 2, 3, 4, 9)",sum,0.9152766308835673
PKLot,camera1,camera1,64,5,"(0, 2, 3, 4, 9)",mean_probs,0.9152766308835673
PKLot,camera1,camera1,64,5,"(0, 2, 3, 4, 9)",max,0.916597853014038
PKLot,camera1,camera1,64,5,"(0, 2, 3, 4, 9)",mult,0.9174236168455822
PKLot,camera1,camera1,64,5,"(0, 2, 3, 4, 9)",vote,0.9144508670520232
PKLot,camera1,camera1,64,5,"(0, 2, 3, 5, 6)",sum,0.9203963666391412
PKLot,camera1,camera1,64,5,"(0, 2, 3, 5, 6)",mean_probs,0.9203963666391412
PKLot,camera1,camera1,64,5,"(0, 2, 3, 5, 6)",max,0.9189099917423617
PKLot,camera1,camera1,64,5,"(0, 2, 3, 5, 6)",mult,0.9208918249380678
PKLot,camera1,camera1,64,5,"(0, 2, 3, 5, 6)",vote,0.9199009083402147
PKLot,camera1,camera1,64,5,"(0, 2, 3, 5, 7)",sum,0.9319570602807598
PKLot,camera1,camera1,64,5,"(0, 2, 3, 5, 7)",mean_probs,0.9319570602807598
PKLot,camera1,camera1,64,5,"(0, 2, 3, 5, 7)",max,0.9329479768786128
PKLot,camera1,camera1,64,5,"(0, 2, 3, 5, 7)",mult,0.933608587943848
PKLot,camera1,camera1,64,5,"(0, 2, 3, 5, 7)",vote,0.9327828241123038
PKLot,camera1,camera1,64,5,"(0, 2, 3, 5, 8)",sum,0.928654004954583
PKLot,camera1,camera1,64,5,"(0, 2, 3, 5, 8)",mean_probs,0.928654004954583
PKLot,camera1,camera1,64,5,"(0, 2, 3, 5, 8)",max,0.924690338563171
PKLot,camera1,camera1,64,5,"(0, 2, 3, 5, 8)",mult,0.9293146160198184
PKLot,camera1,camera1,64,5,"(0, 2, 3, 5, 8)",vote,0.9279933938893477
PKLot,camera1,camera1,64,5,"(0, 2, 3, 5, 9)",sum,0.9218827415359208
PKLot,camera1,camera1,64,5,"(0, 2, 3, 5, 9)",mean_probs,0.9218827415359208
PKLot,camera1,camera1,64,5,"(0, 2, 3, 5, 9)",max,0.917588769611891
PKLot,camera1,camera1,64,5,"(0, 2, 3, 5, 9)",mult,0.922543352601156
PKLot,camera1,camera1,64,5,"(0, 2, 3, 5, 9)",vote,0.9189099917423617
PKLot,camera1,camera1,64,5,"(0, 2, 3, 6, 7)",sum,0.9281585466556564
PKLot,camera1,camera1,64,5,"(0, 2, 3, 6, 7)",mean_probs,0.9281585466556564
PKLot,camera1,camera1,64,5,"(0, 2, 3, 6, 7)",max,0.9309661436829066
PKLot,camera1,camera1,64,5,"(0, 2, 3, 6, 7)",mult,0.9304706853839801
PKLot,camera1,camera1,64,5,"(0, 2, 3, 6, 7)",vote,0.9260115606936417
PKLot,camera1,camera1,64,5,"(0, 2, 3, 6, 8)",sum,0.9251857968620975
PKLot,camera1,camera1,64,5,"(0, 2, 3, 6, 8)",mean_probs,0.9251857968620975
PKLot,camera1,camera1,64,5,"(0, 2, 3, 6, 8)",max,0.922708505367465
PKLot,camera1,camera1,64,5,"(0, 2, 3, 6, 8)",mult,0.9260115606936417
PKLot,camera1,camera1,64,5,"(0, 2, 3, 6, 8)",vote,0.9222130470685383
PKLot,camera1,camera1,64,5,"(0, 2, 3, 6, 9)",sum,0.9157720891824938
PKLot,camera1,camera1,64,5,"(0, 2, 3, 6, 9)",mean_probs,0.9157720891824938
PKLot,camera1,camera1,64,5,"(0, 2, 3, 6, 9)",max,0.9152766308835673
PKLot,camera1,camera1,64,5,"(0, 2, 3, 6, 9)",mult,0.9162675474814204
PKLot,camera1,camera1,64,5,"(0, 2, 3, 6, 9)",vote,0.913625103220479
PKLot,camera1,camera1,64,5,"(0, 2, 3, 7, 8)",sum,0.9350949628406275
PKLot,camera1,camera1,64,5,"(0, 2, 3, 7, 8)",mean_probs,0.9350949628406275
PKLot,camera1,camera1,64,5,"(0, 2, 3, 7, 8)",max,0.9337737407101568
PKLot,camera1,camera1,64,5,"(0, 2, 3, 7, 8)",mult,0.9352601156069364
PKLot,camera1,camera1,64,5,"(0, 2, 3, 7, 8)",vote,0.9329479768786128
PKLot,camera1,camera1,64,5,"(0, 2, 3, 7, 9)",sum,0.929644921552436
PKLot,camera1,camera1,64,5,"(0, 2, 3, 7, 9)",mean_probs,0.929644921552436
PKLot,camera1,camera1,64,5,"(0, 2, 3, 7, 9)",max,0.932617671345995
PKLot,camera1,camera1,64,5,"(0, 2, 3, 7, 9)",mult,0.9312964492155243
PKLot,camera1,camera1,64,5,"(0, 2, 3, 7, 9)",vote,0.9255161023947152
PKLot,camera1,camera1,64,5,"(0, 2, 3, 8, 9)",sum,0.9248554913294798
PKLot,camera1,camera1,64,5,"(0, 2, 3, 8, 9)",mean_probs,0.9248554913294798
PKLot,camera1,camera1,64,5,"(0, 2, 3, 8, 9)",max,0.922543352601156
PKLot,camera1,camera1,64,5,"(0, 2, 3, 8, 9)",mult,0.9251857968620975
PKLot,camera1,camera1,64,5,"(0, 2, 3, 8, 9)",vote,0.9213872832369943
PKLot,camera1,camera1,64,5,"(0, 2, 4, 5, 6)",sum,0.9194054500412882
PKLot,camera1,camera1,64,5,"(0, 2, 4, 5, 6)",mean_probs,0.9194054500412882
PKLot,camera1,camera1,64,5,"(0, 2, 4, 5, 6)",max,0.9190751445086706
PKLot,camera1,camera1,64,5,"(0, 2, 4, 5, 6)",mult,0.9197357555739059
PKLot,camera1,camera1,64,5,"(0, 2, 4, 5, 6)",vote,0.9192402972749794
PKLot,camera1,camera1,64,5,"(0, 2, 4, 5, 7)",sum,0.9303055326176713
PKLot,camera1,camera1,64,5,"(0, 2, 4, 5, 7)",mean_probs,0.9303055326176713
PKLot,camera1,camera1,64,5,"(0, 2, 4, 5, 7)",max,0.9327828241123038
PKLot,camera1,camera1,64,5,"(0, 2, 4, 5, 7)",mult,0.9322873658133773
PKLot,camera1,camera1,64,5,"(0, 2, 4, 5, 7)",vote,0.9289843104872006
PKLot,camera1,camera1,64,5,"(0, 2, 4, 5, 8)",sum,0.9251857968620975
PKLot,camera1,camera1,64,5,"(0, 2, 4, 5, 8)",mean_probs,0.9251857968620975
PKLot,camera1,camera1,64,5,"(0, 2, 4, 5, 8)",max,0.922543352601156
PKLot,camera1,camera1,64,5,"(0, 2, 4, 5, 8)",mult,0.9263418662262592
PKLot,camera1,camera1,64,5,"(0, 2, 4, 5, 8)",vote,0.9270024772914947
PKLot,camera1,camera1,64,5,"(0, 2, 4, 5, 9)",sum,0.9147811725846408
PKLot,camera1,camera1,64,5,"(0, 2, 4, 5, 9)",mean_probs,0.9147811725846408
PKLot,camera1,camera1,64,5,"(0, 2, 4, 5, 9)",max,0.9187448389760529
PKLot,camera1,camera1,64,5,"(0, 2, 4, 5, 9)",mult,0.9167630057803469
PKLot,camera1,camera1,64,5,"(0, 2, 4, 5, 9)",vote,0.914616019818332
PKLot,camera1,camera1,64,5,"(0, 2, 4, 6, 7)",sum,0.9271676300578034
PKLot,camera1,camera1,64,5,"(0, 2, 4, 6, 7)",mean_probs,0.9271676300578034
PKLot,camera1,camera1,64,5,"(0, 2, 4, 6, 7)",max,0.9314616019818331
PKLot,camera1,camera1,64,5,"(0, 2, 4, 6, 7)",mult,0.9294797687861271
PKLot,camera1,camera1,64,5,"(0, 2, 4, 6, 7)",vote,0.9265070189925682
PKLot,camera1,camera1,64,5,"(0, 2, 4, 6, 8)",sum,0.9232039636663915
PKLot,camera1,camera1,64,5,"(0, 2, 4, 6, 8)",mean_probs,0.9232039636663915
PKLot,camera1,camera1,64,5,"(0, 2, 4, 6, 8)",max,0.9223781998348473
PKLot,camera1,camera1,64,5,"(0, 2, 4, 6, 8)",mult,0.922543352601156
PKLot,camera1,camera1,64,5,"(0, 2, 4, 6, 8)",vote,0.9233691164327003
PKLot,camera1,camera1,64,5,"(0, 2, 4, 6, 9)",sum,0.912634186622626
PKLot,camera1,camera1,64,5,"(0, 2, 4, 6, 9)",mean_probs,0.912634186622626
PKLot,camera1,camera1,64,5,"(0, 2, 4, 6, 9)",max,0.9180842279108175
PKLot,camera1,camera1,64,5,"(0, 2, 4, 6, 9)",mult,0.9152766308835673
PKLot,camera1,camera1,64,5,"(0, 2, 4, 6, 9)",vote,0.9104872006606111
PKLot,camera1,camera1,64,5,"(0, 2, 4, 7, 8)",sum,0.9337737407101568
PKLot,camera1,camera1,64,5,"(0, 2, 4, 7, 8)",mean_probs,0.9337737407101568
PKLot,camera1,camera1,64,5,"(0, 2, 4, 7, 8)",max,0.9354252683732452
PKLot,camera1,camera1,64,5,"(0, 2, 4, 7, 8)",mult,0.93476465730801
PKLot,camera1,camera1,64,5,"(0, 2, 4, 7, 8)",vote,0.9322873658133773
PKLot,camera1,camera1,64,5,"(0, 2, 4, 7, 9)",sum,0.9261767134599505
PKLot,camera1,camera1,64,5,"(0, 2, 4, 7, 9)",mean_probs,0.9261767134599505
PKLot,camera1,camera1,64,5,"(0, 2, 4, 7, 9)",max,0.9332782824112303
PKLot,camera1,camera1,64,5,"(0, 2, 4, 7, 9)",mult,0.9301403798513626
PKLot,camera1,camera1,64,5,"(0, 2, 4, 7, 9)",vote,0.9253509496284062
PKLot,camera1,camera1,64,5,"(0, 2, 4, 8, 9)",sum,0.9218827415359208
PKLot,camera1,camera1,64,5,"(0, 2, 4, 8, 9)",mean_probs,0.9218827415359208
PKLot,camera1,camera1,64,5,"(0, 2, 4, 8, 9)",max,0.923699421965318
PKLot,camera1,camera1,64,5,"(0, 2, 4, 8, 9)",mult,0.922543352601156
PKLot,camera1,camera1,64,5,"(0, 2, 4, 8, 9)",vote,0.9200660611065236
PKLot,camera1,camera1,64,5,"(0, 2, 5, 6, 7)",sum,0.9309661436829066
PKLot,camera1,camera1,64,5,"(0, 2, 5, 6, 7)",mean_probs,0.9309661436829066
PKLot,camera1,camera1,64,5,"(0, 2, 5, 6, 7)",max,0.9321222130470685
PKLot,camera1,camera1,64,5,"(0, 2, 5, 6, 7)",mult,0.9322873658133773
PKLot,camera1,camera1,64,5,"(0, 2, 5, 6, 7)",vote,0.9278282411230389
PKLot,camera1,camera1,64,5,"(0, 2, 5, 6, 8)",sum,0.9260115606936417
PKLot,camera1,camera1,64,5,"(0, 2, 5, 6, 8)",mean_probs,0.9260115606936417
PKLot,camera1,camera1,64,5,"(0, 2, 5, 6, 8)",max,0.9250206440957887
PKLot,camera1,camera1,64,5,"(0, 2, 5, 6, 8)",mult,0.9263418662262592
PKLot,camera1,camera1,64,5,"(0, 2, 5, 6, 8)",vote,0.9253509496284062
PKLot,camera1,camera1,64,5,"(0, 2, 5, 6, 9)",sum,0.9184145334434352
PKLot,camera1,camera1,64,5,"(0, 2, 5, 6, 9)",mean_probs,0.9184145334434352
PKLot,camera1,camera1,64,5,"(0, 2, 5, 6, 9)",max,0.9192402972749794
PKLot,camera1,camera1,64,5,"(0, 2, 5, 6, 9)",mult,0.9194054500412882
PKLot,camera1,camera1,64,5,"(0, 2, 5, 6, 9)",vote,0.9159372419488027
PKLot,camera1,camera1,64,5,"(0, 2, 5, 7, 8)",sum,0.9362510322047894
PKLot,camera1,camera1,64,5,"(0, 2, 5, 7, 8)",mean_probs,0.9362510322047894
PKLot,camera1,camera1,64,5,"(0, 2, 5, 7, 8)",max,0.9341040462427745
PKLot,camera1,camera1,64,5,"(0, 2, 5, 7, 8)",mult,0.9370767960363336
PKLot,camera1,camera1,64,5,"(0, 2, 5, 7, 8)",vote,0.9334434351775392
PKLot,camera1,camera1,64,5,"(0, 2, 5, 7, 9)",sum,0.9299752270850536
PKLot,camera1,camera1,64,5,"(0, 2, 5, 7, 9)",mean_probs,0.9299752270850536
PKLot,camera1,camera1,64,5,"(0, 2, 5, 7, 9)",max,0.9319570602807598
PKLot,camera1,camera1,64,5,"(0, 2, 5, 7, 9)",mult,0.9324525185796863
PKLot,camera1,camera1,64,5,"(0, 2, 5, 7, 9)",vote,0.9268373245251857
PKLot,camera1,camera1,64,5,"(0, 2, 5, 8, 9)",sum,0.9238645747316268
PKLot,camera1,camera1,64,5,"(0, 2, 5, 8, 9)",mean_probs,0.9238645747316268
PKLot,camera1,camera1,64,5,"(0, 2, 5, 8, 9)",max,0.9223781998348473
PKLot,camera1,camera1,64,5,"(0, 2, 5, 8, 9)",mult,0.924690338563171
PKLot,camera1,camera1,64,5,"(0, 2, 5, 8, 9)",vote,0.9240297274979355
PKLot,camera1,camera1,64,5,"(0, 2, 6, 7, 8)",sum,0.9327828241123038
PKLot,camera1,camera1,64,5,"(0, 2, 6, 7, 8)",mean_probs,0.9327828241123038
PKLot,camera1,camera1,64,5,"(0, 2, 6, 7, 8)",max,0.9319570602807598
PKLot,camera1,camera1,64,5,"(0, 2, 6, 7, 8)",mult,0.9329479768786128
PKLot,camera1,camera1,64,5,"(0, 2, 6, 7, 8)",vote,0.9311312964492156
PKLot,camera1,camera1,64,5,"(0, 2, 6, 7, 9)",sum,0.9265070189925682
PKLot,camera1,camera1,64,5,"(0, 2, 6, 7, 9)",mean_probs,0.9265070189925682
PKLot,camera1,camera1,64,5,"(0, 2, 6, 7, 9)",max,0.9303055326176713
PKLot,camera1,camera1,64,5,"(0, 2, 6, 7, 9)",mult,0.9291494632535094
PKLot,camera1,camera1,64,5,"(0, 2, 6, 7, 9)",vote,0.9230388109000826
PKLot,camera1,camera1,64,5,"(0, 2, 6, 8, 9)",sum,0.9232039636663915
PKLot,camera1,camera1,64,5,"(0, 2, 6, 8, 9)",mean_probs,0.9232039636663915
PKLot,camera1,camera1,64,5,"(0, 2, 6, 8, 9)",max,0.922708505367465
PKLot,camera1,camera1,64,5,"(0, 2, 6, 8, 9)",mult,0.9228736581337738
PKLot,camera1,camera1,64,5,"(0, 2, 6, 8, 9)",vote,0.9199009083402147
PKLot,camera1,camera1,64,5,"(0, 2, 7, 8, 9)",sum,0.9337737407101568
PKLot,camera1,camera1,64,5,"(0, 2, 7, 8, 9)",mean_probs,0.9337737407101568
PKLot,camera1,camera1,64,5,"(0, 2, 7, 8, 9)",max,0.9339388934764657
PKLot,camera1,camera1,64,5,"(0, 2, 7, 8, 9)",mult,0.9350949628406275
PKLot,camera1,camera1,64,5,"(0, 2, 7, 8, 9)",vote,0.9308009909165978
PKLot,camera1,camera1,64,5,"(0, 3, 4, 5, 6)",sum,0.912634186622626
PKLot,camera1,camera1,64,5,"(0, 3, 4, 5, 6)",mean_probs,0.912634186622626
PKLot,camera1,camera1,64,5,"(0, 3, 4, 5, 6)",max,0.91345995045417
PKLot,camera1,camera1,64,5,"(0, 3, 4, 5, 6)",mult,0.9149463253509497
PKLot,camera1,camera1,64,5,"(0, 3, 4, 5, 6)",vote,0.9142857142857143
PKLot,camera1,camera1,64,5,"(0, 3, 4, 5, 7)",sum,0.929644921552436
PKLot,camera1,camera1,64,5,"(0, 3, 4, 5, 7)",mean_probs,0.929644921552436
PKLot,camera1,camera1,64,5,"(0, 3, 4, 5, 7)",max,0.9312964492155243
PKLot,camera1,camera1,64,5,"(0, 3, 4, 5, 7)",mult,0.9319570602807598
PKLot,camera1,camera1,64,5,"(0, 3, 4, 5, 7)",vote,0.9261767134599505
PKLot,camera1,camera1,64,5,"(0, 3, 4, 5, 8)",sum,0.9212221304706854
PKLot,camera1,camera1,64,5,"(0, 3, 4, 5, 8)",mean_probs,0.9212221304706854
PKLot,camera1,camera1,64,5,"(0, 3, 4, 5, 8)",max,0.9190751445086706
PKLot,camera1,camera1,64,5,"(0, 3, 4, 5, 8)",mult,0.923534269199009
PKLot,camera1,camera1,64,5,"(0, 3, 4, 5, 8)",vote,0.9213872832369943
PKLot,camera1,camera1,64,5,"(0, 3, 4, 5, 9)",sum,0.9094962840627581
PKLot,camera1,camera1,64,5,"(0, 3, 4, 5, 9)",mean_probs,0.9094962840627581
PKLot,camera1,camera1,64,5,"(0, 3, 4, 5, 9)",max,0.9141205615194055
PKLot,camera1,camera1,64,5,"(0, 3, 4, 5, 9)",mult,0.9111478117258464
PKLot,camera1,camera1,64,5,"(0, 3, 4, 5, 9)",vote,0.9098265895953758
PKLot,camera1,camera1,64,5,"(0, 3, 4, 6, 7)",sum,0.924690338563171
PKLot,camera1,camera1,64,5,"(0, 3, 4, 6, 7)",mean_probs,0.924690338563171
PKLot,camera1,camera1,64,5,"(0, 3, 4, 6, 7)",max,0.9303055326176713
PKLot,camera1,camera1,64,5,"(0, 3, 4, 6, 7)",mult,0.92766308835673
PKLot,camera1,camera1,64,5,"(0, 3, 4, 6, 7)",vote,0.9202312138728324
PKLot,camera1,camera1,64,5,"(0, 3, 4, 6, 8)",sum,0.9182493806771264
PKLot,camera1,camera1,64,5,"(0, 3, 4, 6, 8)",mean_probs,0.9182493806771264
PKLot,camera1,camera1,64,5,"(0, 3, 4, 6, 8)",max,0.9189099917423617
PKLot,camera1,camera1,64,5,"(0, 3, 4, 6, 8)",mult,0.9194054500412882
PKLot,camera1,camera1,64,5,"(0, 3, 4, 6, 8)",vote,0.9167630057803469
PKLot,camera1,camera1,64,5,"(0, 3, 4, 6, 9)",sum,0.9058629232039637
PKLot,camera1,camera1,64,5,"(0, 3, 4, 6, 9)",mean_probs,0.9058629232039637
PKLot,camera1,camera1,64,5,"(0, 3, 4, 6, 9)",max,0.9109826589595376
PKLot,camera1,camera1,64,5,"(0, 3, 4, 6, 9)",mult,0.9078447563996697
PKLot,camera1,camera1,64,5,"(0, 3, 4, 6, 9)",vote,0.9063583815028902
PKLot,camera1,camera1,64,5,"(0, 3, 4, 7, 8)",sum,0.9332782824112303
PKLot,camera1,camera1,64,5,"(0, 3, 4, 7, 8)",mean_probs,0.9332782824112303
PKLot,camera1,camera1,64,5,"(0, 3, 4, 7, 8)",max,0.9327828241123038
PKLot,camera1,camera1,64,5,"(0, 3, 4, 7, 8)",mult,0.9344343517753922
PKLot,camera1,camera1,64,5,"(0, 3, 4, 7, 8)",vote,0.9319570602807598
PKLot,camera1,camera1,64,5,"(0, 3, 4, 7, 9)",sum,0.9248554913294798
PKLot,camera1,camera1,64,5,"(0, 3, 4, 7, 9)",mean_probs,0.9248554913294798
PKLot,camera1,camera1,64,5,"(0, 3, 4, 7, 9)",max,0.9319570602807598
PKLot,camera1,camera1,64,5,"(0, 3, 4, 7, 9)",mult,0.9291494632535094
PKLot,camera1,camera1,64,5,"(0, 3, 4, 7, 9)",vote,0.9177539223781999
PKLot,camera1,camera1,64,5,"(0, 3, 4, 8, 9)",sum,0.9162675474814204
PKLot,camera1,camera1,64,5,"(0, 3, 4, 8, 9)",mean_probs,0.9162675474814204
PKLot,camera1,camera1,64,5,"(0, 3, 4, 8, 9)",max,0.9202312138728324
PKLot,camera1,camera1,64,5,"(0, 3, 4, 8, 9)",mult,0.9184145334434352
PKLot,camera1,camera1,64,5,"(0, 3, 4, 8, 9)",vote,0.9121387283236995
PKLot,camera1,camera1,64,5,"(0, 3, 5, 6, 7)",sum,0.9268373245251857
PKLot,camera1,camera1,64,5,"(0, 3, 5, 6, 7)",mean_probs,0.9268373245251857
PKLot,camera1,camera1,64,5,"(0, 3, 5, 6, 7)",max,0.9311312964492156
PKLot,camera1,camera1,64,5,"(0, 3, 5, 6, 7)",mult,0.9288191577208919
PKLot,camera1,camera1,64,5,"(0, 3, 5, 6, 7)",vote,0.923534269199009
PKLot,camera1,camera1,64,5,"(0, 3, 5, 6, 8)",sum,0.9212221304706854
PKLot,camera1,camera1,64,5,"(0, 3, 5, 6, 8)",mean_probs,0.9212221304706854
PKLot,camera1,camera1,64,5,"(0, 3, 5, 6, 8)",max,0.9203963666391412
PKLot,camera1,camera1,64,5,"(0, 3, 5, 6, 8)",mult,0.9223781998348473
PKLot,camera1,camera1,64,5,"(0, 3, 5, 6, 8)",vote,0.9199009083402147
PKLot,camera1,camera1,64,5,"(0, 3, 5, 6, 9)",sum,0.9111478117258464
PKLot,camera1,camera1,64,5,"(0, 3, 5, 6, 9)",mean_probs,0.9111478117258464
PKLot,camera1,camera1,64,5,"(0, 3, 5, 6, 9)",max,0.9131296449215525
PKLot,camera1,camera1,64,5,"(0, 3, 5, 6, 9)",mult,0.912634186622626
PKLot,camera1,camera1,64,5,"(0, 3, 5, 6, 9)",vote,0.9109826589595376
PKLot,camera1,camera1,64,5,"(0, 3, 5, 7, 8)",sum,0.9339388934764657
PKLot,camera1,camera1,64,5,"(0, 3, 5, 7, 8)",mean_probs,0.9339388934764657
PKLot,camera1,camera1,64,5,"(0, 3, 5, 7, 8)",max,0.9322873658133773
PKLot,camera1,camera1,64,5,"(0, 3, 5, 7, 8)",mult,0.9331131296449215
PKLot,camera1,camera1,64,5,"(0, 3, 5, 7, 8)",vote,0.93476465730801
PKLot,camera1,camera1,64,5,"(0, 3, 5, 7, 9)",sum,0.9273327828241124
PKLot,camera1,camera1,64,5,"(0, 3, 5, 7, 9)",mean_probs,0.9273327828241124
PKLot,camera1,camera1,64,5,"(0, 3, 5, 7, 9)",max,0.9314616019818331
PKLot,camera1,camera1,64,5,"(0, 3, 5, 7, 9)",mult,0.929644921552436
PKLot,camera1,camera1,64,5,"(0, 3, 5, 7, 9)",vote,0.9233691164327003
PKLot,camera1,camera1,64,5,"(0, 3, 5, 8, 9)",sum,0.9212221304706854
PKLot,camera1,camera1,64,5,"(0, 3, 5, 8, 9)",mean_probs,0.9212221304706854
PKLot,camera1,camera1,64,5,"(0, 3, 5, 8, 9)",max,0.9192402972749794
PKLot,camera1,camera1,64,5,"(0, 3, 5, 8, 9)",mult,0.9223781998348473
PKLot,camera1,camera1,64,5,"(0, 3, 5, 8, 9)",vote,0.9184145334434352
PKLot,camera1,camera1,64,5,"(0, 3, 6, 7, 8)",sum,0.9311312964492156
PKLot,camera1,camera1,64,5,"(0, 3, 6, 7, 8)",mean_probs,0.9311312964492156
PKLot,camera1,camera1,64,5,"(0, 3, 6, 7, 8)",max,0.9311312964492156
PKLot,camera1,camera1,64,5,"(0, 3, 6, 7, 8)",mult,0.9314616019818331
PKLot,camera1,camera1,64,5,"(0, 3, 6, 7, 8)",vote,0.9284888521882741
PKLot,camera1,camera1,64,5,"(0, 3, 6, 7, 9)",sum,0.9233691164327003
PKLot,camera1,camera1,64,5,"(0, 3, 6, 7, 9)",mean_probs,0.9233691164327003
PKLot,camera1,camera1,64,5,"(0, 3, 6, 7, 9)",max,0.9308009909165978
PKLot,camera1,camera1,64,5,"(0, 3, 6, 7, 9)",mult,0.9265070189925682
PKLot,camera1,camera1,64,5,"(0, 3, 6, 7, 9)",vote,0.9162675474814204
PKLot,camera1,camera1,64,5,"(0, 3, 6, 8, 9)",sum,0.9161023947151115
PKLot,camera1,camera1,64,5,"(0, 3, 6, 8, 9)",mean_probs,0.9161023947151115
PKLot,camera1,camera1,64,5,"(0, 3, 6, 8, 9)",max,0.9189099917423617
PKLot,camera1,camera1,64,5,"(0, 3, 6, 8, 9)",mult,0.9179190751445087
PKLot,camera1,camera1,64,5,"(0, 3, 6, 8, 9)",vote,0.9129644921552436
PKLot,camera1,camera1,64,5,"(0, 3, 7, 8, 9)",sum,0.9322873658133773
PKLot,camera1,camera1,64,5,"(0, 3, 7, 8, 9)",mean_probs,0.9322873658133773
PKLot,camera1,camera1,64,5,"(0, 3, 7, 8, 9)",max,0.9327828241123038
PKLot,camera1,camera1,64,5,"(0, 3, 7, 8, 9)",mult,0.9332782824112303
PKLot,camera1,camera1,64,5,"(0, 3, 7, 8, 9)",vote,0.9294797687861271
PKLot,camera1,camera1,64,5,"(0, 4, 5, 6, 7)",sum,0.9238645747316268
PKLot,camera1,camera1,64,5,"(0, 4, 5, 6, 7)",mean_probs,0.9238645747316268
PKLot,camera1,camera1,64,5,"(0, 4, 5, 6, 7)",max,0.9308009909165978
PKLot,camera1,camera1,64,5,"(0, 4, 5, 6, 7)",mult,0.9279933938893477
PKLot,camera1,camera1,64,5,"(0, 4, 5, 6, 7)",vote,0.9200660611065236
PKLot,camera1,camera1,64,5,"(0, 4, 5, 6, 8)",sum,0.9199009083402147
PKLot,camera1,camera1,64,5,"(0, 4, 5, 6, 8)",mean_probs,0.9199009083402147
PKLot,camera1,camera1,64,5,"(0, 4, 5, 6, 8)",max,0.9205615194054501
PKLot,camera1,camera1,64,5,"(0, 4, 5, 6, 8)",mult,0.9205615194054501
PKLot,camera1,camera1,64,5,"(0, 4, 5, 6, 8)",vote,0.9172584640792734
PKLot,camera1,camera1,64,5,"(0, 4, 5, 6, 9)",sum,0.9091659785301404
PKLot,camera1,camera1,64,5,"(0, 4, 5, 6, 9)",mean_probs,0.9091659785301404
PKLot,camera1,camera1,64,5,"(0, 4, 5, 6, 9)",max,0.9154417836498762
PKLot,camera1,camera1,64,5,"(0, 4, 5, 6, 9)",mult,0.9101568951279934
PKLot,camera1,camera1,64,5,"(0, 4, 5, 6, 9)",vote,0.9080099091659786
PKLot,camera1,camera1,64,5,"(0, 4, 5, 7, 8)",sum,0.9322873658133773
PKLot,camera1,camera1,64,5,"(0, 4, 5, 7, 8)",mean_probs,0.9322873658133773
PKLot,camera1,camera1,64,5,"(0, 4, 5, 7, 8)",max,0.9331131296449215
PKLot,camera1,camera1,64,5,"(0, 4, 5, 7, 8)",mult,0.9337737407101568
PKLot,camera1,camera1,64,5,"(0, 4, 5, 7, 8)",vote,0.9312964492155243
PKLot,camera1,camera1,64,5,"(0, 4, 5, 7, 9)",sum,0.9194054500412882
PKLot,camera1,camera1,64,5,"(0, 4, 5, 7, 9)",mean_probs,0.9194054500412882
PKLot,camera1,camera1,64,5,"(0, 4, 5, 7, 9)",max,0.9308009909165978
PKLot,camera1,camera1,64,5,"(0, 4, 5, 7, 9)",mult,0.9261767134599505
PKLot,camera1,camera1,64,5,"(0, 4, 5, 7, 9)",vote,0.9149463253509497
PKLot,camera1,camera1,64,5,"(0, 4, 5, 8, 9)",sum,0.9154417836498762
PKLot,camera1,camera1,64,5,"(0, 4, 5, 8, 9)",mean_probs,0.9154417836498762
PKLot,camera1,camera1,64,5,"(0, 4, 5, 8, 9)",max,0.9212221304706854
PKLot,camera1,camera1,64,5,"(0, 4, 5, 8, 9)",mult,0.9185796862097441
PKLot,camera1,camera1,64,5,"(0, 4, 5, 8, 9)",vote,0.9109826589595376
PKLot,camera1,camera1,64,5,"(0, 4, 6, 7, 8)",sum,0.9281585466556564
PKLot,camera1,camera1,64,5,"(0, 4, 6, 7, 8)",mean_probs,0.9281585466556564
PKLot,camera1,camera1,64,5,"(0, 4, 6, 7, 8)",max,0.9312964492155243
PKLot,camera1,camera1,64,5,"(0, 4, 6, 7, 8)",mult,0.9299752270850536
PKLot,camera1,camera1,64,5,"(0, 4, 6, 7, 8)",vote,0.9271676300578034
PKLot,camera1,camera1,64,5,"(0, 4, 6, 7, 9)",sum,0.9195706028075971
PKLot,camera1,camera1,64,5,"(0, 4, 6, 7, 9)",mean_probs,0.9195706028075971
PKLot,camera1,camera1,64,5,"(0, 4, 6, 7, 9)",max,0.9298100743187449
PKLot,camera1,camera1,64,5,"(0, 4, 6, 7, 9)",mult,0.9253509496284062
PKLot,camera1,camera1,64,5,"(0, 4, 6, 7, 9)",vote,0.9129644921552436
PKLot,camera1,camera1,64,5,"(0, 4, 6, 8, 9)",sum,0.9111478117258464
PKLot,camera1,camera1,64,5,"(0, 4, 6, 8, 9)",mean_probs,0.9111478117258464
PKLot,camera1,camera1,64,5,"(0, 4, 6, 8, 9)",max,0.9195706028075971
PKLot,camera1,camera1,64,5,"(0, 4, 6, 8, 9)",mult,0.9139554087530967
PKLot,camera1,camera1,64,5,"(0, 4, 6, 8, 9)",vote,0.9085053674649051
PKLot,camera1,camera1,64,5,"(0, 4, 7, 8, 9)",sum,0.926672171758877
PKLot,camera1,camera1,64,5,"(0, 4, 7, 8, 9)",mean_probs,0.926672171758877
PKLot,camera1,camera1,64,5,"(0, 4, 7, 8, 9)",max,0.933608587943848
PKLot,camera1,camera1,64,5,"(0, 4, 7, 8, 9)",mult,0.9304706853839801
PKLot,camera1,camera1,64,5,"(0, 4, 7, 8, 9)",vote,0.9233691164327003
PKLot,camera1,camera1,64,5,"(0, 5, 6, 7, 8)",sum,0.9311312964492156
PKLot,camera1,camera1,64,5,"(0, 5, 6, 7, 8)",mean_probs,0.9311312964492156
PKLot,camera1,camera1,64,5,"(0, 5, 6, 7, 8)",max,0.9311312964492156
PKLot,camera1,camera1,64,5,"(0, 5, 6, 7, 8)",mult,0.9327828241123038
PKLot,camera1,camera1,64,5,"(0, 5, 6, 7, 8)",vote,0.9311312964492156
PKLot,camera1,camera1,64,5,"(0, 5, 6, 7, 9)",sum,0.9238645747316268
PKLot,camera1,camera1,64,5,"(0, 5, 6, 7, 9)",mean_probs,0.9238645747316268
PKLot,camera1,camera1,64,5,"(0, 5, 6, 7, 9)",max,0.9298100743187449
PKLot,camera1,camera1,64,5,"(0, 5, 6, 7, 9)",mult,0.9278282411230389
PKLot,camera1,camera1,64,5,"(0, 5, 6, 7, 9)",vote,0.9167630057803469
PKLot,camera1,camera1,64,5,"(0, 5, 6, 8, 9)",sum,0.9190751445086706
PKLot,camera1,camera1,64,5,"(0, 5, 6, 8, 9)",mean_probs,0.9190751445086706
PKLot,camera1,camera1,64,5,"(0, 5, 6, 8, 9)",max,0.9195706028075971
PKLot,camera1,camera1,64,5,"(0, 5, 6, 8, 9)",mult,0.9203963666391412
PKLot,camera1,camera1,64,5,"(0, 5, 6, 8, 9)",vote,0.9131296449215525
PKLot,camera1,camera1,64,5,"(0, 5, 7, 8, 9)",sum,0.9321222130470685
PKLot,camera1,camera1,64,5,"(0, 5, 7, 8, 9)",mean_probs,0.9321222130470685
PKLot,camera1,camera1,64,5,"(0, 5, 7, 8, 9)",max,0.9317919075144508
PKLot,camera1,camera1,64,5,"(0, 5, 7, 8, 9)",mult,0.9327828241123038
PKLot,camera1,camera1,64,5,"(0, 5, 7, 8, 9)",vote,0.9298100743187449
PKLot,camera1,camera1,64,5,"(0, 6, 7, 8, 9)",sum,0.9270024772914947
PKLot,camera1,camera1,64,5,"(0, 6, 7, 8, 9)",mean_probs,0.9270024772914947
PKLot,camera1,camera1,64,5,"(0, 6, 7, 8, 9)",max,0.9301403798513626
PKLot,camera1,camera1,64,5,"(0, 6, 7, 8, 9)",mult,0.9283236994219654
PKLot,camera1,camera1,64,5,"(0, 6, 7, 8, 9)",vote,0.9241948802642445
PKLot,camera1,camera1,64,5,"(1, 2, 3, 4, 5)",sum,0.9159372419488027
PKLot,camera1,camera1,64,5,"(1, 2, 3, 4, 5)",mean_probs,0.9159372419488027
PKLot,camera1,camera1,64,5,"(1, 2, 3, 4, 5)",max,0.9090008257638316
PKLot,camera1,camera1,64,5,"(1, 2, 3, 4, 5)",mult,0.9152766308835673
PKLot,camera1,camera1,64,5,"(1, 2, 3, 4, 5)",vote,0.9172584640792734
PKLot,camera1,camera1,64,5,"(1, 2, 3, 4, 6)",sum,0.9114781172584641
PKLot,camera1,camera1,64,5,"(1, 2, 3, 4, 6)",mean_probs,0.9114781172584641
PKLot,camera1,camera1,64,5,"(1, 2, 3, 4, 6)",max,0.9071841453344344
PKLot,camera1,camera1,64,5,"(1, 2, 3, 4, 6)",mult,0.911643270024773
PKLot,camera1,camera1,64,5,"(1, 2, 3, 4, 6)",vote,0.9109826589595376
PKLot,camera1,camera1,64,5,"(1, 2, 3, 4, 7)",sum,0.9243600330305533
PKLot,camera1,camera1,64,5,"(1, 2, 3, 4, 7)",mean_probs,0.9243600330305533
PKLot,camera1,camera1,64,5,"(1, 2, 3, 4, 7)",max,0.9294797687861271
PKLot,camera1,camera1,64,5,"(1, 2, 3, 4, 7)",mult,0.9283236994219654
PKLot,camera1,camera1,64,5,"(1, 2, 3, 4, 7)",vote,0.922543352601156
PKLot,camera1,camera1,64,5,"(1, 2, 3, 4, 8)",sum,0.9180842279108175
PKLot,camera1,camera1,64,5,"(1, 2, 3, 4, 8)",mean_probs,0.9180842279108175
PKLot,camera1,camera1,64,5,"(1, 2, 3, 4, 8)",max,0.9189099917423617
PKLot,camera1,camera1,64,5,"(1, 2, 3, 4, 8)",mult,0.9194054500412882
PKLot,camera1,camera1,64,5,"(1, 2, 3, 4, 8)",vote,0.9170933113129645
PKLot,camera1,camera1,64,5,"(1, 2, 3, 4, 9)",sum,0.9058629232039637
PKLot,camera1,camera1,64,5,"(1, 2, 3, 4, 9)",mean_probs,0.9058629232039637
PKLot,camera1,camera1,64,5,"(1, 2, 3, 4, 9)",max,0.9078447563996697
PKLot,camera1,camera1,64,5,"(1, 2, 3, 4, 9)",mult,0.9081750619322874
PKLot,camera1,camera1,64,5,"(1, 2, 3, 4, 9)",vote,0.9037159372419488
PKLot,camera1,camera1,64,5,"(1, 2, 3, 5, 6)",sum,0.915606936416185
PKLot,camera1,camera1,64,5,"(1, 2, 3, 5, 6)",mean_probs,0.915606936416185
PKLot,camera1,camera1,64,5,"(1, 2, 3, 5, 6)",max,0.9114781172584641
PKLot,camera1,camera1,64,5,"(1, 2, 3, 5, 6)",mult,0.9152766308835673
PKLot,camera1,camera1,64,5,"(1, 2, 3, 5, 6)",vote,0.9164327002477292
PKLot,camera1,camera1,64,5,"(1, 2, 3, 5, 7)",sum,0.9263418662262592
PKLot,camera1,camera1,64,5,"(1, 2, 3, 5, 7)",mean_probs,0.9263418662262592
PKLot,camera1,camera1,64,5,"(1, 2, 3, 5, 7)",max,0.929644921552436
PKLot,camera1,camera1,64,5,"(1, 2, 3, 5, 7)",mult,0.929644921552436
PKLot,camera1,camera1,64,5,"(1, 2, 3, 5, 7)",vote,0.9268373245251857
PKLot,camera1,camera1,64,5,"(1, 2, 3, 5, 8)",sum,0.9212221304706854
PKLot,camera1,camera1,64,5,"(1, 2, 3, 5, 8)",mean_probs,0.9212221304706854
PKLot,camera1,camera1,64,5,"(1, 2, 3, 5, 8)",max,0.9217175887696119
PKLot,camera1,camera1,64,5,"(1, 2, 3, 5, 8)",mult,0.9218827415359208
PKLot,camera1,camera1,64,5,"(1, 2, 3, 5, 8)",vote,0.9223781998348473
PKLot,camera1,camera1,64,5,"(1, 2, 3, 5, 9)",sum,0.9123038810900083
PKLot,camera1,camera1,64,5,"(1, 2, 3, 5, 9)",mean_probs,0.9123038810900083
PKLot,camera1,camera1,64,5,"(1, 2, 3, 5, 9)",max,0.9096614368290669
PKLot,camera1,camera1,64,5,"(1, 2, 3, 5, 9)",mult,0.912634186622626
PKLot,camera1,camera1,64,5,"(1, 2, 3, 5, 9)",vote,0.9119735755573906
PKLot,camera1,camera1,64,5,"(1, 2, 3, 6, 7)",sum,0.924690338563171
PKLot,camera1,camera1,64,5,"(1, 2, 3, 6, 7)",mean_probs,0.924690338563171
PKLot,camera1,camera1,64,5,"(1, 2, 3, 6, 7)",max,0.9278282411230389
PKLot,camera1,camera1,64,5,"(1, 2, 3, 6, 7)",mult,0.9270024772914947
PKLot,camera1,camera1,64,5,"(1, 2, 3, 6, 7)",vote,0.9213872832369943
PKLot,camera1,camera1,64,5,"(1, 2, 3, 6, 8)",sum,0.916597853014038
PKLot,camera1,camera1,64,5,"(1, 2, 3, 6, 8)",mean_probs,0.916597853014038
PKLot,camera1,camera1,64,5,"(1, 2, 3, 6, 8)",max,0.9200660611065236
PKLot,camera1,camera1,64,5,"(1, 2, 3, 6, 8)",mult,0.9187448389760529
PKLot,camera1,camera1,64,5,"(1, 2, 3, 6, 8)",vote,0.9172584640792734
PKLot,camera1,camera1,64,5,"(1, 2, 3, 6, 9)",sum,0.9085053674649051
PKLot,camera1,camera1,64,5,"(1, 2, 3, 6, 9)",mean_probs,0.9085053674649051
PKLot,camera1,camera1,64,5,"(1, 2, 3, 6, 9)",max,0.9073492981007432
PKLot,camera1,camera1,64,5,"(1, 2, 3, 6, 9)",mult,0.9093311312964493
PKLot,camera1,camera1,64,5,"(1, 2, 3, 6, 9)",vote,0.9075144508670521
PKLot,camera1,camera1,64,5,"(1, 2, 3, 7, 8)",sum,0.9298100743187449
PKLot,camera1,camera1,64,5,"(1, 2, 3, 7, 8)",mean_probs,0.9298100743187449
PKLot,camera1,camera1,64,5,"(1, 2, 3, 7, 8)",max,0.9311312964492156
PKLot,camera1,camera1,64,5,"(1, 2, 3, 7, 8)",mult,0.9304706853839801
PKLot,camera1,camera1,64,5,"(1, 2, 3, 7, 8)",vote,0.9268373245251857
PKLot,camera1,camera1,64,5,"(1, 2, 3, 7, 9)",sum,0.922708505367465
PKLot,camera1,camera1,64,5,"(1, 2, 3, 7, 9)",mean_probs,0.922708505367465
PKLot,camera1,camera1,64,5,"(1, 2, 3, 7, 9)",max,0.9291494632535094
PKLot,camera1,camera1,64,5,"(1, 2, 3, 7, 9)",mult,0.9270024772914947
PKLot,camera1,camera1,64,5,"(1, 2, 3, 7, 9)",vote,0.9197357555739059
PKLot,camera1,camera1,64,5,"(1, 2, 3, 8, 9)",sum,0.9131296449215525
PKLot,camera1,camera1,64,5,"(1, 2, 3, 8, 9)",mean_probs,0.9131296449215525
PKLot,camera1,camera1,64,5,"(1, 2, 3, 8, 9)",max,0.9190751445086706
PKLot,camera1,camera1,64,5,"(1, 2, 3, 8, 9)",mult,0.916597853014038
PKLot,camera1,camera1,64,5,"(1, 2, 3, 8, 9)",vote,0.9123038810900083
PKLot,camera1,camera1,64,5,"(1, 2, 4, 5, 6)",sum,0.9131296449215525
PKLot,camera1,camera1,64,5,"(1, 2, 4, 5, 6)",mean_probs,0.9131296449215525
PKLot,camera1,camera1,64,5,"(1, 2, 4, 5, 6)",max,0.9106523534269199
PKLot,camera1,camera1,64,5,"(1, 2, 4, 5, 6)",mult,0.9129644921552436
PKLot,camera1,camera1,64,5,"(1, 2, 4, 5, 6)",vote,0.9152766308835673
PKLot,camera1,camera1,64,5,"(1, 2, 4, 5, 7)",sum,0.922543352601156
PKLot,camera1,camera1,64,5,"(1, 2, 4, 5, 7)",mean_probs,0.922543352601156
PKLot,camera1,camera1,64,5,"(1, 2, 4, 5, 7)",max,0.9304706853839801
PKLot,camera1,camera1,64,5,"(1, 2, 4, 5, 7)",mult,0.925681255161024
PKLot,camera1,camera1,64,5,"(1, 2, 4, 5, 7)",vote,0.9220478943022296
PKLot,camera1,camera1,64,5,"(1, 2, 4, 5, 8)",sum,0.9167630057803469
PKLot,camera1,camera1,64,5,"(1, 2, 4, 5, 8)",mean_probs,0.9167630057803469
PKLot,camera1,camera1,64,5,"(1, 2, 4, 5, 8)",max,0.9180842279108175
PKLot,camera1,camera1,64,5,"(1, 2, 4, 5, 8)",mult,0.917588769611891
PKLot,camera1,camera1,64,5,"(1, 2, 4, 5, 8)",vote,0.9170933113129645
PKLot,camera1,camera1,64,5,"(1, 2, 4, 5, 9)",sum,0.9060280759702725
PKLot,camera1,camera1,64,5,"(1, 2, 4, 5, 9)",mean_probs,0.9060280759702725
PKLot,camera1,camera1,64,5,"(1, 2, 4, 5, 9)",max,0.9088356729975227
PKLot,camera1,camera1,64,5,"(1, 2, 4, 5, 9)",mult,0.906523534269199
PKLot,camera1,camera1,64,5,"(1, 2, 4, 5, 9)",vote,0.9048720066061107
PKLot,camera1,camera1,64,5,"(1, 2, 4, 6, 7)",sum,0.9205615194054501
PKLot,camera1,camera1,64,5,"(1, 2, 4, 6, 7)",mean_probs,0.9205615194054501
PKLot,camera1,camera1,64,5,"(1, 2, 4, 6, 7)",max,0.9279933938893477
PKLot,camera1,camera1,64,5,"(1, 2, 4, 6, 7)",mult,0.9238645747316268
PKLot,camera1,camera1,64,5,"(1, 2, 4, 6, 7)",vote,0.9184145334434352
PKLot,camera1,camera1,64,5,"(1, 2, 4, 6, 8)",sum,0.9161023947151115
PKLot,camera1,camera1,64,5,"(1, 2, 4, 6, 8)",mean_probs,0.9161023947151115
PKLot,camera1,camera1,64,5,"(1, 2, 4, 6, 8)",max,0.9174236168455822
PKLot,camera1,camera1,64,5,"(1, 2, 4, 6, 8)",mult,0.9179190751445087
PKLot,camera1,camera1,64,5,"(1, 2, 4, 6, 8)",vote,0.913625103220479
PKLot,camera1,camera1,64,5,"(1, 2, 4, 6, 9)",sum,0.9063583815028902
PKLot,camera1,camera1,64,5,"(1, 2, 4, 6, 9)",mean_probs,0.9063583815028902
PKLot,camera1,camera1,64,5,"(1, 2, 4, 6, 9)",max,0.9083402146985962
PKLot,camera1,camera1,64,5,"(1, 2, 4, 6, 9)",mult,0.9068538398018167
PKLot,camera1,camera1,64,5,"(1, 2, 4, 6, 9)",vote,0.9020644095788605
PKLot,camera1,camera1,64,5,"(1, 2, 4, 7, 8)",sum,0.928654004954583
PKLot,camera1,camera1,64,5,"(1, 2, 4, 7, 8)",mean_probs,0.928654004954583
PKLot,camera1,camera1,64,5,"(1, 2, 4, 7, 8)",max,0.9324525185796863
PKLot,camera1,camera1,64,5,"(1, 2, 4, 7, 8)",mult,0.9299752270850536
PKLot,camera1,camera1,64,5,"(1, 2, 4, 7, 8)",vote,0.9253509496284062
PKLot,camera1,camera1,64,5,"(1, 2, 4, 7, 9)",sum,0.9157720891824938
PKLot,camera1,camera1,64,5,"(1, 2, 4, 7, 9)",mean_probs,0.9157720891824938
PKLot,camera1,camera1,64,5,"(1, 2, 4, 7, 9)",max,0.928654004954583
PKLot,camera1,camera1,64,5,"(1, 2, 4, 7, 9)",mult,0.9218827415359208
PKLot,camera1,camera1,64,5,"(1, 2, 4, 7, 9)",vote,0.9083402146985962
PKLot,camera1,camera1,64,5,"(1, 2, 4, 8, 9)",sum,0.9106523534269199
PKLot,camera1,camera1,64,5,"(1, 2, 4, 8, 9)",mean_probs,0.9106523534269199
PKLot,camera1,camera1,64,5,"(1, 2, 4, 8, 9)",max,0.917588769611891
PKLot,camera1,camera1,64,5,"(1, 2, 4, 8, 9)",mult,0.9132947976878613
PKLot,camera1,camera1,64,5,"(1, 2, 4, 8, 9)",vote,0.9038810900082577
PKLot,camera1,camera1,64,5,"(1, 2, 5, 6, 7)",sum,0.924525185796862
PKLot,camera1,camera1,64,5,"(1, 2, 5, 6, 7)",mean_probs,0.924525185796862
PKLot,camera1,camera1,64,5,"(1, 2, 5, 6, 7)",max,0.9298100743187449
PKLot,camera1,camera1,64,5,"(1, 2, 5, 6, 7)",mult,0.925681255161024
PKLot,camera1,camera1,64,5,"(1, 2, 5, 6, 7)",vote,0.9230388109000826
PKLot,camera1,camera1,64,5,"(1, 2, 5, 6, 8)",sum,0.9200660611065236
PKLot,camera1,camera1,64,5,"(1, 2, 5, 6, 8)",mean_probs,0.9200660611065236
PKLot,camera1,camera1,64,5,"(1, 2, 5, 6, 8)",max,0.9213872832369943
PKLot,camera1,camera1,64,5,"(1, 2, 5, 6, 8)",mult,0.921552436003303
PKLot,camera1,camera1,64,5,"(1, 2, 5, 6, 8)",vote,0.9189099917423617
PKLot,camera1,camera1,64,5,"(1, 2, 5, 6, 9)",sum,0.9109826589595376
PKLot,camera1,camera1,64,5,"(1, 2, 5, 6, 9)",mean_probs,0.9109826589595376
PKLot,camera1,camera1,64,5,"(1, 2, 5, 6, 9)",max,0.9109826589595376
PKLot,camera1,camera1,64,5,"(1, 2, 5, 6, 9)",mult,0.9106523534269199
PKLot,camera1,camera1,64,5,"(1, 2, 5, 6, 9)",vote,0.9118084227910818
PKLot,camera1,camera1,64,5,"(1, 2, 5, 7, 8)",sum,0.9291494632535094
PKLot,camera1,camera1,64,5,"(1, 2, 5, 7, 8)",mean_probs,0.9291494632535094
PKLot,camera1,camera1,64,5,"(1, 2, 5, 7, 8)",max,0.9331131296449215
PKLot,camera1,camera1,64,5,"(1, 2, 5, 7, 8)",mult,0.930635838150289
PKLot,camera1,camera1,64,5,"(1, 2, 5, 7, 8)",vote,0.9283236994219654
PKLot,camera1,camera1,64,5,"(1, 2, 5, 7, 9)",sum,0.9208918249380678
PKLot,camera1,camera1,64,5,"(1, 2, 5, 7, 9)",mean_probs,0.9208918249380678
PKLot,camera1,camera1,64,5,"(1, 2, 5, 7, 9)",max,0.9298100743187449
PKLot,camera1,camera1,64,5,"(1, 2, 5, 7, 9)",mult,0.924690338563171
PKLot,camera1,camera1,64,5,"(1, 2, 5, 7, 9)",vote,0.9185796862097441
PKLot,camera1,camera1,64,5,"(1, 2, 5, 8, 9)",sum,0.9151114781172585
PKLot,camera1,camera1,64,5,"(1, 2, 5, 8, 9)",mean_probs,0.9151114781172585
PKLot,camera1,camera1,64,5,"(1, 2, 5, 8, 9)",max,0.9184145334434352
PKLot,camera1,camera1,64,5,"(1, 2, 5, 8, 9)",mult,0.9174236168455822
PKLot,camera1,camera1,64,5,"(1, 2, 5, 8, 9)",vote,0.9131296449215525
PKLot,camera1,camera1,64,5,"(1, 2, 6, 7, 8)",sum,0.9284888521882741
PKLot,camera1,camera1,64,5,"(1, 2, 6, 7, 8)",mean_probs,0.9284888521882741
PKLot,camera1,camera1,64,5,"(1, 2, 6, 7, 8)",max,0.9298100743187449
PKLot,camera1,camera1,64,5,"(1, 2, 6, 7, 8)",mult,0.9289843104872006
PKLot,camera1,camera1,64,5,"(1, 2, 6, 7, 8)",vote,0.9271676300578034
PKLot,camera1,camera1,64,5,"(1, 2, 6, 7, 9)",sum,0.9199009083402147
PKLot,camera1,camera1,64,5,"(1, 2, 6, 7, 9)",mean_probs,0.9199009083402147
PKLot,camera1,camera1,64,5,"(1, 2, 6, 7, 9)",max,0.9270024772914947
PKLot,camera1,camera1,64,5,"(1, 2, 6, 7, 9)",mult,0.9243600330305533
PKLot,camera1,camera1,64,5,"(1, 2, 6, 7, 9)",vote,0.9161023947151115
PKLot,camera1,camera1,64,5,"(1, 2, 6, 8, 9)",sum,0.9137902559867878
PKLot,camera1,camera1,64,5,"(1, 2, 6, 8, 9)",mean_probs,0.9137902559867878
PKLot,camera1,camera1,64,5,"(1, 2, 6, 8, 9)",max,0.9180842279108175
PKLot,camera1,camera1,64,5,"(1, 2, 6, 8, 9)",mult,0.916597853014038
PKLot,camera1,camera1,64,5,"(1, 2, 6, 8, 9)",vote,0.9086705202312139
PKLot,camera1,camera1,64,5,"(1, 2, 7, 8, 9)",sum,0.9260115606936417
PKLot,camera1,camera1,64,5,"(1, 2, 7, 8, 9)",mean_probs,0.9260115606936417
PKLot,camera1,camera1,64,5,"(1, 2, 7, 8, 9)",max,0.9317919075144508
PKLot,camera1,camera1,64,5,"(1, 2, 7, 8, 9)",mult,0.9293146160198184
PKLot,camera1,camera1,64,5,"(1, 2, 7, 8, 9)",vote,0.9202312138728324
PKLot,camera1,camera1,64,5,"(1, 3, 4, 5, 6)",sum,0.9070189925681256
PKLot,camera1,camera1,64,5,"(1, 3, 4, 5, 6)",mean_probs,0.9070189925681256
PKLot,camera1,camera1,64,5,"(1, 3, 4, 5, 6)",max,0.9042113955408753
PKLot,camera1,camera1,64,5,"(1, 3, 4, 5, 6)",mult,0.906523534269199
PKLot,camera1,camera1,64,5,"(1, 3, 4, 5, 6)",vote,0.9103220478943023
PKLot,camera1,camera1,64,5,"(1, 3, 4, 5, 7)",sum,0.9208918249380678
PKLot,camera1,camera1,64,5,"(1, 3, 4, 5, 7)",mean_probs,0.9208918249380678
PKLot,camera1,camera1,64,5,"(1, 3, 4, 5, 7)",max,0.9284888521882741
PKLot,camera1,camera1,64,5,"(1, 3, 4, 5, 7)",mult,0.9248554913294798
PKLot,camera1,camera1,64,5,"(1, 3, 4, 5, 7)",vote,0.9177539223781999
PKLot,camera1,camera1,64,5,"(1, 3, 4, 5, 8)",sum,0.9139554087530967
PKLot,camera1,camera1,64,5,"(1, 3, 4, 5, 8)",mean_probs,0.9139554087530967
PKLot,camera1,camera1,64,5,"(1, 3, 4, 5, 8)",max,0.9154417836498762
PKLot,camera1,camera1,64,5,"(1, 3, 4, 5, 8)",mult,0.9151114781172585
PKLot,camera1,camera1,64,5,"(1, 3, 4, 5, 8)",vote,0.9118084227910818
PKLot,camera1,camera1,64,5,"(1, 3, 4, 5, 9)",sum,0.9023947151114781
PKLot,camera1,camera1,64,5,"(1, 3, 4, 5, 9)",mean_probs,0.9023947151114781
PKLot,camera1,camera1,64,5,"(1, 3, 4, 5, 9)",max,0.9038810900082577
PKLot,camera1,camera1,64,5,"(1, 3, 4, 5, 9)",mult,0.9042113955408753
PKLot,camera1,camera1,64,5,"(1, 3, 4, 5, 9)",vote,0.9007431874483898
PKLot,camera1,camera1,64,5,"(1, 3, 4, 6, 7)",sum,0.9180842279108175
PKLot,camera1,camera1,64,5,"(1, 3, 4, 6, 7)",mean_probs,0.9180842279108175
PKLot,camera1,camera1,64,5,"(1, 3, 4, 6, 7)",max,0.9271676300578034
PKLot,camera1,camera1,64,5,"(1, 3, 4, 6, 7)",mult,0.923699421965318
PKLot,camera1,camera1,64,5,"(1, 3, 4, 6, 7)",vote,0.9137902559867878
PKLot,camera1,camera1,64,5,"(1, 3, 4, 6, 8)",sum,0.9104872006606111
PKLot,camera1,camera1,64,5,"(1, 3, 4, 6, 8)",mean_probs,0.9104872006606111
PKLot,camera1,camera1,64,5,"(1, 3, 4, 6, 8)",max,0.9151114781172585
PKLot,camera1,camera1,64,5,"(1, 3, 4, 6, 8)",mult,0.91345995045417
PKLot,camera1,camera1,64,5,"(1, 3, 4, 6, 8)",vote,0.9080099091659786
PKLot,camera1,camera1,64,5,"(1, 3, 4, 6, 9)",sum,0.8997522708505368
PKLot,camera1,camera1,64,5,"(1, 3, 4, 6, 9)",mean_probs,0.8997522708505368
PKLot,camera1,camera1,64,5,"(1, 3, 4, 6, 9)",max,0.9012386457473163
PKLot,camera1,camera1,64,5,"(1, 3, 4, 6, 9)",mult,0.9010734929810075
PKLot,camera1,camera1,64,5,"(1, 3, 4, 6, 9)",vote,0.8962840627580512
PKLot,camera1,camera1,64,5,"(1, 3, 4, 7, 8)",sum,0.9258464079273327
PKLot,camera1,camera1,64,5,"(1, 3, 4, 7, 8)",mean_probs,0.9258464079273327
PKLot,camera1,camera1,64,5,"(1, 3, 4, 7, 8)",max,0.9303055326176713
PKLot,camera1,camera1,64,5,"(1, 3, 4, 7, 8)",mult,0.929644921552436
PKLot,camera1,camera1,64,5,"(1, 3, 4, 7, 8)",vote,0.9205615194054501
PKLot,camera1,camera1,64,5,"(1, 3, 4, 7, 9)",sum,0.9137902559867878
PKLot,camera1,camera1,64,5,"(1, 3, 4, 7, 9)",mean_probs,0.9137902559867878
PKLot,camera1,camera1,64,5,"(1, 3, 4, 7, 9)",max,0.9284888521882741
PKLot,camera1,camera1,64,5,"(1, 3, 4, 7, 9)",mult,0.9210569777043766
PKLot,camera1,camera1,64,5,"(1, 3, 4, 7, 9)",vote,0.90355078447564
PKLot,camera1,camera1,64,5,"(1, 3, 4, 8, 9)",sum,0.9050371593724195
PKLot,camera1,camera1,64,5,"(1, 3, 4, 8, 9)",mean_probs,0.9050371593724195
PKLot,camera1,camera1,64,5,"(1, 3, 4, 8, 9)",max,0.915606936416185
PKLot,camera1,camera1,64,5,"(1, 3, 4, 8, 9)",mult,0.9093311312964493
PKLot,camera1,camera1,64,5,"(1, 3, 4, 8, 9)",vote,0.8985962014863749
PKLot,camera1,camera1,64,5,"(1, 3, 5, 6, 7)",sum,0.9202312138728324
PKLot,camera1,camera1,64,5,"(1, 3, 5, 6, 7)",mean_probs,0.9202312138728324
PKLot,camera1,camera1,64,5,"(1, 3, 5, 6, 7)",max,0.9281585466556564
PKLot,camera1,camera1,64,5,"(1, 3, 5, 6, 7)",mult,0.9241948802642445
PKLot,camera1,camera1,64,5,"(1, 3, 5, 6, 7)",vote,0.9185796862097441
PKLot,camera1,camera1,64,5,"(1, 3, 5, 6, 8)",sum,0.9141205615194055
PKLot,camera1,camera1,64,5,"(1, 3, 5, 6, 8)",mean_probs,0.9141205615194055
PKLot,camera1,camera1,64,5,"(1, 3, 5, 6, 8)",max,0.917588769611891
PKLot,camera1,camera1,64,5,"(1, 3, 5, 6, 8)",mult,0.9157720891824938
PKLot,camera1,camera1,64,5,"(1, 3, 5, 6, 8)",vote,0.9131296449215525
PKLot,camera1,camera1,64,5,"(1, 3, 5, 6, 9)",sum,0.9040462427745665
PKLot,camera1,camera1,64,5,"(1, 3, 5, 6, 9)",mean_probs,0.9040462427745665
PKLot,camera1,camera1,64,5,"(1, 3, 5, 6, 9)",max,0.9043765483071842
PKLot,camera1,camera1,64,5,"(1, 3, 5, 6, 9)",mult,0.9047068538398018
PKLot,camera1,camera1,64,5,"(1, 3, 5, 6, 9)",vote,0.9038810900082577
PKLot,camera1,camera1,64,5,"(1, 3, 5, 7, 8)",sum,0.9265070189925682
PKLot,camera1,camera1,64,5,"(1, 3, 5, 7, 8)",mean_probs,0.9265070189925682
PKLot,camera1,camera1,64,5,"(1, 3, 5, 7, 8)",max,0.9304706853839801
PKLot,camera1,camera1,64,5,"(1, 3, 5, 7, 8)",mult,0.9294797687861271
PKLot,camera1,camera1,64,5,"(1, 3, 5, 7, 8)",vote,0.9253509496284062
PKLot,camera1,camera1,64,5,"(1, 3, 5, 7, 9)",sum,0.9192402972749794
PKLot,camera1,camera1,64,5,"(1, 3, 5, 7, 9)",mean_probs,0.9192402972749794
PKLot,camera1,camera1,64,5,"(1, 3, 5, 7, 9)",max,0.9284888521882741
PKLot,camera1,camera1,64,5,"(1, 3, 5, 7, 9)",mult,0.9238645747316268
PKLot,camera1,camera1,64,5,"(1, 3, 5, 7, 9)",vote,0.9131296449215525
PKLot,camera1,camera1,64,5,"(1, 3, 5, 8, 9)",sum,0.9096614368290669
PKLot,camera1,camera1,64,5,"(1, 3, 5, 8, 9)",mean_probs,0.9096614368290669
PKLot,camera1,camera1,64,5,"(1, 3, 5, 8, 9)",max,0.9161023947151115
PKLot,camera1,camera1,64,5,"(1, 3, 5, 8, 9)",mult,0.9131296449215525
PKLot,camera1,camera1,64,5,"(1, 3, 5, 8, 9)",vote,0.9058629232039637
PKLot,camera1,camera1,64,5,"(1, 3, 6, 7, 8)",sum,0.9243600330305533
PKLot,camera1,camera1,64,5,"(1, 3, 6, 7, 8)",mean_probs,0.9243600330305533
PKLot,camera1,camera1,64,5,"(1, 3, 6, 7, 8)",max,0.928654004954583
PKLot,camera1,camera1,64,5,"(1, 3, 6, 7, 8)",mult,0.926672171758877
PKLot,camera1,camera1,64,5,"(1, 3, 6, 7, 8)",vote,0.9194054500412882
PKLot,camera1,camera1,64,5,"(1, 3, 6, 7, 9)",sum,0.9157720891824938
PKLot,camera1,camera1,64,5,"(1, 3, 6, 7, 9)",mean_probs,0.9157720891824938
PKLot,camera1,camera1,64,5,"(1, 3, 6, 7, 9)",max,0.9271676300578034
PKLot,camera1,camera1,64,5,"(1, 3, 6, 7, 9)",mult,0.9212221304706854
PKLot,camera1,camera1,64,5,"(1, 3, 6, 7, 9)",vote,0.9085053674649051
PKLot,camera1,camera1,64,5,"(1, 3, 6, 8, 9)",sum,0.9066886870355079
PKLot,camera1,camera1,64,5,"(1, 3, 6, 8, 9)",mean_probs,0.9066886870355079
PKLot,camera1,camera1,64,5,"(1, 3, 6, 8, 9)",max,0.9157720891824938
PKLot,camera1,camera1,64,5,"(1, 3, 6, 8, 9)",mult,0.9101568951279934
PKLot,camera1,camera1,64,5,"(1, 3, 6, 8, 9)",vote,0.9027250206440958
PKLot,camera1,camera1,64,5,"(1, 3, 7, 8, 9)",sum,0.9230388109000826
PKLot,camera1,camera1,64,5,"(1, 3, 7, 8, 9)",mean_probs,0.9230388109000826
PKLot,camera1,camera1,64,5,"(1, 3, 7, 8, 9)",max,0.9298100743187449
PKLot,camera1,camera1,64,5,"(1, 3, 7, 8, 9)",mult,0.9274979355904212
PKLot,camera1,camera1,64,5,"(1, 3, 7, 8, 9)",vote,0.9139554087530967
PKLot,camera1,camera1,64,5,"(1, 4, 5, 6, 7)",sum,0.9174236168455822
PKLot,camera1,camera1,64,5,"(1, 4, 5, 6, 7)",mean_probs,0.9174236168455822
PKLot,camera1,camera1,64,5,"(1, 4, 5, 6, 7)",max,0.9284888521882741
PKLot,camera1,camera1,64,5,"(1, 4, 5, 6, 7)",mult,0.9210569777043766
PKLot,camera1,camera1,64,5,"(1, 4, 5, 6, 7)",vote,0.9151114781172585
PKLot,camera1,camera1,64,5,"(1, 4, 5, 6, 8)",sum,0.9132947976878613
PKLot,camera1,camera1,64,5,"(1, 4, 5, 6, 8)",mean_probs,0.9132947976878613
PKLot,camera1,camera1,64,5,"(1, 4, 5, 6, 8)",max,0.9147811725846408
PKLot,camera1,camera1,64,5,"(1, 4, 5, 6, 8)",mult,0.914616019818332
PKLot,camera1,camera1,64,5,"(1, 4, 5, 6, 8)",vote,0.9106523534269199
PKLot,camera1,camera1,64,5,"(1, 4, 5, 6, 9)",sum,0.901568951279934
PKLot,camera1,camera1,64,5,"(1, 4, 5, 6, 9)",mean_probs,0.901568951279934
PKLot,camera1,camera1,64,5,"(1, 4, 5, 6, 9)",max,0.90355078447564
PKLot,camera1,camera1,64,5,"(1, 4, 5, 6, 9)",mult,0.9028901734104047
PKLot,camera1,camera1,64,5,"(1, 4, 5, 6, 9)",vote,0.900578034682081
PKLot,camera1,camera1,64,5,"(1, 4, 5, 7, 8)",sum,0.9228736581337738
PKLot,camera1,camera1,64,5,"(1, 4, 5, 7, 8)",mean_probs,0.9228736581337738
PKLot,camera1,camera1,64,5,"(1, 4, 5, 7, 8)",max,0.9321222130470685
PKLot,camera1,camera1,64,5,"(1, 4, 5, 7, 8)",mult,0.9283236994219654
PKLot,camera1,camera1,64,5,"(1, 4, 5, 7, 8)",vote,0.916597853014038
PKLot,camera1,camera1,64,5,"(1, 4, 5, 7, 9)",sum,0.9099917423616846
PKLot,camera1,camera1,64,5,"(1, 4, 5, 7, 9)",mean_probs,0.9099917423616846
PKLot,camera1,camera1,64,5,"(1, 4, 5, 7, 9)",max,0.928654004954583
PKLot,camera1,camera1,64,5,"(1, 4, 5, 7, 9)",mult,0.9180842279108175
PKLot,camera1,camera1,64,5,"(1, 4, 5, 7, 9)",vote,0.9058629232039637
PKLot,camera1,camera1,64,5,"(1, 4, 5, 8, 9)",sum,0.9048720066061107
PKLot,camera1,camera1,64,5,"(1, 4, 5, 8, 9)",mean_probs,0.9048720066061107
PKLot,camera1,camera1,64,5,"(1, 4, 5, 8, 9)",max,0.9142857142857143
PKLot,camera1,camera1,64,5,"(1, 4, 5, 8, 9)",mult,0.9076796036333609
PKLot,camera1,camera1,64,5,"(1, 4, 5, 8, 9)",vote,0.9022295623451693
PKLot,camera1,camera1,64,5,"(1, 4, 6, 7, 8)",sum,0.9207266721717589
PKLot,camera1,camera1,64,5,"(1, 4, 6, 7, 8)",mean_probs,0.9207266721717589
PKLot,camera1,camera1,64,5,"(1, 4, 6, 7, 8)",max,0.9291494632535094
PKLot,camera1,camera1,64,5,"(1, 4, 6, 7, 8)",mult,0.9253509496284062
PKLot,camera1,camera1,64,5,"(1, 4, 6, 7, 8)",vote,0.9162675474814204
PKLot,camera1,camera1,64,5,"(1, 4, 6, 7, 9)",sum,0.9098265895953758
PKLot,camera1,camera1,64,5,"(1, 4, 6, 7, 9)",mean_probs,0.9098265895953758
PKLot,camera1,camera1,64,5,"(1, 4, 6, 7, 9)",max,0.926672171758877
PKLot,camera1,camera1,64,5,"(1, 4, 6, 7, 9)",mult,0.916597853014038
PKLot,camera1,camera1,64,5,"(1, 4, 6, 7, 9)",vote,0.9028901734104047
PKLot,camera1,camera1,64,5,"(1, 4, 6, 8, 9)",sum,0.9027250206440958
PKLot,camera1,camera1,64,5,"(1, 4, 6, 8, 9)",mean_probs,0.9027250206440958
PKLot,camera1,camera1,64,5,"(1, 4, 6, 8, 9)",max,0.9131296449215525
PKLot,camera1,camera1,64,5,"(1, 4, 6, 8, 9)",mult,0.9040462427745665
PKLot,camera1,camera1,64,5,"(1, 4, 6, 8, 9)",vote,0.8976052848885219
PKLot,camera1,camera1,64,5,"(1, 4, 7, 8, 9)",sum,0.915606936416185
PKLot,camera1,camera1,64,5,"(1, 4, 7, 8, 9)",mean_probs,0.915606936416185
PKLot,camera1,camera1,64,5,"(1, 4, 7, 8, 9)",max,0.9309661436829066
PKLot,camera1,camera1,64,5,"(1, 4, 7, 8, 9)",mult,0.9248554913294798
PKLot,camera1,camera1,64,5,"(1, 4, 7, 8, 9)",vote,0.9052023121387284
PKLot,camera1,camera1,64,5,"(1, 5, 6, 7, 8)",sum,0.9240297274979355
PKLot,camera1,camera1,64,5,"(1, 5, 6, 7, 8)",mean_probs,0.9240297274979355
PKLot,camera1,camera1,64,5,"(1, 5, 6, 7, 8)",max,0.9301403798513626
PKLot,camera1,camera1,64,5,"(1, 5, 6, 7, 8)",mult,0.9270024772914947
PKLot,camera1,camera1,64,5,"(1, 5, 6, 7, 8)",vote,0.9217175887696119
PKLot,camera1,camera1,64,5,"(1, 5, 6, 7, 9)",sum,0.916597853014038
PKLot,camera1,camera1,64,5,"(1, 5, 6, 7, 9)",mean_probs,0.916597853014038
PKLot,camera1,camera1,64,5,"(1, 5, 6, 7, 9)",max,0.92766308835673
PKLot,camera1,camera1,64,5,"(1, 5, 6, 7, 9)",mult,0.9202312138728324
PKLot,camera1,camera1,64,5,"(1, 5, 6, 7, 9)",vote,0.9111478117258464
PKLot,camera1,camera1,64,5,"(1, 5, 6, 8, 9)",sum,0.9091659785301404
PKLot,camera1,camera1,64,5,"(1, 5, 6, 8, 9)",mean_probs,0.9091659785301404
PKLot,camera1,camera1,64,5,"(1, 5, 6, 8, 9)",max,0.9151114781172585
PKLot,camera1,camera1,64,5,"(1, 5, 6, 8, 9)",mult,0.9104872006606111
PKLot,camera1,camera1,64,5,"(1, 5, 6, 8, 9)",vote,0.9052023121387284
PKLot,camera1,camera1,64,5,"(1, 5, 7, 8, 9)",sum,0.9197357555739059
PKLot,camera1,camera1,64,5,"(1, 5, 7, 8, 9)",mean_probs,0.9197357555739059
PKLot,camera1,camera1,64,5,"(1, 5, 7, 8, 9)",max,0.9312964492155243
PKLot,camera1,camera1,64,5,"(1, 5, 7, 8, 9)",mult,0.9270024772914947
PKLot,camera1,camera1,64,5,"(1, 5, 7, 8, 9)",vote,0.9131296449215525
PKLot,camera1,camera1,64,5,"(1, 6, 7, 8, 9)",sum,0.9190751445086706
PKLot,camera1,camera1,64,5,"(1, 6, 7, 8, 9)",mean_probs,0.9190751445086706
PKLot,camera1,camera1,64,5,"(1, 6, 7, 8, 9)",max,0.9283236994219654
PKLot,camera1,camera1,64,5,"(1, 6, 7, 8, 9)",mult,0.9240297274979355
PKLot,camera1,camera1,64,5,"(1, 6, 7, 8, 9)",vote,0.9103220478943023
PKLot,camera1,camera1,64,5,"(2, 3, 4, 5, 6)",sum,0.9123038810900083
PKLot,camera1,camera1,64,5,"(2, 3, 4, 5, 6)",mean_probs,0.9123038810900083
PKLot,camera1,camera1,64,5,"(2, 3, 4, 5, 6)",max,0.9096614368290669
PKLot,camera1,camera1,64,5,"(2, 3, 4, 5, 6)",mult,0.912634186622626
PKLot,camera1,camera1,64,5,"(2, 3, 4, 5, 6)",vote,0.9159372419488027
PKLot,camera1,camera1,64,5,"(2, 3, 4, 5, 7)",sum,0.9284888521882741
PKLot,camera1,camera1,64,5,"(2, 3, 4, 5, 7)",mean_probs,0.9284888521882741
PKLot,camera1,camera1,64,5,"(2, 3, 4, 5, 7)",max,0.9311312964492156
PKLot,camera1,camera1,64,5,"(2, 3, 4, 5, 7)",mult,0.9314616019818331
PKLot,camera1,camera1,64,5,"(2, 3, 4, 5, 7)",vote,0.9263418662262592
PKLot,camera1,camera1,64,5,"(2, 3, 4, 5, 8)",sum,0.921552436003303
PKLot,camera1,camera1,64,5,"(2, 3, 4, 5, 8)",mean_probs,0.921552436003303
PKLot,camera1,camera1,64,5,"(2, 3, 4, 5, 8)",max,0.9190751445086706
PKLot,camera1,camera1,64,5,"(2, 3, 4, 5, 8)",mult,0.9228736581337738
PKLot,camera1,camera1,64,5,"(2, 3, 4, 5, 8)",vote,0.9213872832369943
PKLot,camera1,camera1,64,5,"(2, 3, 4, 5, 9)",sum,0.9099917423616846
PKLot,camera1,camera1,64,5,"(2, 3, 4, 5, 9)",mean_probs,0.9099917423616846
PKLot,camera1,camera1,64,5,"(2, 3, 4, 5, 9)",max,0.9099917423616846
PKLot,camera1,camera1,64,5,"(2, 3, 4, 5, 9)",mult,0.9106523534269199
PKLot,camera1,camera1,64,5,"(2, 3, 4, 5, 9)",vote,0.9085053674649051
PKLot,camera1,camera1,64,5,"(2, 3, 4, 6, 7)",sum,0.9240297274979355
PKLot,camera1,camera1,64,5,"(2, 3, 4, 6, 7)",mean_probs,0.9240297274979355
PKLot,camera1,camera1,64,5,"(2, 3, 4, 6, 7)",max,0.9294797687861271
PKLot,camera1,camera1,64,5,"(2, 3, 4, 6, 7)",mult,0.9281585466556564
PKLot,camera1,camera1,64,5,"(2, 3, 4, 6, 7)",vote,0.9189099917423617
PKLot,camera1,camera1,64,5,"(2, 3, 4, 6, 8)",sum,0.9179190751445087
PKLot,camera1,camera1,64,5,"(2, 3, 4, 6, 8)",mean_probs,0.9179190751445087
PKLot,camera1,camera1,64,5,"(2, 3, 4, 6, 8)",max,0.9177539223781999
PKLot,camera1,camera1,64,5,"(2, 3, 4, 6, 8)",mult,0.9197357555739059
PKLot,camera1,camera1,64,5,"(2, 3, 4, 6, 8)",vote,0.9157720891824938
PKLot,camera1,camera1,64,5,"(2, 3, 4, 6, 9)",sum,0.9048720066061107
PKLot,camera1,camera1,64,5,"(2, 3, 4, 6, 9)",mean_probs,0.9048720066061107
PKLot,camera1,camera1,64,5,"(2, 3, 4, 6, 9)",max,0.9066886870355079
PKLot,camera1,camera1,64,5,"(2, 3, 4, 6, 9)",mult,0.905532617671346
PKLot,camera1,camera1,64,5,"(2, 3, 4, 6, 9)",vote,0.9052023121387284
PKLot,camera1,camera1,64,5,"(2, 3, 4, 7, 8)",sum,0.9312964492155243
PKLot,camera1,camera1,64,5,"(2, 3, 4, 7, 8)",mean_probs,0.9312964492155243
PKLot,camera1,camera1,64,5,"(2, 3, 4, 7, 8)",max,0.9324525185796863
PKLot,camera1,camera1,64,5,"(2, 3, 4, 7, 8)",mult,0.9322873658133773
PKLot,camera1,camera1,64,5,"(2, 3, 4, 7, 8)",vote,0.9263418662262592
PKLot,camera1,camera1,64,5,"(2, 3, 4, 7, 9)",sum,0.9218827415359208
PKLot,camera1,camera1,64,5,"(2, 3, 4, 7, 9)",mean_probs,0.9218827415359208
PKLot,camera1,camera1,64,5,"(2, 3, 4, 7, 9)",max,0.9314616019818331
PKLot,camera1,camera1,64,5,"(2, 3, 4, 7, 9)",mult,0.92766308835673
PKLot,camera1,camera1,64,5,"(2, 3, 4, 7, 9)",vote,0.9154417836498762
PKLot,camera1,camera1,64,5,"(2, 3, 4, 8, 9)",sum,0.9142857142857143
PKLot,camera1,camera1,64,5,"(2, 3, 4, 8, 9)",mean_probs,0.9142857142857143
PKLot,camera1,camera1,64,5,"(2, 3, 4, 8, 9)",max,0.9195706028075971
PKLot,camera1,camera1,64,5,"(2, 3, 4, 8, 9)",mult,0.9169281585466557
PKLot,camera1,camera1,64,5,"(2, 3, 4, 8, 9)",vote,0.9104872006606111
PKLot,camera1,camera1,64,5,"(2, 3, 5, 6, 7)",sum,0.9271676300578034
PKLot,camera1,camera1,64,5,"(2, 3, 5, 6, 7)",mean_probs,0.9271676300578034
PKLot,camera1,camera1,64,5,"(2, 3, 5, 6, 7)",max,0.930635838150289
PKLot,camera1,camera1,64,5,"(2, 3, 5, 6, 7)",mult,0.9288191577208919
PKLot,camera1,camera1,64,5,"(2, 3, 5, 6, 7)",vote,0.9240297274979355
PKLot,camera1,camera1,64,5,"(2, 3, 5, 6, 8)",sum,0.9205615194054501
PKLot,camera1,camera1,64,5,"(2, 3, 5, 6, 8)",mean_probs,0.9205615194054501
PKLot,camera1,camera1,64,5,"(2, 3, 5, 6, 8)",max,0.9199009083402147
PKLot,camera1,camera1,64,5,"(2, 3, 5, 6, 8)",mult,0.9212221304706854
PKLot,camera1,camera1,64,5,"(2, 3, 5, 6, 8)",vote,0.9194054500412882
PKLot,camera1,camera1,64,5,"(2, 3, 5, 6, 9)",sum,0.9104872006606111
PKLot,camera1,camera1,64,5,"(2, 3, 5, 6, 9)",mean_probs,0.9104872006606111
PKLot,camera1,camera1,64,5,"(2, 3, 5, 6, 9)",max,0.9091659785301404
PKLot,camera1,camera1,64,5,"(2, 3, 5, 6, 9)",mult,0.9106523534269199
PKLot,camera1,camera1,64,5,"(2, 3, 5, 6, 9)",vote,0.9108175061932288
PKLot,camera1,camera1,64,5,"(2, 3, 5, 7, 8)",sum,0.9317919075144508
PKLot,camera1,camera1,64,5,"(2, 3, 5, 7, 8)",mean_probs,0.9317919075144508
PKLot,camera1,camera1,64,5,"(2, 3, 5, 7, 8)",max,0.932617671345995
PKLot,camera1,camera1,64,5,"(2, 3, 5, 7, 8)",mult,0.9324525185796863
PKLot,camera1,camera1,64,5,"(2, 3, 5, 7, 8)",vote,0.9298100743187449
PKLot,camera1,camera1,64,5,"(2, 3, 5, 7, 9)",sum,0.9273327828241124
PKLot,camera1,camera1,64,5,"(2, 3, 5, 7, 9)",mean_probs,0.9273327828241124
PKLot,camera1,camera1,64,5,"(2, 3, 5, 7, 9)",max,0.9312964492155243
PKLot,camera1,camera1,64,5,"(2, 3, 5, 7, 9)",mult,0.9303055326176713
PKLot,camera1,camera1,64,5,"(2, 3, 5, 7, 9)",vote,0.9222130470685383
PKLot,camera1,camera1,64,5,"(2, 3, 5, 8, 9)",sum,0.9194054500412882
PKLot,camera1,camera1,64,5,"(2, 3, 5, 8, 9)",mean_probs,0.9194054500412882
PKLot,camera1,camera1,64,5,"(2, 3, 5, 8, 9)",max,0.9194054500412882
PKLot,camera1,camera1,64,5,"(2, 3, 5, 8, 9)",mult,0.9218827415359208
PKLot,camera1,camera1,64,5,"(2, 3, 5, 8, 9)",vote,0.9170933113129645
PKLot,camera1,camera1,64,5,"(2, 3, 6, 7, 8)",sum,0.9284888521882741
PKLot,camera1,camera1,64,5,"(2, 3, 6, 7, 8)",mean_probs,0.9284888521882741
PKLot,camera1,camera1,64,5,"(2, 3, 6, 7, 8)",max,0.9301403798513626
PKLot,camera1,camera1,64,5,"(2, 3, 6, 7, 8)",mult,0.9293146160198184
PKLot,camera1,camera1,64,5,"(2, 3, 6, 7, 8)",vote,0.9241948802642445
PKLot,camera1,camera1,64,5,"(2, 3, 6, 7, 9)",sum,0.9230388109000826
PKLot,camera1,camera1,64,5,"(2, 3, 6, 7, 9)",mean_probs,0.9230388109000826
PKLot,camera1,camera1,64,5,"(2, 3, 6, 7, 9)",max,0.9294797687861271
PKLot,camera1,camera1,64,5,"(2, 3, 6, 7, 9)",mult,0.9265070189925682
PKLot,camera1,camera1,64,5,"(2, 3, 6, 7, 9)",vote,0.9154417836498762
PKLot,camera1,camera1,64,5,"(2, 3, 6, 8, 9)",sum,0.9161023947151115
PKLot,camera1,camera1,64,5,"(2, 3, 6, 8, 9)",mean_probs,0.9161023947151115
PKLot,camera1,camera1,64,5,"(2, 3, 6, 8, 9)",max,0.9180842279108175
PKLot,camera1,camera1,64,5,"(2, 3, 6, 8, 9)",mult,0.9177539223781999
PKLot,camera1,camera1,64,5,"(2, 3, 6, 8, 9)",vote,0.9129644921552436
PKLot,camera1,camera1,64,5,"(2, 3, 7, 8, 9)",sum,0.9279933938893477
PKLot,camera1,camera1,64,5,"(2, 3, 7, 8, 9)",mean_probs,0.9279933938893477
PKLot,camera1,camera1,64,5,"(2, 3, 7, 8, 9)",max,0.9322873658133773
PKLot,camera1,camera1,64,5,"(2, 3, 7, 8, 9)",mult,0.9304706853839801
PKLot,camera1,camera1,64,5,"(2, 3, 7, 8, 9)",vote,0.9228736581337738
PKLot,camera1,camera1,64,5,"(2, 4, 5, 6, 7)",sum,0.9233691164327003
PKLot,camera1,camera1,64,5,"(2, 4, 5, 6, 7)",mean_probs,0.9233691164327003
PKLot,camera1,camera1,64,5,"(2, 4, 5, 6, 7)",max,0.9303055326176713
PKLot,camera1,camera1,64,5,"(2, 4, 5, 6, 7)",mult,0.9270024772914947
PKLot,camera1,camera1,64,5,"(2, 4, 5, 6, 7)",vote,0.9200660611065236
PKLot,camera1,camera1,64,5,"(2, 4, 5, 6, 8)",sum,0.9195706028075971
PKLot,camera1,camera1,64,5,"(2, 4, 5, 6, 8)",mean_probs,0.9195706028075971
PKLot,camera1,camera1,64,5,"(2, 4, 5, 6, 8)",max,0.9182493806771264
PKLot,camera1,camera1,64,5,"(2, 4, 5, 6, 8)",mult,0.9199009083402147
PKLot,camera1,camera1,64,5,"(2, 4, 5, 6, 8)",vote,0.9170933113129645
PKLot,camera1,camera1,64,5,"(2, 4, 5, 6, 9)",sum,0.9096614368290669
PKLot,camera1,camera1,64,5,"(2, 4, 5, 6, 9)",mean_probs,0.9096614368290669
PKLot,camera1,camera1,64,5,"(2, 4, 5, 6, 9)",max,0.9103220478943023
PKLot,camera1,camera1,64,5,"(2, 4, 5, 6, 9)",mult,0.9094962840627581
PKLot,camera1,camera1,64,5,"(2, 4, 5, 6, 9)",vote,0.9075144508670521
PKLot,camera1,camera1,64,5,"(2, 4, 5, 7, 8)",sum,0.9309661436829066
PKLot,camera1,camera1,64,5,"(2, 4, 5, 7, 8)",mean_probs,0.9309661436829066
PKLot,camera1,camera1,64,5,"(2, 4, 5, 7, 8)",max,0.9331131296449215
PKLot,camera1,camera1,64,5,"(2, 4, 5, 7, 8)",mult,0.9324525185796863
PKLot,camera1,camera1,64,5,"(2, 4, 5, 7, 8)",vote,0.9273327828241124
PKLot,camera1,camera1,64,5,"(2, 4, 5, 7, 9)",sum,0.9190751445086706
PKLot,camera1,camera1,64,5,"(2, 4, 5, 7, 9)",mean_probs,0.9190751445086706
PKLot,camera1,camera1,64,5,"(2, 4, 5, 7, 9)",max,0.9304706853839801
PKLot,camera1,camera1,64,5,"(2, 4, 5, 7, 9)",mult,0.9240297274979355
PKLot,camera1,camera1,64,5,"(2, 4, 5, 7, 9)",vote,0.914616019818332
PKLot,camera1,camera1,64,5,"(2, 4, 5, 8, 9)",sum,0.9127993393889348
PKLot,camera1,camera1,64,5,"(2, 4, 5, 8, 9)",mean_probs,0.9127993393889348
PKLot,camera1,camera1,64,5,"(2, 4, 5, 8, 9)",max,0.917588769611891
PKLot,camera1,camera1,64,5,"(2, 4, 5, 8, 9)",mult,0.9151114781172585
PKLot,camera1,camera1,64,5,"(2, 4, 5, 8, 9)",vote,0.9103220478943023
PKLot,camera1,camera1,64,5,"(2, 4, 6, 7, 8)",sum,0.926672171758877
PKLot,camera1,camera1,64,5,"(2, 4, 6, 7, 8)",mean_probs,0.926672171758877
PKLot,camera1,camera1,64,5,"(2, 4, 6, 7, 8)",max,0.9309661436829066
PKLot,camera1,camera1,64,5,"(2, 4, 6, 7, 8)",mult,0.9283236994219654
PKLot,camera1,camera1,64,5,"(2, 4, 6, 7, 8)",vote,0.9255161023947152
PKLot,camera1,camera1,64,5,"(2, 4, 6, 7, 9)",sum,0.9167630057803469
PKLot,camera1,camera1,64,5,"(2, 4, 6, 7, 9)",mean_probs,0.9167630057803469
PKLot,camera1,camera1,64,5,"(2, 4, 6, 7, 9)",max,0.928654004954583
PKLot,camera1,camera1,64,5,"(2, 4, 6, 7, 9)",mult,0.9218827415359208
PKLot,camera1,camera1,64,5,"(2, 4, 6, 7, 9)",vote,0.9106523534269199
PKLot,camera1,camera1,64,5,"(2, 4, 6, 8, 9)",sum,0.9111478117258464
PKLot,camera1,camera1,64,5,"(2, 4, 6, 8, 9)",mean_probs,0.9111478117258464
PKLot,camera1,camera1,64,5,"(2, 4, 6, 8, 9)",max,0.9177539223781999
PKLot,camera1,camera1,64,5,"(2, 4, 6, 8, 9)",mult,0.9139554087530967
PKLot,camera1,camera1,64,5,"(2, 4, 6, 8, 9)",vote,0.9063583815028902
PKLot,camera1,camera1,64,5,"(2, 4, 7, 8, 9)",sum,0.9250206440957887
PKLot,camera1,camera1,64,5,"(2, 4, 7, 8, 9)",mean_probs,0.9250206440957887
PKLot,camera1,camera1,64,5,"(2, 4, 7, 8, 9)",max,0.9331131296449215
PKLot,camera1,camera1,64,5,"(2, 4, 7, 8, 9)",mult,0.9284888521882741
PKLot,camera1,camera1,64,5,"(2, 4, 7, 8, 9)",vote,0.9197357555739059
PKLot,camera1,camera1,64,5,"(2, 5, 6, 7, 8)",sum,0.928654004954583
PKLot,camera1,camera1,64,5,"(2, 5, 6, 7, 8)",mean_probs,0.928654004954583
PKLot,camera1,camera1,64,5,"(2, 5, 6, 7, 8)",max,0.9311312964492156
PKLot,camera1,camera1,64,5,"(2, 5, 6, 7, 8)",mult,0.9298100743187449
PKLot,camera1,camera1,64,5,"(2, 5, 6, 7, 8)",vote,0.9279933938893477
PKLot,camera1,camera1,64,5,"(2, 5, 6, 7, 9)",sum,0.9232039636663915
PKLot,camera1,camera1,64,5,"(2, 5, 6, 7, 9)",mean_probs,0.9232039636663915
PKLot,camera1,camera1,64,5,"(2, 5, 6, 7, 9)",max,0.9289843104872006
PKLot,camera1,camera1,64,5,"(2, 5, 6, 7, 9)",mult,0.9270024772914947
PKLot,camera1,camera1,64,5,"(2, 5, 6, 7, 9)",vote,0.9179190751445087
PKLot,camera1,camera1,64,5,"(2, 5, 6, 8, 9)",sum,0.9170933113129645
PKLot,camera1,camera1,64,5,"(2, 5, 6, 8, 9)",mean_probs,0.9170933113129645
PKLot,camera1,camera1,64,5,"(2, 5, 6, 8, 9)",max,0.9185796862097441
PKLot,camera1,camera1,64,5,"(2, 5, 6, 8, 9)",mult,0.9184145334434352
PKLot,camera1,camera1,64,5,"(2, 5, 6, 8, 9)",vote,0.9141205615194055
PKLot,camera1,camera1,64,5,"(2, 5, 7, 8, 9)",sum,0.9284888521882741
PKLot,camera1,camera1,64,5,"(2, 5, 7, 8, 9)",mean_probs,0.9284888521882741
PKLot,camera1,camera1,64,5,"(2, 5, 7, 8, 9)",max,0.9321222130470685
PKLot,camera1,camera1,64,5,"(2, 5, 7, 8, 9)",mult,0.9299752270850536
PKLot,camera1,camera1,64,5,"(2, 5, 7, 8, 9)",vote,0.9250206440957887
PKLot,camera1,camera1,64,5,"(2, 6, 7, 8, 9)",sum,0.925681255161024
PKLot,camera1,camera1,64,5,"(2, 6, 7, 8, 9)",mean_probs,0.925681255161024
PKLot,camera1,camera1,64,5,"(2, 6, 7, 8, 9)",max,0.9294797687861271
PKLot,camera1,camera1,64,5,"(2, 6, 7, 8, 9)",mult,0.9273327828241124
PKLot,camera1,camera1,64,5,"(2, 6, 7, 8, 9)",vote,0.9220478943022296
PKLot,camera1,camera1,64,5,"(3, 4, 5, 6, 7)",sum,0.9207266721717589
PKLot,camera1,camera1,64,5,"(3, 4, 5, 6, 7)",mean_probs,0.9207266721717589
PKLot,camera1,camera1,64,5,"(3, 4, 5, 6, 7)",max,0.9294797687861271
PKLot,camera1,camera1,64,5,"(3, 4, 5, 6, 7)",mult,0.9251857968620975
PKLot,camera1,camera1,64,5,"(3, 4, 5, 6, 7)",vote,0.917588769611891
PKLot,camera1,camera1,64,5,"(3, 4, 5, 6, 8)",sum,0.9127993393889348
PKLot,camera1,camera1,64,5,"(3, 4, 5, 6, 8)",mean_probs,0.9127993393889348
PKLot,camera1,camera1,64,5,"(3, 4, 5, 6, 8)",max,0.9149463253509497
PKLot,camera1,camera1,64,5,"(3, 4, 5, 6, 8)",mult,0.915606936416185
PKLot,camera1,camera1,64,5,"(3, 4, 5, 6, 8)",vote,0.9124690338563171
PKLot,camera1,camera1,64,5,"(3, 4, 5, 6, 9)",sum,0.9014037985136251
PKLot,camera1,camera1,64,5,"(3, 4, 5, 6, 9)",mean_probs,0.9014037985136251
PKLot,camera1,camera1,64,5,"(3, 4, 5, 6, 9)",max,0.9032204789430223
PKLot,camera1,camera1,64,5,"(3, 4, 5, 6, 9)",mult,0.9028901734104047
PKLot,camera1,camera1,64,5,"(3, 4, 5, 6, 9)",vote,0.9020644095788605
PKLot,camera1,camera1,64,5,"(3, 4, 5, 7, 8)",sum,0.9265070189925682
PKLot,camera1,camera1,64,5,"(3, 4, 5, 7, 8)",mean_probs,0.9265070189925682
PKLot,camera1,camera1,64,5,"(3, 4, 5, 7, 8)",max,0.9309661436829066
PKLot,camera1,camera1,64,5,"(3, 4, 5, 7, 8)",mult,0.9298100743187449
PKLot,camera1,camera1,64,5,"(3, 4, 5, 7, 8)",vote,0.9228736581337738
PKLot,camera1,camera1,64,5,"(3, 4, 5, 7, 9)",sum,0.9182493806771264
PKLot,camera1,camera1,64,5,"(3, 4, 5, 7, 9)",mean_probs,0.9182493806771264
PKLot,camera1,camera1,64,5,"(3, 4, 5, 7, 9)",max,0.9298100743187449
PKLot,camera1,camera1,64,5,"(3, 4, 5, 7, 9)",mult,0.9251857968620975
PKLot,camera1,camera1,64,5,"(3, 4, 5, 7, 9)",vote,0.9109826589595376
PKLot,camera1,camera1,64,5,"(3, 4, 5, 8, 9)",sum,0.9094962840627581
PKLot,camera1,camera1,64,5,"(3, 4, 5, 8, 9)",mean_probs,0.9094962840627581
PKLot,camera1,camera1,64,5,"(3, 4, 5, 8, 9)",max,0.9157720891824938
PKLot,camera1,camera1,64,5,"(3, 4, 5, 8, 9)",mult,0.9132947976878613
PKLot,camera1,camera1,64,5,"(3, 4, 5, 8, 9)",vote,0.9050371593724195
PKLot,camera1,camera1,64,5,"(3, 4, 6, 7, 8)",sum,0.923534269199009
PKLot,camera1,camera1,64,5,"(3, 4, 6, 7, 8)",mean_probs,0.923534269199009
PKLot,camera1,camera1,64,5,"(3, 4, 6, 7, 8)",max,0.929644921552436
PKLot,camera1,camera1,64,5,"(3, 4, 6, 7, 8)",mult,0.9271676300578034
PKLot,camera1,camera1,64,5,"(3, 4, 6, 7, 8)",vote,0.9180842279108175
PKLot,camera1,camera1,64,5,"(3, 4, 6, 7, 9)",sum,0.9132947976878613
PKLot,camera1,camera1,64,5,"(3, 4, 6, 7, 9)",mean_probs,0.9132947976878613
PKLot,camera1,camera1,64,5,"(3, 4, 6, 7, 9)",max,0.928654004954583
PKLot,camera1,camera1,64,5,"(3, 4, 6, 7, 9)",mult,0.9207266721717589
PKLot,camera1,camera1,64,5,"(3, 4, 6, 7, 9)",vote,0.9066886870355079
PKLot,camera1,camera1,64,5,"(3, 4, 6, 8, 9)",sum,0.9068538398018167
PKLot,camera1,camera1,64,5,"(3, 4, 6, 8, 9)",mean_probs,0.9068538398018167
PKLot,camera1,camera1,64,5,"(3, 4, 6, 8, 9)",max,0.9147811725846408
PKLot,camera1,camera1,64,5,"(3, 4, 6, 8, 9)",mult,0.9103220478943023
PKLot,camera1,camera1,64,5,"(3, 4, 6, 8, 9)",vote,0.9022295623451693
PKLot,camera1,camera1,64,5,"(3, 4, 7, 8, 9)",sum,0.9230388109000826
PKLot,camera1,camera1,64,5,"(3, 4, 7, 8, 9)",mean_probs,0.9230388109000826
PKLot,camera1,camera1,64,5,"(3, 4, 7, 8, 9)",max,0.931626754748142
PKLot,camera1,camera1,64,5,"(3, 4, 7, 8, 9)",mult,0.9283236994219654
PKLot,camera1,camera1,64,5,"(3, 4, 7, 8, 9)",vote,0.911643270024773
PKLot,camera1,camera1,64,5,"(3, 5, 6, 7, 8)",sum,0.9265070189925682
PKLot,camera1,camera1,64,5,"(3, 5, 6, 7, 8)",mean_probs,0.9265070189925682
PKLot,camera1,camera1,64,5,"(3, 5, 6, 7, 8)",max,0.9299752270850536
PKLot,camera1,camera1,64,5,"(3, 5, 6, 7, 8)",mult,0.9281585466556564
PKLot,camera1,camera1,64,5,"(3, 5, 6, 7, 8)",vote,0.9222130470685383
PKLot,camera1,camera1,64,5,"(3, 5, 6, 7, 9)",sum,0.9185796862097441
PKLot,camera1,camera1,64,5,"(3, 5, 6, 7, 9)",mean_probs,0.9185796862097441
PKLot,camera1,camera1,64,5,"(3, 5, 6, 7, 9)",max,0.9294797687861271
PKLot,camera1,camera1,64,5,"(3, 5, 6, 7, 9)",mult,0.9238645747316268
PKLot,camera1,camera1,64,5,"(3, 5, 6, 7, 9)",vote,0.912634186622626
PKLot,camera1,camera1,64,5,"(3, 5, 6, 8, 9)",sum,0.9109826589595376
PKLot,camera1,camera1,64,5,"(3, 5, 6, 8, 9)",mean_probs,0.9109826589595376
PKLot,camera1,camera1,64,5,"(3, 5, 6, 8, 9)",max,0.9154417836498762
PKLot,camera1,camera1,64,5,"(3, 5, 6, 8, 9)",mult,0.9132947976878613
PKLot,camera1,camera1,64,5,"(3, 5, 6, 8, 9)",vote,0.9088356729975227
PKLot,camera1,camera1,64,5,"(3, 5, 7, 8, 9)",sum,0.9250206440957887
PKLot,camera1,camera1,64,5,"(3, 5, 7, 8, 9)",mean_probs,0.9250206440957887
PKLot,camera1,camera1,64,5,"(3, 5, 7, 8, 9)",max,0.9311312964492156
PKLot,camera1,camera1,64,5,"(3, 5, 7, 8, 9)",mult,0.9288191577208919
PKLot,camera1,camera1,64,5,"(3, 5, 7, 8, 9)",vote,0.9197357555739059
PKLot,camera1,camera1,64,5,"(3, 6, 7, 8, 9)",sum,0.9213872832369943
PKLot,camera1,camera1,64,5,"(3, 6, 7, 8, 9)",mean_probs,0.9213872832369943
PKLot,camera1,camera1,64,5,"(3, 6, 7, 8, 9)",max,0.9298100743187449
PKLot,camera1,camera1,64,5,"(3, 6, 7, 8, 9)",mult,0.9263418662262592
PKLot,camera1,camera1,64,5,"(3, 6, 7, 8, 9)",vote,0.9149463253509497
PKLot,camera1,camera1,64,5,"(4, 5, 6, 7, 8)",sum,0.923534269199009
PKLot,camera1,camera1,64,5,"(4, 5, 6, 7, 8)",mean_probs,0.923534269199009
PKLot,camera1,camera1,64,5,"(4, 5, 6, 7, 8)",max,0.9301403798513626
PKLot,camera1,camera1,64,5,"(4, 5, 6, 7, 8)",mult,0.9261767134599505
PKLot,camera1,camera1,64,5,"(4, 5, 6, 7, 8)",vote,0.9192402972749794
PKLot,camera1,camera1,64,5,"(4, 5, 6, 7, 9)",sum,0.9119735755573906
PKLot,camera1,camera1,64,5,"(4, 5, 6, 7, 9)",mean_probs,0.9119735755573906
PKLot,camera1,camera1,64,5,"(4, 5, 6, 7, 9)",max,0.9281585466556564
PKLot,camera1,camera1,64,5,"(4, 5, 6, 7, 9)",mult,0.9180842279108175
PKLot,camera1,camera1,64,5,"(4, 5, 6, 7, 9)",vote,0.9085053674649051
PKLot,camera1,camera1,64,5,"(4, 5, 6, 8, 9)",sum,0.9083402146985962
PKLot,camera1,camera1,64,5,"(4, 5, 6, 8, 9)",mean_probs,0.9083402146985962
PKLot,camera1,camera1,64,5,"(4, 5, 6, 8, 9)",max,0.914616019818332
PKLot,camera1,camera1,64,5,"(4, 5, 6, 8, 9)",mult,0.9096614368290669
PKLot,camera1,camera1,64,5,"(4, 5, 6, 8, 9)",vote,0.90355078447564
PKLot,camera1,camera1,64,5,"(4, 5, 7, 8, 9)",sum,0.9192402972749794
PKLot,camera1,camera1,64,5,"(4, 5, 7, 8, 9)",mean_probs,0.9192402972749794
PKLot,camera1,camera1,64,5,"(4, 5, 7, 8, 9)",max,0.9319570602807598
PKLot,camera1,camera1,64,5,"(4, 5, 7, 8, 9)",mult,0.9255161023947152
PKLot,camera1,camera1,64,5,"(4, 5, 7, 8, 9)",vote,0.9109826589595376
PKLot,camera1,camera1,64,5,"(4, 6, 7, 8, 9)",sum,0.9184145334434352
PKLot,camera1,camera1,64,5,"(4, 6, 7, 8, 9)",mean_probs,0.9184145334434352
PKLot,camera1,camera1,64,5,"(4, 6, 7, 8, 9)",max,0.929644921552436
PKLot,camera1,camera1,64,5,"(4, 6, 7, 8, 9)",mult,0.9233691164327003
PKLot,camera1,camera1,64,5,"(4, 6, 7, 8, 9)",vote,0.9068538398018167
PKLot,camera1,camera1,64,5,"(5, 6, 7, 8, 9)",sum,0.922543352601156
PKLot,camera1,camera1,64,5,"(5, 6, 7, 8, 9)",mean_probs,0.922543352601156
PKLot,camera1,camera1,64,5,"(5, 6, 7, 8, 9)",max,0.9293146160198184
PKLot,camera1,camera1,64,5,"(5, 6, 7, 8, 9)",mult,0.9261767134599505
PKLot,camera1,camera1,64,5,"(5, 6, 7, 8, 9)",vote,0.9152766308835673
PKLot,camera1,camera1,64,6,"(0, 1, 2, 3, 4, 5)",sum,0.9190751445086706
PKLot,camera1,camera1,64,6,"(0, 1, 2, 3, 4, 5)",mean_probs,0.9190751445086706
PKLot,camera1,camera1,64,6,"(0, 1, 2, 3, 4, 5)",max,0.9139554087530967
PKLot,camera1,camera1,64,6,"(0, 1, 2, 3, 4, 5)",mult,0.9197357555739059
PKLot,camera1,camera1,64,6,"(0, 1, 2, 3, 4, 5)",vote,0.9195706028075971
PKLot,camera1,camera1,64,6,"(0, 1, 2, 3, 4, 6)",sum,0.9167630057803469
PKLot,camera1,camera1,64,6,"(0, 1, 2, 3, 4, 6)",mean_probs,0.9167630057803469
PKLot,camera1,camera1,64,6,"(0, 1, 2, 3, 4, 6)",max,0.9127993393889348
PKLot,camera1,camera1,64,6,"(0, 1, 2, 3, 4, 6)",mult,0.917588769611891
PKLot,camera1,camera1,64,6,"(0, 1, 2, 3, 4, 6)",vote,0.9159372419488027
PKLot,camera1,camera1,64,6,"(0, 1, 2, 3, 4, 7)",sum,0.928654004954583
PKLot,camera1,camera1,64,6,"(0, 1, 2, 3, 4, 7)",mean_probs,0.928654004954583
PKLot,camera1,camera1,64,6,"(0, 1, 2, 3, 4, 7)",max,0.929644921552436
PKLot,camera1,camera1,64,6,"(0, 1, 2, 3, 4, 7)",mult,0.9299752270850536
PKLot,camera1,camera1,64,6,"(0, 1, 2, 3, 4, 7)",vote,0.928654004954583
PKLot,camera1,camera1,64,6,"(0, 1, 2, 3, 4, 8)",sum,0.922708505367465
PKLot,camera1,camera1,64,6,"(0, 1, 2, 3, 4, 8)",mean_probs,0.922708505367465
PKLot,camera1,camera1,64,6,"(0, 1, 2, 3, 4, 8)",max,0.9199009083402147
PKLot,camera1,camera1,64,6,"(0, 1, 2, 3, 4, 8)",mult,0.9232039636663915
PKLot,camera1,camera1,64,6,"(0, 1, 2, 3, 4, 8)",vote,0.9223781998348473
PKLot,camera1,camera1,64,6,"(0, 1, 2, 3, 4, 9)",sum,0.912634186622626
PKLot,camera1,camera1,64,6,"(0, 1, 2, 3, 4, 9)",mean_probs,0.912634186622626
PKLot,camera1,camera1,64,6,"(0, 1, 2, 3, 4, 9)",max,0.9141205615194055
PKLot,camera1,camera1,64,6,"(0, 1, 2, 3, 4, 9)",mult,0.91345995045417
PKLot,camera1,camera1,64,6,"(0, 1, 2, 3, 4, 9)",vote,0.9131296449215525
PKLot,camera1,camera1,64,6,"(0, 1, 2, 3, 5, 6)",sum,0.9187448389760529
PKLot,camera1,camera1,64,6,"(0, 1, 2, 3, 5, 6)",mean_probs,0.9187448389760529
PKLot,camera1,camera1,64,6,"(0, 1, 2, 3, 5, 6)",max,0.9161023947151115
PKLot,camera1,camera1,64,6,"(0, 1, 2, 3, 5, 6)",mult,0.9202312138728324
PKLot,camera1,camera1,64,6,"(0, 1, 2, 3, 5, 6)",vote,0.9184145334434352
PKLot,camera1,camera1,64,6,"(0, 1, 2, 3, 5, 7)",sum,0.9278282411230389
PKLot,camera1,camera1,64,6,"(0, 1, 2, 3, 5, 7)",mean_probs,0.9278282411230389
PKLot,camera1,camera1,64,6,"(0, 1, 2, 3, 5, 7)",max,0.9298100743187449
PKLot,camera1,camera1,64,6,"(0, 1, 2, 3, 5, 7)",mult,0.9301403798513626
PKLot,camera1,camera1,64,6,"(0, 1, 2, 3, 5, 7)",vote,0.9293146160198184
PKLot,camera1,camera1,64,6,"(0, 1, 2, 3, 5, 8)",sum,0.924690338563171
PKLot,camera1,camera1,64,6,"(0, 1, 2, 3, 5, 8)",mean_probs,0.924690338563171
PKLot,camera1,camera1,64,6,"(0, 1, 2, 3, 5, 8)",max,0.922543352601156
PKLot,camera1,camera1,64,6,"(0, 1, 2, 3, 5, 8)",mult,0.9260115606936417
PKLot,camera1,camera1,64,6,"(0, 1, 2, 3, 5, 8)",vote,0.9255161023947152
PKLot,camera1,camera1,64,6,"(0, 1, 2, 3, 5, 9)",sum,0.9170933113129645
PKLot,camera1,camera1,64,6,"(0, 1, 2, 3, 5, 9)",mean_probs,0.9170933113129645
PKLot,camera1,camera1,64,6,"(0, 1, 2, 3, 5, 9)",max,0.9149463253509497
PKLot,camera1,camera1,64,6,"(0, 1, 2, 3, 5, 9)",mult,0.9179190751445087
PKLot,camera1,camera1,64,6,"(0, 1, 2, 3, 5, 9)",vote,0.9162675474814204
PKLot,camera1,camera1,64,6,"(0, 1, 2, 3, 6, 7)",sum,0.9255161023947152
PKLot,camera1,camera1,64,6,"(0, 1, 2, 3, 6, 7)",mean_probs,0.9255161023947152
PKLot,camera1,camera1,64,6,"(0, 1, 2, 3, 6, 7)",max,0.9283236994219654
PKLot,camera1,camera1,64,6,"(0, 1, 2, 3, 6, 7)",mult,0.9268373245251857
PKLot,camera1,camera1,64,6,"(0, 1, 2, 3, 6, 7)",vote,0.924525185796862
PKLot,camera1,camera1,64,6,"(0, 1, 2, 3, 6, 8)",sum,0.9223781998348473
PKLot,camera1,camera1,64,6,"(0, 1, 2, 3, 6, 8)",mean_probs,0.9223781998348473
PKLot,camera1,camera1,64,6,"(0, 1, 2, 3, 6, 8)",max,0.9207266721717589
PKLot,camera1,camera1,64,6,"(0, 1, 2, 3, 6, 8)",mult,0.9223781998348473
PKLot,camera1,camera1,64,6,"(0, 1, 2, 3, 6, 8)",vote,0.9228736581337738
PKLot,camera1,camera1,64,6,"(0, 1, 2, 3, 6, 9)",sum,0.9139554087530967
PKLot,camera1,camera1,64,6,"(0, 1, 2, 3, 6, 9)",mean_probs,0.9139554087530967
PKLot,camera1,camera1,64,6,"(0, 1, 2, 3, 6, 9)",max,0.91345995045417
PKLot,camera1,camera1,64,6,"(0, 1, 2, 3, 6, 9)",mult,0.9142857142857143
PKLot,camera1,camera1,64,6,"(0, 1, 2, 3, 6, 9)",vote,0.9132947976878613
PKLot,camera1,camera1,64,6,"(0, 1, 2, 3, 7, 8)",sum,0.9312964492155243
PKLot,camera1,camera1,64,6,"(0, 1, 2, 3, 7, 8)",mean_probs,0.9312964492155243
PKLot,camera1,camera1,64,6,"(0, 1, 2, 3, 7, 8)",max,0.9309661436829066
PKLot,camera1,camera1,64,6,"(0, 1, 2, 3, 7, 8)",mult,0.931626754748142
PKLot,camera1,camera1,64,6,"(0, 1, 2, 3, 7, 8)",vote,0.9303055326176713
PKLot,camera1,camera1,64,6,"(0, 1, 2, 3, 7, 9)",sum,0.9260115606936417
PKLot,camera1,camera1,64,6,"(0, 1, 2, 3, 7, 9)",mean_probs,0.9260115606936417
PKLot,camera1,camera1,64,6,"(0, 1, 2, 3, 7, 9)",max,0.9294797687861271
PKLot,camera1,camera1,64,6,"(0, 1, 2, 3, 7, 9)",mult,0.9281585466556564
PKLot,camera1,camera1,64,6,"(0, 1, 2, 3, 7, 9)",vote,0.924690338563171
PKLot,camera1,camera1,64,6,"(0, 1, 2, 3, 8, 9)",sum,0.9192402972749794
PKLot,camera1,camera1,64,6,"(0, 1, 2, 3, 8, 9)",mean_probs,0.9192402972749794
PKLot,camera1,camera1,64,6,"(0, 1, 2, 3, 8, 9)",max,0.9200660611065236
PKLot,camera1,camera1,64,6,"(0, 1, 2, 3, 8, 9)",mult,0.9202312138728324
PKLot,camera1,camera1,64,6,"(0, 1, 2, 3, 8, 9)",vote,0.9185796862097441
PKLot,camera1,camera1,64,6,"(0, 1, 2, 4, 5, 6)",sum,0.9174236168455822
PKLot,camera1,camera1,64,6,"(0, 1, 2, 4, 5, 6)",mean_probs,0.9174236168455822
PKLot,camera1,camera1,64,6,"(0, 1, 2, 4, 5, 6)",max,0.9162675474814204
PKLot,camera1,camera1,64,6,"(0, 1, 2, 4, 5, 6)",mult,0.9184145334434352
PKLot,camera1,camera1,64,6,"(0, 1, 2, 4, 5, 6)",vote,0.9179190751445087
PKLot,camera1,camera1,64,6,"(0, 1, 2, 4, 5, 7)",sum,0.926672171758877
PKLot,camera1,camera1,64,6,"(0, 1, 2, 4, 5, 7)",mean_probs,0.926672171758877
PKLot,camera1,camera1,64,6,"(0, 1, 2, 4, 5, 7)",max,0.9312964492155243
PKLot,camera1,camera1,64,6,"(0, 1, 2, 4, 5, 7)",mult,0.9279933938893477
PKLot,camera1,camera1,64,6,"(0, 1, 2, 4, 5, 7)",vote,0.9265070189925682
PKLot,camera1,camera1,64,6,"(0, 1, 2, 4, 5, 8)",sum,0.9223781998348473
PKLot,camera1,camera1,64,6,"(0, 1, 2, 4, 5, 8)",mean_probs,0.9223781998348473
PKLot,camera1,camera1,64,6,"(0, 1, 2, 4, 5, 8)",max,0.9203963666391412
PKLot,camera1,camera1,64,6,"(0, 1, 2, 4, 5, 8)",mult,0.9223781998348473
PKLot,camera1,camera1,64,6,"(0, 1, 2, 4, 5, 8)",vote,0.923699421965318
PKLot,camera1,camera1,64,6,"(0, 1, 2, 4, 5, 9)",sum,0.9124690338563171
PKLot,camera1,camera1,64,6,"(0, 1, 2, 4, 5, 9)",mean_probs,0.9124690338563171
PKLot,camera1,camera1,64,6,"(0, 1, 2, 4, 5, 9)",max,0.9154417836498762
PKLot,camera1,camera1,64,6,"(0, 1, 2, 4, 5, 9)",mult,0.9129644921552436
PKLot,camera1,camera1,64,6,"(0, 1, 2, 4, 5, 9)",vote,0.9132947976878613
PKLot,camera1,camera1,64,6,"(0, 1, 2, 4, 6, 7)",sum,0.9248554913294798
PKLot,camera1,camera1,64,6,"(0, 1, 2, 4, 6, 7)",mean_probs,0.9248554913294798
PKLot,camera1,camera1,64,6,"(0, 1, 2, 4, 6, 7)",max,0.929644921552436
PKLot,camera1,camera1,64,6,"(0, 1, 2, 4, 6, 7)",mult,0.9273327828241124
PKLot,camera1,camera1,64,6,"(0, 1, 2, 4, 6, 7)",vote,0.9250206440957887
PKLot,camera1,camera1,64,6,"(0, 1, 2, 4, 6, 8)",sum,0.9213872832369943
PKLot,camera1,camera1,64,6,"(0, 1, 2, 4, 6, 8)",mean_probs,0.9213872832369943
PKLot,camera1,camera1,64,6,"(0, 1, 2, 4, 6, 8)",max,0.9200660611065236
PKLot,camera1,camera1,64,6,"(0, 1, 2, 4, 6, 8)",mult,0.9217175887696119
PKLot,camera1,camera1,64,6,"(0, 1, 2, 4, 6, 8)",vote,0.9212221304706854
PKLot,camera1,camera1,64,6,"(0, 1, 2, 4, 6, 9)",sum,0.9124690338563171
PKLot,camera1,camera1,64,6,"(0, 1, 2, 4, 6, 9)",mean_probs,0.9124690338563171
PKLot,camera1,camera1,64,6,"(0, 1, 2, 4, 6, 9)",max,0.9159372419488027
PKLot,camera1,camera1,64,6,"(0, 1, 2, 4, 6, 9)",mult,0.9131296449215525
PKLot,camera1,camera1,64,6,"(0, 1, 2, 4, 6, 9)",vote,0.9127993393889348
PKLot,camera1,camera1,64,6,"(0, 1, 2, 4, 7, 8)",sum,0.930635838150289
PKLot,camera1,camera1,64,6,"(0, 1, 2, 4, 7, 8)",mean_probs,0.930635838150289
PKLot,camera1,camera1,64,6,"(0, 1, 2, 4, 7, 8)",max,0.9334434351775392
PKLot,camera1,camera1,64,6,"(0, 1, 2, 4, 7, 8)",mult,0.9317919075144508
PKLot,camera1,camera1,64,6,"(0, 1, 2, 4, 7, 8)",vote,0.9301403798513626
PKLot,camera1,camera1,64,6,"(0, 1, 2, 4, 7, 9)",sum,0.923699421965318
PKLot,camera1,camera1,64,6,"(0, 1, 2, 4, 7, 9)",mean_probs,0.923699421965318
PKLot,camera1,camera1,64,6,"(0, 1, 2, 4, 7, 9)",max,0.9311312964492156
PKLot,camera1,camera1,64,6,"(0, 1, 2, 4, 7, 9)",mult,0.9265070189925682
PKLot,camera1,camera1,64,6,"(0, 1, 2, 4, 7, 9)",vote,0.9222130470685383
PKLot,camera1,camera1,64,6,"(0, 1, 2, 4, 8, 9)",sum,0.9187448389760529
PKLot,camera1,camera1,64,6,"(0, 1, 2, 4, 8, 9)",mean_probs,0.9187448389760529
PKLot,camera1,camera1,64,6,"(0, 1, 2, 4, 8, 9)",max,0.9208918249380678
PKLot,camera1,camera1,64,6,"(0, 1, 2, 4, 8, 9)",mult,0.9199009083402147
PKLot,camera1,camera1,64,6,"(0, 1, 2, 4, 8, 9)",vote,0.9179190751445087
PKLot,camera1,camera1,64,6,"(0, 1, 2, 5, 6, 7)",sum,0.9271676300578034
PKLot,camera1,camera1,64,6,"(0, 1, 2, 5, 6, 7)",mean_probs,0.9271676300578034
PKLot,camera1,camera1,64,6,"(0, 1, 2, 5, 6, 7)",max,0.9303055326176713
PKLot,camera1,camera1,64,6,"(0, 1, 2, 5, 6, 7)",mult,0.9288191577208919
PKLot,camera1,camera1,64,6,"(0, 1, 2, 5, 6, 7)",vote,0.9265070189925682
PKLot,camera1,camera1,64,6,"(0, 1, 2, 5, 6, 8)",sum,0.9220478943022296
PKLot,camera1,camera1,64,6,"(0, 1, 2, 5, 6, 8)",mean_probs,0.9220478943022296
PKLot,camera1,camera1,64,6,"(0, 1, 2, 5, 6, 8)",max,0.9233691164327003
PKLot,camera1,camera1,64,6,"(0, 1, 2, 5, 6, 8)",mult,0.9222130470685383
PKLot,camera1,camera1,64,6,"(0, 1, 2, 5, 6, 8)",vote,0.9222130470685383
PKLot,camera1,camera1,64,6,"(0, 1, 2, 5, 6, 9)",sum,0.9152766308835673
PKLot,camera1,camera1,64,6,"(0, 1, 2, 5, 6, 9)",mean_probs,0.9152766308835673
PKLot,camera1,camera1,64,6,"(0, 1, 2, 5, 6, 9)",max,0.9169281585466557
PKLot,camera1,camera1,64,6,"(0, 1, 2, 5, 6, 9)",mult,0.915606936416185
PKLot,camera1,camera1,64,6,"(0, 1, 2, 5, 6, 9)",vote,0.9162675474814204
PKLot,camera1,camera1,64,6,"(0, 1, 2, 5, 7, 8)",sum,0.9322873658133773
PKLot,camera1,camera1,64,6,"(0, 1, 2, 5, 7, 8)",mean_probs,0.9322873658133773
PKLot,camera1,camera1,64,6,"(0, 1, 2, 5, 7, 8)",max,0.9332782824112303
PKLot,camera1,camera1,64,6,"(0, 1, 2, 5, 7, 8)",mult,0.9334434351775392
PKLot,camera1,camera1,64,6,"(0, 1, 2, 5, 7, 8)",vote,0.9312964492155243
PKLot,camera1,camera1,64,6,"(0, 1, 2, 5, 7, 9)",sum,0.9263418662262592
PKLot,camera1,camera1,64,6,"(0, 1, 2, 5, 7, 9)",mean_probs,0.9263418662262592
PKLot,camera1,camera1,64,6,"(0, 1, 2, 5, 7, 9)",max,0.9304706853839801
PKLot,camera1,camera1,64,6,"(0, 1, 2, 5, 7, 9)",mult,0.9283236994219654
PKLot,camera1,camera1,64,6,"(0, 1, 2, 5, 7, 9)",vote,0.9261767134599505
PKLot,camera1,camera1,64,6,"(0, 1, 2, 5, 8, 9)",sum,0.9208918249380678
PKLot,camera1,camera1,64,6,"(0, 1, 2, 5, 8, 9)",mean_probs,0.9208918249380678
PKLot,camera1,camera1,64,6,"(0, 1, 2, 5, 8, 9)",max,0.9205615194054501
PKLot,camera1,camera1,64,6,"(0, 1, 2, 5, 8, 9)",mult,0.9205615194054501
PKLot,camera1,camera1,64,6,"(0, 1, 2, 5, 8, 9)",vote,0.9208918249380678
PKLot,camera1,camera1,64,6,"(0, 1, 2, 6, 7, 8)",sum,0.9309661436829066
PKLot,camera1,camera1,64,6,"(0, 1, 2, 6, 7, 8)",mean_probs,0.9309661436829066
PKLot,camera1,camera1,64,6,"(0, 1, 2, 6, 7, 8)",max,0.9311312964492156
PKLot,camera1,camera1,64,6,"(0, 1, 2, 6, 7, 8)",mult,0.9308009909165978
PKLot,camera1,camera1,64,6,"(0, 1, 2, 6, 7, 8)",vote,0.9299752270850536
PKLot,camera1,camera1,64,6,"(0, 1, 2, 6, 7, 9)",sum,0.9233691164327003
PKLot,camera1,camera1,64,6,"(0, 1, 2, 6, 7, 9)",mean_probs,0.9233691164327003
PKLot,camera1,camera1,64,6,"(0, 1, 2, 6, 7, 9)",max,0.9291494632535094
PKLot,camera1,camera1,64,6,"(0, 1, 2, 6, 7, 9)",mult,0.9265070189925682
PKLot,camera1,camera1,64,6,"(0, 1, 2, 6, 7, 9)",vote,0.9232039636663915
PKLot,camera1,camera1,64,6,"(0, 1, 2, 6, 8, 9)",sum,0.9199009083402147
PKLot,camera1,camera1,64,6,"(0, 1, 2, 6, 8, 9)",mean_probs,0.9199009083402147
PKLot,camera1,camera1,64,6,"(0, 1, 2, 6, 8, 9)",max,0.9208918249380678
PKLot,camera1,camera1,64,6,"(0, 1, 2, 6, 8, 9)",mult,0.9197357555739059
PKLot,camera1,camera1,64,6,"(0, 1, 2, 6, 8, 9)",vote,0.9190751445086706
PKLot,camera1,camera1,64,6,"(0, 1, 2, 7, 8, 9)",sum,0.9288191577208919
PKLot,camera1,camera1,64,6,"(0, 1, 2, 7, 8, 9)",mean_probs,0.9288191577208919
PKLot,camera1,camera1,64,6,"(0, 1, 2, 7, 8, 9)",max,0.932617671345995
PKLot,camera1,camera1,64,6,"(0, 1, 2, 7, 8, 9)",mult,0.9308009909165978
PKLot,camera1,camera1,64,6,"(0, 1, 2, 7, 8, 9)",vote,0.9268373245251857
PKLot,camera1,camera1,64,6,"(0, 1, 3, 4, 5, 6)",sum,0.912634186622626
PKLot,camera1,camera1,64,6,"(0, 1, 3, 4, 5, 6)",mean_probs,0.912634186622626
PKLot,camera1,camera1,64,6,"(0, 1, 3, 4, 5, 6)",max,0.9111478117258464
PKLot,camera1,camera1,64,6,"(0, 1, 3, 4, 5, 6)",mult,0.913625103220479
PKLot,camera1,camera1,64,6,"(0, 1, 3, 4, 5, 6)",vote,0.91345995045417
PKLot,camera1,camera1,64,6,"(0, 1, 3, 4, 5, 7)",sum,0.923699421965318
PKLot,camera1,camera1,64,6,"(0, 1, 3, 4, 5, 7)",mean_probs,0.923699421965318
PKLot,camera1,camera1,64,6,"(0, 1, 3, 4, 5, 7)",max,0.9293146160198184
PKLot,camera1,camera1,64,6,"(0, 1, 3, 4, 5, 7)",mult,0.9273327828241124
PKLot,camera1,camera1,64,6,"(0, 1, 3, 4, 5, 7)",vote,0.923699421965318
PKLot,camera1,camera1,64,6,"(0, 1, 3, 4, 5, 8)",sum,0.9185796862097441
PKLot,camera1,camera1,64,6,"(0, 1, 3, 4, 5, 8)",mean_probs,0.9185796862097441
PKLot,camera1,camera1,64,6,"(0, 1, 3, 4, 5, 8)",max,0.9179190751445087
PKLot,camera1,camera1,64,6,"(0, 1, 3, 4, 5, 8)",mult,0.9199009083402147
PKLot,camera1,camera1,64,6,"(0, 1, 3, 4, 5, 8)",vote,0.9180842279108175
PKLot,camera1,camera1,64,6,"(0, 1, 3, 4, 5, 9)",sum,0.9090008257638316
PKLot,camera1,camera1,64,6,"(0, 1, 3, 4, 5, 9)",mean_probs,0.9090008257638316
PKLot,camera1,camera1,64,6,"(0, 1, 3, 4, 5, 9)",max,0.9124690338563171
PKLot,camera1,camera1,64,6,"(0, 1, 3, 4, 5, 9)",mult,0.9098265895953758
PKLot,camera1,camera1,64,6,"(0, 1, 3, 4, 5, 9)",vote,0.9101568951279934
PKLot,camera1,camera1,64,6,"(0, 1, 3, 4, 6, 7)",sum,0.9218827415359208
PKLot,camera1,camera1,64,6,"(0, 1, 3, 4, 6, 7)",mean_probs,0.9218827415359208
PKLot,camera1,camera1,64,6,"(0, 1, 3, 4, 6, 7)",max,0.9279933938893477
PKLot,camera1,camera1,64,6,"(0, 1, 3, 4, 6, 7)",mult,0.9251857968620975
PKLot,camera1,camera1,64,6,"(0, 1, 3, 4, 6, 7)",vote,0.9203963666391412
PKLot,camera1,camera1,64,6,"(0, 1, 3, 4, 6, 8)",sum,0.9159372419488027
PKLot,camera1,camera1,64,6,"(0, 1, 3, 4, 6, 8)",mean_probs,0.9159372419488027
PKLot,camera1,camera1,64,6,"(0, 1, 3, 4, 6, 8)",max,0.9169281585466557
PKLot,camera1,camera1,64,6,"(0, 1, 3, 4, 6, 8)",mult,0.9170933113129645
PKLot,camera1,camera1,64,6,"(0, 1, 3, 4, 6, 8)",vote,0.9159372419488027
PKLot,camera1,camera1,64,6,"(0, 1, 3, 4, 6, 9)",sum,0.9073492981007432
PKLot,camera1,camera1,64,6,"(0, 1, 3, 4, 6, 9)",mean_probs,0.9073492981007432
PKLot,camera1,camera1,64,6,"(0, 1, 3, 4, 6, 9)",max,0.9098265895953758
PKLot,camera1,camera1,64,6,"(0, 1, 3, 4, 6, 9)",mult,0.9086705202312139
PKLot,camera1,camera1,64,6,"(0, 1, 3, 4, 6, 9)",vote,0.9078447563996697
PKLot,camera1,camera1,64,6,"(0, 1, 3, 4, 7, 8)",sum,0.9288191577208919
PKLot,camera1,camera1,64,6,"(0, 1, 3, 4, 7, 8)",mean_probs,0.9288191577208919
PKLot,camera1,camera1,64,6,"(0, 1, 3, 4, 7, 8)",max,0.9304706853839801
PKLot,camera1,camera1,64,6,"(0, 1, 3, 4, 7, 8)",mult,0.9298100743187449
PKLot,camera1,camera1,64,6,"(0, 1, 3, 4, 7, 8)",vote,0.9289843104872006
PKLot,camera1,camera1,64,6,"(0, 1, 3, 4, 7, 9)",sum,0.9192402972749794
PKLot,camera1,camera1,64,6,"(0, 1, 3, 4, 7, 9)",mean_probs,0.9192402972749794
PKLot,camera1,camera1,64,6,"(0, 1, 3, 4, 7, 9)",max,0.9293146160198184
PKLot,camera1,camera1,64,6,"(0, 1, 3, 4, 7, 9)",mult,0.9250206440957887
PKLot,camera1,camera1,64,6,"(0, 1, 3, 4, 7, 9)",vote,0.9179190751445087
PKLot,camera1,camera1,64,6,"(0, 1, 3, 4, 8, 9)",sum,0.9124690338563171
PKLot,camera1,camera1,64,6,"(0, 1, 3, 4, 8, 9)",mean_probs,0.9124690338563171
PKLot,camera1,camera1,64,6,"(0, 1, 3, 4, 8, 9)",max,0.9180842279108175
PKLot,camera1,camera1,64,6,"(0, 1, 3, 4, 8, 9)",mult,0.9157720891824938
PKLot,camera1,camera1,64,6,"(0, 1, 3, 4, 8, 9)",vote,0.9106523534269199
PKLot,camera1,camera1,64,6,"(0, 1, 3, 5, 6, 7)",sum,0.9241948802642445
PKLot,camera1,camera1,64,6,"(0, 1, 3, 5, 6, 7)",mean_probs,0.9241948802642445
PKLot,camera1,camera1,64,6,"(0, 1, 3, 5, 6, 7)",max,0.928654004954583
PKLot,camera1,camera1,64,6,"(0, 1, 3, 5, 6, 7)",mult,0.925681255161024
PKLot,camera1,camera1,64,6,"(0, 1, 3, 5, 6, 7)",vote,0.9233691164327003
PKLot,camera1,camera1,64,6,"(0, 1, 3, 5, 6, 8)",sum,0.9190751445086706
PKLot,camera1,camera1,64,6,"(0, 1, 3, 5, 6, 8)",mean_probs,0.9190751445086706
PKLot,camera1,camera1,64,6,"(0, 1, 3, 5, 6, 8)",max,0.9189099917423617
PKLot,camera1,camera1,64,6,"(0, 1, 3, 5, 6, 8)",mult,0.9190751445086706
PKLot,camera1,camera1,64,6,"(0, 1, 3, 5, 6, 8)",vote,0.9190751445086706
PKLot,camera1,camera1,64,6,"(0, 1, 3, 5, 6, 9)",sum,0.9103220478943023
PKLot,camera1,camera1,64,6,"(0, 1, 3, 5, 6, 9)",mean_probs,0.9103220478943023
PKLot,camera1,camera1,64,6,"(0, 1, 3, 5, 6, 9)",max,0.911643270024773
PKLot,camera1,camera1,64,6,"(0, 1, 3, 5, 6, 9)",mult,0.9113129644921553
PKLot,camera1,camera1,64,6,"(0, 1, 3, 5, 6, 9)",vote,0.911643270024773
PKLot,camera1,camera1,64,6,"(0, 1, 3, 5, 7, 8)",sum,0.9288191577208919
PKLot,camera1,camera1,64,6,"(0, 1, 3, 5, 7, 8)",mean_probs,0.9288191577208919
PKLot,camera1,camera1,64,6,"(0, 1, 3, 5, 7, 8)",max,0.930635838150289
PKLot,camera1,camera1,64,6,"(0, 1, 3, 5, 7, 8)",mult,0.9304706853839801
PKLot,camera1,camera1,64,6,"(0, 1, 3, 5, 7, 8)",vote,0.929644921552436
PKLot,camera1,camera1,64,6,"(0, 1, 3, 5, 7, 9)",sum,0.9220478943022296
PKLot,camera1,camera1,64,6,"(0, 1, 3, 5, 7, 9)",mean_probs,0.9220478943022296
PKLot,camera1,camera1,64,6,"(0, 1, 3, 5, 7, 9)",max,0.9291494632535094
PKLot,camera1,camera1,64,6,"(0, 1, 3, 5, 7, 9)",mult,0.9255161023947152
PKLot,camera1,camera1,64,6,"(0, 1, 3, 5, 7, 9)",vote,0.922543352601156
PKLot,camera1,camera1,64,6,"(0, 1, 3, 5, 8, 9)",sum,0.915606936416185
PKLot,camera1,camera1,64,6,"(0, 1, 3, 5, 8, 9)",mean_probs,0.915606936416185
PKLot,camera1,camera1,64,6,"(0, 1, 3, 5, 8, 9)",max,0.9177539223781999
PKLot,camera1,camera1,64,6,"(0, 1, 3, 5, 8, 9)",mult,0.917588769611891
PKLot,camera1,camera1,64,6,"(0, 1, 3, 5, 8, 9)",vote,0.915606936416185
PKLot,camera1,camera1,64,6,"(0, 1, 3, 6, 7, 8)",sum,0.92766308835673
PKLot,camera1,camera1,64,6,"(0, 1, 3, 6, 7, 8)",mean_probs,0.92766308835673
PKLot,camera1,camera1,64,6,"(0, 1, 3, 6, 7, 8)",max,0.9291494632535094
PKLot,camera1,camera1,64,6,"(0, 1, 3, 6, 7, 8)",mult,0.9288191577208919
PKLot,camera1,camera1,64,6,"(0, 1, 3, 6, 7, 8)",vote,0.9268373245251857
PKLot,camera1,camera1,64,6,"(0, 1, 3, 6, 7, 9)",sum,0.9205615194054501
PKLot,camera1,camera1,64,6,"(0, 1, 3, 6, 7, 9)",mean_probs,0.9205615194054501
PKLot,camera1,camera1,64,6,"(0, 1, 3, 6, 7, 9)",max,0.9283236994219654
PKLot,camera1,camera1,64,6,"(0, 1, 3, 6, 7, 9)",mult,0.9240297274979355
PKLot,camera1,camera1,64,6,"(0, 1, 3, 6, 7, 9)",vote,0.9187448389760529
PKLot,camera1,camera1,64,6,"(0, 1, 3, 6, 8, 9)",sum,0.9147811725846408
PKLot,camera1,camera1,64,6,"(0, 1, 3, 6, 8, 9)",mean_probs,0.9147811725846408
PKLot,camera1,camera1,64,6,"(0, 1, 3, 6, 8, 9)",max,0.9169281585466557
PKLot,camera1,camera1,64,6,"(0, 1, 3, 6, 8, 9)",mult,0.9170933113129645
PKLot,camera1,camera1,64,6,"(0, 1, 3, 6, 8, 9)",vote,0.91345995045417
PKLot,camera1,camera1,64,6,"(0, 1, 3, 7, 8, 9)",sum,0.9281585466556564
PKLot,camera1,camera1,64,6,"(0, 1, 3, 7, 8, 9)",mean_probs,0.9281585466556564
PKLot,camera1,camera1,64,6,"(0, 1, 3, 7, 8, 9)",max,0.9301403798513626
PKLot,camera1,camera1,64,6,"(0, 1, 3, 7, 8, 9)",mult,0.928654004954583
PKLot,camera1,camera1,64,6,"(0, 1, 3, 7, 8, 9)",vote,0.9260115606936417
PKLot,camera1,camera1,64,6,"(0, 1, 4, 5, 6, 7)",sum,0.9212221304706854
PKLot,camera1,camera1,64,6,"(0, 1, 4, 5, 6, 7)",mean_probs,0.9212221304706854
PKLot,camera1,camera1,64,6,"(0, 1, 4, 5, 6, 7)",max,0.9294797687861271
PKLot,camera1,camera1,64,6,"(0, 1, 4, 5, 6, 7)",mult,0.9250206440957887
PKLot,camera1,camera1,64,6,"(0, 1, 4, 5, 6, 7)",vote,0.9194054500412882
PKLot,camera1,camera1,64,6,"(0, 1, 4, 5, 6, 8)",sum,0.9174236168455822
PKLot,camera1,camera1,64,6,"(0, 1, 4, 5, 6, 8)",mean_probs,0.9174236168455822
PKLot,camera1,camera1,64,6,"(0, 1, 4, 5, 6, 8)",max,0.9187448389760529
PKLot,camera1,camera1,64,6,"(0, 1, 4, 5, 6, 8)",mult,0.9182493806771264
PKLot,camera1,camera1,64,6,"(0, 1, 4, 5, 6, 8)",vote,0.9162675474814204
PKLot,camera1,camera1,64,6,"(0, 1, 4, 5, 6, 9)",sum,0.9098265895953758
PKLot,camera1,camera1,64,6,"(0, 1, 4, 5, 6, 9)",mean_probs,0.9098265895953758
PKLot,camera1,camera1,64,6,"(0, 1, 4, 5, 6, 9)",max,0.9137902559867878
PKLot,camera1,camera1,64,6,"(0, 1, 4, 5, 6, 9)",mult,0.9104872006606111
PKLot,camera1,camera1,64,6,"(0, 1, 4, 5, 6, 9)",vote,0.9086705202312139
PKLot,camera1,camera1,64,6,"(0, 1, 4, 5, 7, 8)",sum,0.9273327828241124
PKLot,camera1,camera1,64,6,"(0, 1, 4, 5, 7, 8)",mean_probs,0.9273327828241124
PKLot,camera1,camera1,64,6,"(0, 1, 4, 5, 7, 8)",max,0.932617671345995
PKLot,camera1,camera1,64,6,"(0, 1, 4, 5, 7, 8)",mult,0.9299752270850536
PKLot,camera1,camera1,64,6,"(0, 1, 4, 5, 7, 8)",vote,0.9270024772914947
PKLot,camera1,camera1,64,6,"(0, 1, 4, 5, 7, 9)",sum,0.9179190751445087
PKLot,camera1,camera1,64,6,"(0, 1, 4, 5, 7, 9)",mean_probs,0.9179190751445087
PKLot,camera1,camera1,64,6,"(0, 1, 4, 5, 7, 9)",max,0.9299752270850536
PKLot,camera1,camera1,64,6,"(0, 1, 4, 5, 7, 9)",mult,0.9230388109000826
PKLot,camera1,camera1,64,6,"(0, 1, 4, 5, 7, 9)",vote,0.916597853014038
PKLot,camera1,camera1,64,6,"(0, 1, 4, 5, 8, 9)",sum,0.9121387283236995
PKLot,camera1,camera1,64,6,"(0, 1, 4, 5, 8, 9)",mean_probs,0.9121387283236995
PKLot,camera1,camera1,64,6,"(0, 1, 4, 5, 8, 9)",max,0.9195706028075971
PKLot,camera1,camera1,64,6,"(0, 1, 4, 5, 8, 9)",mult,0.9161023947151115
PKLot,camera1,camera1,64,6,"(0, 1, 4, 5, 8, 9)",vote,0.9113129644921553
PKLot,camera1,camera1,64,6,"(0, 1, 4, 6, 7, 8)",sum,0.9250206440957887
PKLot,camera1,camera1,64,6,"(0, 1, 4, 6, 7, 8)",mean_probs,0.9250206440957887
PKLot,camera1,camera1,64,6,"(0, 1, 4, 6, 7, 8)",max,0.9303055326176713
PKLot,camera1,camera1,64,6,"(0, 1, 4, 6, 7, 8)",mult,0.9278282411230389
PKLot,camera1,camera1,64,6,"(0, 1, 4, 6, 7, 8)",vote,0.9251857968620975
PKLot,camera1,camera1,64,6,"(0, 1, 4, 6, 7, 9)",sum,0.9164327002477292
PKLot,camera1,camera1,64,6,"(0, 1, 4, 6, 7, 9)",mean_probs,0.9164327002477292
PKLot,camera1,camera1,64,6,"(0, 1, 4, 6, 7, 9)",max,0.9284888521882741
PKLot,camera1,camera1,64,6,"(0, 1, 4, 6, 7, 9)",mult,0.9220478943022296
PKLot,camera1,camera1,64,6,"(0, 1, 4, 6, 7, 9)",vote,0.9151114781172585
PKLot,camera1,camera1,64,6,"(0, 1, 4, 6, 8, 9)",sum,0.9106523534269199
PKLot,camera1,camera1,64,6,"(0, 1, 4, 6, 8, 9)",mean_probs,0.9106523534269199
PKLot,camera1,camera1,64,6,"(0, 1, 4, 6, 8, 9)",max,0.9177539223781999
PKLot,camera1,camera1,64,6,"(0, 1, 4, 6, 8, 9)",mult,0.9139554087530967
PKLot,camera1,camera1,64,6,"(0, 1, 4, 6, 8, 9)",vote,0.9101568951279934
PKLot,camera1,camera1,64,6,"(0, 1, 4, 7, 8, 9)",sum,0.9233691164327003
PKLot,camera1,camera1,64,6,"(0, 1, 4, 7, 8, 9)",mean_probs,0.9233691164327003
PKLot,camera1,camera1,64,6,"(0, 1, 4, 7, 8, 9)",max,0.9322873658133773
PKLot,camera1,camera1,64,6,"(0, 1, 4, 7, 8, 9)",mult,0.9274979355904212
PKLot,camera1,camera1,64,6,"(0, 1, 4, 7, 8, 9)",vote,0.9217175887696119
PKLot,camera1,camera1,64,6,"(0, 1, 5, 6, 7, 8)",sum,0.9271676300578034
PKLot,camera1,camera1,64,6,"(0, 1, 5, 6, 7, 8)",mean_probs,0.9271676300578034
PKLot,camera1,camera1,64,6,"(0, 1, 5, 6, 7, 8)",max,0.930635838150289
PKLot,camera1,camera1,64,6,"(0, 1, 5, 6, 7, 8)",mult,0.9281585466556564
PKLot,camera1,camera1,64,6,"(0, 1, 5, 6, 7, 8)",vote,0.92766308835673
PKLot,camera1,camera1,64,6,"(0, 1, 5, 6, 7, 9)",sum,0.9210569777043766
PKLot,camera1,camera1,64,6,"(0, 1, 5, 6, 7, 9)",mean_probs,0.9210569777043766
PKLot,camera1,camera1,64,6,"(0, 1, 5, 6, 7, 9)",max,0.9289843104872006
PKLot,camera1,camera1,64,6,"(0, 1, 5, 6, 7, 9)",mult,0.9251857968620975
PKLot,camera1,camera1,64,6,"(0, 1, 5, 6, 7, 9)",vote,0.9180842279108175
PKLot,camera1,camera1,64,6,"(0, 1, 5, 6, 8, 9)",sum,0.9159372419488027
PKLot,camera1,camera1,64,6,"(0, 1, 5, 6, 8, 9)",mean_probs,0.9159372419488027
PKLot,camera1,camera1,64,6,"(0, 1, 5, 6, 8, 9)",max,0.9184145334434352
PKLot,camera1,camera1,64,6,"(0, 1, 5, 6, 8, 9)",mult,0.9174236168455822
PKLot,camera1,camera1,64,6,"(0, 1, 5, 6, 8, 9)",vote,0.9144508670520232
PKLot,camera1,camera1,64,6,"(0, 1, 5, 7, 8, 9)",sum,0.9260115606936417
PKLot,camera1,camera1,64,6,"(0, 1, 5, 7, 8, 9)",mean_probs,0.9260115606936417
PKLot,camera1,camera1,64,6,"(0, 1, 5, 7, 8, 9)",max,0.931626754748142
PKLot,camera1,camera1,64,6,"(0, 1, 5, 7, 8, 9)",mult,0.9293146160198184
PKLot,camera1,camera1,64,6,"(0, 1, 5, 7, 8, 9)",vote,0.9243600330305533
PKLot,camera1,camera1,64,6,"(0, 1, 6, 7, 8, 9)",sum,0.923699421965318
PKLot,camera1,camera1,64,6,"(0, 1, 6, 7, 8, 9)",mean_probs,0.923699421965318
PKLot,camera1,camera1,64,6,"(0, 1, 6, 7, 8, 9)",max,0.9303055326176713
PKLot,camera1,camera1,64,6,"(0, 1, 6, 7, 8, 9)",mult,0.9271676300578034
PKLot,camera1,camera1,64,6,"(0, 1, 6, 7, 8, 9)",vote,0.9220478943022296
PKLot,camera1,camera1,64,6,"(0, 2, 3, 4, 5, 6)",sum,0.9182493806771264
PKLot,camera1,camera1,64,6,"(0, 2, 3, 4, 5, 6)",mean_probs,0.9182493806771264
PKLot,camera1,camera1,64,6,"(0, 2, 3, 4, 5, 6)",max,0.9151114781172585
PKLot,camera1,camera1,64,6,"(0, 2, 3, 4, 5, 6)",mult,0.9190751445086706
PKLot,camera1,camera1,64,6,"(0, 2, 3, 4, 5, 6)",vote,0.9179190751445087
PKLot,camera1,camera1,64,6,"(0, 2, 3, 4, 5, 7)",sum,0.929644921552436
PKLot,camera1,camera1,64,6,"(0, 2, 3, 4, 5, 7)",mean_probs,0.929644921552436
PKLot,camera1,camera1,64,6,"(0, 2, 3, 4, 5, 7)",max,0.9314616019818331
PKLot,camera1,camera1,64,6,"(0, 2, 3, 4, 5, 7)",mult,0.9314616019818331
PKLot,camera1,camera1,64,6,"(0, 2, 3, 4, 5, 7)",vote,0.9299752270850536
PKLot,camera1,camera1,64,6,"(0, 2, 3, 4, 5, 8)",sum,0.9243600330305533
PKLot,camera1,camera1,64,6,"(0, 2, 3, 4, 5, 8)",mean_probs,0.9243600330305533
PKLot,camera1,camera1,64,6,"(0, 2, 3, 4, 5, 8)",max,0.9203963666391412
PKLot,camera1,camera1,64,6,"(0, 2, 3, 4, 5, 8)",mult,0.9263418662262592
PKLot,camera1,camera1,64,6,"(0, 2, 3, 4, 5, 8)",vote,0.9241948802642445
PKLot,camera1,camera1,64,6,"(0, 2, 3, 4, 5, 9)",sum,0.9161023947151115
PKLot,camera1,camera1,64,6,"(0, 2, 3, 4, 5, 9)",mean_probs,0.9161023947151115
PKLot,camera1,camera1,64,6,"(0, 2, 3, 4, 5, 9)",max,0.9159372419488027
PKLot,camera1,camera1,64,6,"(0, 2, 3, 4, 5, 9)",mult,0.9177539223781999
PKLot,camera1,camera1,64,6,"(0, 2, 3, 4, 5, 9)",vote,0.9162675474814204
PKLot,camera1,camera1,64,6,"(0, 2, 3, 4, 6, 7)",sum,0.9261767134599505
PKLot,camera1,camera1,64,6,"(0, 2, 3, 4, 6, 7)",mean_probs,0.9261767134599505
PKLot,camera1,camera1,64,6,"(0, 2, 3, 4, 6, 7)",max,0.9299752270850536
PKLot,camera1,camera1,64,6,"(0, 2, 3, 4, 6, 7)",mult,0.929644921552436
PKLot,camera1,camera1,64,6,"(0, 2, 3, 4, 6, 7)",vote,0.9251857968620975
PKLot,camera1,camera1,64,6,"(0, 2, 3, 4, 6, 8)",sum,0.9232039636663915
PKLot,camera1,camera1,64,6,"(0, 2, 3, 4, 6, 8)",mean_probs,0.9232039636663915
PKLot,camera1,camera1,64,6,"(0, 2, 3, 4, 6, 8)",max,0.9195706028075971
PKLot,camera1,camera1,64,6,"(0, 2, 3, 4, 6, 8)",mult,0.923699421965318
PKLot,camera1,camera1,64,6,"(0, 2, 3, 4, 6, 8)",vote,0.9233691164327003
PKLot,camera1,camera1,64,6,"(0, 2, 3, 4, 6, 9)",sum,0.912634186622626
PKLot,camera1,camera1,64,6,"(0, 2, 3, 4, 6, 9)",mean_probs,0.912634186622626
PKLot,camera1,camera1,64,6,"(0, 2, 3, 4, 6, 9)",max,0.9142857142857143
PKLot,camera1,camera1,64,6,"(0, 2, 3, 4, 6, 9)",mult,0.9139554087530967
PKLot,camera1,camera1,64,6,"(0, 2, 3, 4, 6, 9)",vote,0.9127993393889348
PKLot,camera1,camera1,64,6,"(0, 2, 3, 4, 7, 8)",sum,0.9317919075144508
PKLot,camera1,camera1,64,6,"(0, 2, 3, 4, 7, 8)",mean_probs,0.9317919075144508
PKLot,camera1,camera1,64,6,"(0, 2, 3, 4, 7, 8)",max,0.9327828241123038
PKLot,camera1,camera1,64,6,"(0, 2, 3, 4, 7, 8)",mult,0.9332782824112303
PKLot,camera1,camera1,64,6,"(0, 2, 3, 4, 7, 8)",vote,0.9308009909165978
PKLot,camera1,camera1,64,6,"(0, 2, 3, 4, 7, 9)",sum,0.9263418662262592
PKLot,camera1,camera1,64,6,"(0, 2, 3, 4, 7, 9)",mean_probs,0.9263418662262592
PKLot,camera1,camera1,64,6,"(0, 2, 3, 4, 7, 9)",max,0.9321222130470685
PKLot,camera1,camera1,64,6,"(0, 2, 3, 4, 7, 9)",mult,0.9294797687861271
PKLot,camera1,camera1,64,6,"(0, 2, 3, 4, 7, 9)",vote,0.925681255161024
PKLot,camera1,camera1,64,6,"(0, 2, 3, 4, 8, 9)",sum,0.9210569777043766
PKLot,camera1,camera1,64,6,"(0, 2, 3, 4, 8, 9)",mean_probs,0.9210569777043766
PKLot,camera1,camera1,64,6,"(0, 2, 3, 4, 8, 9)",max,0.9213872832369943
PKLot,camera1,camera1,64,6,"(0, 2, 3, 4, 8, 9)",mult,0.9213872832369943
PKLot,camera1,camera1,64,6,"(0, 2, 3, 4, 8, 9)",vote,0.9199009083402147
PKLot,camera1,camera1,64,6,"(0, 2, 3, 5, 6, 7)",sum,0.926672171758877
PKLot,camera1,camera1,64,6,"(0, 2, 3, 5, 6, 7)",mean_probs,0.926672171758877
PKLot,camera1,camera1,64,6,"(0, 2, 3, 5, 6, 7)",max,0.9309661436829066
PKLot,camera1,camera1,64,6,"(0, 2, 3, 5, 6, 7)",mult,0.928654004954583
PKLot,camera1,camera1,64,6,"(0, 2, 3, 5, 6, 7)",vote,0.926672171758877
PKLot,camera1,camera1,64,6,"(0, 2, 3, 5, 6, 8)",sum,0.924690338563171
PKLot,camera1,camera1,64,6,"(0, 2, 3, 5, 6, 8)",mean_probs,0.924690338563171
PKLot,camera1,camera1,64,6,"(0, 2, 3, 5, 6, 8)",max,0.921552436003303
PKLot,camera1,camera1,64,6,"(0, 2, 3, 5, 6, 8)",mult,0.9250206440957887
PKLot,camera1,camera1,64,6,"(0, 2, 3, 5, 6, 8)",vote,0.924690338563171
PKLot,camera1,camera1,64,6,"(0, 2, 3, 5, 6, 9)",sum,0.9164327002477292
PKLot,camera1,camera1,64,6,"(0, 2, 3, 5, 6, 9)",mean_probs,0.9164327002477292
PKLot,camera1,camera1,64,6,"(0, 2, 3, 5, 6, 9)",max,0.9157720891824938
PKLot,camera1,camera1,64,6,"(0, 2, 3, 5, 6, 9)",mult,0.9179190751445087
PKLot,camera1,camera1,64,6,"(0, 2, 3, 5, 6, 9)",vote,0.9161023947151115
PKLot,camera1,camera1,64,6,"(0, 2, 3, 5, 7, 8)",sum,0.9332782824112303
PKLot,camera1,camera1,64,6,"(0, 2, 3, 5, 7, 8)",mean_probs,0.9332782824112303
PKLot,camera1,camera1,64,6,"(0, 2, 3, 5, 7, 8)",max,0.9327828241123038
PKLot,camera1,camera1,64,6,"(0, 2, 3, 5, 7, 8)",mult,0.9334434351775392
PKLot,camera1,camera1,64,6,"(0, 2, 3, 5, 7, 8)",vote,0.932617671345995
PKLot,camera1,camera1,64,6,"(0, 2, 3, 5, 7, 9)",sum,0.928654004954583
PKLot,camera1,camera1,64,6,"(0, 2, 3, 5, 7, 9)",mean_probs,0.928654004954583
PKLot,camera1,camera1,64,6,"(0, 2, 3, 5, 7, 9)",max,0.931626754748142
PKLot,camera1,camera1,64,6,"(0, 2, 3, 5, 7, 9)",mult,0.930635838150289
PKLot,camera1,camera1,64,6,"(0, 2, 3, 5, 7, 9)",vote,0.9284888521882741
PKLot,camera1,camera1,64,6,"(0, 2, 3, 5, 8, 9)",sum,0.9233691164327003
PKLot,camera1,camera1,64,6,"(0, 2, 3, 5, 8, 9)",mean_probs,0.9233691164327003
PKLot,camera1,camera1,64,6,"(0, 2, 3, 5, 8, 9)",max,0.9210569777043766
PKLot,camera1,camera1,64,6,"(0, 2, 3, 5, 8, 9)",mult,0.9243600330305533
PKLot,camera1,camera1,64,6,"(0, 2, 3, 5, 8, 9)",vote,0.923699421965318
PKLot,camera1,camera1,64,6,"(0, 2, 3, 6, 7, 8)",sum,0.9312964492155243
PKLot,camera1,camera1,64,6,"(0, 2, 3, 6, 7, 8)",mean_probs,0.9312964492155243
PKLot,camera1,camera1,64,6,"(0, 2, 3, 6, 7, 8)",max,0.9308009909165978
PKLot,camera1,camera1,64,6,"(0, 2, 3, 6, 7, 8)",mult,0.9324525185796863
PKLot,camera1,camera1,64,6,"(0, 2, 3, 6, 7, 8)",vote,0.9299752270850536
PKLot,camera1,camera1,64,6,"(0, 2, 3, 6, 7, 9)",sum,0.9255161023947152
PKLot,camera1,camera1,64,6,"(0, 2, 3, 6, 7, 9)",mean_probs,0.9255161023947152
PKLot,camera1,camera1,64,6,"(0, 2, 3, 6, 7, 9)",max,0.9303055326176713
PKLot,camera1,camera1,64,6,"(0, 2, 3, 6, 7, 9)",mult,0.9289843104872006
PKLot,camera1,camera1,64,6,"(0, 2, 3, 6, 7, 9)",vote,0.9240297274979355
PKLot,camera1,camera1,64,6,"(0, 2, 3, 6, 8, 9)",sum,0.9213872832369943
PKLot,camera1,camera1,64,6,"(0, 2, 3, 6, 8, 9)",mean_probs,0.9213872832369943
PKLot,camera1,camera1,64,6,"(0, 2, 3, 6, 8, 9)",max,0.9200660611065236
PKLot,camera1,camera1,64,6,"(0, 2, 3, 6, 8, 9)",mult,0.9223781998348473
PKLot,camera1,camera1,64,6,"(0, 2, 3, 6, 8, 9)",vote,0.9210569777043766
PKLot,camera1,camera1,64,6,"(0, 2, 3, 7, 8, 9)",sum,0.9314616019818331
PKLot,camera1,camera1,64,6,"(0, 2, 3, 7, 8, 9)",mean_probs,0.9314616019818331
PKLot,camera1,camera1,64,6,"(0, 2, 3, 7, 8, 9)",max,0.9327828241123038
PKLot,camera1,camera1,64,6,"(0, 2, 3, 7, 8, 9)",mult,0.9331131296449215
PKLot,camera1,camera1,64,6,"(0, 2, 3, 7, 8, 9)",vote,0.9294797687861271
PKLot,camera1,camera1,64,6,"(0, 2, 4, 5, 6, 7)",sum,0.9261767134599505
PKLot,camera1,camera1,64,6,"(0, 2, 4, 5, 6, 7)",mean_probs,0.9261767134599505
PKLot,camera1,camera1,64,6,"(0, 2, 4, 5, 6, 7)",max,0.9311312964492156
PKLot,camera1,camera1,64,6,"(0, 2, 4, 5, 6, 7)",mult,0.9294797687861271
PKLot,camera1,camera1,64,6,"(0, 2, 4, 5, 6, 7)",vote,0.9250206440957887
PKLot,camera1,camera1,64,6,"(0, 2, 4, 5, 6, 8)",sum,0.9223781998348473
PKLot,camera1,camera1,64,6,"(0, 2, 4, 5, 6, 8)",mean_probs,0.9223781998348473
PKLot,camera1,camera1,64,6,"(0, 2, 4, 5, 6, 8)",max,0.921552436003303
PKLot,camera1,camera1,64,6,"(0, 2, 4, 5, 6, 8)",mult,0.922708505367465
PKLot,camera1,camera1,64,6,"(0, 2, 4, 5, 6, 8)",vote,0.9228736581337738
PKLot,camera1,camera1,64,6,"(0, 2, 4, 5, 6, 9)",sum,0.914616019818332
PKLot,camera1,camera1,64,6,"(0, 2, 4, 5, 6, 9)",mean_probs,0.914616019818332
PKLot,camera1,camera1,64,6,"(0, 2, 4, 5, 6, 9)",max,0.9180842279108175
PKLot,camera1,camera1,64,6,"(0, 2, 4, 5, 6, 9)",mult,0.9157720891824938
PKLot,camera1,camera1,64,6,"(0, 2, 4, 5, 6, 9)",vote,0.914616019818332
PKLot,camera1,camera1,64,6,"(0, 2, 4, 5, 7, 8)",sum,0.9314616019818331
PKLot,camera1,camera1,64,6,"(0, 2, 4, 5, 7, 8)",mean_probs,0.9314616019818331
PKLot,camera1,camera1,64,6,"(0, 2, 4, 5, 7, 8)",max,0.9332782824112303
PKLot,camera1,camera1,64,6,"(0, 2, 4, 5, 7, 8)",mult,0.9331131296449215
PKLot,camera1,camera1,64,6,"(0, 2, 4, 5, 7, 8)",vote,0.9301403798513626
PKLot,camera1,camera1,64,6,"(0, 2, 4, 5, 7, 9)",sum,0.9230388109000826
PKLot,camera1,camera1,64,6,"(0, 2, 4, 5, 7, 9)",mean_probs,0.9230388109000826
PKLot,camera1,camera1,64,6,"(0, 2, 4, 5, 7, 9)",max,0.9317919075144508
PKLot,camera1,camera1,64,6,"(0, 2, 4, 5, 7, 9)",mult,0.9260115606936417
PKLot,camera1,camera1,64,6,"(0, 2, 4, 5, 7, 9)",vote,0.922543352601156
PKLot,camera1,camera1,64,6,"(0, 2, 4, 5, 8, 9)",sum,0.9210569777043766
PKLot,camera1,camera1,64,6,"(0, 2, 4, 5, 8, 9)",mean_probs,0.9210569777043766
PKLot,camera1,camera1,64,6,"(0, 2, 4, 5, 8, 9)",max,0.921552436003303
PKLot,camera1,camera1,64,6,"(0, 2, 4, 5, 8, 9)",mult,0.9212221304706854
PKLot,camera1,camera1,64,6,"(0, 2, 4, 5, 8, 9)",vote,0.9212221304706854
PKLot,camera1,camera1,64,6,"(0, 2, 4, 6, 7, 8)",sum,0.9294797687861271
PKLot,camera1,camera1,64,6,"(0, 2, 4, 6, 7, 8)",mean_probs,0.9294797687861271
PKLot,camera1,camera1,64,6,"(0, 2, 4, 6, 7, 8)",max,0.9317919075144508
PKLot,camera1,camera1,64,6,"(0, 2, 4, 6, 7, 8)",mult,0.9311312964492156
PKLot,camera1,camera1,64,6,"(0, 2, 4, 6, 7, 8)",vote,0.9299752270850536
PKLot,camera1,camera1,64,6,"(0, 2, 4, 6, 7, 9)",sum,0.9228736581337738
PKLot,camera1,camera1,64,6,"(0, 2, 4, 6, 7, 9)",mean_probs,0.9228736581337738
PKLot,camera1,camera1,64,6,"(0, 2, 4, 6, 7, 9)",max,0.9304706853839801
PKLot,camera1,camera1,64,6,"(0, 2, 4, 6, 7, 9)",mult,0.9261767134599505
PKLot,camera1,camera1,64,6,"(0, 2, 4, 6, 7, 9)",vote,0.9223781998348473
PKLot,camera1,camera1,64,6,"(0, 2, 4, 6, 8, 9)",sum,0.9179190751445087
PKLot,camera1,camera1,64,6,"(0, 2, 4, 6, 8, 9)",mean_probs,0.9179190751445087
PKLot,camera1,camera1,64,6,"(0, 2, 4, 6, 8, 9)",max,0.921552436003303
PKLot,camera1,camera1,64,6,"(0, 2, 4, 6, 8, 9)",mult,0.9184145334434352
PKLot,camera1,camera1,64,6,"(0, 2, 4, 6, 8, 9)",vote,0.9174236168455822
PKLot,camera1,camera1,64,6,"(0, 2, 4, 7, 8, 9)",sum,0.9284888521882741
PKLot,camera1,camera1,64,6,"(0, 2, 4, 7, 8, 9)",mean_probs,0.9284888521882741
PKLot,camera1,camera1,64,6,"(0, 2, 4, 7, 8, 9)",max,0.9344343517753922
PKLot,camera1,camera1,64,6,"(0, 2, 4, 7, 8, 9)",mult,0.9312964492155243
PKLot,camera1,camera1,64,6,"(0, 2, 4, 7, 8, 9)",vote,0.9281585466556564
PKLot,camera1,camera1,64,6,"(0, 2, 5, 6, 7, 8)",sum,0.9301403798513626
PKLot,camera1,camera1,64,6,"(0, 2, 5, 6, 7, 8)",mean_probs,0.9301403798513626
PKLot,camera1,camera1,64,6,"(0, 2, 5, 6, 7, 8)",max,0.9314616019818331
PKLot,camera1,camera1,64,6,"(0, 2, 5, 6, 7, 8)",mult,0.9312964492155243
PKLot,camera1,camera1,64,6,"(0, 2, 5, 6, 7, 8)",vote,0.9301403798513626
PKLot,camera1,camera1,64,6,"(0, 2, 5, 6, 7, 9)",sum,0.9260115606936417
PKLot,camera1,camera1,64,6,"(0, 2, 5, 6, 7, 9)",mean_probs,0.9260115606936417
PKLot,camera1,camera1,64,6,"(0, 2, 5, 6, 7, 9)",max,0.9304706853839801
PKLot,camera1,camera1,64,6,"(0, 2, 5, 6, 7, 9)",mult,0.9291494632535094
PKLot,camera1,camera1,64,6,"(0, 2, 5, 6, 7, 9)",vote,0.923699421965318
PKLot,camera1,camera1,64,6,"(0, 2, 5, 6, 8, 9)",sum,0.9218827415359208
PKLot,camera1,camera1,64,6,"(0, 2, 5, 6, 8, 9)",mean_probs,0.9218827415359208
PKLot,camera1,camera1,64,6,"(0, 2, 5, 6, 8, 9)",max,0.9217175887696119
PKLot,camera1,camera1,64,6,"(0, 2, 5, 6, 8, 9)",mult,0.921552436003303
PKLot,camera1,camera1,64,6,"(0, 2, 5, 6, 8, 9)",vote,0.921552436003303
PKLot,camera1,camera1,64,6,"(0, 2, 5, 7, 8, 9)",sum,0.9311312964492156
PKLot,camera1,camera1,64,6,"(0, 2, 5, 7, 8, 9)",mean_probs,0.9311312964492156
PKLot,camera1,camera1,64,6,"(0, 2, 5, 7, 8, 9)",max,0.9322873658133773
PKLot,camera1,camera1,64,6,"(0, 2, 5, 7, 8, 9)",mult,0.9331131296449215
PKLot,camera1,camera1,64,6,"(0, 2, 5, 7, 8, 9)",vote,0.9293146160198184
PKLot,camera1,camera1,64,6,"(0, 2, 6, 7, 8, 9)",sum,0.9293146160198184
PKLot,camera1,camera1,64,6,"(0, 2, 6, 7, 8, 9)",mean_probs,0.9293146160198184
PKLot,camera1,camera1,64,6,"(0, 2, 6, 7, 8, 9)",max,0.9308009909165978
PKLot,camera1,camera1,64,6,"(0, 2, 6, 7, 8, 9)",mult,0.9303055326176713
PKLot,camera1,camera1,64,6,"(0, 2, 6, 7, 8, 9)",vote,0.9274979355904212
PKLot,camera1,camera1,64,6,"(0, 3, 4, 5, 6, 7)",sum,0.9248554913294798
PKLot,camera1,camera1,64,6,"(0, 3, 4, 5, 6, 7)",mean_probs,0.9248554913294798
PKLot,camera1,camera1,64,6,"(0, 3, 4, 5, 6, 7)",max,0.9303055326176713
PKLot,camera1,camera1,64,6,"(0, 3, 4, 5, 6, 7)",mult,0.92766308835673
PKLot,camera1,camera1,64,6,"(0, 3, 4, 5, 6, 7)",vote,0.9223781998348473
PKLot,camera1,camera1,64,6,"(0, 3, 4, 5, 6, 8)",sum,0.9187448389760529
PKLot,camera1,camera1,64,6,"(0, 3, 4, 5, 6, 8)",mean_probs,0.9187448389760529
PKLot,camera1,camera1,64,6,"(0, 3, 4, 5, 6, 8)",max,0.9179190751445087
PKLot,camera1,camera1,64,6,"(0, 3, 4, 5, 6, 8)",mult,0.9202312138728324
PKLot,camera1,camera1,64,6,"(0, 3, 4, 5, 6, 8)",vote,0.9190751445086706
PKLot,camera1,camera1,64,6,"(0, 3, 4, 5, 6, 9)",sum,0.9091659785301404
PKLot,camera1,camera1,64,6,"(0, 3, 4, 5, 6, 9)",mean_probs,0.9091659785301404
PKLot,camera1,camera1,64,6,"(0, 3, 4, 5, 6, 9)",max,0.9124690338563171
PKLot,camera1,camera1,64,6,"(0, 3, 4, 5, 6, 9)",mult,0.9096614368290669
PKLot,camera1,camera1,64,6,"(0, 3, 4, 5, 6, 9)",vote,0.9109826589595376
PKLot,camera1,camera1,64,6,"(0, 3, 4, 5, 7, 8)",sum,0.9301403798513626
PKLot,camera1,camera1,64,6,"(0, 3, 4, 5, 7, 8)",mean_probs,0.9301403798513626
PKLot,camera1,camera1,64,6,"(0, 3, 4, 5, 7, 8)",max,0.9314616019818331
PKLot,camera1,camera1,64,6,"(0, 3, 4, 5, 7, 8)",mult,0.931626754748142
PKLot,camera1,camera1,64,6,"(0, 3, 4, 5, 7, 8)",vote,0.9293146160198184
PKLot,camera1,camera1,64,6,"(0, 3, 4, 5, 7, 9)",sum,0.9223781998348473
PKLot,camera1,camera1,64,6,"(0, 3, 4, 5, 7, 9)",mean_probs,0.9223781998348473
PKLot,camera1,camera1,64,6,"(0, 3, 4, 5, 7, 9)",max,0.9309661436829066
PKLot,camera1,camera1,64,6,"(0, 3, 4, 5, 7, 9)",mult,0.9274979355904212
PKLot,camera1,camera1,64,6,"(0, 3, 4, 5, 7, 9)",vote,0.9203963666391412
PKLot,camera1,camera1,64,6,"(0, 3, 4, 5, 8, 9)",sum,0.9174236168455822
PKLot,camera1,camera1,64,6,"(0, 3, 4, 5, 8, 9)",mean_probs,0.9174236168455822
PKLot,camera1,camera1,64,6,"(0, 3, 4, 5, 8, 9)",max,0.9187448389760529
PKLot,camera1,camera1,64,6,"(0, 3, 4, 5, 8, 9)",mult,0.9197357555739059
PKLot,camera1,camera1,64,6,"(0, 3, 4, 5, 8, 9)",vote,0.9162675474814204
PKLot,camera1,camera1,64,6,"(0, 3, 4, 6, 7, 8)",sum,0.9284888521882741
PKLot,camera1,camera1,64,6,"(0, 3, 4, 6, 7, 8)",mean_probs,0.9284888521882741
PKLot,camera1,camera1,64,6,"(0, 3, 4, 6, 7, 8)",max,0.9304706853839801
PKLot,camera1,camera1,64,6,"(0, 3, 4, 6, 7, 8)",mult,0.929644921552436
PKLot,camera1,camera1,64,6,"(0, 3, 4, 6, 7, 8)",vote,0.9270024772914947
PKLot,camera1,camera1,64,6,"(0, 3, 4, 6, 7, 9)",sum,0.9199009083402147
PKLot,camera1,camera1,64,6,"(0, 3, 4, 6, 7, 9)",mean_probs,0.9199009083402147
PKLot,camera1,camera1,64,6,"(0, 3, 4, 6, 7, 9)",max,0.9299752270850536
PKLot,camera1,camera1,64,6,"(0, 3, 4, 6, 7, 9)",mult,0.9248554913294798
PKLot,camera1,camera1,64,6,"(0, 3, 4, 6, 7, 9)",vote,0.9170933113129645
PKLot,camera1,camera1,64,6,"(0, 3, 4, 6, 8, 9)",sum,0.9127993393889348
PKLot,camera1,camera1,64,6,"(0, 3, 4, 6, 8, 9)",mean_probs,0.9127993393889348
PKLot,camera1,camera1,64,6,"(0, 3, 4, 6, 8, 9)",max,0.9184145334434352
PKLot,camera1,camera1,64,6,"(0, 3, 4, 6, 8, 9)",mult,0.9151114781172585
PKLot,camera1,camera1,64,6,"(0, 3, 4, 6, 8, 9)",vote,0.9119735755573906
PKLot,camera1,camera1,64,6,"(0, 3, 4, 7, 8, 9)",sum,0.926672171758877
PKLot,camera1,camera1,64,6,"(0, 3, 4, 7, 8, 9)",mean_probs,0.926672171758877
PKLot,camera1,camera1,64,6,"(0, 3, 4, 7, 8, 9)",max,0.9324525185796863
PKLot,camera1,camera1,64,6,"(0, 3, 4, 7, 8, 9)",mult,0.9301403798513626
PKLot,camera1,camera1,64,6,"(0, 3, 4, 7, 8, 9)",vote,0.9248554913294798
PKLot,camera1,camera1,64,6,"(0, 3, 5, 6, 7, 8)",sum,0.9289843104872006
PKLot,camera1,camera1,64,6,"(0, 3, 5, 6, 7, 8)",mean_probs,0.9289843104872006
PKLot,camera1,camera1,64,6,"(0, 3, 5, 6, 7, 8)",max,0.9304706853839801
PKLot,camera1,camera1,64,6,"(0, 3, 5, 6, 7, 8)",mult,0.9291494632535094
PKLot,camera1,camera1,64,6,"(0, 3, 5, 6, 7, 8)",vote,0.9279933938893477
PKLot,camera1,camera1,64,6,"(0, 3, 5, 6, 7, 9)",sum,0.923699421965318
PKLot,camera1,camera1,64,6,"(0, 3, 5, 6, 7, 9)",mean_probs,0.923699421965318
PKLot,camera1,camera1,64,6,"(0, 3, 5, 6, 7, 9)",max,0.9304706853839801
PKLot,camera1,camera1,64,6,"(0, 3, 5, 6, 7, 9)",mult,0.9263418662262592
PKLot,camera1,camera1,64,6,"(0, 3, 5, 6, 7, 9)",vote,0.9212221304706854
PKLot,camera1,camera1,64,6,"(0, 3, 5, 6, 8, 9)",sum,0.9174236168455822
PKLot,camera1,camera1,64,6,"(0, 3, 5, 6, 8, 9)",mean_probs,0.9174236168455822
PKLot,camera1,camera1,64,6,"(0, 3, 5, 6, 8, 9)",max,0.9179190751445087
PKLot,camera1,camera1,64,6,"(0, 3, 5, 6, 8, 9)",mult,0.9179190751445087
PKLot,camera1,camera1,64,6,"(0, 3, 5, 6, 8, 9)",vote,0.917588769611891
PKLot,camera1,camera1,64,6,"(0, 3, 5, 7, 8, 9)",sum,0.9294797687861271
PKLot,camera1,camera1,64,6,"(0, 3, 5, 7, 8, 9)",mean_probs,0.9294797687861271
PKLot,camera1,camera1,64,6,"(0, 3, 5, 7, 8, 9)",max,0.9314616019818331
PKLot,camera1,camera1,64,6,"(0, 3, 5, 7, 8, 9)",mult,0.9304706853839801
PKLot,camera1,camera1,64,6,"(0, 3, 5, 7, 8, 9)",vote,0.9278282411230389
PKLot,camera1,camera1,64,6,"(0, 3, 6, 7, 8, 9)",sum,0.9271676300578034
PKLot,camera1,camera1,64,6,"(0, 3, 6, 7, 8, 9)",mean_probs,0.9271676300578034
PKLot,camera1,camera1,64,6,"(0, 3, 6, 7, 8, 9)",max,0.9308009909165978
PKLot,camera1,camera1,64,6,"(0, 3, 6, 7, 8, 9)",mult,0.9283236994219654
PKLot,camera1,camera1,64,6,"(0, 3, 6, 7, 8, 9)",vote,0.924525185796862
PKLot,camera1,camera1,64,6,"(0, 4, 5, 6, 7, 8)",sum,0.9270024772914947
PKLot,camera1,camera1,64,6,"(0, 4, 5, 6, 7, 8)",mean_probs,0.9270024772914947
PKLot,camera1,camera1,64,6,"(0, 4, 5, 6, 7, 8)",max,0.9308009909165978
PKLot,camera1,camera1,64,6,"(0, 4, 5, 6, 7, 8)",mult,0.9293146160198184
PKLot,camera1,camera1,64,6,"(0, 4, 5, 6, 7, 8)",vote,0.92766308835673
PKLot,camera1,camera1,64,6,"(0, 4, 5, 6, 7, 9)",sum,0.9189099917423617
PKLot,camera1,camera1,64,6,"(0, 4, 5, 6, 7, 9)",mean_probs,0.9189099917423617
PKLot,camera1,camera1,64,6,"(0, 4, 5, 6, 7, 9)",max,0.9298100743187449
PKLot,camera1,camera1,64,6,"(0, 4, 5, 6, 7, 9)",mult,0.9233691164327003
PKLot,camera1,camera1,64,6,"(0, 4, 5, 6, 7, 9)",vote,0.9159372419488027
PKLot,camera1,camera1,64,6,"(0, 4, 5, 6, 8, 9)",sum,0.914616019818332
PKLot,camera1,camera1,64,6,"(0, 4, 5, 6, 8, 9)",mean_probs,0.914616019818332
PKLot,camera1,camera1,64,6,"(0, 4, 5, 6, 8, 9)",max,0.9195706028075971
PKLot,camera1,camera1,64,6,"(0, 4, 5, 6, 8, 9)",mult,0.9164327002477292
PKLot,camera1,camera1,64,6,"(0, 4, 5, 6, 8, 9)",vote,0.9124690338563171
PKLot,camera1,camera1,64,6,"(0, 4, 5, 7, 8, 9)",sum,0.9270024772914947
PKLot,camera1,camera1,64,6,"(0, 4, 5, 7, 8, 9)",mean_probs,0.9270024772914947
PKLot,camera1,camera1,64,6,"(0, 4, 5, 7, 8, 9)",max,0.9321222130470685
PKLot,camera1,camera1,64,6,"(0, 4, 5, 7, 8, 9)",mult,0.9298100743187449
PKLot,camera1,camera1,64,6,"(0, 4, 5, 7, 8, 9)",vote,0.925681255161024
PKLot,camera1,camera1,64,6,"(0, 4, 6, 7, 8, 9)",sum,0.9232039636663915
PKLot,camera1,camera1,64,6,"(0, 4, 6, 7, 8, 9)",mean_probs,0.9232039636663915
PKLot,camera1,camera1,64,6,"(0, 4, 6, 7, 8, 9)",max,0.930635838150289
PKLot,camera1,camera1,64,6,"(0, 4, 6, 7, 8, 9)",mult,0.9260115606936417
PKLot,camera1,camera1,64,6,"(0, 4, 6, 7, 8, 9)",vote,0.9207266721717589
PKLot,camera1,camera1,64,6,"(0, 5, 6, 7, 8, 9)",sum,0.9258464079273327
PKLot,camera1,camera1,64,6,"(0, 5, 6, 7, 8, 9)",mean_probs,0.9258464079273327
PKLot,camera1,camera1,64,6,"(0, 5, 6, 7, 8, 9)",max,0.9299752270850536
PKLot,camera1,camera1,64,6,"(0, 5, 6, 7, 8, 9)",mult,0.9274979355904212
PKLot,camera1,camera1,64,6,"(0, 5, 6, 7, 8, 9)",vote,0.924690338563171
PKLot,camera1,camera1,64,6,"(1, 2, 3, 4, 5, 6)",sum,0.9139554087530967
PKLot,camera1,camera1,64,6,"(1, 2, 3, 4, 5, 6)",mean_probs,0.9139554087530967
PKLot,camera1,camera1,64,6,"(1, 2, 3, 4, 5, 6)",max,0.9081750619322874
PKLot,camera1,camera1,64,6,"(1, 2, 3, 4, 5, 6)",mult,0.9132947976878613
PKLot,camera1,camera1,64,6,"(1, 2, 3, 4, 5, 6)",vote,0.9162675474814204
PKLot,camera1,camera1,64,6,"(1, 2, 3, 4, 5, 7)",sum,0.9230388109000826
PKLot,camera1,camera1,64,6,"(1, 2, 3, 4, 5, 7)",mean_probs,0.9230388109000826
PKLot,camera1,camera1,64,6,"(1, 2, 3, 4, 5, 7)",max,0.9289843104872006
PKLot,camera1,camera1,64,6,"(1, 2, 3, 4, 5, 7)",mult,0.9265070189925682
PKLot,camera1,camera1,64,6,"(1, 2, 3, 4, 5, 7)",vote,0.9241948802642445
PKLot,camera1,camera1,64,6,"(1, 2, 3, 4, 5, 8)",sum,0.9177539223781999
PKLot,camera1,camera1,64,6,"(1, 2, 3, 4, 5, 8)",mean_probs,0.9177539223781999
PKLot,camera1,camera1,64,6,"(1, 2, 3, 4, 5, 8)",max,0.9179190751445087
PKLot,camera1,camera1,64,6,"(1, 2, 3, 4, 5, 8)",mult,0.9195706028075971
PKLot,camera1,camera1,64,6,"(1, 2, 3, 4, 5, 8)",vote,0.9182493806771264
PKLot,camera1,camera1,64,6,"(1, 2, 3, 4, 5, 9)",sum,0.9106523534269199
PKLot,camera1,camera1,64,6,"(1, 2, 3, 4, 5, 9)",mean_probs,0.9106523534269199
PKLot,camera1,camera1,64,6,"(1, 2, 3, 4, 5, 9)",max,0.9085053674649051
PKLot,camera1,camera1,64,6,"(1, 2, 3, 4, 5, 9)",mult,0.9119735755573906
PKLot,camera1,camera1,64,6,"(1, 2, 3, 4, 5, 9)",vote,0.9099917423616846
PKLot,camera1,camera1,64,6,"(1, 2, 3, 4, 6, 7)",sum,0.9205615194054501
PKLot,camera1,camera1,64,6,"(1, 2, 3, 4, 6, 7)",mean_probs,0.9205615194054501
PKLot,camera1,camera1,64,6,"(1, 2, 3, 4, 6, 7)",max,0.9274979355904212
PKLot,camera1,camera1,64,6,"(1, 2, 3, 4, 6, 7)",mult,0.924525185796862
PKLot,camera1,camera1,64,6,"(1, 2, 3, 4, 6, 7)",vote,0.9200660611065236
PKLot,camera1,camera1,64,6,"(1, 2, 3, 4, 6, 8)",sum,0.915606936416185
PKLot,camera1,camera1,64,6,"(1, 2, 3, 4, 6, 8)",mean_probs,0.915606936416185
PKLot,camera1,camera1,64,6,"(1, 2, 3, 4, 6, 8)",max,0.9172584640792734
PKLot,camera1,camera1,64,6,"(1, 2, 3, 4, 6, 8)",mult,0.916597853014038
PKLot,camera1,camera1,64,6,"(1, 2, 3, 4, 6, 8)",vote,0.9159372419488027
PKLot,camera1,camera1,64,6,"(1, 2, 3, 4, 6, 9)",sum,0.9086705202312139
PKLot,camera1,camera1,64,6,"(1, 2, 3, 4, 6, 9)",mean_probs,0.9086705202312139
PKLot,camera1,camera1,64,6,"(1, 2, 3, 4, 6, 9)",max,0.906523534269199
PKLot,camera1,camera1,64,6,"(1, 2, 3, 4, 6, 9)",mult,0.9085053674649051
PKLot,camera1,camera1,64,6,"(1, 2, 3, 4, 6, 9)",vote,0.9071841453344344
PKLot,camera1,camera1,64,6,"(1, 2, 3, 4, 7, 8)",sum,0.9255161023947152
PKLot,camera1,camera1,64,6,"(1, 2, 3, 4, 7, 8)",mean_probs,0.9255161023947152
PKLot,camera1,camera1,64,6,"(1, 2, 3, 4, 7, 8)",max,0.930635838150289
PKLot,camera1,camera1,64,6,"(1, 2, 3, 4, 7, 8)",mult,0.9293146160198184
PKLot,camera1,camera1,64,6,"(1, 2, 3, 4, 7, 8)",vote,0.9251857968620975
PKLot,camera1,camera1,64,6,"(1, 2, 3, 4, 7, 9)",sum,0.9180842279108175
PKLot,camera1,camera1,64,6,"(1, 2, 3, 4, 7, 9)",mean_probs,0.9180842279108175
PKLot,camera1,camera1,64,6,"(1, 2, 3, 4, 7, 9)",max,0.9291494632535094
PKLot,camera1,camera1,64,6,"(1, 2, 3, 4, 7, 9)",mult,0.9243600330305533
PKLot,camera1,camera1,64,6,"(1, 2, 3, 4, 7, 9)",vote,0.9169281585466557
PKLot,camera1,camera1,64,6,"(1, 2, 3, 4, 8, 9)",sum,0.9124690338563171
PKLot,camera1,camera1,64,6,"(1, 2, 3, 4, 8, 9)",mean_probs,0.9124690338563171
PKLot,camera1,camera1,64,6,"(1, 2, 3, 4, 8, 9)",max,0.9182493806771264
PKLot,camera1,camera1,64,6,"(1, 2, 3, 4, 8, 9)",mult,0.914616019818332
PKLot,camera1,camera1,64,6,"(1, 2, 3, 4, 8, 9)",vote,0.9113129644921553
PKLot,camera1,camera1,64,6,"(1, 2, 3, 5, 6, 7)",sum,0.922708505367465
PKLot,camera1,camera1,64,6,"(1, 2, 3, 5, 6, 7)",mean_probs,0.922708505367465
PKLot,camera1,camera1,64,6,"(1, 2, 3, 5, 6, 7)",max,0.9283236994219654
PKLot,camera1,camera1,64,6,"(1, 2, 3, 5, 6, 7)",mult,0.9253509496284062
PKLot,camera1,camera1,64,6,"(1, 2, 3, 5, 6, 7)",vote,0.9223781998348473
PKLot,camera1,camera1,64,6,"(1, 2, 3, 5, 6, 8)",sum,0.9189099917423617
PKLot,camera1,camera1,64,6,"(1, 2, 3, 5, 6, 8)",mean_probs,0.9189099917423617
PKLot,camera1,camera1,64,6,"(1, 2, 3, 5, 6, 8)",max,0.9195706028075971
PKLot,camera1,camera1,64,6,"(1, 2, 3, 5, 6, 8)",mult,0.9195706028075971
PKLot,camera1,camera1,64,6,"(1, 2, 3, 5, 6, 8)",vote,0.9187448389760529
PKLot,camera1,camera1,64,6,"(1, 2, 3, 5, 6, 9)",sum,0.9121387283236995
PKLot,camera1,camera1,64,6,"(1, 2, 3, 5, 6, 9)",mean_probs,0.9121387283236995
PKLot,camera1,camera1,64,6,"(1, 2, 3, 5, 6, 9)",max,0.9088356729975227
PKLot,camera1,camera1,64,6,"(1, 2, 3, 5, 6, 9)",mult,0.9118084227910818
PKLot,camera1,camera1,64,6,"(1, 2, 3, 5, 6, 9)",vote,0.912634186622626
PKLot,camera1,camera1,64,6,"(1, 2, 3, 5, 7, 8)",sum,0.9268373245251857
PKLot,camera1,camera1,64,6,"(1, 2, 3, 5, 7, 8)",mean_probs,0.9268373245251857
PKLot,camera1,camera1,64,6,"(1, 2, 3, 5, 7, 8)",max,0.9308009909165978
PKLot,camera1,camera1,64,6,"(1, 2, 3, 5, 7, 8)",mult,0.9298100743187449
PKLot,camera1,camera1,64,6,"(1, 2, 3, 5, 7, 8)",vote,0.926672171758877
PKLot,camera1,camera1,64,6,"(1, 2, 3, 5, 7, 9)",sum,0.9212221304706854
PKLot,camera1,camera1,64,6,"(1, 2, 3, 5, 7, 9)",mean_probs,0.9212221304706854
PKLot,camera1,camera1,64,6,"(1, 2, 3, 5, 7, 9)",max,0.9289843104872006
PKLot,camera1,camera1,64,6,"(1, 2, 3, 5, 7, 9)",mult,0.9255161023947152
PKLot,camera1,camera1,64,6,"(1, 2, 3, 5, 7, 9)",vote,0.9217175887696119
PKLot,camera1,camera1,64,6,"(1, 2, 3, 5, 8, 9)",sum,0.915606936416185
PKLot,camera1,camera1,64,6,"(1, 2, 3, 5, 8, 9)",mean_probs,0.915606936416185
PKLot,camera1,camera1,64,6,"(1, 2, 3, 5, 8, 9)",max,0.9184145334434352
PKLot,camera1,camera1,64,6,"(1, 2, 3, 5, 8, 9)",mult,0.9174236168455822
PKLot,camera1,camera1,64,6,"(1, 2, 3, 5, 8, 9)",vote,0.9152766308835673
PKLot,camera1,camera1,64,6,"(1, 2, 3, 6, 7, 8)",sum,0.9240297274979355
PKLot,camera1,camera1,64,6,"(1, 2, 3, 6, 7, 8)",mean_probs,0.9240297274979355
PKLot,camera1,camera1,64,6,"(1, 2, 3, 6, 7, 8)",max,0.928654004954583
PKLot,camera1,camera1,64,6,"(1, 2, 3, 6, 7, 8)",mult,0.9271676300578034
PKLot,camera1,camera1,64,6,"(1, 2, 3, 6, 7, 8)",vote,0.9243600330305533
PKLot,camera1,camera1,64,6,"(1, 2, 3, 6, 7, 9)",sum,0.9190751445086706
PKLot,camera1,camera1,64,6,"(1, 2, 3, 6, 7, 9)",mean_probs,0.9190751445086706
PKLot,camera1,camera1,64,6,"(1, 2, 3, 6, 7, 9)",max,0.9274979355904212
PKLot,camera1,camera1,64,6,"(1, 2, 3, 6, 7, 9)",mult,0.9232039636663915
PKLot,camera1,camera1,64,6,"(1, 2, 3, 6, 7, 9)",vote,0.9174236168455822
PKLot,camera1,camera1,64,6,"(1, 2, 3, 6, 8, 9)",sum,0.91345995045417
PKLot,camera1,camera1,64,6,"(1, 2, 3, 6, 8, 9)",mean_probs,0.91345995045417
PKLot,camera1,camera1,64,6,"(1, 2, 3, 6, 8, 9)",max,0.9177539223781999
PKLot,camera1,camera1,64,6,"(1, 2, 3, 6, 8, 9)",mult,0.9151114781172585
PKLot,camera1,camera1,64,6,"(1, 2, 3, 6, 8, 9)",vote,0.912634186622626
PKLot,camera1,camera1,64,6,"(1, 2, 3, 7, 8, 9)",sum,0.924525185796862
PKLot,camera1,camera1,64,6,"(1, 2, 3, 7, 8, 9)",mean_probs,0.924525185796862
PKLot,camera1,camera1,64,6,"(1, 2, 3, 7, 8, 9)",max,0.9301403798513626
PKLot,camera1,camera1,64,6,"(1, 2, 3, 7, 8, 9)",mult,0.9281585466556564
PKLot,camera1,camera1,64,6,"(1, 2, 3, 7, 8, 9)",vote,0.9223781998348473
PKLot,camera1,camera1,64,6,"(1, 2, 4, 5, 6, 7)",sum,0.9203963666391412
PKLot,camera1,camera1,64,6,"(1, 2, 4, 5, 6, 7)",mean_probs,0.9203963666391412
PKLot,camera1,camera1,64,6,"(1, 2, 4, 5, 6, 7)",max,0.9294797687861271
PKLot,camera1,camera1,64,6,"(1, 2, 4, 5, 6, 7)",mult,0.923699421965318
PKLot,camera1,camera1,64,6,"(1, 2, 4, 5, 6, 7)",vote,0.9203963666391412
PKLot,camera1,camera1,64,6,"(1, 2, 4, 5, 6, 8)",sum,0.916597853014038
PKLot,camera1,camera1,64,6,"(1, 2, 4, 5, 6, 8)",mean_probs,0.916597853014038
PKLot,camera1,camera1,64,6,"(1, 2, 4, 5, 6, 8)",max,0.9174236168455822
PKLot,camera1,camera1,64,6,"(1, 2, 4, 5, 6, 8)",mult,0.9170933113129645
PKLot,camera1,camera1,64,6,"(1, 2, 4, 5, 6, 8)",vote,0.9177539223781999
PKLot,camera1,camera1,64,6,"(1, 2, 4, 5, 6, 9)",sum,0.9071841453344344
PKLot,camera1,camera1,64,6,"(1, 2, 4, 5, 6, 9)",mean_probs,0.9071841453344344
PKLot,camera1,camera1,64,6,"(1, 2, 4, 5, 6, 9)",max,0.9099917423616846
PKLot,camera1,camera1,64,6,"(1, 2, 4, 5, 6, 9)",mult,0.9081750619322874
PKLot,camera1,camera1,64,6,"(1, 2, 4, 5, 6, 9)",vote,0.9085053674649051
PKLot,camera1,camera1,64,6,"(1, 2, 4, 5, 7, 8)",sum,0.9263418662262592
PKLot,camera1,camera1,64,6,"(1, 2, 4, 5, 7, 8)",mean_probs,0.9263418662262592
PKLot,camera1,camera1,64,6,"(1, 2, 4, 5, 7, 8)",max,0.932617671345995
PKLot,camera1,camera1,64,6,"(1, 2, 4, 5, 7, 8)",mult,0.9283236994219654
PKLot,camera1,camera1,64,6,"(1, 2, 4, 5, 7, 8)",vote,0.9248554913294798
PKLot,camera1,camera1,64,6,"(1, 2, 4, 5, 7, 9)",sum,0.9162675474814204
PKLot,camera1,camera1,64,6,"(1, 2, 4, 5, 7, 9)",mean_probs,0.9162675474814204
PKLot,camera1,camera1,64,6,"(1, 2, 4, 5, 7, 9)",max,0.9298100743187449
PKLot,camera1,camera1,64,6,"(1, 2, 4, 5, 7, 9)",mult,0.9218827415359208
PKLot,camera1,camera1,64,6,"(1, 2, 4, 5, 7, 9)",vote,0.9147811725846408
PKLot,camera1,camera1,64,6,"(1, 2, 4, 5, 8, 9)",sum,0.9099917423616846
PKLot,camera1,camera1,64,6,"(1, 2, 4, 5, 8, 9)",mean_probs,0.9099917423616846
PKLot,camera1,camera1,64,6,"(1, 2, 4, 5, 8, 9)",max,0.9169281585466557
PKLot,camera1,camera1,64,6,"(1, 2, 4, 5, 8, 9)",mult,0.9111478117258464
PKLot,camera1,camera1,64,6,"(1, 2, 4, 5, 8, 9)",vote,0.9094962840627581
PKLot,camera1,camera1,64,6,"(1, 2, 4, 6, 7, 8)",sum,0.9253509496284062
PKLot,camera1,camera1,64,6,"(1, 2, 4, 6, 7, 8)",mean_probs,0.9253509496284062
PKLot,camera1,camera1,64,6,"(1, 2, 4, 6, 7, 8)",max,0.9299752270850536
PKLot,camera1,camera1,64,6,"(1, 2, 4, 6, 7, 8)",mult,0.926672171758877
PKLot,camera1,camera1,64,6,"(1, 2, 4, 6, 7, 8)",vote,0.9248554913294798
PKLot,camera1,camera1,64,6,"(1, 2, 4, 6, 7, 9)",sum,0.9151114781172585
PKLot,camera1,camera1,64,6,"(1, 2, 4, 6, 7, 9)",mean_probs,0.9151114781172585
PKLot,camera1,camera1,64,6,"(1, 2, 4, 6, 7, 9)",max,0.92766308835673
PKLot,camera1,camera1,64,6,"(1, 2, 4, 6, 7, 9)",mult,0.9194054500412882
PKLot,camera1,camera1,64,6,"(1, 2, 4, 6, 7, 9)",vote,0.914616019818332
PKLot,camera1,camera1,64,6,"(1, 2, 4, 6, 8, 9)",sum,0.9099917423616846
PKLot,camera1,camera1,64,6,"(1, 2, 4, 6, 8, 9)",mean_probs,0.9099917423616846
PKLot,camera1,camera1,64,6,"(1, 2, 4, 6, 8, 9)",max,0.9169281585466557
PKLot,camera1,camera1,64,6,"(1, 2, 4, 6, 8, 9)",mult,0.9121387283236995
PKLot,camera1,camera1,64,6,"(1, 2, 4, 6, 8, 9)",vote,0.9093311312964493
PKLot,camera1,camera1,64,6,"(1, 2, 4, 7, 8, 9)",sum,0.921552436003303
PKLot,camera1,camera1,64,6,"(1, 2, 4, 7, 8, 9)",mean_probs,0.921552436003303
PKLot,camera1,camera1,64,6,"(1, 2, 4, 7, 8, 9)",max,0.9319570602807598
PKLot,camera1,camera1,64,6,"(1, 2, 4, 7, 8, 9)",mult,0.9268373245251857
PKLot,camera1,camera1,64,6,"(1, 2, 4, 7, 8, 9)",vote,0.9200660611065236
PKLot,camera1,camera1,64,6,"(1, 2, 5, 6, 7, 8)",sum,0.9258464079273327
PKLot,camera1,camera1,64,6,"(1, 2, 5, 6, 7, 8)",mean_probs,0.9258464079273327
PKLot,camera1,camera1,64,6,"(1, 2, 5, 6, 7, 8)",max,0.930635838150289
PKLot,camera1,camera1,64,6,"(1, 2, 5, 6, 7, 8)",mult,0.926672171758877
PKLot,camera1,camera1,64,6,"(1, 2, 5, 6, 7, 8)",vote,0.925681255161024
PKLot,camera1,camera1,64,6,"(1, 2, 5, 6, 7, 9)",sum,0.9199009083402147
PKLot,camera1,camera1,64,6,"(1, 2, 5, 6, 7, 9)",mean_probs,0.9199009083402147
PKLot,camera1,camera1,64,6,"(1, 2, 5, 6, 7, 9)",max,0.928654004954583
PKLot,camera1,camera1,64,6,"(1, 2, 5, 6, 7, 9)",mult,0.9230388109000826
PKLot,camera1,camera1,64,6,"(1, 2, 5, 6, 7, 9)",vote,0.9194054500412882
PKLot,camera1,camera1,64,6,"(1, 2, 5, 6, 8, 9)",sum,0.9147811725846408
PKLot,camera1,camera1,64,6,"(1, 2, 5, 6, 8, 9)",mean_probs,0.9147811725846408
PKLot,camera1,camera1,64,6,"(1, 2, 5, 6, 8, 9)",max,0.9182493806771264
PKLot,camera1,camera1,64,6,"(1, 2, 5, 6, 8, 9)",mult,0.9157720891824938
PKLot,camera1,camera1,64,6,"(1, 2, 5, 6, 8, 9)",vote,0.9144508670520232
PKLot,camera1,camera1,64,6,"(1, 2, 5, 7, 8, 9)",sum,0.9250206440957887
PKLot,camera1,camera1,64,6,"(1, 2, 5, 7, 8, 9)",mean_probs,0.9250206440957887
PKLot,camera1,camera1,64,6,"(1, 2, 5, 7, 8, 9)",max,0.9317919075144508
PKLot,camera1,camera1,64,6,"(1, 2, 5, 7, 8, 9)",mult,0.92766308835673
PKLot,camera1,camera1,64,6,"(1, 2, 5, 7, 8, 9)",vote,0.922708505367465
PKLot,camera1,camera1,64,6,"(1, 2, 6, 7, 8, 9)",sum,0.9240297274979355
PKLot,camera1,camera1,64,6,"(1, 2, 6, 7, 8, 9)",mean_probs,0.9240297274979355
PKLot,camera1,camera1,64,6,"(1, 2, 6, 7, 8, 9)",max,0.9289843104872006
PKLot,camera1,camera1,64,6,"(1, 2, 6, 7, 8, 9)",mult,0.9265070189925682
PKLot,camera1,camera1,64,6,"(1, 2, 6, 7, 8, 9)",vote,0.9218827415359208
PKLot,camera1,camera1,64,6,"(1, 3, 4, 5, 6, 7)",sum,0.9184145334434352
PKLot,camera1,camera1,64,6,"(1, 3, 4, 5, 6, 7)",mean_probs,0.9184145334434352
PKLot,camera1,camera1,64,6,"(1, 3, 4, 5, 6, 7)",max,0.92766308835673
PKLot,camera1,camera1,64,6,"(1, 3, 4, 5, 6, 7)",mult,0.9220478943022296
PKLot,camera1,camera1,64,6,"(1, 3, 4, 5, 6, 7)",vote,0.9185796862097441
PKLot,camera1,camera1,64,6,"(1, 3, 4, 5, 6, 8)",sum,0.9129644921552436
PKLot,camera1,camera1,64,6,"(1, 3, 4, 5, 6, 8)",mean_probs,0.9129644921552436
PKLot,camera1,camera1,64,6,"(1, 3, 4, 5, 6, 8)",max,0.9144508670520232
PKLot,camera1,camera1,64,6,"(1, 3, 4, 5, 6, 8)",mult,0.913625103220479
PKLot,camera1,camera1,64,6,"(1, 3, 4, 5, 6, 8)",vote,0.9131296449215525
PKLot,camera1,camera1,64,6,"(1, 3, 4, 5, 6, 9)",sum,0.9042113955408753
PKLot,camera1,camera1,64,6,"(1, 3, 4, 5, 6, 9)",mean_probs,0.9042113955408753
PKLot,camera1,camera1,64,6,"(1, 3, 4, 5, 6, 9)",max,0.9037159372419488
PKLot,camera1,camera1,64,6,"(1, 3, 4, 5, 6, 9)",mult,0.9043765483071842
PKLot,camera1,camera1,64,6,"(1, 3, 4, 5, 6, 9)",vote,0.905532617671346
PKLot,camera1,camera1,64,6,"(1, 3, 4, 5, 7, 8)",sum,0.9228736581337738
PKLot,camera1,camera1,64,6,"(1, 3, 4, 5, 7, 8)",mean_probs,0.9228736581337738
PKLot,camera1,camera1,64,6,"(1, 3, 4, 5, 7, 8)",max,0.9299752270850536
PKLot,camera1,camera1,64,6,"(1, 3, 4, 5, 7, 8)",mult,0.9273327828241124
PKLot,camera1,camera1,64,6,"(1, 3, 4, 5, 7, 8)",vote,0.922543352601156
PKLot,camera1,camera1,64,6,"(1, 3, 4, 5, 7, 9)",sum,0.915606936416185
PKLot,camera1,camera1,64,6,"(1, 3, 4, 5, 7, 9)",mean_probs,0.915606936416185
PKLot,camera1,camera1,64,6,"(1, 3, 4, 5, 7, 9)",max,0.9283236994219654
PKLot,camera1,camera1,64,6,"(1, 3, 4, 5, 7, 9)",mult,0.9207266721717589
PKLot,camera1,camera1,64,6,"(1, 3, 4, 5, 7, 9)",vote,0.9137902559867878
PKLot,camera1,camera1,64,6,"(1, 3, 4, 5, 8, 9)",sum,0.9078447563996697
PKLot,camera1,camera1,64,6,"(1, 3, 4, 5, 8, 9)",mean_probs,0.9078447563996697
PKLot,camera1,camera1,64,6,"(1, 3, 4, 5, 8, 9)",max,0.9149463253509497
PKLot,camera1,camera1,64,6,"(1, 3, 4, 5, 8, 9)",mult,0.9096614368290669
PKLot,camera1,camera1,64,6,"(1, 3, 4, 5, 8, 9)",vote,0.9063583815028902
PKLot,camera1,camera1,64,6,"(1, 3, 4, 6, 7, 8)",sum,0.9218827415359208
PKLot,camera1,camera1,64,6,"(1, 3, 4, 6, 7, 8)",mean_probs,0.9218827415359208
PKLot,camera1,camera1,64,6,"(1, 3, 4, 6, 7, 8)",max,0.9281585466556564
PKLot,camera1,camera1,64,6,"(1, 3, 4, 6, 7, 8)",mult,0.925681255161024
PKLot,camera1,camera1,64,6,"(1, 3, 4, 6, 7, 8)",vote,0.9200660611065236
PKLot,camera1,camera1,64,6,"(1, 3, 4, 6, 7, 9)",sum,0.9129644921552436
PKLot,camera1,camera1,64,6,"(1, 3, 4, 6, 7, 9)",mean_probs,0.9129644921552436
PKLot,camera1,camera1,64,6,"(1, 3, 4, 6, 7, 9)",max,0.9270024772914947
PKLot,camera1,camera1,64,6,"(1, 3, 4, 6, 7, 9)",mult,0.9192402972749794
PKLot,camera1,camera1,64,6,"(1, 3, 4, 6, 7, 9)",vote,0.9109826589595376
PKLot,camera1,camera1,64,6,"(1, 3, 4, 6, 8, 9)",sum,0.9061932287365814
PKLot,camera1,camera1,64,6,"(1, 3, 4, 6, 8, 9)",mean_probs,0.9061932287365814
PKLot,camera1,camera1,64,6,"(1, 3, 4, 6, 8, 9)",max,0.914616019818332
PKLot,camera1,camera1,64,6,"(1, 3, 4, 6, 8, 9)",mult,0.9080099091659786
PKLot,camera1,camera1,64,6,"(1, 3, 4, 6, 8, 9)",vote,0.905532617671346
PKLot,camera1,camera1,64,6,"(1, 3, 4, 7, 8, 9)",sum,0.9187448389760529
PKLot,camera1,camera1,64,6,"(1, 3, 4, 7, 8, 9)",mean_probs,0.9187448389760529
PKLot,camera1,camera1,64,6,"(1, 3, 4, 7, 8, 9)",max,0.9298100743187449
PKLot,camera1,camera1,64,6,"(1, 3, 4, 7, 8, 9)",mult,0.9258464079273327
PKLot,camera1,camera1,64,6,"(1, 3, 4, 7, 8, 9)",vote,0.9161023947151115
PKLot,camera1,camera1,64,6,"(1, 3, 5, 6, 7, 8)",sum,0.9233691164327003
PKLot,camera1,camera1,64,6,"(1, 3, 5, 6, 7, 8)",mean_probs,0.9233691164327003
PKLot,camera1,camera1,64,6,"(1, 3, 5, 6, 7, 8)",max,0.9288191577208919
PKLot,camera1,camera1,64,6,"(1, 3, 5, 6, 7, 8)",mult,0.9260115606936417
PKLot,camera1,camera1,64,6,"(1, 3, 5, 6, 7, 8)",vote,0.9228736581337738
PKLot,camera1,camera1,64,6,"(1, 3, 5, 6, 7, 9)",sum,0.9159372419488027
PKLot,camera1,camera1,64,6,"(1, 3, 5, 6, 7, 9)",mean_probs,0.9159372419488027
PKLot,camera1,camera1,64,6,"(1, 3, 5, 6, 7, 9)",max,0.92766308835673
PKLot,camera1,camera1,64,6,"(1, 3, 5, 6, 7, 9)",mult,0.9210569777043766
PKLot,camera1,camera1,64,6,"(1, 3, 5, 6, 7, 9)",vote,0.9152766308835673
PKLot,camera1,camera1,64,6,"(1, 3, 5, 6, 8, 9)",sum,0.9096614368290669
PKLot,camera1,camera1,64,6,"(1, 3, 5, 6, 8, 9)",mean_probs,0.9096614368290669
PKLot,camera1,camera1,64,6,"(1, 3, 5, 6, 8, 9)",max,0.9151114781172585
PKLot,camera1,camera1,64,6,"(1, 3, 5, 6, 8, 9)",mult,0.911643270024773
PKLot,camera1,camera1,64,6,"(1, 3, 5, 6, 8, 9)",vote,0.9094962840627581
PKLot,camera1,camera1,64,6,"(1, 3, 5, 7, 8, 9)",sum,0.9222130470685383
PKLot,camera1,camera1,64,6,"(1, 3, 5, 7, 8, 9)",mean_probs,0.9222130470685383
PKLot,camera1,camera1,64,6,"(1, 3, 5, 7, 8, 9)",max,0.9298100743187449
PKLot,camera1,camera1,64,6,"(1, 3, 5, 7, 8, 9)",mult,0.9263418662262592
PKLot,camera1,camera1,64,6,"(1, 3, 5, 7, 8, 9)",vote,0.9208918249380678
PKLot,camera1,camera1,64,6,"(1, 3, 6, 7, 8, 9)",sum,0.9195706028075971
PKLot,camera1,camera1,64,6,"(1, 3, 6, 7, 8, 9)",mean_probs,0.9195706028075971
PKLot,camera1,camera1,64,6,"(1, 3, 6, 7, 8, 9)",max,0.9281585466556564
PKLot,camera1,camera1,64,6,"(1, 3, 6, 7, 8, 9)",mult,0.9243600330305533
PKLot,camera1,camera1,64,6,"(1, 3, 6, 7, 8, 9)",vote,0.9174236168455822
PKLot,camera1,camera1,64,6,"(1, 4, 5, 6, 7, 8)",sum,0.9205615194054501
PKLot,camera1,camera1,64,6,"(1, 4, 5, 6, 7, 8)",mean_probs,0.9205615194054501
PKLot,camera1,camera1,64,6,"(1, 4, 5, 6, 7, 8)",max,0.9299752270850536
PKLot,camera1,camera1,64,6,"(1, 4, 5, 6, 7, 8)",mult,0.9240297274979355
PKLot,camera1,camera1,64,6,"(1, 4, 5, 6, 7, 8)",vote,0.9200660611065236
PKLot,camera1,camera1,64,6,"(1, 4, 5, 6, 7, 9)",sum,0.912634186622626
PKLot,camera1,camera1,64,6,"(1, 4, 5, 6, 7, 9)",mean_probs,0.912634186622626
PKLot,camera1,camera1,64,6,"(1, 4, 5, 6, 7, 9)",max,0.9279933938893477
PKLot,camera1,camera1,64,6,"(1, 4, 5, 6, 7, 9)",mult,0.9172584640792734
PKLot,camera1,camera1,64,6,"(1, 4, 5, 6, 7, 9)",vote,0.9103220478943023
PKLot,camera1,camera1,64,6,"(1, 4, 5, 6, 8, 9)",sum,0.9066886870355079
PKLot,camera1,camera1,64,6,"(1, 4, 5, 6, 8, 9)",mean_probs,0.9066886870355079
PKLot,camera1,camera1,64,6,"(1, 4, 5, 6, 8, 9)",max,0.9144508670520232
PKLot,camera1,camera1,64,6,"(1, 4, 5, 6, 8, 9)",mult,0.9080099091659786
PKLot,camera1,camera1,64,6,"(1, 4, 5, 6, 8, 9)",vote,0.9052023121387284
PKLot,camera1,camera1,64,6,"(1, 4, 5, 7, 8, 9)",sum,0.9149463253509497
PKLot,camera1,camera1,64,6,"(1, 4, 5, 7, 8, 9)",mean_probs,0.9149463253509497
PKLot,camera1,camera1,64,6,"(1, 4, 5, 7, 8, 9)",max,0.931626754748142
PKLot,camera1,camera1,64,6,"(1, 4, 5, 7, 8, 9)",mult,0.922708505367465
PKLot,camera1,camera1,64,6,"(1, 4, 5, 7, 8, 9)",vote,0.9121387283236995
PKLot,camera1,camera1,64,6,"(1, 4, 6, 7, 8, 9)",sum,0.9149463253509497
PKLot,camera1,camera1,64,6,"(1, 4, 6, 7, 8, 9)",mean_probs,0.9149463253509497
PKLot,camera1,camera1,64,6,"(1, 4, 6, 7, 8, 9)",max,0.9288191577208919
PKLot,camera1,camera1,64,6,"(1, 4, 6, 7, 8, 9)",mult,0.9232039636663915
PKLot,camera1,camera1,64,6,"(1, 4, 6, 7, 8, 9)",vote,0.9121387283236995
PKLot,camera1,camera1,64,6,"(1, 5, 6, 7, 8, 9)",sum,0.9190751445086706
PKLot,camera1,camera1,64,6,"(1, 5, 6, 7, 8, 9)",mean_probs,0.9190751445086706
PKLot,camera1,camera1,64,6,"(1, 5, 6, 7, 8, 9)",max,0.9293146160198184
PKLot,camera1,camera1,64,6,"(1, 5, 6, 7, 8, 9)",mult,0.923699421965318
PKLot,camera1,camera1,64,6,"(1, 5, 6, 7, 8, 9)",vote,0.9172584640792734
PKLot,camera1,camera1,64,6,"(2, 3, 4, 5, 6, 7)",sum,0.924525185796862
PKLot,camera1,camera1,64,6,"(2, 3, 4, 5, 6, 7)",mean_probs,0.924525185796862
PKLot,camera1,camera1,64,6,"(2, 3, 4, 5, 6, 7)",max,0.9298100743187449
PKLot,camera1,camera1,64,6,"(2, 3, 4, 5, 6, 7)",mult,0.9281585466556564
PKLot,camera1,camera1,64,6,"(2, 3, 4, 5, 6, 7)",vote,0.9230388109000826
PKLot,camera1,camera1,64,6,"(2, 3, 4, 5, 6, 8)",sum,0.9187448389760529
PKLot,camera1,camera1,64,6,"(2, 3, 4, 5, 6, 8)",mean_probs,0.9187448389760529
PKLot,camera1,camera1,64,6,"(2, 3, 4, 5, 6, 8)",max,0.9170933113129645
PKLot,camera1,camera1,64,6,"(2, 3, 4, 5, 6, 8)",mult,0.9195706028075971
PKLot,camera1,camera1,64,6,"(2, 3, 4, 5, 6, 8)",vote,0.9184145334434352
PKLot,camera1,camera1,64,6,"(2, 3, 4, 5, 6, 9)",sum,0.9083402146985962
PKLot,camera1,camera1,64,6,"(2, 3, 4, 5, 6, 9)",mean_probs,0.9083402146985962
PKLot,camera1,camera1,64,6,"(2, 3, 4, 5, 6, 9)",max,0.9081750619322874
PKLot,camera1,camera1,64,6,"(2, 3, 4, 5, 6, 9)",mult,0.9094962840627581
PKLot,camera1,camera1,64,6,"(2, 3, 4, 5, 6, 9)",vote,0.9099917423616846
PKLot,camera1,camera1,64,6,"(2, 3, 4, 5, 7, 8)",sum,0.9273327828241124
PKLot,camera1,camera1,64,6,"(2, 3, 4, 5, 7, 8)",mean_probs,0.9273327828241124
PKLot,camera1,camera1,64,6,"(2, 3, 4, 5, 7, 8)",max,0.931626754748142
PKLot,camera1,camera1,64,6,"(2, 3, 4, 5, 7, 8)",mult,0.929644921552436
PKLot,camera1,camera1,64,6,"(2, 3, 4, 5, 7, 8)",vote,0.9265070189925682
PKLot,camera1,camera1,64,6,"(2, 3, 4, 5, 7, 9)",sum,0.9212221304706854
PKLot,camera1,camera1,64,6,"(2, 3, 4, 5, 7, 9)",mean_probs,0.9212221304706854
PKLot,camera1,camera1,64,6,"(2, 3, 4, 5, 7, 9)",max,0.930635838150289
PKLot,camera1,camera1,64,6,"(2, 3, 4, 5, 7, 9)",mult,0.9265070189925682
PKLot,camera1,camera1,64,6,"(2, 3, 4, 5, 7, 9)",vote,0.9197357555739059
PKLot,camera1,camera1,64,6,"(2, 3, 4, 5, 8, 9)",sum,0.9154417836498762
PKLot,camera1,camera1,64,6,"(2, 3, 4, 5, 8, 9)",mean_probs,0.9154417836498762
PKLot,camera1,camera1,64,6,"(2, 3, 4, 5, 8, 9)",max,0.9184145334434352
PKLot,camera1,camera1,64,6,"(2, 3, 4, 5, 8, 9)",mult,0.9180842279108175
PKLot,camera1,camera1,64,6,"(2, 3, 4, 5, 8, 9)",vote,0.9141205615194055
PKLot,camera1,camera1,64,6,"(2, 3, 4, 6, 7, 8)",sum,0.9255161023947152
PKLot,camera1,camera1,64,6,"(2, 3, 4, 6, 7, 8)",mean_probs,0.9255161023947152
PKLot,camera1,camera1,64,6,"(2, 3, 4, 6, 7, 8)",max,0.9298100743187449
PKLot,camera1,camera1,64,6,"(2, 3, 4, 6, 7, 8)",mult,0.9284888521882741
PKLot,camera1,camera1,64,6,"(2, 3, 4, 6, 7, 8)",vote,0.9241948802642445
PKLot,camera1,camera1,64,6,"(2, 3, 4, 6, 7, 9)",sum,0.9194054500412882
PKLot,camera1,camera1,64,6,"(2, 3, 4, 6, 7, 9)",mean_probs,0.9194054500412882
PKLot,camera1,camera1,64,6,"(2, 3, 4, 6, 7, 9)",max,0.9289843104872006
PKLot,camera1,camera1,64,6,"(2, 3, 4, 6, 7, 9)",mult,0.923699421965318
PKLot,camera1,camera1,64,6,"(2, 3, 4, 6, 7, 9)",vote,0.9159372419488027
PKLot,camera1,camera1,64,6,"(2, 3, 4, 6, 8, 9)",sum,0.9119735755573906
PKLot,camera1,camera1,64,6,"(2, 3, 4, 6, 8, 9)",mean_probs,0.9119735755573906
PKLot,camera1,camera1,64,6,"(2, 3, 4, 6, 8, 9)",max,0.9170933113129645
PKLot,camera1,camera1,64,6,"(2, 3, 4, 6, 8, 9)",mult,0.9141205615194055
PKLot,camera1,camera1,64,6,"(2, 3, 4, 6, 8, 9)",vote,0.9114781172584641
PKLot,camera1,camera1,64,6,"(2, 3, 4, 7, 8, 9)",sum,0.9240297274979355
PKLot,camera1,camera1,64,6,"(2, 3, 4, 7, 8, 9)",mean_probs,0.9240297274979355
PKLot,camera1,camera1,64,6,"(2, 3, 4, 7, 8, 9)",max,0.9321222130470685
PKLot,camera1,camera1,64,6,"(2, 3, 4, 7, 8, 9)",mult,0.9283236994219654
PKLot,camera1,camera1,64,6,"(2, 3, 4, 7, 8, 9)",vote,0.9220478943022296
PKLot,camera1,camera1,64,6,"(2, 3, 5, 6, 7, 8)",sum,0.9271676300578034
PKLot,camera1,camera1,64,6,"(2, 3, 5, 6, 7, 8)",mean_probs,0.9271676300578034
PKLot,camera1,camera1,64,6,"(2, 3, 5, 6, 7, 8)",max,0.9301403798513626
PKLot,camera1,camera1,64,6,"(2, 3, 5, 6, 7, 8)",mult,0.9289843104872006
PKLot,camera1,camera1,64,6,"(2, 3, 5, 6, 7, 8)",vote,0.9263418662262592
PKLot,camera1,camera1,64,6,"(2, 3, 5, 6, 7, 9)",sum,0.9223781998348473
PKLot,camera1,camera1,64,6,"(2, 3, 5, 6, 7, 9)",mean_probs,0.9223781998348473
PKLot,camera1,camera1,64,6,"(2, 3, 5, 6, 7, 9)",max,0.9298100743187449
PKLot,camera1,camera1,64,6,"(2, 3, 5, 6, 7, 9)",mult,0.9260115606936417
PKLot,camera1,camera1,64,6,"(2, 3, 5, 6, 7, 9)",vote,0.9213872832369943
PKLot,camera1,camera1,64,6,"(2, 3, 5, 6, 8, 9)",sum,0.9167630057803469
PKLot,camera1,camera1,64,6,"(2, 3, 5, 6, 8, 9)",mean_probs,0.9167630057803469
PKLot,camera1,camera1,64,6,"(2, 3, 5, 6, 8, 9)",max,0.9174236168455822
PKLot,camera1,camera1,64,6,"(2, 3, 5, 6, 8, 9)",mult,0.9187448389760529
PKLot,camera1,camera1,64,6,"(2, 3, 5, 6, 8, 9)",vote,0.9162675474814204
PKLot,camera1,camera1,64,6,"(2, 3, 5, 7, 8, 9)",sum,0.925681255161024
PKLot,camera1,camera1,64,6,"(2, 3, 5, 7, 8, 9)",mean_probs,0.925681255161024
PKLot,camera1,camera1,64,6,"(2, 3, 5, 7, 8, 9)",max,0.9317919075144508
PKLot,camera1,camera1,64,6,"(2, 3, 5, 7, 8, 9)",mult,0.9294797687861271
PKLot,camera1,camera1,64,6,"(2, 3, 5, 7, 8, 9)",vote,0.925681255161024
PKLot,camera1,camera1,64,6,"(2, 3, 6, 7, 8, 9)",sum,0.9241948802642445
PKLot,camera1,camera1,64,6,"(2, 3, 6, 7, 8, 9)",mean_probs,0.9241948802642445
PKLot,camera1,camera1,64,6,"(2, 3, 6, 7, 8, 9)",max,0.9298100743187449
PKLot,camera1,camera1,64,6,"(2, 3, 6, 7, 8, 9)",mult,0.9273327828241124
PKLot,camera1,camera1,64,6,"(2, 3, 6, 7, 8, 9)",vote,0.9230388109000826
PKLot,camera1,camera1,64,6,"(2, 4, 5, 6, 7, 8)",sum,0.9260115606936417
PKLot,camera1,camera1,64,6,"(2, 4, 5, 6, 7, 8)",mean_probs,0.9260115606936417
PKLot,camera1,camera1,64,6,"(2, 4, 5, 6, 7, 8)",max,0.9308009909165978
PKLot,camera1,camera1,64,6,"(2, 4, 5, 6, 7, 8)",mult,0.9284888521882741
PKLot,camera1,camera1,64,6,"(2, 4, 5, 6, 7, 8)",vote,0.9250206440957887
PKLot,camera1,camera1,64,6,"(2, 4, 5, 6, 7, 9)",sum,0.9169281585466557
PKLot,camera1,camera1,64,6,"(2, 4, 5, 6, 7, 9)",mean_probs,0.9169281585466557
PKLot,camera1,camera1,64,6,"(2, 4, 5, 6, 7, 9)",max,0.9294797687861271
PKLot,camera1,camera1,64,6,"(2, 4, 5, 6, 7, 9)",mult,0.9220478943022296
PKLot,camera1,camera1,64,6,"(2, 4, 5, 6, 7, 9)",vote,0.9152766308835673
PKLot,camera1,camera1,64,6,"(2, 4, 5, 6, 8, 9)",sum,0.9123038810900083
PKLot,camera1,camera1,64,6,"(2, 4, 5, 6, 8, 9)",mean_probs,0.9123038810900083
PKLot,camera1,camera1,64,6,"(2, 4, 5, 6, 8, 9)",max,0.9174236168455822
PKLot,camera1,camera1,64,6,"(2, 4, 5, 6, 8, 9)",mult,0.913625103220479
PKLot,camera1,camera1,64,6,"(2, 4, 5, 6, 8, 9)",vote,0.9124690338563171
PKLot,camera1,camera1,64,6,"(2, 4, 5, 7, 8, 9)",sum,0.923534269199009
PKLot,camera1,camera1,64,6,"(2, 4, 5, 7, 8, 9)",mean_probs,0.923534269199009
PKLot,camera1,camera1,64,6,"(2, 4, 5, 7, 8, 9)",max,0.9324525185796863
PKLot,camera1,camera1,64,6,"(2, 4, 5, 7, 8, 9)",mult,0.92766308835673
PKLot,camera1,camera1,64,6,"(2, 4, 5, 7, 8, 9)",vote,0.9205615194054501
PKLot,camera1,camera1,64,6,"(2, 4, 6, 7, 8, 9)",sum,0.9223781998348473
PKLot,camera1,camera1,64,6,"(2, 4, 6, 7, 8, 9)",mean_probs,0.9223781998348473
PKLot,camera1,camera1,64,6,"(2, 4, 6, 7, 8, 9)",max,0.9304706853839801
PKLot,camera1,camera1,64,6,"(2, 4, 6, 7, 8, 9)",mult,0.9250206440957887
PKLot,camera1,camera1,64,6,"(2, 4, 6, 7, 8, 9)",vote,0.9210569777043766
PKLot,camera1,camera1,64,6,"(2, 5, 6, 7, 8, 9)",sum,0.924525185796862
PKLot,camera1,camera1,64,6,"(2, 5, 6, 7, 8, 9)",mean_probs,0.924525185796862
PKLot,camera1,camera1,64,6,"(2, 5, 6, 7, 8, 9)",max,0.9299752270850536
PKLot,camera1,camera1,64,6,"(2, 5, 6, 7, 8, 9)",mult,0.9268373245251857
PKLot,camera1,camera1,64,6,"(2, 5, 6, 7, 8, 9)",vote,0.923699421965318
PKLot,camera1,camera1,64,6,"(3, 4, 5, 6, 7, 8)",sum,0.9243600330305533
PKLot,camera1,camera1,64,6,"(3, 4, 5, 6, 7, 8)",mean_probs,0.9243600330305533
PKLot,camera1,camera1,64,6,"(3, 4, 5, 6, 7, 8)",max,0.9293146160198184
PKLot,camera1,camera1,64,6,"(3, 4, 5, 6, 7, 8)",mult,0.9278282411230389
PKLot,camera1,camera1,64,6,"(3, 4, 5, 6, 7, 8)",vote,0.921552436003303
PKLot,camera1,camera1,64,6,"(3, 4, 5, 6, 7, 9)",sum,0.9147811725846408
PKLot,camera1,camera1,64,6,"(3, 4, 5, 6, 7, 9)",mean_probs,0.9147811725846408
PKLot,camera1,camera1,64,6,"(3, 4, 5, 6, 7, 9)",max,0.9289843104872006
PKLot,camera1,camera1,64,6,"(3, 4, 5, 6, 7, 9)",mult,0.9213872832369943
PKLot,camera1,camera1,64,6,"(3, 4, 5, 6, 7, 9)",vote,0.9131296449215525
PKLot,camera1,camera1,64,6,"(3, 4, 5, 6, 8, 9)",sum,0.9103220478943023
PKLot,camera1,camera1,64,6,"(3, 4, 5, 6, 8, 9)",mean_probs,0.9103220478943023
PKLot,camera1,camera1,64,6,"(3, 4, 5, 6, 8, 9)",max,0.9142857142857143
PKLot,camera1,camera1,64,6,"(3, 4, 5, 6, 8, 9)",mult,0.9113129644921553
PKLot,camera1,camera1,64,6,"(3, 4, 5, 6, 8, 9)",vote,0.9098265895953758
PKLot,camera1,camera1,64,6,"(3, 4, 5, 7, 8, 9)",sum,0.9210569777043766
PKLot,camera1,camera1,64,6,"(3, 4, 5, 7, 8, 9)",mean_probs,0.9210569777043766
PKLot,camera1,camera1,64,6,"(3, 4, 5, 7, 8, 9)",max,0.9308009909165978
PKLot,camera1,camera1,64,6,"(3, 4, 5, 7, 8, 9)",mult,0.9274979355904212
PKLot,camera1,camera1,64,6,"(3, 4, 5, 7, 8, 9)",vote,0.9177539223781999
PKLot,camera1,camera1,64,6,"(3, 4, 6, 7, 8, 9)",sum,0.9189099917423617
PKLot,camera1,camera1,64,6,"(3, 4, 6, 7, 8, 9)",mean_probs,0.9189099917423617
PKLot,camera1,camera1,64,6,"(3, 4, 6, 7, 8, 9)",max,0.9294797687861271
PKLot,camera1,camera1,64,6,"(3, 4, 6, 7, 8, 9)",mult,0.9251857968620975
PKLot,camera1,camera1,64,6,"(3, 4, 6, 7, 8, 9)",vote,0.9149463253509497
PKLot,camera1,camera1,64,6,"(3, 5, 6, 7, 8, 9)",sum,0.9223781998348473
PKLot,camera1,camera1,64,6,"(3, 5, 6, 7, 8, 9)",mean_probs,0.9223781998348473
PKLot,camera1,camera1,64,6,"(3, 5, 6, 7, 8, 9)",max,0.9294797687861271
PKLot,camera1,camera1,64,6,"(3, 5, 6, 7, 8, 9)",mult,0.9261767134599505
PKLot,camera1,camera1,64,6,"(3, 5, 6, 7, 8, 9)",vote,0.9185796862097441
PKLot,camera1,camera1,64,6,"(4, 5, 6, 7, 8, 9)",sum,0.9169281585466557
PKLot,camera1,camera1,64,6,"(4, 5, 6, 7, 8, 9)",mean_probs,0.9169281585466557
PKLot,camera1,camera1,64,6,"(4, 5, 6, 7, 8, 9)",max,0.929644921552436
PKLot,camera1,camera1,64,6,"(4, 5, 6, 7, 8, 9)",mult,0.923699421965318
PKLot,camera1,camera1,64,6,"(4, 5, 6, 7, 8, 9)",vote,0.9139554087530967
PKLot,camera1,camera1,64,7,"(0, 1, 2, 3, 4, 5, 6)",sum,0.9172584640792734
PKLot,camera1,camera1,64,7,"(0, 1, 2, 3, 4, 5, 6)",mean_probs,0.9172584640792734
PKLot,camera1,camera1,64,7,"(0, 1, 2, 3, 4, 5, 6)",max,0.9129644921552436
PKLot,camera1,camera1,64,7,"(0, 1, 2, 3, 4, 5, 6)",mult,0.9189099917423617
PKLot,camera1,camera1,64,7,"(0, 1, 2, 3, 4, 5, 6)",vote,0.9172584640792734
PKLot,camera1,camera1,64,7,"(0, 1, 2, 3, 4, 5, 7)",sum,0.9255161023947152
PKLot,camera1,camera1,64,7,"(0, 1, 2, 3, 4, 5, 7)",mean_probs,0.9255161023947152
PKLot,camera1,camera1,64,7,"(0, 1, 2, 3, 4, 5, 7)",max,0.9291494632535094
PKLot,camera1,camera1,64,7,"(0, 1, 2, 3, 4, 5, 7)",mult,0.9283236994219654
PKLot,camera1,camera1,64,7,"(0, 1, 2, 3, 4, 5, 7)",vote,0.924690338563171
PKLot,camera1,camera1,64,7,"(0, 1, 2, 3, 4, 5, 8)",sum,0.9220478943022296
PKLot,camera1,camera1,64,7,"(0, 1, 2, 3, 4, 5, 8)",mean_probs,0.9220478943022296
PKLot,camera1,camera1,64,7,"(0, 1, 2, 3, 4, 5, 8)",max,0.9189099917423617
PKLot,camera1,camera1,64,7,"(0, 1, 2, 3, 4, 5, 8)",mult,0.922708505367465
PKLot,camera1,camera1,64,7,"(0, 1, 2, 3, 4, 5, 8)",vote,0.9228736581337738
PKLot,camera1,camera1,64,7,"(0, 1, 2, 3, 4, 5, 9)",sum,0.914616019818332
PKLot,camera1,camera1,64,7,"(0, 1, 2, 3, 4, 5, 9)",mean_probs,0.914616019818332
PKLot,camera1,camera1,64,7,"(0, 1, 2, 3, 4, 5, 9)",max,0.9137902559867878
PKLot,camera1,camera1,64,7,"(0, 1, 2, 3, 4, 5, 9)",mult,0.9152766308835673
PKLot,camera1,camera1,64,7,"(0, 1, 2, 3, 4, 5, 9)",vote,0.9147811725846408
PKLot,camera1,camera1,64,7,"(0, 1, 2, 3, 4, 6, 7)",sum,0.9238645747316268
PKLot,camera1,camera1,64,7,"(0, 1, 2, 3, 4, 6, 7)",mean_probs,0.9238645747316268
PKLot,camera1,camera1,64,7,"(0, 1, 2, 3, 4, 6, 7)",max,0.9278282411230389
PKLot,camera1,camera1,64,7,"(0, 1, 2, 3, 4, 6, 7)",mult,0.9265070189925682
PKLot,camera1,camera1,64,7,"(0, 1, 2, 3, 4, 6, 7)",vote,0.9203963666391412
PKLot,camera1,camera1,64,7,"(0, 1, 2, 3, 4, 6, 8)",sum,0.9210569777043766
PKLot,camera1,camera1,64,7,"(0, 1, 2, 3, 4, 6, 8)",mean_probs,0.9210569777043766
PKLot,camera1,camera1,64,7,"(0, 1, 2, 3, 4, 6, 8)",max,0.9180842279108175
PKLot,camera1,camera1,64,7,"(0, 1, 2, 3, 4, 6, 8)",mult,0.9208918249380678
PKLot,camera1,camera1,64,7,"(0, 1, 2, 3, 4, 6, 8)",vote,0.9177539223781999
PKLot,camera1,camera1,64,7,"(0, 1, 2, 3, 4, 6, 9)",sum,0.9114781172584641
PKLot,camera1,camera1,64,7,"(0, 1, 2, 3, 4, 6, 9)",mean_probs,0.9114781172584641
PKLot,camera1,camera1,64,7,"(0, 1, 2, 3, 4, 6, 9)",max,0.9124690338563171
PKLot,camera1,camera1,64,7,"(0, 1, 2, 3, 4, 6, 9)",mult,0.9127993393889348
PKLot,camera1,camera1,64,7,"(0, 1, 2, 3, 4, 6, 9)",vote,0.9109826589595376
PKLot,camera1,camera1,64,7,"(0, 1, 2, 3, 4, 7, 8)",sum,0.9293146160198184
PKLot,camera1,camera1,64,7,"(0, 1, 2, 3, 4, 7, 8)",mean_probs,0.9293146160198184
PKLot,camera1,camera1,64,7,"(0, 1, 2, 3, 4, 7, 8)",max,0.9304706853839801
PKLot,camera1,camera1,64,7,"(0, 1, 2, 3, 4, 7, 8)",mult,0.9301403798513626
PKLot,camera1,camera1,64,7,"(0, 1, 2, 3, 4, 7, 8)",vote,0.9278282411230389
PKLot,camera1,camera1,64,7,"(0, 1, 2, 3, 4, 7, 9)",sum,0.9220478943022296
PKLot,camera1,camera1,64,7,"(0, 1, 2, 3, 4, 7, 9)",mean_probs,0.9220478943022296
PKLot,camera1,camera1,64,7,"(0, 1, 2, 3, 4, 7, 9)",max,0.9294797687861271
PKLot,camera1,camera1,64,7,"(0, 1, 2, 3, 4, 7, 9)",mult,0.926672171758877
PKLot,camera1,camera1,64,7,"(0, 1, 2, 3, 4, 7, 9)",vote,0.9197357555739059
PKLot,camera1,camera1,64,7,"(0, 1, 2, 3, 4, 8, 9)",sum,0.9182493806771264
PKLot,camera1,camera1,64,7,"(0, 1, 2, 3, 4, 8, 9)",mean_probs,0.9182493806771264
PKLot,camera1,camera1,64,7,"(0, 1, 2, 3, 4, 8, 9)",max,0.9194054500412882
PKLot,camera1,camera1,64,7,"(0, 1, 2, 3, 4, 8, 9)",mult,0.9199009083402147
PKLot,camera1,camera1,64,7,"(0, 1, 2, 3, 4, 8, 9)",vote,0.914616019818332
PKLot,camera1,camera1,64,7,"(0, 1, 2, 3, 5, 6, 7)",sum,0.9250206440957887
PKLot,camera1,camera1,64,7,"(0, 1, 2, 3, 5, 6, 7)",mean_probs,0.9250206440957887
PKLot,camera1,camera1,64,7,"(0, 1, 2, 3, 5, 6, 7)",max,0.9284888521882741
PKLot,camera1,camera1,64,7,"(0, 1, 2, 3, 5, 6, 7)",mult,0.9263418662262592
PKLot,camera1,camera1,64,7,"(0, 1, 2, 3, 5, 6, 7)",vote,0.9232039636663915
PKLot,camera1,camera1,64,7,"(0, 1, 2, 3, 5, 6, 8)",sum,0.922543352601156
PKLot,camera1,camera1,64,7,"(0, 1, 2, 3, 5, 6, 8)",mean_probs,0.922543352601156
PKLot,camera1,camera1,64,7,"(0, 1, 2, 3, 5, 6, 8)",max,0.9203963666391412
PKLot,camera1,camera1,64,7,"(0, 1, 2, 3, 5, 6, 8)",mult,0.9223781998348473
PKLot,camera1,camera1,64,7,"(0, 1, 2, 3, 5, 6, 8)",vote,0.9218827415359208
PKLot,camera1,camera1,64,7,"(0, 1, 2, 3, 5, 6, 9)",sum,0.9164327002477292
PKLot,camera1,camera1,64,7,"(0, 1, 2, 3, 5, 6, 9)",mean_probs,0.9164327002477292
PKLot,camera1,camera1,64,7,"(0, 1, 2, 3, 5, 6, 9)",max,0.9139554087530967
PKLot,camera1,camera1,64,7,"(0, 1, 2, 3, 5, 6, 9)",mult,0.916597853014038
PKLot,camera1,camera1,64,7,"(0, 1, 2, 3, 5, 6, 9)",vote,0.914616019818332
PKLot,camera1,camera1,64,7,"(0, 1, 2, 3, 5, 7, 8)",sum,0.9299752270850536
PKLot,camera1,camera1,64,7,"(0, 1, 2, 3, 5, 7, 8)",mean_probs,0.9299752270850536
PKLot,camera1,camera1,64,7,"(0, 1, 2, 3, 5, 7, 8)",max,0.9308009909165978
PKLot,camera1,camera1,64,7,"(0, 1, 2, 3, 5, 7, 8)",mult,0.9308009909165978
PKLot,camera1,camera1,64,7,"(0, 1, 2, 3, 5, 7, 8)",vote,0.9289843104872006
PKLot,camera1,camera1,64,7,"(0, 1, 2, 3, 5, 7, 9)",sum,0.924525185796862
PKLot,camera1,camera1,64,7,"(0, 1, 2, 3, 5, 7, 9)",mean_probs,0.924525185796862
PKLot,camera1,camera1,64,7,"(0, 1, 2, 3, 5, 7, 9)",max,0.9289843104872006
PKLot,camera1,camera1,64,7,"(0, 1, 2, 3, 5, 7, 9)",mult,0.9271676300578034
PKLot,camera1,camera1,64,7,"(0, 1, 2, 3, 5, 7, 9)",vote,0.9232039636663915
PKLot,camera1,camera1,64,7,"(0, 1, 2, 3, 5, 8, 9)",sum,0.9212221304706854
PKLot,camera1,camera1,64,7,"(0, 1, 2, 3, 5, 8, 9)",mean_probs,0.9212221304706854
PKLot,camera1,camera1,64,7,"(0, 1, 2, 3, 5, 8, 9)",max,0.9194054500412882
PKLot,camera1,camera1,64,7,"(0, 1, 2, 3, 5, 8, 9)",mult,0.9220478943022296
PKLot,camera1,camera1,64,7,"(0, 1, 2, 3, 5, 8, 9)",vote,0.9195706028075971
PKLot,camera1,camera1,64,7,"(0, 1, 2, 3, 6, 7, 8)",sum,0.9283236994219654
PKLot,camera1,camera1,64,7,"(0, 1, 2, 3, 6, 7, 8)",mean_probs,0.9283236994219654
PKLot,camera1,camera1,64,7,"(0, 1, 2, 3, 6, 7, 8)",max,0.9289843104872006
PKLot,camera1,camera1,64,7,"(0, 1, 2, 3, 6, 7, 8)",mult,0.9294797687861271
PKLot,camera1,camera1,64,7,"(0, 1, 2, 3, 6, 7, 8)",vote,0.9250206440957887
PKLot,camera1,camera1,64,7,"(0, 1, 2, 3, 6, 7, 9)",sum,0.9228736581337738
PKLot,camera1,camera1,64,7,"(0, 1, 2, 3, 6, 7, 9)",mean_probs,0.9228736581337738
PKLot,camera1,camera1,64,7,"(0, 1, 2, 3, 6, 7, 9)",max,0.9279933938893477
PKLot,camera1,camera1,64,7,"(0, 1, 2, 3, 6, 7, 9)",mult,0.9260115606936417
PKLot,camera1,camera1,64,7,"(0, 1, 2, 3, 6, 7, 9)",vote,0.9179190751445087
PKLot,camera1,camera1,64,7,"(0, 1, 2, 3, 6, 8, 9)",sum,0.9197357555739059
PKLot,camera1,camera1,64,7,"(0, 1, 2, 3, 6, 8, 9)",mean_probs,0.9197357555739059
PKLot,camera1,camera1,64,7,"(0, 1, 2, 3, 6, 8, 9)",max,0.9185796862097441
PKLot,camera1,camera1,64,7,"(0, 1, 2, 3, 6, 8, 9)",mult,0.9192402972749794
PKLot,camera1,camera1,64,7,"(0, 1, 2, 3, 6, 8, 9)",vote,0.915606936416185
PKLot,camera1,camera1,64,7,"(0, 1, 2, 3, 7, 8, 9)",sum,0.9273327828241124
PKLot,camera1,camera1,64,7,"(0, 1, 2, 3, 7, 8, 9)",mean_probs,0.9273327828241124
PKLot,camera1,camera1,64,7,"(0, 1, 2, 3, 7, 8, 9)",max,0.9301403798513626
PKLot,camera1,camera1,64,7,"(0, 1, 2, 3, 7, 8, 9)",mult,0.9291494632535094
PKLot,camera1,camera1,64,7,"(0, 1, 2, 3, 7, 8, 9)",vote,0.9241948802642445
PKLot,camera1,camera1,64,7,"(0, 1, 2, 4, 5, 6, 7)",sum,0.9238645747316268
PKLot,camera1,camera1,64,7,"(0, 1, 2, 4, 5, 6, 7)",mean_probs,0.9238645747316268
PKLot,camera1,camera1,64,7,"(0, 1, 2, 4, 5, 6, 7)",max,0.9298100743187449
PKLot,camera1,camera1,64,7,"(0, 1, 2, 4, 5, 6, 7)",mult,0.9261767134599505
PKLot,camera1,camera1,64,7,"(0, 1, 2, 4, 5, 6, 7)",vote,0.9213872832369943
PKLot,camera1,camera1,64,7,"(0, 1, 2, 4, 5, 6, 8)",sum,0.9197357555739059
PKLot,camera1,camera1,64,7,"(0, 1, 2, 4, 5, 6, 8)",mean_probs,0.9197357555739059
PKLot,camera1,camera1,64,7,"(0, 1, 2, 4, 5, 6, 8)",max,0.9197357555739059
PKLot,camera1,camera1,64,7,"(0, 1, 2, 4, 5, 6, 8)",mult,0.9199009083402147
PKLot,camera1,camera1,64,7,"(0, 1, 2, 4, 5, 6, 8)",vote,0.9189099917423617
PKLot,camera1,camera1,64,7,"(0, 1, 2, 4, 5, 6, 9)",sum,0.913625103220479
PKLot,camera1,camera1,64,7,"(0, 1, 2, 4, 5, 6, 9)",mean_probs,0.913625103220479
PKLot,camera1,camera1,64,7,"(0, 1, 2, 4, 5, 6, 9)",max,0.9159372419488027
PKLot,camera1,camera1,64,7,"(0, 1, 2, 4, 5, 6, 9)",mult,0.91345995045417
PKLot,camera1,camera1,64,7,"(0, 1, 2, 4, 5, 6, 9)",vote,0.9147811725846408
PKLot,camera1,camera1,64,7,"(0, 1, 2, 4, 5, 7, 8)",sum,0.9293146160198184
PKLot,camera1,camera1,64,7,"(0, 1, 2, 4, 5, 7, 8)",mean_probs,0.9293146160198184
PKLot,camera1,camera1,64,7,"(0, 1, 2, 4, 5, 7, 8)",max,0.9327828241123038
PKLot,camera1,camera1,64,7,"(0, 1, 2, 4, 5, 7, 8)",mult,0.930635838150289
PKLot,camera1,camera1,64,7,"(0, 1, 2, 4, 5, 7, 8)",vote,0.9271676300578034
PKLot,camera1,camera1,64,7,"(0, 1, 2, 4, 5, 7, 9)",sum,0.9210569777043766
PKLot,camera1,camera1,64,7,"(0, 1, 2, 4, 5, 7, 9)",mean_probs,0.9210569777043766
PKLot,camera1,camera1,64,7,"(0, 1, 2, 4, 5, 7, 9)",max,0.9304706853839801
PKLot,camera1,camera1,64,7,"(0, 1, 2, 4, 5, 7, 9)",mult,0.9243600330305533
PKLot,camera1,camera1,64,7,"(0, 1, 2, 4, 5, 7, 9)",vote,0.9187448389760529
PKLot,camera1,camera1,64,7,"(0, 1, 2, 4, 5, 8, 9)",sum,0.9172584640792734
PKLot,camera1,camera1,64,7,"(0, 1, 2, 4, 5, 8, 9)",mean_probs,0.9172584640792734
PKLot,camera1,camera1,64,7,"(0, 1, 2, 4, 5, 8, 9)",max,0.9197357555739059
PKLot,camera1,camera1,64,7,"(0, 1, 2, 4, 5, 8, 9)",mult,0.9179190751445087
PKLot,camera1,camera1,64,7,"(0, 1, 2, 4, 5, 8, 9)",vote,0.9154417836498762
PKLot,camera1,camera1,64,7,"(0, 1, 2, 4, 6, 7, 8)",sum,0.9283236994219654
PKLot,camera1,camera1,64,7,"(0, 1, 2, 4, 6, 7, 8)",mean_probs,0.9283236994219654
PKLot,camera1,camera1,64,7,"(0, 1, 2, 4, 6, 7, 8)",max,0.9308009909165978
PKLot,camera1,camera1,64,7,"(0, 1, 2, 4, 6, 7, 8)",mult,0.9294797687861271
PKLot,camera1,camera1,64,7,"(0, 1, 2, 4, 6, 7, 8)",vote,0.9261767134599505
PKLot,camera1,camera1,64,7,"(0, 1, 2, 4, 6, 7, 9)",sum,0.9195706028075971
PKLot,camera1,camera1,64,7,"(0, 1, 2, 4, 6, 7, 9)",mean_probs,0.9195706028075971
PKLot,camera1,camera1,64,7,"(0, 1, 2, 4, 6, 7, 9)",max,0.9289843104872006
PKLot,camera1,camera1,64,7,"(0, 1, 2, 4, 6, 7, 9)",mult,0.922708505367465
PKLot,camera1,camera1,64,7,"(0, 1, 2, 4, 6, 7, 9)",vote,0.9170933113129645
PKLot,camera1,camera1,64,7,"(0, 1, 2, 4, 6, 8, 9)",sum,0.9157720891824938
PKLot,camera1,camera1,64,7,"(0, 1, 2, 4, 6, 8, 9)",mean_probs,0.9157720891824938
PKLot,camera1,camera1,64,7,"(0, 1, 2, 4, 6, 8, 9)",max,0.9197357555739059
PKLot,camera1,camera1,64,7,"(0, 1, 2, 4, 6, 8, 9)",mult,0.917588769611891
PKLot,camera1,camera1,64,7,"(0, 1, 2, 4, 6, 8, 9)",vote,0.9127993393889348
PKLot,camera1,camera1,64,7,"(0, 1, 2, 4, 7, 8, 9)",sum,0.9243600330305533
PKLot,camera1,camera1,64,7,"(0, 1, 2, 4, 7, 8, 9)",mean_probs,0.9243600330305533
PKLot,camera1,camera1,64,7,"(0, 1, 2, 4, 7, 8, 9)",max,0.9329479768786128
PKLot,camera1,camera1,64,7,"(0, 1, 2, 4, 7, 8, 9)",mult,0.9278282411230389
PKLot,camera1,camera1,64,7,"(0, 1, 2, 4, 7, 8, 9)",vote,0.9230388109000826
PKLot,camera1,camera1,64,7,"(0, 1, 2, 5, 6, 7, 8)",sum,0.9289843104872006
PKLot,camera1,camera1,64,7,"(0, 1, 2, 5, 6, 7, 8)",mean_probs,0.9289843104872006
PKLot,camera1,camera1,64,7,"(0, 1, 2, 5, 6, 7, 8)",max,0.9309661436829066
PKLot,camera1,camera1,64,7,"(0, 1, 2, 5, 6, 7, 8)",mult,0.9293146160198184
PKLot,camera1,camera1,64,7,"(0, 1, 2, 5, 6, 7, 8)",vote,0.9273327828241124
PKLot,camera1,camera1,64,7,"(0, 1, 2, 5, 6, 7, 9)",sum,0.9218827415359208
PKLot,camera1,camera1,64,7,"(0, 1, 2, 5, 6, 7, 9)",mean_probs,0.9218827415359208
PKLot,camera1,camera1,64,7,"(0, 1, 2, 5, 6, 7, 9)",max,0.9293146160198184
PKLot,camera1,camera1,64,7,"(0, 1, 2, 5, 6, 7, 9)",mult,0.924525185796862
PKLot,camera1,camera1,64,7,"(0, 1, 2, 5, 6, 7, 9)",vote,0.9200660611065236
PKLot,camera1,camera1,64,7,"(0, 1, 2, 5, 6, 8, 9)",sum,0.9185796862097441
PKLot,camera1,camera1,64,7,"(0, 1, 2, 5, 6, 8, 9)",mean_probs,0.9185796862097441
PKLot,camera1,camera1,64,7,"(0, 1, 2, 5, 6, 8, 9)",max,0.9205615194054501
PKLot,camera1,camera1,64,7,"(0, 1, 2, 5, 6, 8, 9)",mult,0.9187448389760529
PKLot,camera1,camera1,64,7,"(0, 1, 2, 5, 6, 8, 9)",vote,0.9164327002477292
PKLot,camera1,camera1,64,7,"(0, 1, 2, 5, 7, 8, 9)",sum,0.9278282411230389
PKLot,camera1,camera1,64,7,"(0, 1, 2, 5, 7, 8, 9)",mean_probs,0.9278282411230389
PKLot,camera1,camera1,64,7,"(0, 1, 2, 5, 7, 8, 9)",max,0.9317919075144508
PKLot,camera1,camera1,64,7,"(0, 1, 2, 5, 7, 8, 9)",mult,0.929644921552436
PKLot,camera1,camera1,64,7,"(0, 1, 2, 5, 7, 8, 9)",vote,0.9255161023947152
PKLot,camera1,camera1,64,7,"(0, 1, 2, 6, 7, 8, 9)",sum,0.9263418662262592
PKLot,camera1,camera1,64,7,"(0, 1, 2, 6, 7, 8, 9)",mean_probs,0.9263418662262592
PKLot,camera1,camera1,64,7,"(0, 1, 2, 6, 7, 8, 9)",max,0.9303055326176713
PKLot,camera1,camera1,64,7,"(0, 1, 2, 6, 7, 8, 9)",mult,0.9283236994219654
PKLot,camera1,camera1,64,7,"(0, 1, 2, 6, 7, 8, 9)",vote,0.9230388109000826
PKLot,camera1,camera1,64,7,"(0, 1, 3, 4, 5, 6, 7)",sum,0.9207266721717589
PKLot,camera1,camera1,64,7,"(0, 1, 3, 4, 5, 6, 7)",mean_probs,0.9207266721717589
PKLot,camera1,camera1,64,7,"(0, 1, 3, 4, 5, 6, 7)",max,0.9283236994219654
PKLot,camera1,camera1,64,7,"(0, 1, 3, 4, 5, 6, 7)",mult,0.9248554913294798
PKLot,camera1,camera1,64,7,"(0, 1, 3, 4, 5, 6, 7)",vote,0.9180842279108175
PKLot,camera1,camera1,64,7,"(0, 1, 3, 4, 5, 6, 8)",sum,0.9167630057803469
PKLot,camera1,camera1,64,7,"(0, 1, 3, 4, 5, 6, 8)",mean_probs,0.9167630057803469
PKLot,camera1,camera1,64,7,"(0, 1, 3, 4, 5, 6, 8)",max,0.916597853014038
PKLot,camera1,camera1,64,7,"(0, 1, 3, 4, 5, 6, 8)",mult,0.9179190751445087
PKLot,camera1,camera1,64,7,"(0, 1, 3, 4, 5, 6, 8)",vote,0.915606936416185
PKLot,camera1,camera1,64,7,"(0, 1, 3, 4, 5, 6, 9)",sum,0.9093311312964493
PKLot,camera1,camera1,64,7,"(0, 1, 3, 4, 5, 6, 9)",mean_probs,0.9093311312964493
PKLot,camera1,camera1,64,7,"(0, 1, 3, 4, 5, 6, 9)",max,0.9109826589595376
PKLot,camera1,camera1,64,7,"(0, 1, 3, 4, 5, 6, 9)",mult,0.9091659785301404
PKLot,camera1,camera1,64,7,"(0, 1, 3, 4, 5, 6, 9)",vote,0.9101568951279934
PKLot,camera1,camera1,64,7,"(0, 1, 3, 4, 5, 7, 8)",sum,0.925681255161024
PKLot,camera1,camera1,64,7,"(0, 1, 3, 4, 5, 7, 8)",mean_probs,0.925681255161024
PKLot,camera1,camera1,64,7,"(0, 1, 3, 4, 5, 7, 8)",max,0.9303055326176713
PKLot,camera1,camera1,64,7,"(0, 1, 3, 4, 5, 7, 8)",mult,0.9279933938893477
PKLot,camera1,camera1,64,7,"(0, 1, 3, 4, 5, 7, 8)",vote,0.924690338563171
PKLot,camera1,camera1,64,7,"(0, 1, 3, 4, 5, 7, 9)",sum,0.9185796862097441
PKLot,camera1,camera1,64,7,"(0, 1, 3, 4, 5, 7, 9)",mean_probs,0.9185796862097441
PKLot,camera1,camera1,64,7,"(0, 1, 3, 4, 5, 7, 9)",max,0.9291494632535094
PKLot,camera1,camera1,64,7,"(0, 1, 3, 4, 5, 7, 9)",mult,0.9233691164327003
PKLot,camera1,camera1,64,7,"(0, 1, 3, 4, 5, 7, 9)",vote,0.9147811725846408
PKLot,camera1,camera1,64,7,"(0, 1, 3, 4, 5, 8, 9)",sum,0.914616019818332
PKLot,camera1,camera1,64,7,"(0, 1, 3, 4, 5, 8, 9)",mean_probs,0.914616019818332
PKLot,camera1,camera1,64,7,"(0, 1, 3, 4, 5, 8, 9)",max,0.917588769611891
PKLot,camera1,camera1,64,7,"(0, 1, 3, 4, 5, 8, 9)",mult,0.9162675474814204
PKLot,camera1,camera1,64,7,"(0, 1, 3, 4, 5, 8, 9)",vote,0.9103220478943023
PKLot,camera1,camera1,64,7,"(0, 1, 3, 4, 6, 7, 8)",sum,0.9248554913294798
PKLot,camera1,camera1,64,7,"(0, 1, 3, 4, 6, 7, 8)",mean_probs,0.9248554913294798
PKLot,camera1,camera1,64,7,"(0, 1, 3, 4, 6, 7, 8)",max,0.928654004954583
PKLot,camera1,camera1,64,7,"(0, 1, 3, 4, 6, 7, 8)",mult,0.9270024772914947
PKLot,camera1,camera1,64,7,"(0, 1, 3, 4, 6, 7, 8)",vote,0.9208918249380678
PKLot,camera1,camera1,64,7,"(0, 1, 3, 4, 6, 7, 9)",sum,0.915606936416185
PKLot,camera1,camera1,64,7,"(0, 1, 3, 4, 6, 7, 9)",mean_probs,0.915606936416185
PKLot,camera1,camera1,64,7,"(0, 1, 3, 4, 6, 7, 9)",max,0.9278282411230389
PKLot,camera1,camera1,64,7,"(0, 1, 3, 4, 6, 7, 9)",mult,0.9213872832369943
PKLot,camera1,camera1,64,7,"(0, 1, 3, 4, 6, 7, 9)",vote,0.9129644921552436
PKLot,camera1,camera1,64,7,"(0, 1, 3, 4, 6, 8, 9)",sum,0.9108175061932288
PKLot,camera1,camera1,64,7,"(0, 1, 3, 4, 6, 8, 9)",mean_probs,0.9108175061932288
PKLot,camera1,camera1,64,7,"(0, 1, 3, 4, 6, 8, 9)",max,0.916597853014038
PKLot,camera1,camera1,64,7,"(0, 1, 3, 4, 6, 8, 9)",mult,0.9142857142857143
PKLot,camera1,camera1,64,7,"(0, 1, 3, 4, 6, 8, 9)",vote,0.9085053674649051
PKLot,camera1,camera1,64,7,"(0, 1, 3, 4, 7, 8, 9)",sum,0.9233691164327003
PKLot,camera1,camera1,64,7,"(0, 1, 3, 4, 7, 8, 9)",mean_probs,0.9233691164327003
PKLot,camera1,camera1,64,7,"(0, 1, 3, 4, 7, 8, 9)",max,0.9301403798513626
PKLot,camera1,camera1,64,7,"(0, 1, 3, 4, 7, 8, 9)",mult,0.9284888521882741
PKLot,camera1,camera1,64,7,"(0, 1, 3, 4, 7, 8, 9)",vote,0.9177539223781999
PKLot,camera1,camera1,64,7,"(0, 1, 3, 5, 6, 7, 8)",sum,0.9248554913294798
PKLot,camera1,camera1,64,7,"(0, 1, 3, 5, 6, 7, 8)",mean_probs,0.9248554913294798
PKLot,camera1,camera1,64,7,"(0, 1, 3, 5, 6, 7, 8)",max,0.9291494632535094
PKLot,camera1,camera1,64,7,"(0, 1, 3, 5, 6, 7, 8)",mult,0.9271676300578034
PKLot,camera1,camera1,64,7,"(0, 1, 3, 5, 6, 7, 8)",vote,0.923534269199009
PKLot,camera1,camera1,64,7,"(0, 1, 3, 5, 6, 7, 9)",sum,0.9182493806771264
PKLot,camera1,camera1,64,7,"(0, 1, 3, 5, 6, 7, 9)",mean_probs,0.9182493806771264
PKLot,camera1,camera1,64,7,"(0, 1, 3, 5, 6, 7, 9)",max,0.9283236994219654
PKLot,camera1,camera1,64,7,"(0, 1, 3, 5, 6, 7, 9)",mult,0.9232039636663915
PKLot,camera1,camera1,64,7,"(0, 1, 3, 5, 6, 7, 9)",vote,0.9162675474814204
PKLot,camera1,camera1,64,7,"(0, 1, 3, 5, 6, 8, 9)",sum,0.91345995045417
PKLot,camera1,camera1,64,7,"(0, 1, 3, 5, 6, 8, 9)",mean_probs,0.91345995045417
PKLot,camera1,camera1,64,7,"(0, 1, 3, 5, 6, 8, 9)",max,0.916597853014038
PKLot,camera1,camera1,64,7,"(0, 1, 3, 5, 6, 8, 9)",mult,0.915606936416185
PKLot,camera1,camera1,64,7,"(0, 1, 3, 5, 6, 8, 9)",vote,0.9123038810900083
PKLot,camera1,camera1,64,7,"(0, 1, 3, 5, 7, 8, 9)",sum,0.9248554913294798
PKLot,camera1,camera1,64,7,"(0, 1, 3, 5, 7, 8, 9)",mean_probs,0.9248554913294798
PKLot,camera1,camera1,64,7,"(0, 1, 3, 5, 7, 8, 9)",max,0.9299752270850536
PKLot,camera1,camera1,64,7,"(0, 1, 3, 5, 7, 8, 9)",mult,0.9278282411230389
PKLot,camera1,camera1,64,7,"(0, 1, 3, 5, 7, 8, 9)",vote,0.9217175887696119
PKLot,camera1,camera1,64,7,"(0, 1, 3, 6, 7, 8, 9)",sum,0.9238645747316268
PKLot,camera1,camera1,64,7,"(0, 1, 3, 6, 7, 8, 9)",mean_probs,0.9238645747316268
PKLot,camera1,camera1,64,7,"(0, 1, 3, 6, 7, 8, 9)",max,0.9288191577208919
PKLot,camera1,camera1,64,7,"(0, 1, 3, 6, 7, 8, 9)",mult,0.9270024772914947
PKLot,camera1,camera1,64,7,"(0, 1, 3, 6, 7, 8, 9)",vote,0.9172584640792734
PKLot,camera1,camera1,64,7,"(0, 1, 4, 5, 6, 7, 8)",sum,0.923699421965318
PKLot,camera1,camera1,64,7,"(0, 1, 4, 5, 6, 7, 8)",mean_probs,0.923699421965318
PKLot,camera1,camera1,64,7,"(0, 1, 4, 5, 6, 7, 8)",max,0.9304706853839801
PKLot,camera1,camera1,64,7,"(0, 1, 4, 5, 6, 7, 8)",mult,0.9265070189925682
PKLot,camera1,camera1,64,7,"(0, 1, 4, 5, 6, 7, 8)",vote,0.9207266721717589
PKLot,camera1,camera1,64,7,"(0, 1, 4, 5, 6, 7, 9)",sum,0.9157720891824938
PKLot,camera1,camera1,64,7,"(0, 1, 4, 5, 6, 7, 9)",mean_probs,0.9157720891824938
PKLot,camera1,camera1,64,7,"(0, 1, 4, 5, 6, 7, 9)",max,0.9288191577208919
PKLot,camera1,camera1,64,7,"(0, 1, 4, 5, 6, 7, 9)",mult,0.9208918249380678
PKLot,camera1,camera1,64,7,"(0, 1, 4, 5, 6, 7, 9)",vote,0.913625103220479
PKLot,camera1,camera1,64,7,"(0, 1, 4, 5, 6, 8, 9)",sum,0.9127993393889348
PKLot,camera1,camera1,64,7,"(0, 1, 4, 5, 6, 8, 9)",mean_probs,0.9127993393889348
PKLot,camera1,camera1,64,7,"(0, 1, 4, 5, 6, 8, 9)",max,0.9184145334434352
PKLot,camera1,camera1,64,7,"(0, 1, 4, 5, 6, 8, 9)",mult,0.9149463253509497
PKLot,camera1,camera1,64,7,"(0, 1, 4, 5, 6, 8, 9)",vote,0.9094962840627581
PKLot,camera1,camera1,64,7,"(0, 1, 4, 5, 7, 8, 9)",sum,0.9217175887696119
PKLot,camera1,camera1,64,7,"(0, 1, 4, 5, 7, 8, 9)",mean_probs,0.9217175887696119
PKLot,camera1,camera1,64,7,"(0, 1, 4, 5, 7, 8, 9)",max,0.9321222130470685
PKLot,camera1,camera1,64,7,"(0, 1, 4, 5, 7, 8, 9)",mult,0.9268373245251857
PKLot,camera1,camera1,64,7,"(0, 1, 4, 5, 7, 8, 9)",vote,0.916597853014038
PKLot,camera1,camera1,64,7,"(0, 1, 4, 6, 7, 8, 9)",sum,0.9202312138728324
PKLot,camera1,camera1,64,7,"(0, 1, 4, 6, 7, 8, 9)",mean_probs,0.9202312138728324
PKLot,camera1,camera1,64,7,"(0, 1, 4, 6, 7, 8, 9)",max,0.9299752270850536
PKLot,camera1,camera1,64,7,"(0, 1, 4, 6, 7, 8, 9)",mult,0.924525185796862
PKLot,camera1,camera1,64,7,"(0, 1, 4, 6, 7, 8, 9)",vote,0.9144508670520232
PKLot,camera1,camera1,64,7,"(0, 1, 5, 6, 7, 8, 9)",sum,0.9222130470685383
PKLot,camera1,camera1,64,7,"(0, 1, 5, 6, 7, 8, 9)",mean_probs,0.9222130470685383
PKLot,camera1,camera1,64,7,"(0, 1, 5, 6, 7, 8, 9)",max,0.9299752270850536
PKLot,camera1,camera1,64,7,"(0, 1, 5, 6, 7, 8, 9)",mult,0.9255161023947152
PKLot,camera1,camera1,64,7,"(0, 1, 5, 6, 7, 8, 9)",vote,0.9179190751445087
PKLot,camera1,camera1,64,7,"(0, 2, 3, 4, 5, 6, 7)",sum,0.925681255161024
PKLot,camera1,camera1,64,7,"(0, 2, 3, 4, 5, 6, 7)",mean_probs,0.925681255161024
PKLot,camera1,camera1,64,7,"(0, 2, 3, 4, 5, 6, 7)",max,0.9301403798513626
PKLot,camera1,camera1,64,7,"(0, 2, 3, 4, 5, 6, 7)",mult,0.928654004954583
PKLot,camera1,camera1,64,7,"(0, 2, 3, 4, 5, 6, 7)",vote,0.922708505367465
PKLot,camera1,camera1,64,7,"(0, 2, 3, 4, 5, 6, 8)",sum,0.9228736581337738
PKLot,camera1,camera1,64,7,"(0, 2, 3, 4, 5, 6, 8)",mean_probs,0.9228736581337738
PKLot,camera1,camera1,64,7,"(0, 2, 3, 4, 5, 6, 8)",max,0.9187448389760529
PKLot,camera1,camera1,64,7,"(0, 2, 3, 4, 5, 6, 8)",mult,0.9230388109000826
PKLot,camera1,camera1,64,7,"(0, 2, 3, 4, 5, 6, 8)",vote,0.9202312138728324
PKLot,camera1,camera1,64,7,"(0, 2, 3, 4, 5, 6, 9)",sum,0.9139554087530967
PKLot,camera1,camera1,64,7,"(0, 2, 3, 4, 5, 6, 9)",mean_probs,0.9139554087530967
PKLot,camera1,camera1,64,7,"(0, 2, 3, 4, 5, 6, 9)",max,0.9144508670520232
PKLot,camera1,camera1,64,7,"(0, 2, 3, 4, 5, 6, 9)",mult,0.9154417836498762
PKLot,camera1,camera1,64,7,"(0, 2, 3, 4, 5, 6, 9)",vote,0.9139554087530967
PKLot,camera1,camera1,64,7,"(0, 2, 3, 4, 5, 7, 8)",sum,0.9308009909165978
PKLot,camera1,camera1,64,7,"(0, 2, 3, 4, 5, 7, 8)",mean_probs,0.9308009909165978
PKLot,camera1,camera1,64,7,"(0, 2, 3, 4, 5, 7, 8)",max,0.9317919075144508
PKLot,camera1,camera1,64,7,"(0, 2, 3, 4, 5, 7, 8)",mult,0.9312964492155243
PKLot,camera1,camera1,64,7,"(0, 2, 3, 4, 5, 7, 8)",vote,0.9284888521882741
PKLot,camera1,camera1,64,7,"(0, 2, 3, 4, 5, 7, 9)",sum,0.925681255161024
PKLot,camera1,camera1,64,7,"(0, 2, 3, 4, 5, 7, 9)",mean_probs,0.925681255161024
PKLot,camera1,camera1,64,7,"(0, 2, 3, 4, 5, 7, 9)",max,0.9311312964492156
PKLot,camera1,camera1,64,7,"(0, 2, 3, 4, 5, 7, 9)",mult,0.9281585466556564
PKLot,camera1,camera1,64,7,"(0, 2, 3, 4, 5, 7, 9)",vote,0.9210569777043766
PKLot,camera1,camera1,64,7,"(0, 2, 3, 4, 5, 8, 9)",sum,0.9203963666391412
PKLot,camera1,camera1,64,7,"(0, 2, 3, 4, 5, 8, 9)",mean_probs,0.9203963666391412
PKLot,camera1,camera1,64,7,"(0, 2, 3, 4, 5, 8, 9)",max,0.9199009083402147
PKLot,camera1,camera1,64,7,"(0, 2, 3, 4, 5, 8, 9)",mult,0.9213872832369943
PKLot,camera1,camera1,64,7,"(0, 2, 3, 4, 5, 8, 9)",vote,0.9185796862097441
PKLot,camera1,camera1,64,7,"(0, 2, 3, 4, 6, 7, 8)",sum,0.9293146160198184
PKLot,camera1,camera1,64,7,"(0, 2, 3, 4, 6, 7, 8)",mean_probs,0.9293146160198184
PKLot,camera1,camera1,64,7,"(0, 2, 3, 4, 6, 7, 8)",max,0.9303055326176713
PKLot,camera1,camera1,64,7,"(0, 2, 3, 4, 6, 7, 8)",mult,0.9301403798513626
PKLot,camera1,camera1,64,7,"(0, 2, 3, 4, 6, 7, 8)",vote,0.9258464079273327
PKLot,camera1,camera1,64,7,"(0, 2, 3, 4, 6, 7, 9)",sum,0.9238645747316268
PKLot,camera1,camera1,64,7,"(0, 2, 3, 4, 6, 7, 9)",mean_probs,0.9238645747316268
PKLot,camera1,camera1,64,7,"(0, 2, 3, 4, 6, 7, 9)",max,0.929644921552436
PKLot,camera1,camera1,64,7,"(0, 2, 3, 4, 6, 7, 9)",mult,0.9263418662262592
PKLot,camera1,camera1,64,7,"(0, 2, 3, 4, 6, 7, 9)",vote,0.9162675474814204
PKLot,camera1,camera1,64,7,"(0, 2, 3, 4, 6, 8, 9)",sum,0.9184145334434352
PKLot,camera1,camera1,64,7,"(0, 2, 3, 4, 6, 8, 9)",mean_probs,0.9184145334434352
PKLot,camera1,camera1,64,7,"(0, 2, 3, 4, 6, 8, 9)",max,0.9190751445086706
PKLot,camera1,camera1,64,7,"(0, 2, 3, 4, 6, 8, 9)",mult,0.9197357555739059
PKLot,camera1,camera1,64,7,"(0, 2, 3, 4, 6, 8, 9)",vote,0.9147811725846408
PKLot,camera1,camera1,64,7,"(0, 2, 3, 4, 7, 8, 9)",sum,0.9279933938893477
PKLot,camera1,camera1,64,7,"(0, 2, 3, 4, 7, 8, 9)",mean_probs,0.9279933938893477
PKLot,camera1,camera1,64,7,"(0, 2, 3, 4, 7, 8, 9)",max,0.932617671345995
PKLot,camera1,camera1,64,7,"(0, 2, 3, 4, 7, 8, 9)",mult,0.9299752270850536
PKLot,camera1,camera1,64,7,"(0, 2, 3, 4, 7, 8, 9)",vote,0.9251857968620975
PKLot,camera1,camera1,64,7,"(0, 2, 3, 5, 6, 7, 8)",sum,0.9294797687861271
PKLot,camera1,camera1,64,7,"(0, 2, 3, 5, 6, 7, 8)",mean_probs,0.9294797687861271
PKLot,camera1,camera1,64,7,"(0, 2, 3, 5, 6, 7, 8)",max,0.9304706853839801
PKLot,camera1,camera1,64,7,"(0, 2, 3, 5, 6, 7, 8)",mult,0.9294797687861271
PKLot,camera1,camera1,64,7,"(0, 2, 3, 5, 6, 7, 8)",vote,0.9270024772914947
PKLot,camera1,camera1,64,7,"(0, 2, 3, 5, 6, 7, 9)",sum,0.924525185796862
PKLot,camera1,camera1,64,7,"(0, 2, 3, 5, 6, 7, 9)",mean_probs,0.924525185796862
PKLot,camera1,camera1,64,7,"(0, 2, 3, 5, 6, 7, 9)",max,0.9303055326176713
PKLot,camera1,camera1,64,7,"(0, 2, 3, 5, 6, 7, 9)",mult,0.9268373245251857
PKLot,camera1,camera1,64,7,"(0, 2, 3, 5, 6, 7, 9)",vote,0.9200660611065236
PKLot,camera1,camera1,64,7,"(0, 2, 3, 5, 6, 8, 9)",sum,0.9212221304706854
PKLot,camera1,camera1,64,7,"(0, 2, 3, 5, 6, 8, 9)",mean_probs,0.9212221304706854
PKLot,camera1,camera1,64,7,"(0, 2, 3, 5, 6, 8, 9)",max,0.9192402972749794
PKLot,camera1,camera1,64,7,"(0, 2, 3, 5, 6, 8, 9)",mult,0.922708505367465
PKLot,camera1,camera1,64,7,"(0, 2, 3, 5, 6, 8, 9)",vote,0.9184145334434352
PKLot,camera1,camera1,64,7,"(0, 2, 3, 5, 7, 8, 9)",sum,0.9294797687861271
PKLot,camera1,camera1,64,7,"(0, 2, 3, 5, 7, 8, 9)",mean_probs,0.9294797687861271
PKLot,camera1,camera1,64,7,"(0, 2, 3, 5, 7, 8, 9)",max,0.9317919075144508
PKLot,camera1,camera1,64,7,"(0, 2, 3, 5, 7, 8, 9)",mult,0.9308009909165978
PKLot,camera1,camera1,64,7,"(0, 2, 3, 5, 7, 8, 9)",vote,0.926672171758877
PKLot,camera1,camera1,64,7,"(0, 2, 3, 6, 7, 8, 9)",sum,0.9289843104872006
PKLot,camera1,camera1,64,7,"(0, 2, 3, 6, 7, 8, 9)",mean_probs,0.9289843104872006
PKLot,camera1,camera1,64,7,"(0, 2, 3, 6, 7, 8, 9)",max,0.9304706853839801
PKLot,camera1,camera1,64,7,"(0, 2, 3, 6, 7, 8, 9)",mult,0.9299752270850536
PKLot,camera1,camera1,64,7,"(0, 2, 3, 6, 7, 8, 9)",vote,0.9232039636663915
PKLot,camera1,camera1,64,7,"(0, 2, 4, 5, 6, 7, 8)",sum,0.9291494632535094
PKLot,camera1,camera1,64,7,"(0, 2, 4, 5, 6, 7, 8)",mean_probs,0.9291494632535094
PKLot,camera1,camera1,64,7,"(0, 2, 4, 5, 6, 7, 8)",max,0.9311312964492156
PKLot,camera1,camera1,64,7,"(0, 2, 4, 5, 6, 7, 8)",mult,0.9299752270850536
PKLot,camera1,camera1,64,7,"(0, 2, 4, 5, 6, 7, 8)",vote,0.9270024772914947
PKLot,camera1,camera1,64,7,"(0, 2, 4, 5, 6, 7, 9)",sum,0.9212221304706854
PKLot,camera1,camera1,64,7,"(0, 2, 4, 5, 6, 7, 9)",mean_probs,0.9212221304706854
PKLot,camera1,camera1,64,7,"(0, 2, 4, 5, 6, 7, 9)",max,0.9304706853839801
PKLot,camera1,camera1,64,7,"(0, 2, 4, 5, 6, 7, 9)",mult,0.924690338563171
PKLot,camera1,camera1,64,7,"(0, 2, 4, 5, 6, 7, 9)",vote,0.9177539223781999
PKLot,camera1,camera1,64,7,"(0, 2, 4, 5, 6, 8, 9)",sum,0.9180842279108175
PKLot,camera1,camera1,64,7,"(0, 2, 4, 5, 6, 8, 9)",mean_probs,0.9180842279108175
PKLot,camera1,camera1,64,7,"(0, 2, 4, 5, 6, 8, 9)",max,0.9207266721717589
PKLot,camera1,camera1,64,7,"(0, 2, 4, 5, 6, 8, 9)",mult,0.9189099917423617
PKLot,camera1,camera1,64,7,"(0, 2, 4, 5, 6, 8, 9)",vote,0.9152766308835673
PKLot,camera1,camera1,64,7,"(0, 2, 4, 5, 7, 8, 9)",sum,0.9270024772914947
PKLot,camera1,camera1,64,7,"(0, 2, 4, 5, 7, 8, 9)",mean_probs,0.9270024772914947
PKLot,camera1,camera1,64,7,"(0, 2, 4, 5, 7, 8, 9)",max,0.932617671345995
PKLot,camera1,camera1,64,7,"(0, 2, 4, 5, 7, 8, 9)",mult,0.9291494632535094
PKLot,camera1,camera1,64,7,"(0, 2, 4, 5, 7, 8, 9)",vote,0.925681255161024
PKLot,camera1,camera1,64,7,"(0, 2, 4, 6, 7, 8, 9)",sum,0.9255161023947152
PKLot,camera1,camera1,64,7,"(0, 2, 4, 6, 7, 8, 9)",mean_probs,0.9255161023947152
PKLot,camera1,camera1,64,7,"(0, 2, 4, 6, 7, 8, 9)",max,0.9312964492155243
PKLot,camera1,camera1,64,7,"(0, 2, 4, 6, 7, 8, 9)",mult,0.9281585466556564
PKLot,camera1,camera1,64,7,"(0, 2, 4, 6, 7, 8, 9)",vote,0.9223781998348473
PKLot,camera1,camera1,64,7,"(0, 2, 5, 6, 7, 8, 9)",sum,0.9271676300578034
PKLot,camera1,camera1,64,7,"(0, 2, 5, 6, 7, 8, 9)",mean_probs,0.9271676300578034
PKLot,camera1,camera1,64,7,"(0, 2, 5, 6, 7, 8, 9)",max,0.9304706853839801
PKLot,camera1,camera1,64,7,"(0, 2, 5, 6, 7, 8, 9)",mult,0.9288191577208919
PKLot,camera1,camera1,64,7,"(0, 2, 5, 6, 7, 8, 9)",vote,0.924690338563171
PKLot,camera1,camera1,64,7,"(0, 3, 4, 5, 6, 7, 8)",sum,0.9261767134599505
PKLot,camera1,camera1,64,7,"(0, 3, 4, 5, 6, 7, 8)",mean_probs,0.9261767134599505
PKLot,camera1,camera1,64,7,"(0, 3, 4, 5, 6, 7, 8)",max,0.9299752270850536
PKLot,camera1,camera1,64,7,"(0, 3, 4, 5, 6, 7, 8)",mult,0.9294797687861271
PKLot,camera1,camera1,64,7,"(0, 3, 4, 5, 6, 7, 8)",vote,0.9223781998348473
PKLot,camera1,camera1,64,7,"(0, 3, 4, 5, 6, 7, 9)",sum,0.9185796862097441
PKLot,camera1,camera1,64,7,"(0, 3, 4, 5, 6, 7, 9)",mean_probs,0.9185796862097441
PKLot,camera1,camera1,64,7,"(0, 3, 4, 5, 6, 7, 9)",max,0.9299752270850536
PKLot,camera1,camera1,64,7,"(0, 3, 4, 5, 6, 7, 9)",mult,0.924690338563171
PKLot,camera1,camera1,64,7,"(0, 3, 4, 5, 6, 7, 9)",vote,0.914616019818332
PKLot,camera1,camera1,64,7,"(0, 3, 4, 5, 6, 8, 9)",sum,0.9141205615194055
PKLot,camera1,camera1,64,7,"(0, 3, 4, 5, 6, 8, 9)",mean_probs,0.9141205615194055
PKLot,camera1,camera1,64,7,"(0, 3, 4, 5, 6, 8, 9)",max,0.9174236168455822
PKLot,camera1,camera1,64,7,"(0, 3, 4, 5, 6, 8, 9)",mult,0.9161023947151115
PKLot,camera1,camera1,64,7,"(0, 3, 4, 5, 6, 8, 9)",vote,0.9124690338563171
PKLot,camera1,camera1,64,7,"(0, 3, 4, 5, 7, 8, 9)",sum,0.9243600330305533
PKLot,camera1,camera1,64,7,"(0, 3, 4, 5, 7, 8, 9)",mean_probs,0.9243600330305533
PKLot,camera1,camera1,64,7,"(0, 3, 4, 5, 7, 8, 9)",max,0.9312964492155243
PKLot,camera1,camera1,64,7,"(0, 3, 4, 5, 7, 8, 9)",mult,0.9291494632535094
PKLot,camera1,camera1,64,7,"(0, 3, 4, 5, 7, 8, 9)",vote,0.9202312138728324
PKLot,camera1,camera1,64,7,"(0, 3, 4, 6, 7, 8, 9)",sum,0.9233691164327003
PKLot,camera1,camera1,64,7,"(0, 3, 4, 6, 7, 8, 9)",mean_probs,0.9233691164327003
PKLot,camera1,camera1,64,7,"(0, 3, 4, 6, 7, 8, 9)",max,0.9303055326176713
PKLot,camera1,camera1,64,7,"(0, 3, 4, 6, 7, 8, 9)",mult,0.9274979355904212
PKLot,camera1,camera1,64,7,"(0, 3, 4, 6, 7, 8, 9)",vote,0.9174236168455822
PKLot,camera1,camera1,64,7,"(0, 3, 5, 6, 7, 8, 9)",sum,0.9260115606936417
PKLot,camera1,camera1,64,7,"(0, 3, 5, 6, 7, 8, 9)",mean_probs,0.9260115606936417
PKLot,camera1,camera1,64,7,"(0, 3, 5, 6, 7, 8, 9)",max,0.9301403798513626
PKLot,camera1,camera1,64,7,"(0, 3, 5, 6, 7, 8, 9)",mult,0.9281585466556564
PKLot,camera1,camera1,64,7,"(0, 3, 5, 6, 7, 8, 9)",vote,0.9205615194054501
PKLot,camera1,camera1,64,7,"(0, 4, 5, 6, 7, 8, 9)",sum,0.9228736581337738
PKLot,camera1,camera1,64,7,"(0, 4, 5, 6, 7, 8, 9)",mean_probs,0.9228736581337738
PKLot,camera1,camera1,64,7,"(0, 4, 5, 6, 7, 8, 9)",max,0.9301403798513626
PKLot,camera1,camera1,64,7,"(0, 4, 5, 6, 7, 8, 9)",mult,0.9268373245251857
PKLot,camera1,camera1,64,7,"(0, 4, 5, 6, 7, 8, 9)",vote,0.9164327002477292
PKLot,camera1,camera1,64,7,"(1, 2, 3, 4, 5, 6, 7)",sum,0.9195706028075971
PKLot,camera1,camera1,64,7,"(1, 2, 3, 4, 5, 6, 7)",mean_probs,0.9195706028075971
PKLot,camera1,camera1,64,7,"(1, 2, 3, 4, 5, 6, 7)",max,0.9279933938893477
PKLot,camera1,camera1,64,7,"(1, 2, 3, 4, 5, 6, 7)",mult,0.9238645747316268
PKLot,camera1,camera1,64,7,"(1, 2, 3, 4, 5, 6, 7)",vote,0.9194054500412882
PKLot,camera1,camera1,64,7,"(1, 2, 3, 4, 5, 6, 8)",sum,0.9152766308835673
PKLot,camera1,camera1,64,7,"(1, 2, 3, 4, 5, 6, 8)",mean_probs,0.9152766308835673
PKLot,camera1,camera1,64,7,"(1, 2, 3, 4, 5, 6, 8)",max,0.916597853014038
PKLot,camera1,camera1,64,7,"(1, 2, 3, 4, 5, 6, 8)",mult,0.9169281585466557
PKLot,camera1,camera1,64,7,"(1, 2, 3, 4, 5, 6, 8)",vote,0.9167630057803469
PKLot,camera1,camera1,64,7,"(1, 2, 3, 4, 5, 6, 9)",sum,0.9096614368290669
PKLot,camera1,camera1,64,7,"(1, 2, 3, 4, 5, 6, 9)",mean_probs,0.9096614368290669
PKLot,camera1,camera1,64,7,"(1, 2, 3, 4, 5, 6, 9)",max,0.9076796036333609
PKLot,camera1,camera1,64,7,"(1, 2, 3, 4, 5, 6, 9)",mult,0.9104872006606111
PKLot,camera1,camera1,64,7,"(1, 2, 3, 4, 5, 6, 9)",vote,0.9104872006606111
PKLot,camera1,camera1,64,7,"(1, 2, 3, 4, 5, 7, 8)",sum,0.923699421965318
PKLot,camera1,camera1,64,7,"(1, 2, 3, 4, 5, 7, 8)",mean_probs,0.923699421965318
PKLot,camera1,camera1,64,7,"(1, 2, 3, 4, 5, 7, 8)",max,0.9303055326176713
PKLot,camera1,camera1,64,7,"(1, 2, 3, 4, 5, 7, 8)",mult,0.9271676300578034
PKLot,camera1,camera1,64,7,"(1, 2, 3, 4, 5, 7, 8)",vote,0.9233691164327003
PKLot,camera1,camera1,64,7,"(1, 2, 3, 4, 5, 7, 9)",sum,0.9180842279108175
PKLot,camera1,camera1,64,7,"(1, 2, 3, 4, 5, 7, 9)",mean_probs,0.9180842279108175
PKLot,camera1,camera1,64,7,"(1, 2, 3, 4, 5, 7, 9)",max,0.9288191577208919
PKLot,camera1,camera1,64,7,"(1, 2, 3, 4, 5, 7, 9)",mult,0.923534269199009
PKLot,camera1,camera1,64,7,"(1, 2, 3, 4, 5, 7, 9)",vote,0.915606936416185
PKLot,camera1,camera1,64,7,"(1, 2, 3, 4, 5, 8, 9)",sum,0.9141205615194055
PKLot,camera1,camera1,64,7,"(1, 2, 3, 4, 5, 8, 9)",mean_probs,0.9141205615194055
PKLot,camera1,camera1,64,7,"(1, 2, 3, 4, 5, 8, 9)",max,0.9174236168455822
PKLot,camera1,camera1,64,7,"(1, 2, 3, 4, 5, 8, 9)",mult,0.915606936416185
PKLot,camera1,camera1,64,7,"(1, 2, 3, 4, 5, 8, 9)",vote,0.9113129644921553
PKLot,camera1,camera1,64,7,"(1, 2, 3, 4, 6, 7, 8)",sum,0.9233691164327003
PKLot,camera1,camera1,64,7,"(1, 2, 3, 4, 6, 7, 8)",mean_probs,0.9233691164327003
PKLot,camera1,camera1,64,7,"(1, 2, 3, 4, 6, 7, 8)",max,0.9284888521882741
PKLot,camera1,camera1,64,7,"(1, 2, 3, 4, 6, 7, 8)",mult,0.926672171758877
PKLot,camera1,camera1,64,7,"(1, 2, 3, 4, 6, 7, 8)",vote,0.9217175887696119
PKLot,camera1,camera1,64,7,"(1, 2, 3, 4, 6, 7, 9)",sum,0.9159372419488027
PKLot,camera1,camera1,64,7,"(1, 2, 3, 4, 6, 7, 9)",mean_probs,0.9159372419488027
PKLot,camera1,camera1,64,7,"(1, 2, 3, 4, 6, 7, 9)",max,0.9273327828241124
PKLot,camera1,camera1,64,7,"(1, 2, 3, 4, 6, 7, 9)",mult,0.9203963666391412
PKLot,camera1,camera1,64,7,"(1, 2, 3, 4, 6, 7, 9)",vote,0.9114781172584641
PKLot,camera1,camera1,64,7,"(1, 2, 3, 4, 6, 8, 9)",sum,0.9119735755573906
PKLot,camera1,camera1,64,7,"(1, 2, 3, 4, 6, 8, 9)",mean_probs,0.9119735755573906
PKLot,camera1,camera1,64,7,"(1, 2, 3, 4, 6, 8, 9)",max,0.9167630057803469
PKLot,camera1,camera1,64,7,"(1, 2, 3, 4, 6, 8, 9)",mult,0.9142857142857143
PKLot,camera1,camera1,64,7,"(1, 2, 3, 4, 6, 8, 9)",vote,0.9080099091659786
PKLot,camera1,camera1,64,7,"(1, 2, 3, 4, 7, 8, 9)",sum,0.9212221304706854
PKLot,camera1,camera1,64,7,"(1, 2, 3, 4, 7, 8, 9)",mean_probs,0.9212221304706854
PKLot,camera1,camera1,64,7,"(1, 2, 3, 4, 7, 8, 9)",max,0.9303055326176713
PKLot,camera1,camera1,64,7,"(1, 2, 3, 4, 7, 8, 9)",mult,0.925681255161024
PKLot,camera1,camera1,64,7,"(1, 2, 3, 4, 7, 8, 9)",vote,0.9167630057803469
PKLot,camera1,camera1,64,7,"(1, 2, 3, 5, 6, 7, 8)",sum,0.9238645747316268
PKLot,camera1,camera1,64,7,"(1, 2, 3, 5, 6, 7, 8)",mean_probs,0.9238645747316268
PKLot,camera1,camera1,64,7,"(1, 2, 3, 5, 6, 7, 8)",max,0.9289843104872006
PKLot,camera1,camera1,64,7,"(1, 2, 3, 5, 6, 7, 8)",mult,0.9260115606936417
PKLot,camera1,camera1,64,7,"(1, 2, 3, 5, 6, 7, 8)",vote,0.9238645747316268
PKLot,camera1,camera1,64,7,"(1, 2, 3, 5, 6, 7, 9)",sum,0.9185796862097441
PKLot,camera1,camera1,64,7,"(1, 2, 3, 5, 6, 7, 9)",mean_probs,0.9185796862097441
PKLot,camera1,camera1,64,7,"(1, 2, 3, 5, 6, 7, 9)",max,0.9279933938893477
PKLot,camera1,camera1,64,7,"(1, 2, 3, 5, 6, 7, 9)",mult,0.922543352601156
PKLot,camera1,camera1,64,7,"(1, 2, 3, 5, 6, 7, 9)",vote,0.9172584640792734
PKLot,camera1,camera1,64,7,"(1, 2, 3, 5, 6, 8, 9)",sum,0.9154417836498762
PKLot,camera1,camera1,64,7,"(1, 2, 3, 5, 6, 8, 9)",mean_probs,0.9154417836498762
PKLot,camera1,camera1,64,7,"(1, 2, 3, 5, 6, 8, 9)",max,0.9172584640792734
PKLot,camera1,camera1,64,7,"(1, 2, 3, 5, 6, 8, 9)",mult,0.9159372419488027
PKLot,camera1,camera1,64,7,"(1, 2, 3, 5, 6, 8, 9)",vote,0.9139554087530967
PKLot,camera1,camera1,64,7,"(1, 2, 3, 5, 7, 8, 9)",sum,0.9223781998348473
PKLot,camera1,camera1,64,7,"(1, 2, 3, 5, 7, 8, 9)",mean_probs,0.9223781998348473
PKLot,camera1,camera1,64,7,"(1, 2, 3, 5, 7, 8, 9)",max,0.9301403798513626
PKLot,camera1,camera1,64,7,"(1, 2, 3, 5, 7, 8, 9)",mult,0.926672171758877
PKLot,camera1,camera1,64,7,"(1, 2, 3, 5, 7, 8, 9)",vote,0.9217175887696119
PKLot,camera1,camera1,64,7,"(1, 2, 3, 6, 7, 8, 9)",sum,0.9212221304706854
PKLot,camera1,camera1,64,7,"(1, 2, 3, 6, 7, 8, 9)",mean_probs,0.9212221304706854
PKLot,camera1,camera1,64,7,"(1, 2, 3, 6, 7, 8, 9)",max,0.9283236994219654
PKLot,camera1,camera1,64,7,"(1, 2, 3, 6, 7, 8, 9)",mult,0.9250206440957887
PKLot,camera1,camera1,64,7,"(1, 2, 3, 6, 7, 8, 9)",vote,0.9189099917423617
PKLot,camera1,camera1,64,7,"(1, 2, 4, 5, 6, 7, 8)",sum,0.923699421965318
PKLot,camera1,camera1,64,7,"(1, 2, 4, 5, 6, 7, 8)",mean_probs,0.923699421965318
PKLot,camera1,camera1,64,7,"(1, 2, 4, 5, 6, 7, 8)",max,0.930635838150289
PKLot,camera1,camera1,64,7,"(1, 2, 4, 5, 6, 7, 8)",mult,0.9260115606936417
PKLot,camera1,camera1,64,7,"(1, 2, 4, 5, 6, 7, 8)",vote,0.9208918249380678
PKLot,camera1,camera1,64,7,"(1, 2, 4, 5, 6, 7, 9)",sum,0.915606936416185
PKLot,camera1,camera1,64,7,"(1, 2, 4, 5, 6, 7, 9)",mean_probs,0.915606936416185
PKLot,camera1,camera1,64,7,"(1, 2, 4, 5, 6, 7, 9)",max,0.9291494632535094
PKLot,camera1,camera1,64,7,"(1, 2, 4, 5, 6, 7, 9)",mult,0.9199009083402147
PKLot,camera1,camera1,64,7,"(1, 2, 4, 5, 6, 7, 9)",vote,0.9132947976878613
PKLot,camera1,camera1,64,7,"(1, 2, 4, 5, 6, 8, 9)",sum,0.9127993393889348
PKLot,camera1,camera1,64,7,"(1, 2, 4, 5, 6, 8, 9)",mean_probs,0.9127993393889348
PKLot,camera1,camera1,64,7,"(1, 2, 4, 5, 6, 8, 9)",max,0.9169281585466557
PKLot,camera1,camera1,64,7,"(1, 2, 4, 5, 6, 8, 9)",mult,0.912634186622626
PKLot,camera1,camera1,64,7,"(1, 2, 4, 5, 6, 8, 9)",vote,0.9104872006606111
PKLot,camera1,camera1,64,7,"(1, 2, 4, 5, 7, 8, 9)",sum,0.9202312138728324
PKLot,camera1,camera1,64,7,"(1, 2, 4, 5, 7, 8, 9)",mean_probs,0.9202312138728324
PKLot,camera1,camera1,64,7,"(1, 2, 4, 5, 7, 8, 9)",max,0.9321222130470685
PKLot,camera1,camera1,64,7,"(1, 2, 4, 5, 7, 8, 9)",mult,0.925681255161024
PKLot,camera1,camera1,64,7,"(1, 2, 4, 5, 7, 8, 9)",vote,0.9149463253509497
PKLot,camera1,camera1,64,7,"(1, 2, 4, 6, 7, 8, 9)",sum,0.9195706028075971
PKLot,camera1,camera1,64,7,"(1, 2, 4, 6, 7, 8, 9)",mean_probs,0.9195706028075971
PKLot,camera1,camera1,64,7,"(1, 2, 4, 6, 7, 8, 9)",max,0.929644921552436
PKLot,camera1,camera1,64,7,"(1, 2, 4, 6, 7, 8, 9)",mult,0.9241948802642445
PKLot,camera1,camera1,64,7,"(1, 2, 4, 6, 7, 8, 9)",vote,0.9129644921552436
PKLot,camera1,camera1,64,7,"(1, 2, 5, 6, 7, 8, 9)",sum,0.922543352601156
PKLot,camera1,camera1,64,7,"(1, 2, 5, 6, 7, 8, 9)",mean_probs,0.922543352601156
PKLot,camera1,camera1,64,7,"(1, 2, 5, 6, 7, 8, 9)",max,0.9299752270850536
PKLot,camera1,camera1,64,7,"(1, 2, 5, 6, 7, 8, 9)",mult,0.9248554913294798
PKLot,camera1,camera1,64,7,"(1, 2, 5, 6, 7, 8, 9)",vote,0.9187448389760529
PKLot,camera1,camera1,64,7,"(1, 3, 4, 5, 6, 7, 8)",sum,0.9199009083402147
PKLot,camera1,camera1,64,7,"(1, 3, 4, 5, 6, 7, 8)",mean_probs,0.9199009083402147
PKLot,camera1,camera1,64,7,"(1, 3, 4, 5, 6, 7, 8)",max,0.9283236994219654
PKLot,camera1,camera1,64,7,"(1, 3, 4, 5, 6, 7, 8)",mult,0.923534269199009
PKLot,camera1,camera1,64,7,"(1, 3, 4, 5, 6, 7, 8)",vote,0.9172584640792734
PKLot,camera1,camera1,64,7,"(1, 3, 4, 5, 6, 7, 9)",sum,0.9139554087530967
PKLot,camera1,camera1,64,7,"(1, 3, 4, 5, 6, 7, 9)",mean_probs,0.9139554087530967
PKLot,camera1,camera1,64,7,"(1, 3, 4, 5, 6, 7, 9)",max,0.9274979355904212
PKLot,camera1,camera1,64,7,"(1, 3, 4, 5, 6, 7, 9)",mult,0.9180842279108175
PKLot,camera1,camera1,64,7,"(1, 3, 4, 5, 6, 7, 9)",vote,0.9104872006606111
PKLot,camera1,camera1,64,7,"(1, 3, 4, 5, 6, 8, 9)",sum,0.9081750619322874
PKLot,camera1,camera1,64,7,"(1, 3, 4, 5, 6, 8, 9)",mean_probs,0.9081750619322874
PKLot,camera1,camera1,64,7,"(1, 3, 4, 5, 6, 8, 9)",max,0.9139554087530967
PKLot,camera1,camera1,64,7,"(1, 3, 4, 5, 6, 8, 9)",mult,0.9103220478943023
PKLot,camera1,camera1,64,7,"(1, 3, 4, 5, 6, 8, 9)",vote,0.9063583815028902
PKLot,camera1,camera1,64,7,"(1, 3, 4, 5, 7, 8, 9)",sum,0.9170933113129645
PKLot,camera1,camera1,64,7,"(1, 3, 4, 5, 7, 8, 9)",mean_probs,0.9170933113129645
PKLot,camera1,camera1,64,7,"(1, 3, 4, 5, 7, 8, 9)",max,0.9298100743187449
PKLot,camera1,camera1,64,7,"(1, 3, 4, 5, 7, 8, 9)",mult,0.923534269199009
PKLot,camera1,camera1,64,7,"(1, 3, 4, 5, 7, 8, 9)",vote,0.9113129644921553
PKLot,camera1,camera1,64,7,"(1, 3, 4, 6, 7, 8, 9)",sum,0.9162675474814204
PKLot,camera1,camera1,64,7,"(1, 3, 4, 6, 7, 8, 9)",mean_probs,0.9162675474814204
PKLot,camera1,camera1,64,7,"(1, 3, 4, 6, 7, 8, 9)",max,0.9279933938893477
PKLot,camera1,camera1,64,7,"(1, 3, 4, 6, 7, 8, 9)",mult,0.9233691164327003
PKLot,camera1,camera1,64,7,"(1, 3, 4, 6, 7, 8, 9)",vote,0.9096614368290669
PKLot,camera1,camera1,64,7,"(1, 3, 5, 6, 7, 8, 9)",sum,0.9187448389760529
PKLot,camera1,camera1,64,7,"(1, 3, 5, 6, 7, 8, 9)",mean_probs,0.9187448389760529
PKLot,camera1,camera1,64,7,"(1, 3, 5, 6, 7, 8, 9)",max,0.9283236994219654
PKLot,camera1,camera1,64,7,"(1, 3, 5, 6, 7, 8, 9)",mult,0.9233691164327003
PKLot,camera1,camera1,64,7,"(1, 3, 5, 6, 7, 8, 9)",vote,0.9144508670520232
PKLot,camera1,camera1,64,7,"(1, 4, 5, 6, 7, 8, 9)",sum,0.9151114781172585
PKLot,camera1,camera1,64,7,"(1, 4, 5, 6, 7, 8, 9)",mean_probs,0.9151114781172585
PKLot,camera1,camera1,64,7,"(1, 4, 5, 6, 7, 8, 9)",max,0.929644921552436
PKLot,camera1,camera1,64,7,"(1, 4, 5, 6, 7, 8, 9)",mult,0.9207266721717589
PKLot,camera1,camera1,64,7,"(1, 4, 5, 6, 7, 8, 9)",vote,0.9096614368290669
PKLot,camera1,camera1,64,7,"(2, 3, 4, 5, 6, 7, 8)",sum,0.9251857968620975
PKLot,camera1,camera1,64,7,"(2, 3, 4, 5, 6, 7, 8)",mean_probs,0.9251857968620975
PKLot,camera1,camera1,64,7,"(2, 3, 4, 5, 6, 7, 8)",max,0.929644921552436
PKLot,camera1,camera1,64,7,"(2, 3, 4, 5, 6, 7, 8)",mult,0.9271676300578034
PKLot,camera1,camera1,64,7,"(2, 3, 4, 5, 6, 7, 8)",vote,0.9218827415359208
PKLot,camera1,camera1,64,7,"(2, 3, 4, 5, 6, 7, 9)",sum,0.9203963666391412
PKLot,camera1,camera1,64,7,"(2, 3, 4, 5, 6, 7, 9)",mean_probs,0.9203963666391412
PKLot,camera1,camera1,64,7,"(2, 3, 4, 5, 6, 7, 9)",max,0.9293146160198184
PKLot,camera1,camera1,64,7,"(2, 3, 4, 5, 6, 7, 9)",mult,0.923699421965318
PKLot,camera1,camera1,64,7,"(2, 3, 4, 5, 6, 7, 9)",vote,0.9149463253509497
PKLot,camera1,camera1,64,7,"(2, 3, 4, 5, 6, 8, 9)",sum,0.9141205615194055
PKLot,camera1,camera1,64,7,"(2, 3, 4, 5, 6, 8, 9)",mean_probs,0.9141205615194055
PKLot,camera1,camera1,64,7,"(2, 3, 4, 5, 6, 8, 9)",max,0.9164327002477292
PKLot,camera1,camera1,64,7,"(2, 3, 4, 5, 6, 8, 9)",mult,0.9162675474814204
PKLot,camera1,camera1,64,7,"(2, 3, 4, 5, 6, 8, 9)",vote,0.9131296449215525
PKLot,camera1,camera1,64,7,"(2, 3, 4, 5, 7, 8, 9)",sum,0.9233691164327003
PKLot,camera1,camera1,64,7,"(2, 3, 4, 5, 7, 8, 9)",mean_probs,0.9233691164327003
PKLot,camera1,camera1,64,7,"(2, 3, 4, 5, 7, 8, 9)",max,0.9314616019818331
PKLot,camera1,camera1,64,7,"(2, 3, 4, 5, 7, 8, 9)",mult,0.92766308835673
PKLot,camera1,camera1,64,7,"(2, 3, 4, 5, 7, 8, 9)",vote,0.9197357555739059
PKLot,camera1,camera1,64,7,"(2, 3, 4, 6, 7, 8, 9)",sum,0.9218827415359208
PKLot,camera1,camera1,64,7,"(2, 3, 4, 6, 7, 8, 9)",mean_probs,0.9218827415359208
PKLot,camera1,camera1,64,7,"(2, 3, 4, 6, 7, 8, 9)",max,0.929644921552436
PKLot,camera1,camera1,64,7,"(2, 3, 4, 6, 7, 8, 9)",mult,0.9255161023947152
PKLot,camera1,camera1,64,7,"(2, 3, 4, 6, 7, 8, 9)",vote,0.9161023947151115
PKLot,camera1,camera1,64,7,"(2, 3, 5, 6, 7, 8, 9)",sum,0.9240297274979355
PKLot,camera1,camera1,64,7,"(2, 3, 5, 6, 7, 8, 9)",mean_probs,0.9240297274979355
PKLot,camera1,camera1,64,7,"(2, 3, 5, 6, 7, 8, 9)",max,0.9298100743187449
PKLot,camera1,camera1,64,7,"(2, 3, 5, 6, 7, 8, 9)",mult,0.9270024772914947
PKLot,camera1,camera1,64,7,"(2, 3, 5, 6, 7, 8, 9)",vote,0.9203963666391412
PKLot,camera1,camera1,64,7,"(2, 4, 5, 6, 7, 8, 9)",sum,0.9205615194054501
PKLot,camera1,camera1,64,7,"(2, 4, 5, 6, 7, 8, 9)",mean_probs,0.9205615194054501
PKLot,camera1,camera1,64,7,"(2, 4, 5, 6, 7, 8, 9)",max,0.9303055326176713
PKLot,camera1,camera1,64,7,"(2, 4, 5, 6, 7, 8, 9)",mult,0.9248554913294798
PKLot,camera1,camera1,64,7,"(2, 4, 5, 6, 7, 8, 9)",vote,0.9159372419488027
PKLot,camera1,camera1,64,7,"(3, 4, 5, 6, 7, 8, 9)",sum,0.9180842279108175
PKLot,camera1,camera1,64,7,"(3, 4, 5, 6, 7, 8, 9)",mean_probs,0.9180842279108175
PKLot,camera1,camera1,64,7,"(3, 4, 5, 6, 7, 8, 9)",max,0.9291494632535094
PKLot,camera1,camera1,64,7,"(3, 4, 5, 6, 7, 8, 9)",mult,0.9243600330305533
PKLot,camera1,camera1,64,7,"(3, 4, 5, 6, 7, 8, 9)",vote,0.9132947976878613
PKLot,camera1,camera1,64,8,"(0, 1, 2, 3, 4, 5, 6, 7)",sum,0.922543352601156
PKLot,camera1,camera1,64,8,"(0, 1, 2, 3, 4, 5, 6, 7)",mean_probs,0.922543352601156
PKLot,camera1,camera1,64,8,"(0, 1, 2, 3, 4, 5, 6, 7)",max,0.9281585466556564
PKLot,camera1,camera1,64,8,"(0, 1, 2, 3, 4, 5, 6, 7)",mult,0.9263418662262592
PKLot,camera1,camera1,64,8,"(0, 1, 2, 3, 4, 5, 6, 7)",vote,0.9212221304706854
PKLot,camera1,camera1,64,8,"(0, 1, 2, 3, 4, 5, 6, 8)",sum,0.9199009083402147
PKLot,camera1,camera1,64,8,"(0, 1, 2, 3, 4, 5, 6, 8)",mean_probs,0.9199009083402147
PKLot,camera1,camera1,64,8,"(0, 1, 2, 3, 4, 5, 6, 8)",max,0.917588769611891
PKLot,camera1,camera1,64,8,"(0, 1, 2, 3, 4, 5, 6, 8)",mult,0.9205615194054501
PKLot,camera1,camera1,64,8,"(0, 1, 2, 3, 4, 5, 6, 8)",vote,0.9192402972749794
PKLot,camera1,camera1,64,8,"(0, 1, 2, 3, 4, 5, 6, 9)",sum,0.913625103220479
PKLot,camera1,camera1,64,8,"(0, 1, 2, 3, 4, 5, 6, 9)",mean_probs,0.913625103220479
PKLot,camera1,camera1,64,8,"(0, 1, 2, 3, 4, 5, 6, 9)",max,0.9127993393889348
PKLot,camera1,camera1,64,8,"(0, 1, 2, 3, 4, 5, 6, 9)",mult,0.9144508670520232
PKLot,camera1,camera1,64,8,"(0, 1, 2, 3, 4, 5, 6, 9)",vote,0.9132947976878613
PKLot,camera1,camera1,64,8,"(0, 1, 2, 3, 4, 5, 7, 8)",sum,0.926672171758877
PKLot,camera1,camera1,64,8,"(0, 1, 2, 3, 4, 5, 7, 8)",mean_probs,0.926672171758877
PKLot,camera1,camera1,64,8,"(0, 1, 2, 3, 4, 5, 7, 8)",max,0.9303055326176713
PKLot,camera1,camera1,64,8,"(0, 1, 2, 3, 4, 5, 7, 8)",mult,0.9291494632535094
PKLot,camera1,camera1,64,8,"(0, 1, 2, 3, 4, 5, 7, 8)",vote,0.9260115606936417
PKLot,camera1,camera1,64,8,"(0, 1, 2, 3, 4, 5, 7, 9)",sum,0.9217175887696119
PKLot,camera1,camera1,64,8,"(0, 1, 2, 3, 4, 5, 7, 9)",mean_probs,0.9217175887696119
PKLot,camera1,camera1,64,8,"(0, 1, 2, 3, 4, 5, 7, 9)",max,0.9289843104872006
PKLot,camera1,camera1,64,8,"(0, 1, 2, 3, 4, 5, 7, 9)",mult,0.9251857968620975
PKLot,camera1,camera1,64,8,"(0, 1, 2, 3, 4, 5, 7, 9)",vote,0.921552436003303
PKLot,camera1,camera1,64,8,"(0, 1, 2, 3, 4, 5, 8, 9)",sum,0.9177539223781999
PKLot,camera1,camera1,64,8,"(0, 1, 2, 3, 4, 5, 8, 9)",mean_probs,0.9177539223781999
PKLot,camera1,camera1,64,8,"(0, 1, 2, 3, 4, 5, 8, 9)",max,0.9185796862097441
PKLot,camera1,camera1,64,8,"(0, 1, 2, 3, 4, 5, 8, 9)",mult,0.9197357555739059
PKLot,camera1,camera1,64,8,"(0, 1, 2, 3, 4, 5, 8, 9)",vote,0.9177539223781999
PKLot,camera1,camera1,64,8,"(0, 1, 2, 3, 4, 6, 7, 8)",sum,0.9258464079273327
PKLot,camera1,camera1,64,8,"(0, 1, 2, 3, 4, 6, 7, 8)",mean_probs,0.9258464079273327
PKLot,camera1,camera1,64,8,"(0, 1, 2, 3, 4, 6, 7, 8)",max,0.928654004954583
PKLot,camera1,camera1,64,8,"(0, 1, 2, 3, 4, 6, 7, 8)",mult,0.928654004954583
PKLot,camera1,camera1,64,8,"(0, 1, 2, 3, 4, 6, 7, 8)",vote,0.925681255161024
PKLot,camera1,camera1,64,8,"(0, 1, 2, 3, 4, 6, 7, 9)",sum,0.9207266721717589
PKLot,camera1,camera1,64,8,"(0, 1, 2, 3, 4, 6, 7, 9)",mean_probs,0.9207266721717589
PKLot,camera1,camera1,64,8,"(0, 1, 2, 3, 4, 6, 7, 9)",max,0.92766308835673
PKLot,camera1,camera1,64,8,"(0, 1, 2, 3, 4, 6, 7, 9)",mult,0.9243600330305533
PKLot,camera1,camera1,64,8,"(0, 1, 2, 3, 4, 6, 7, 9)",vote,0.9182493806771264
PKLot,camera1,camera1,64,8,"(0, 1, 2, 3, 4, 6, 8, 9)",sum,0.915606936416185
PKLot,camera1,camera1,64,8,"(0, 1, 2, 3, 4, 6, 8, 9)",mean_probs,0.915606936416185
PKLot,camera1,camera1,64,8,"(0, 1, 2, 3, 4, 6, 8, 9)",max,0.9177539223781999
PKLot,camera1,camera1,64,8,"(0, 1, 2, 3, 4, 6, 8, 9)",mult,0.9180842279108175
PKLot,camera1,camera1,64,8,"(0, 1, 2, 3, 4, 6, 8, 9)",vote,0.9137902559867878
PKLot,camera1,camera1,64,8,"(0, 1, 2, 3, 4, 7, 8, 9)",sum,0.924525185796862
PKLot,camera1,camera1,64,8,"(0, 1, 2, 3, 4, 7, 8, 9)",mean_probs,0.924525185796862
PKLot,camera1,camera1,64,8,"(0, 1, 2, 3, 4, 7, 8, 9)",max,0.9303055326176713
PKLot,camera1,camera1,64,8,"(0, 1, 2, 3, 4, 7, 8, 9)",mult,0.9284888521882741
PKLot,camera1,camera1,64,8,"(0, 1, 2, 3, 4, 7, 8, 9)",vote,0.9230388109000826
PKLot,camera1,camera1,64,8,"(0, 1, 2, 3, 5, 6, 7, 8)",sum,0.9255161023947152
PKLot,camera1,camera1,64,8,"(0, 1, 2, 3, 5, 6, 7, 8)",mean_probs,0.9255161023947152
PKLot,camera1,camera1,64,8,"(0, 1, 2, 3, 5, 6, 7, 8)",max,0.9291494632535094
PKLot,camera1,camera1,64,8,"(0, 1, 2, 3, 5, 6, 7, 8)",mult,0.92766308835673
PKLot,camera1,camera1,64,8,"(0, 1, 2, 3, 5, 6, 7, 8)",vote,0.9250206440957887
PKLot,camera1,camera1,64,8,"(0, 1, 2, 3, 5, 6, 7, 9)",sum,0.9220478943022296
PKLot,camera1,camera1,64,8,"(0, 1, 2, 3, 5, 6, 7, 9)",mean_probs,0.9220478943022296
PKLot,camera1,camera1,64,8,"(0, 1, 2, 3, 5, 6, 7, 9)",max,0.9281585466556564
PKLot,camera1,camera1,64,8,"(0, 1, 2, 3, 5, 6, 7, 9)",mult,0.925681255161024
PKLot,camera1,camera1,64,8,"(0, 1, 2, 3, 5, 6, 7, 9)",vote,0.9202312138728324
PKLot,camera1,camera1,64,8,"(0, 1, 2, 3, 5, 6, 8, 9)",sum,0.9187448389760529
PKLot,camera1,camera1,64,8,"(0, 1, 2, 3, 5, 6, 8, 9)",mean_probs,0.9187448389760529
PKLot,camera1,camera1,64,8,"(0, 1, 2, 3, 5, 6, 8, 9)",max,0.9182493806771264
PKLot,camera1,camera1,64,8,"(0, 1, 2, 3, 5, 6, 8, 9)",mult,0.9202312138728324
PKLot,camera1,camera1,64,8,"(0, 1, 2, 3, 5, 6, 8, 9)",vote,0.9180842279108175
PKLot,camera1,camera1,64,8,"(0, 1, 2, 3, 5, 7, 8, 9)",sum,0.9250206440957887
PKLot,camera1,camera1,64,8,"(0, 1, 2, 3, 5, 7, 8, 9)",mean_probs,0.9250206440957887
PKLot,camera1,camera1,64,8,"(0, 1, 2, 3, 5, 7, 8, 9)",max,0.9299752270850536
PKLot,camera1,camera1,64,8,"(0, 1, 2, 3, 5, 7, 8, 9)",mult,0.9283236994219654
PKLot,camera1,camera1,64,8,"(0, 1, 2, 3, 5, 7, 8, 9)",vote,0.9243600330305533
PKLot,camera1,camera1,64,8,"(0, 1, 2, 3, 6, 7, 8, 9)",sum,0.9243600330305533
PKLot,camera1,camera1,64,8,"(0, 1, 2, 3, 6, 7, 8, 9)",mean_probs,0.9243600330305533
PKLot,camera1,camera1,64,8,"(0, 1, 2, 3, 6, 7, 8, 9)",max,0.928654004954583
PKLot,camera1,camera1,64,8,"(0, 1, 2, 3, 6, 7, 8, 9)",mult,0.9270024772914947
PKLot,camera1,camera1,64,8,"(0, 1, 2, 3, 6, 7, 8, 9)",vote,0.9240297274979355
PKLot,camera1,camera1,64,8,"(0, 1, 2, 4, 5, 6, 7, 8)",sum,0.925681255161024
PKLot,camera1,camera1,64,8,"(0, 1, 2, 4, 5, 6, 7, 8)",mean_probs,0.925681255161024
PKLot,camera1,camera1,64,8,"(0, 1, 2, 4, 5, 6, 7, 8)",max,0.9308009909165978
PKLot,camera1,camera1,64,8,"(0, 1, 2, 4, 5, 6, 7, 8)",mult,0.9273327828241124
PKLot,camera1,camera1,64,8,"(0, 1, 2, 4, 5, 6, 7, 8)",vote,0.9258464079273327
PKLot,camera1,camera1,64,8,"(0, 1, 2, 4, 5, 6, 7, 9)",sum,0.9190751445086706
PKLot,camera1,camera1,64,8,"(0, 1, 2, 4, 5, 6, 7, 9)",mean_probs,0.9190751445086706
PKLot,camera1,camera1,64,8,"(0, 1, 2, 4, 5, 6, 7, 9)",max,0.9293146160198184
PKLot,camera1,camera1,64,8,"(0, 1, 2, 4, 5, 6, 7, 9)",mult,0.922543352601156
PKLot,camera1,camera1,64,8,"(0, 1, 2, 4, 5, 6, 7, 9)",vote,0.9185796862097441
PKLot,camera1,camera1,64,8,"(0, 1, 2, 4, 5, 6, 8, 9)",sum,0.9152766308835673
PKLot,camera1,camera1,64,8,"(0, 1, 2, 4, 5, 6, 8, 9)",mean_probs,0.9152766308835673
PKLot,camera1,camera1,64,8,"(0, 1, 2, 4, 5, 6, 8, 9)",max,0.9194054500412882
PKLot,camera1,camera1,64,8,"(0, 1, 2, 4, 5, 6, 8, 9)",mult,0.917588769611891
PKLot,camera1,camera1,64,8,"(0, 1, 2, 4, 5, 6, 8, 9)",vote,0.9152766308835673
PKLot,camera1,camera1,64,8,"(0, 1, 2, 4, 5, 7, 8, 9)",sum,0.9241948802642445
PKLot,camera1,camera1,64,8,"(0, 1, 2, 4, 5, 7, 8, 9)",mean_probs,0.9241948802642445
PKLot,camera1,camera1,64,8,"(0, 1, 2, 4, 5, 7, 8, 9)",max,0.9322873658133773
PKLot,camera1,camera1,64,8,"(0, 1, 2, 4, 5, 7, 8, 9)",mult,0.9273327828241124
PKLot,camera1,camera1,64,8,"(0, 1, 2, 4, 5, 7, 8, 9)",vote,0.9233691164327003
PKLot,camera1,camera1,64,8,"(0, 1, 2, 4, 6, 7, 8, 9)",sum,0.9228736581337738
PKLot,camera1,camera1,64,8,"(0, 1, 2, 4, 6, 7, 8, 9)",mean_probs,0.9228736581337738
PKLot,camera1,camera1,64,8,"(0, 1, 2, 4, 6, 7, 8, 9)",max,0.9304706853839801
PKLot,camera1,camera1,64,8,"(0, 1, 2, 4, 6, 7, 8, 9)",mult,0.9255161023947152
PKLot,camera1,camera1,64,8,"(0, 1, 2, 4, 6, 7, 8, 9)",vote,0.9217175887696119
PKLot,camera1,camera1,64,8,"(0, 1, 2, 5, 6, 7, 8, 9)",sum,0.9248554913294798
PKLot,camera1,camera1,64,8,"(0, 1, 2, 5, 6, 7, 8, 9)",mean_probs,0.9248554913294798
PKLot,camera1,camera1,64,8,"(0, 1, 2, 5, 6, 7, 8, 9)",max,0.9303055326176713
PKLot,camera1,camera1,64,8,"(0, 1, 2, 5, 6, 7, 8, 9)",mult,0.92766308835673
PKLot,camera1,camera1,64,8,"(0, 1, 2, 5, 6, 7, 8, 9)",vote,0.923534269199009
PKLot,camera1,camera1,64,8,"(0, 1, 3, 4, 5, 6, 7, 8)",sum,0.922543352601156
PKLot,camera1,camera1,64,8,"(0, 1, 3, 4, 5, 6, 7, 8)",mean_probs,0.922543352601156
PKLot,camera1,camera1,64,8,"(0, 1, 3, 4, 5, 6, 7, 8)",max,0.9288191577208919
PKLot,camera1,camera1,64,8,"(0, 1, 3, 4, 5, 6, 7, 8)",mult,0.9253509496284062
PKLot,camera1,camera1,64,8,"(0, 1, 3, 4, 5, 6, 7, 8)",vote,0.9218827415359208
PKLot,camera1,camera1,64,8,"(0, 1, 3, 4, 5, 6, 7, 9)",sum,0.9172584640792734
PKLot,camera1,camera1,64,8,"(0, 1, 3, 4, 5, 6, 7, 9)",mean_probs,0.9172584640792734
PKLot,camera1,camera1,64,8,"(0, 1, 3, 4, 5, 6, 7, 9)",max,0.9281585466556564
PKLot,camera1,camera1,64,8,"(0, 1, 3, 4, 5, 6, 7, 9)",mult,0.9208918249380678
PKLot,camera1,camera1,64,8,"(0, 1, 3, 4, 5, 6, 7, 9)",vote,0.9161023947151115
PKLot,camera1,camera1,64,8,"(0, 1, 3, 4, 5, 6, 8, 9)",sum,0.9132947976878613
PKLot,camera1,camera1,64,8,"(0, 1, 3, 4, 5, 6, 8, 9)",mean_probs,0.9132947976878613
PKLot,camera1,camera1,64,8,"(0, 1, 3, 4, 5, 6, 8, 9)",max,0.9162675474814204
PKLot,camera1,camera1,64,8,"(0, 1, 3, 4, 5, 6, 8, 9)",mult,0.9142857142857143
PKLot,camera1,camera1,64,8,"(0, 1, 3, 4, 5, 6, 8, 9)",vote,0.9114781172584641
PKLot,camera1,camera1,64,8,"(0, 1, 3, 4, 5, 7, 8, 9)",sum,0.9207266721717589
PKLot,camera1,camera1,64,8,"(0, 1, 3, 4, 5, 7, 8, 9)",mean_probs,0.9207266721717589
PKLot,camera1,camera1,64,8,"(0, 1, 3, 4, 5, 7, 8, 9)",max,0.9301403798513626
PKLot,camera1,camera1,64,8,"(0, 1, 3, 4, 5, 7, 8, 9)",mult,0.9260115606936417
PKLot,camera1,camera1,64,8,"(0, 1, 3, 4, 5, 7, 8, 9)",vote,0.9187448389760529
PKLot,camera1,camera1,64,8,"(0, 1, 3, 4, 6, 7, 8, 9)",sum,0.9200660611065236
PKLot,camera1,camera1,64,8,"(0, 1, 3, 4, 6, 7, 8, 9)",mean_probs,0.9200660611065236
PKLot,camera1,camera1,64,8,"(0, 1, 3, 4, 6, 7, 8, 9)",max,0.9284888521882741
PKLot,camera1,camera1,64,8,"(0, 1, 3, 4, 6, 7, 8, 9)",mult,0.924690338563171
PKLot,camera1,camera1,64,8,"(0, 1, 3, 4, 6, 7, 8, 9)",vote,0.917588769611891
PKLot,camera1,camera1,64,8,"(0, 1, 3, 5, 6, 7, 8, 9)",sum,0.9213872832369943
PKLot,camera1,camera1,64,8,"(0, 1, 3, 5, 6, 7, 8, 9)",mean_probs,0.9213872832369943
PKLot,camera1,camera1,64,8,"(0, 1, 3, 5, 6, 7, 8, 9)",max,0.9288191577208919
PKLot,camera1,camera1,64,8,"(0, 1, 3, 5, 6, 7, 8, 9)",mult,0.9250206440957887
PKLot,camera1,camera1,64,8,"(0, 1, 3, 5, 6, 7, 8, 9)",vote,0.9197357555739059
PKLot,camera1,camera1,64,8,"(0, 1, 4, 5, 6, 7, 8, 9)",sum,0.9202312138728324
PKLot,camera1,camera1,64,8,"(0, 1, 4, 5, 6, 7, 8, 9)",mean_probs,0.9202312138728324
PKLot,camera1,camera1,64,8,"(0, 1, 4, 5, 6, 7, 8, 9)",max,0.9301403798513626
PKLot,camera1,camera1,64,8,"(0, 1, 4, 5, 6, 7, 8, 9)",mult,0.923534269199009
PKLot,camera1,camera1,64,8,"(0, 1, 4, 5, 6, 7, 8, 9)",vote,0.9179190751445087
PKLot,camera1,camera1,64,8,"(0, 2, 3, 4, 5, 6, 7, 8)",sum,0.9273327828241124
PKLot,camera1,camera1,64,8,"(0, 2, 3, 4, 5, 6, 7, 8)",mean_probs,0.9273327828241124
PKLot,camera1,camera1,64,8,"(0, 2, 3, 4, 5, 6, 7, 8)",max,0.9299752270850536
PKLot,camera1,camera1,64,8,"(0, 2, 3, 4, 5, 6, 7, 8)",mult,0.9293146160198184
PKLot,camera1,camera1,64,8,"(0, 2, 3, 4, 5, 6, 7, 8)",vote,0.9253509496284062
PKLot,camera1,camera1,64,8,"(0, 2, 3, 4, 5, 6, 7, 9)",sum,0.922543352601156
PKLot,camera1,camera1,64,8,"(0, 2, 3, 4, 5, 6, 7, 9)",mean_probs,0.922543352601156
PKLot,camera1,camera1,64,8,"(0, 2, 3, 4, 5, 6, 7, 9)",max,0.9298100743187449
PKLot,camera1,camera1,64,8,"(0, 2, 3, 4, 5, 6, 7, 9)",mult,0.9271676300578034
PKLot,camera1,camera1,64,8,"(0, 2, 3, 4, 5, 6, 7, 9)",vote,0.9197357555739059
PKLot,camera1,camera1,64,8,"(0, 2, 3, 4, 5, 6, 8, 9)",sum,0.9172584640792734
PKLot,camera1,camera1,64,8,"(0, 2, 3, 4, 5, 6, 8, 9)",mean_probs,0.9172584640792734
PKLot,camera1,camera1,64,8,"(0, 2, 3, 4, 5, 6, 8, 9)",max,0.9182493806771264
PKLot,camera1,camera1,64,8,"(0, 2, 3, 4, 5, 6, 8, 9)",mult,0.9192402972749794
PKLot,camera1,camera1,64,8,"(0, 2, 3, 4, 5, 6, 8, 9)",vote,0.9167630057803469
PKLot,camera1,camera1,64,8,"(0, 2, 3, 4, 5, 7, 8, 9)",sum,0.9263418662262592
PKLot,camera1,camera1,64,8,"(0, 2, 3, 4, 5, 7, 8, 9)",mean_probs,0.9263418662262592
PKLot,camera1,camera1,64,8,"(0, 2, 3, 4, 5, 7, 8, 9)",max,0.931626754748142
PKLot,camera1,camera1,64,8,"(0, 2, 3, 4, 5, 7, 8, 9)",mult,0.9301403798513626
PKLot,camera1,camera1,64,8,"(0, 2, 3, 4, 5, 7, 8, 9)",vote,0.9243600330305533
PKLot,camera1,camera1,64,8,"(0, 2, 3, 4, 6, 7, 8, 9)",sum,0.9251857968620975
PKLot,camera1,camera1,64,8,"(0, 2, 3, 4, 6, 7, 8, 9)",mean_probs,0.9251857968620975
PKLot,camera1,camera1,64,8,"(0, 2, 3, 4, 6, 7, 8, 9)",max,0.9301403798513626
PKLot,camera1,camera1,64,8,"(0, 2, 3, 4, 6, 7, 8, 9)",mult,0.9284888521882741
PKLot,camera1,camera1,64,8,"(0, 2, 3, 4, 6, 7, 8, 9)",vote,0.922708505367465
PKLot,camera1,camera1,64,8,"(0, 2, 3, 5, 6, 7, 8, 9)",sum,0.9261767134599505
PKLot,camera1,camera1,64,8,"(0, 2, 3, 5, 6, 7, 8, 9)",mean_probs,0.9261767134599505
PKLot,camera1,camera1,64,8,"(0, 2, 3, 5, 6, 7, 8, 9)",max,0.9301403798513626
PKLot,camera1,camera1,64,8,"(0, 2, 3, 5, 6, 7, 8, 9)",mult,0.9293146160198184
PKLot,camera1,camera1,64,8,"(0, 2, 3, 5, 6, 7, 8, 9)",vote,0.9248554913294798
PKLot,camera1,camera1,64,8,"(0, 2, 4, 5, 6, 7, 8, 9)",sum,0.923699421965318
PKLot,camera1,camera1,64,8,"(0, 2, 4, 5, 6, 7, 8, 9)",mean_probs,0.923699421965318
PKLot,camera1,camera1,64,8,"(0, 2, 4, 5, 6, 7, 8, 9)",max,0.930635838150289
PKLot,camera1,camera1,64,8,"(0, 2, 4, 5, 6, 7, 8, 9)",mult,0.9263418662262592
PKLot,camera1,camera1,64,8,"(0, 2, 4, 5, 6, 7, 8, 9)",vote,0.922543352601156
PKLot,camera1,camera1,64,8,"(0, 3, 4, 5, 6, 7, 8, 9)",sum,0.9228736581337738
PKLot,camera1,camera1,64,8,"(0, 3, 4, 5, 6, 7, 8, 9)",mean_probs,0.9228736581337738
PKLot,camera1,camera1,64,8,"(0, 3, 4, 5, 6, 7, 8, 9)",max,0.9298100743187449
PKLot,camera1,camera1,64,8,"(0, 3, 4, 5, 6, 7, 8, 9)",mult,0.926672171758877
PKLot,camera1,camera1,64,8,"(0, 3, 4, 5, 6, 7, 8, 9)",vote,0.9197357555739059
PKLot,camera1,camera1,64,8,"(1, 2, 3, 4, 5, 6, 7, 8)",sum,0.921552436003303
PKLot,camera1,camera1,64,8,"(1, 2, 3, 4, 5, 6, 7, 8)",mean_probs,0.921552436003303
PKLot,camera1,camera1,64,8,"(1, 2, 3, 4, 5, 6, 7, 8)",max,0.928654004954583
PKLot,camera1,camera1,64,8,"(1, 2, 3, 4, 5, 6, 7, 8)",mult,0.924525185796862
PKLot,camera1,camera1,64,8,"(1, 2, 3, 4, 5, 6, 7, 8)",vote,0.9210569777043766
PKLot,camera1,camera1,64,8,"(1, 2, 3, 4, 5, 6, 7, 9)",sum,0.9174236168455822
PKLot,camera1,camera1,64,8,"(1, 2, 3, 4, 5, 6, 7, 9)",mean_probs,0.9174236168455822
PKLot,camera1,camera1,64,8,"(1, 2, 3, 4, 5, 6, 7, 9)",max,0.9278282411230389
PKLot,camera1,camera1,64,8,"(1, 2, 3, 4, 5, 6, 7, 9)",mult,0.9210569777043766
PKLot,camera1,camera1,64,8,"(1, 2, 3, 4, 5, 6, 7, 9)",vote,0.9162675474814204
PKLot,camera1,camera1,64,8,"(1, 2, 3, 4, 5, 6, 8, 9)",sum,0.912634186622626
PKLot,camera1,camera1,64,8,"(1, 2, 3, 4, 5, 6, 8, 9)",mean_probs,0.912634186622626
PKLot,camera1,camera1,64,8,"(1, 2, 3, 4, 5, 6, 8, 9)",max,0.9161023947151115
PKLot,camera1,camera1,64,8,"(1, 2, 3, 4, 5, 6, 8, 9)",mult,0.91345995045417
PKLot,camera1,camera1,64,8,"(1, 2, 3, 4, 5, 6, 8, 9)",vote,0.9132947976878613
PKLot,camera1,camera1,64,8,"(1, 2, 3, 4, 5, 7, 8, 9)",sum,0.9200660611065236
PKLot,camera1,camera1,64,8,"(1, 2, 3, 4, 5, 7, 8, 9)",mean_probs,0.9200660611065236
PKLot,camera1,camera1,64,8,"(1, 2, 3, 4, 5, 7, 8, 9)",max,0.9301403798513626
PKLot,camera1,camera1,64,8,"(1, 2, 3, 4, 5, 7, 8, 9)",mult,0.923699421965318
PKLot,camera1,camera1,64,8,"(1, 2, 3, 4, 5, 7, 8, 9)",vote,0.9190751445086706
PKLot,camera1,camera1,64,8,"(1, 2, 3, 4, 6, 7, 8, 9)",sum,0.9187448389760529
PKLot,camera1,camera1,64,8,"(1, 2, 3, 4, 6, 7, 8, 9)",mean_probs,0.9187448389760529
PKLot,camera1,camera1,64,8,"(1, 2, 3, 4, 6, 7, 8, 9)",max,0.9283236994219654
PKLot,camera1,camera1,64,8,"(1, 2, 3, 4, 6, 7, 8, 9)",mult,0.9238645747316268
PKLot,camera1,camera1,64,8,"(1, 2, 3, 4, 6, 7, 8, 9)",vote,0.9182493806771264
PKLot,camera1,camera1,64,8,"(1, 2, 3, 5, 6, 7, 8, 9)",sum,0.9210569777043766
PKLot,camera1,camera1,64,8,"(1, 2, 3, 5, 6, 7, 8, 9)",mean_probs,0.9210569777043766
PKLot,camera1,camera1,64,8,"(1, 2, 3, 5, 6, 7, 8, 9)",max,0.928654004954583
PKLot,camera1,camera1,64,8,"(1, 2, 3, 5, 6, 7, 8, 9)",mult,0.923699421965318
PKLot,camera1,camera1,64,8,"(1, 2, 3, 5, 6, 7, 8, 9)",vote,0.9203963666391412
PKLot,camera1,camera1,64,8,"(1, 2, 4, 5, 6, 7, 8, 9)",sum,0.9185796862097441
PKLot,camera1,camera1,64,8,"(1, 2, 4, 5, 6, 7, 8, 9)",mean_probs,0.9185796862097441
PKLot,camera1,camera1,64,8,"(1, 2, 4, 5, 6, 7, 8, 9)",max,0.9303055326176713
PKLot,camera1,camera1,64,8,"(1, 2, 4, 5, 6, 7, 8, 9)",mult,0.922543352601156
PKLot,camera1,camera1,64,8,"(1, 2, 4, 5, 6, 7, 8, 9)",vote,0.9172584640792734
PKLot,camera1,camera1,64,8,"(1, 3, 4, 5, 6, 7, 8, 9)",sum,0.9157720891824938
PKLot,camera1,camera1,64,8,"(1, 3, 4, 5, 6, 7, 8, 9)",mean_probs,0.9157720891824938
PKLot,camera1,camera1,64,8,"(1, 3, 4, 5, 6, 7, 8, 9)",max,0.9281585466556564
PKLot,camera1,camera1,64,8,"(1, 3, 4, 5, 6, 7, 8, 9)",mult,0.9213872832369943
PKLot,camera1,camera1,64,8,"(1, 3, 4, 5, 6, 7, 8, 9)",vote,0.9141205615194055
PKLot,camera1,camera1,64,8,"(2, 3, 4, 5, 6, 7, 8, 9)",sum,0.921552436003303
PKLot,camera1,camera1,64,8,"(2, 3, 4, 5, 6, 7, 8, 9)",mean_probs,0.921552436003303
PKLot,camera1,camera1,64,8,"(2, 3, 4, 5, 6, 7, 8, 9)",max,0.9294797687861271
PKLot,camera1,camera1,64,8,"(2, 3, 4, 5, 6, 7, 8, 9)",mult,0.9251857968620975
PKLot,camera1,camera1,64,8,"(2, 3, 4, 5, 6, 7, 8, 9)",vote,0.9185796862097441
PKLot,camera1,camera1,64,9,"(0, 1, 2, 3, 4, 5, 6, 7, 8)",sum,0.924525185796862
PKLot,camera1,camera1,64,9,"(0, 1, 2, 3, 4, 5, 6, 7, 8)",mean_probs,0.924525185796862
PKLot,camera1,camera1,64,9,"(0, 1, 2, 3, 4, 5, 6, 7, 8)",max,0.9288191577208919
PKLot,camera1,camera1,64,9,"(0, 1, 2, 3, 4, 5, 6, 7, 8)",mult,0.9261767134599505
PKLot,camera1,camera1,64,9,"(0, 1, 2, 3, 4, 5, 6, 7, 8)",vote,0.9233691164327003
PKLot,camera1,camera1,64,9,"(0, 1, 2, 3, 4, 5, 6, 7, 9)",sum,0.9199009083402147
PKLot,camera1,camera1,64,9,"(0, 1, 2, 3, 4, 5, 6, 7, 9)",mean_probs,0.9199009083402147
PKLot,camera1,camera1,64,9,"(0, 1, 2, 3, 4, 5, 6, 7, 9)",max,0.9279933938893477
PKLot,camera1,camera1,64,9,"(0, 1, 2, 3, 4, 5, 6, 7, 9)",mult,0.922543352601156
PKLot,camera1,camera1,64,9,"(0, 1, 2, 3, 4, 5, 6, 7, 9)",vote,0.9174236168455822
PKLot,camera1,camera1,64,9,"(0, 1, 2, 3, 4, 5, 6, 8, 9)",sum,0.9157720891824938
PKLot,camera1,camera1,64,9,"(0, 1, 2, 3, 4, 5, 6, 8, 9)",mean_probs,0.9157720891824938
PKLot,camera1,camera1,64,9,"(0, 1, 2, 3, 4, 5, 6, 8, 9)",max,0.9172584640792734
PKLot,camera1,camera1,64,9,"(0, 1, 2, 3, 4, 5, 6, 8, 9)",mult,0.9164327002477292
PKLot,camera1,camera1,64,9,"(0, 1, 2, 3, 4, 5, 6, 8, 9)",vote,0.9139554087530967
PKLot,camera1,camera1,64,9,"(0, 1, 2, 3, 4, 5, 7, 8, 9)",sum,0.923699421965318
PKLot,camera1,camera1,64,9,"(0, 1, 2, 3, 4, 5, 7, 8, 9)",mean_probs,0.923699421965318
PKLot,camera1,camera1,64,9,"(0, 1, 2, 3, 4, 5, 7, 8, 9)",max,0.9301403798513626
PKLot,camera1,camera1,64,9,"(0, 1, 2, 3, 4, 5, 7, 8, 9)",mult,0.9268373245251857
PKLot,camera1,camera1,64,9,"(0, 1, 2, 3, 4, 5, 7, 8, 9)",vote,0.9222130470685383
PKLot,camera1,camera1,64,9,"(0, 1, 2, 3, 4, 6, 7, 8, 9)",sum,0.9232039636663915
PKLot,camera1,camera1,64,9,"(0, 1, 2, 3, 4, 6, 7, 8, 9)",mean_probs,0.9232039636663915
PKLot,camera1,camera1,64,9,"(0, 1, 2, 3, 4, 6, 7, 8, 9)",max,0.9284888521882741
PKLot,camera1,camera1,64,9,"(0, 1, 2, 3, 4, 6, 7, 8, 9)",mult,0.9260115606936417
PKLot,camera1,camera1,64,9,"(0, 1, 2, 3, 4, 6, 7, 8, 9)",vote,0.9182493806771264
PKLot,camera1,camera1,64,9,"(0, 1, 2, 3, 5, 6, 7, 8, 9)",sum,0.922543352601156
PKLot,camera1,camera1,64,9,"(0, 1, 2, 3, 5, 6, 7, 8, 9)",mean_probs,0.922543352601156
PKLot,camera1,camera1,64,9,"(0, 1, 2, 3, 5, 6, 7, 8, 9)",max,0.9288191577208919
PKLot,camera1,camera1,64,9,"(0, 1, 2, 3, 5, 6, 7, 8, 9)",mult,0.924690338563171
PKLot,camera1,camera1,64,9,"(0, 1, 2, 3, 5, 6, 7, 8, 9)",vote,0.9217175887696119
PKLot,camera1,camera1,64,9,"(0, 1, 2, 4, 5, 6, 7, 8, 9)",sum,0.9218827415359208
PKLot,camera1,camera1,64,9,"(0, 1, 2, 4, 5, 6, 7, 8, 9)",mean_probs,0.9218827415359208
PKLot,camera1,camera1,64,9,"(0, 1, 2, 4, 5, 6, 7, 8, 9)",max,0.9304706853839801
PKLot,camera1,camera1,64,9,"(0, 1, 2, 4, 5, 6, 7, 8, 9)",mult,0.924525185796862
PKLot,camera1,camera1,64,9,"(0, 1, 2, 4, 5, 6, 7, 8, 9)",vote,0.9182493806771264
PKLot,camera1,camera1,64,9,"(0, 1, 3, 4, 5, 6, 7, 8, 9)",sum,0.9185796862097441
PKLot,camera1,camera1,64,9,"(0, 1, 3, 4, 5, 6, 7, 8, 9)",mean_probs,0.9185796862097441
PKLot,camera1,camera1,64,9,"(0, 1, 3, 4, 5, 6, 7, 8, 9)",max,0.928654004954583
PKLot,camera1,camera1,64,9,"(0, 1, 3, 4, 5, 6, 7, 8, 9)",mult,0.9233691164327003
PKLot,camera1,camera1,64,9,"(0, 1, 3, 4, 5, 6, 7, 8, 9)",vote,0.9154417836498762
PKLot,camera1,camera1,64,9,"(0, 2, 3, 4, 5, 6, 7, 8, 9)",sum,0.9240297274979355
PKLot,camera1,camera1,64,9,"(0, 2, 3, 4, 5, 6, 7, 8, 9)",mean_probs,0.9240297274979355
PKLot,camera1,camera1,64,9,"(0, 2, 3, 4, 5, 6, 7, 8, 9)",max,0.9298100743187449
PKLot,camera1,camera1,64,9,"(0, 2, 3, 4, 5, 6, 7, 8, 9)",mult,0.926672171758877
PKLot,camera1,camera1,64,9,"(0, 2, 3, 4, 5, 6, 7, 8, 9)",vote,0.9199009083402147
PKLot,camera1,camera1,64,9,"(1, 2, 3, 4, 5, 6, 7, 8, 9)",sum,0.9182493806771264
PKLot,camera1,camera1,64,9,"(1, 2, 3, 4, 5, 6, 7, 8, 9)",mean_probs,0.9182493806771264
PKLot,camera1,camera1,64,9,"(1, 2, 3, 4, 5, 6, 7, 8, 9)",max,0.9284888521882741
PKLot,camera1,camera1,64,9,"(1, 2, 3, 4, 5, 6, 7, 8, 9)",mult,0.9222130470685383
PKLot,camera1,camera1,64,9,"(1, 2, 3, 4, 5, 6, 7, 8, 9)",vote,0.9161023947151115
PKLot,camera1,camera1,128,2,"(0, 1)",sum,0.9385631709331131
PKLot,camera1,camera1,128,2,"(0, 1)",mean_probs,0.9385631709331131
PKLot,camera1,camera1,128,2,"(0, 1)",max,0.9385631709331131
PKLot,camera1,camera1,128,2,"(0, 1)",mult,0.9385631709331131
PKLot,camera1,camera1,128,2,"(0, 1)",vote,0.9385631709331131
PKLot,camera1,camera1,128,2,"(0, 2)",sum,0.9481420313790256
PKLot,camera1,camera1,128,2,"(0, 2)",mean_probs,0.9481420313790256
PKLot,camera1,camera1,128,2,"(0, 2)",max,0.9481420313790256
PKLot,camera1,camera1,128,2,"(0, 2)",mult,0.9481420313790256
PKLot,camera1,camera1,128,2,"(0, 2)",vote,0.9481420313790256
PKLot,camera1,camera1,128,2,"(0, 3)",sum,0.9375722543352601
PKLot,camera1,camera1,128,2,"(0, 3)",mean_probs,0.9375722543352601
PKLot,camera1,camera1,128,2,"(0, 3)",max,0.9375722543352601
PKLot,camera1,camera1,128,2,"(0, 3)",mult,0.9375722543352601
PKLot,camera1,camera1,128,2,"(0, 3)",vote,0.9375722543352601
PKLot,camera1,camera1,128,2,"(0, 4)",sum,0.9279933938893477
PKLot,camera1,camera1,128,2,"(0, 4)",mean_probs,0.9279933938893477
PKLot,camera1,camera1,128,2,"(0, 4)",max,0.9279933938893477
PKLot,camera1,camera1,128,2,"(0, 4)",mult,0.9279933938893477
PKLot,camera1,camera1,128,2,"(0, 4)",vote,0.9279933938893477
PKLot,camera1,camera1,128,2,"(0, 5)",sum,0.9400495458298926
PKLot,camera1,camera1,128,2,"(0, 5)",mean_probs,0.9400495458298926
PKLot,camera1,camera1,128,2,"(0, 5)",max,0.9400495458298926
PKLot,camera1,camera1,128,2,"(0, 5)",mult,0.9400495458298926
PKLot,camera1,camera1,128,2,"(0, 5)",vote,0.9400495458298926
PKLot,camera1,camera1,128,2,"(0, 6)",sum,0.9463253509496284
PKLot,camera1,camera1,128,2,"(0, 6)",mean_probs,0.9463253509496284
PKLot,camera1,camera1,128,2,"(0, 6)",max,0.9463253509496284
PKLot,camera1,camera1,128,2,"(0, 6)",mult,0.9463253509496284
PKLot,camera1,camera1,128,2,"(0, 6)",vote,0.9463253509496284
PKLot,camera1,camera1,128,2,"(0, 7)",sum,0.9415359207266721
PKLot,camera1,camera1,128,2,"(0, 7)",mean_probs,0.9415359207266721
PKLot,camera1,camera1,128,2,"(0, 7)",max,0.9415359207266721
PKLot,camera1,camera1,128,2,"(0, 7)",mult,0.9415359207266721
PKLot,camera1,camera1,128,2,"(0, 7)",vote,0.9415359207266721
PKLot,camera1,camera1,128,2,"(0, 8)",sum,0.9385631709331131
PKLot,camera1,camera1,128,2,"(0, 8)",mean_probs,0.9385631709331131
PKLot,camera1,camera1,128,2,"(0, 8)",max,0.9385631709331131
PKLot,camera1,camera1,128,2,"(0, 8)",mult,0.9385631709331131
PKLot,camera1,camera1,128,2,"(0, 8)",vote,0.9385631709331131
PKLot,camera1,camera1,128,2,"(0, 9)",sum,0.9241948802642445
PKLot,camera1,camera1,128,2,"(0, 9)",mean_probs,0.9241948802642445
PKLot,camera1,camera1,128,2,"(0, 9)",max,0.9241948802642445
PKLot,camera1,camera1,128,2,"(0, 9)",mult,0.9241948802642445
PKLot,camera1,camera1,128,2,"(0, 9)",vote,0.9241948802642445
PKLot,camera1,camera1,128,2,"(1, 2)",sum,0.9370767960363336
PKLot,camera1,camera1,128,2,"(1, 2)",mean_probs,0.9370767960363336
PKLot,camera1,camera1,128,2,"(1, 2)",max,0.9370767960363336
PKLot,camera1,camera1,128,2,"(1, 2)",mult,0.9370767960363336
PKLot,camera1,camera1,128,2,"(1, 2)",vote,0.9370767960363336
PKLot,camera1,camera1,128,2,"(1, 3)",sum,0.922708505367465
PKLot,camera1,camera1,128,2,"(1, 3)",mean_probs,0.922708505367465
PKLot,camera1,camera1,128,2,"(1, 3)",max,0.922708505367465
PKLot,camera1,camera1,128,2,"(1, 3)",mult,0.922708505367465
PKLot,camera1,camera1,128,2,"(1, 3)",vote,0.922708505367465
PKLot,camera1,camera1,128,2,"(1, 4)",sum,0.9086705202312139
PKLot,camera1,camera1,128,2,"(1, 4)",mean_probs,0.9086705202312139
PKLot,camera1,camera1,128,2,"(1, 4)",max,0.9086705202312139
PKLot,camera1,camera1,128,2,"(1, 4)",mult,0.9086705202312139
PKLot,camera1,camera1,128,2,"(1, 4)",vote,0.9086705202312139
PKLot,camera1,camera1,128,2,"(1, 5)",sum,0.9284888521882741
PKLot,camera1,camera1,128,2,"(1, 5)",mean_probs,0.9284888521882741
PKLot,camera1,camera1,128,2,"(1, 5)",max,0.9284888521882741
PKLot,camera1,camera1,128,2,"(1, 5)",mult,0.9284888521882741
PKLot,camera1,camera1,128,2,"(1, 5)",vote,0.9284888521882741
PKLot,camera1,camera1,128,2,"(1, 6)",sum,0.9395540875309661
PKLot,camera1,camera1,128,2,"(1, 6)",mean_probs,0.9395540875309661
PKLot,camera1,camera1,128,2,"(1, 6)",max,0.9395540875309661
PKLot,camera1,camera1,128,2,"(1, 6)",mult,0.9395540875309661
PKLot,camera1,camera1,128,2,"(1, 6)",vote,0.9395540875309661
PKLot,camera1,camera1,128,2,"(1, 7)",sum,0.9369116432700247
PKLot,camera1,camera1,128,2,"(1, 7)",mean_probs,0.9369116432700247
PKLot,camera1,camera1,128,2,"(1, 7)",max,0.9369116432700247
PKLot,camera1,camera1,128,2,"(1, 7)",mult,0.9369116432700247
PKLot,camera1,camera1,128,2,"(1, 7)",vote,0.9369116432700247
PKLot,camera1,camera1,128,2,"(1, 8)",sum,0.923534269199009
PKLot,camera1,camera1,128,2,"(1, 8)",mean_probs,0.923534269199009
PKLot,camera1,camera1,128,2,"(1, 8)",max,0.923534269199009
PKLot,camera1,camera1,128,2,"(1, 8)",mult,0.923534269199009
PKLot,camera1,camera1,128,2,"(1, 8)",vote,0.923534269199009
PKLot,camera1,camera1,128,2,"(1, 9)",sum,0.9010734929810075
PKLot,camera1,camera1,128,2,"(1, 9)",mean_probs,0.9010734929810075
PKLot,camera1,camera1,128,2,"(1, 9)",max,0.9010734929810075
PKLot,camera1,camera1,128,2,"(1, 9)",mult,0.9010734929810075
PKLot,camera1,camera1,128,2,"(1, 9)",vote,0.9010734929810075
PKLot,camera1,camera1,128,2,"(2, 3)",sum,0.9372419488026424
PKLot,camera1,camera1,128,2,"(2, 3)",mean_probs,0.9372419488026424
PKLot,camera1,camera1,128,2,"(2, 3)",max,0.9372419488026424
PKLot,camera1,camera1,128,2,"(2, 3)",mult,0.9372419488026424
PKLot,camera1,camera1,128,2,"(2, 3)",vote,0.9372419488026424
PKLot,camera1,camera1,128,2,"(2, 4)",sum,0.9238645747316268
PKLot,camera1,camera1,128,2,"(2, 4)",mean_probs,0.9238645747316268
PKLot,camera1,camera1,128,2,"(2, 4)",max,0.9238645747316268
PKLot,camera1,camera1,128,2,"(2, 4)",mult,0.9238645747316268
PKLot,camera1,camera1,128,2,"(2, 4)",vote,0.9238645747316268
PKLot,camera1,camera1,128,2,"(2, 5)",sum,0.9398843930635838
PKLot,camera1,camera1,128,2,"(2, 5)",mean_probs,0.9398843930635838
PKLot,camera1,camera1,128,2,"(2, 5)",max,0.9398843930635838
PKLot,camera1,camera1,128,2,"(2, 5)",mult,0.9398843930635838
PKLot,camera1,camera1,128,2,"(2, 5)",vote,0.9398843930635838
PKLot,camera1,camera1,128,2,"(2, 6)",sum,0.9489677952105697
PKLot,camera1,camera1,128,2,"(2, 6)",mean_probs,0.9489677952105697
PKLot,camera1,camera1,128,2,"(2, 6)",max,0.9489677952105697
PKLot,camera1,camera1,128,2,"(2, 6)",mult,0.9489677952105697
PKLot,camera1,camera1,128,2,"(2, 6)",vote,0.9489677952105697
PKLot,camera1,camera1,128,2,"(2, 7)",sum,0.9428571428571428
PKLot,camera1,camera1,128,2,"(2, 7)",mean_probs,0.9428571428571428
PKLot,camera1,camera1,128,2,"(2, 7)",max,0.9428571428571428
PKLot,camera1,camera1,128,2,"(2, 7)",mult,0.9428571428571428
PKLot,camera1,camera1,128,2,"(2, 7)",vote,0.9428571428571428
PKLot,camera1,camera1,128,2,"(2, 8)",sum,0.9392237819983484
PKLot,camera1,camera1,128,2,"(2, 8)",mean_probs,0.9392237819983484
PKLot,camera1,camera1,128,2,"(2, 8)",max,0.9392237819983484
PKLot,camera1,camera1,128,2,"(2, 8)",mult,0.9392237819983484
PKLot,camera1,camera1,128,2,"(2, 8)",vote,0.9392237819983484
PKLot,camera1,camera1,128,2,"(2, 9)",sum,0.9220478943022296
PKLot,camera1,camera1,128,2,"(2, 9)",mean_probs,0.9220478943022296
PKLot,camera1,camera1,128,2,"(2, 9)",max,0.9220478943022296
PKLot,camera1,camera1,128,2,"(2, 9)",mult,0.9220478943022296
PKLot,camera1,camera1,128,2,"(2, 9)",vote,0.9220478943022296
PKLot,camera1,camera1,128,2,"(3, 4)",sum,0.9118084227910818
PKLot,camera1,camera1,128,2,"(3, 4)",mean_probs,0.9118084227910818
PKLot,camera1,camera1,128,2,"(3, 4)",max,0.9118084227910818
PKLot,camera1,camera1,128,2,"(3, 4)",mult,0.9118084227910818
PKLot,camera1,camera1,128,2,"(3, 4)",vote,0.9118084227910818
PKLot,camera1,camera1,128,2,"(3, 5)",sum,0.9243600330305533
PKLot,camera1,camera1,128,2,"(3, 5)",mean_probs,0.9243600330305533
PKLot,camera1,camera1,128,2,"(3, 5)",max,0.9243600330305533
PKLot,camera1,camera1,128,2,"(3, 5)",mult,0.9243600330305533
PKLot,camera1,camera1,128,2,"(3, 5)",vote,0.9243600330305533
PKLot,camera1,camera1,128,2,"(3, 6)",sum,0.9362510322047894
PKLot,camera1,camera1,128,2,"(3, 6)",mean_probs,0.9362510322047894
PKLot,camera1,camera1,128,2,"(3, 6)",max,0.9362510322047894
PKLot,camera1,camera1,128,2,"(3, 6)",mult,0.9362510322047894
PKLot,camera1,camera1,128,2,"(3, 6)",vote,0.9362510322047894
PKLot,camera1,camera1,128,2,"(3, 7)",sum,0.9332782824112303
PKLot,camera1,camera1,128,2,"(3, 7)",mean_probs,0.9332782824112303
PKLot,camera1,camera1,128,2,"(3, 7)",max,0.9332782824112303
PKLot,camera1,camera1,128,2,"(3, 7)",mult,0.9332782824112303
PKLot,camera1,camera1,128,2,"(3, 7)",vote,0.9332782824112303
PKLot,camera1,camera1,128,2,"(3, 8)",sum,0.926672171758877
PKLot,camera1,camera1,128,2,"(3, 8)",mean_probs,0.926672171758877
PKLot,camera1,camera1,128,2,"(3, 8)",max,0.926672171758877
PKLot,camera1,camera1,128,2,"(3, 8)",mult,0.926672171758877
PKLot,camera1,camera1,128,2,"(3, 8)",vote,0.926672171758877
PKLot,camera1,camera1,128,2,"(3, 9)",sum,0.9060280759702725
PKLot,camera1,camera1,128,2,"(3, 9)",mean_probs,0.9060280759702725
PKLot,camera1,camera1,128,2,"(3, 9)",max,0.9060280759702725
PKLot,camera1,camera1,128,2,"(3, 9)",mult,0.9060280759702725
PKLot,camera1,camera1,128,2,"(3, 9)",vote,0.9060280759702725
PKLot,camera1,camera1,128,2,"(4, 5)",sum,0.91345995045417
PKLot,camera1,camera1,128,2,"(4, 5)",mean_probs,0.91345995045417
PKLot,camera1,camera1,128,2,"(4, 5)",max,0.91345995045417
PKLot,camera1,camera1,128,2,"(4, 5)",mult,0.91345995045417
PKLot,camera1,camera1,128,2,"(4, 5)",vote,0.91345995045417
PKLot,camera1,camera1,128,2,"(4, 6)",sum,0.9278282411230389
PKLot,camera1,camera1,128,2,"(4, 6)",mean_probs,0.9278282411230389
PKLot,camera1,camera1,128,2,"(4, 6)",max,0.9278282411230389
PKLot,camera1,camera1,128,2,"(4, 6)",mult,0.9278282411230389
PKLot,camera1,camera1,128,2,"(4, 6)",vote,0.9278282411230389
PKLot,camera1,camera1,128,2,"(4, 7)",sum,0.9230388109000826
PKLot,camera1,camera1,128,2,"(4, 7)",mean_probs,0.9230388109000826
PKLot,camera1,camera1,128,2,"(4, 7)",max,0.9230388109000826
PKLot,camera1,camera1,128,2,"(4, 7)",mult,0.9230388109000826
PKLot,camera1,camera1,128,2,"(4, 7)",vote,0.9230388109000826
PKLot,camera1,camera1,128,2,"(4, 8)",sum,0.9088356729975227
PKLot,camera1,camera1,128,2,"(4, 8)",mean_probs,0.9088356729975227
PKLot,camera1,camera1,128,2,"(4, 8)",max,0.9088356729975227
PKLot,camera1,camera1,128,2,"(4, 8)",mult,0.9088356729975227
PKLot,camera1,camera1,128,2,"(4, 8)",vote,0.9088356729975227
PKLot,camera1,camera1,128,2,"(4, 9)",sum,0.8860445912469034
PKLot,camera1,camera1,128,2,"(4, 9)",mean_probs,0.8860445912469034
PKLot,camera1,camera1,128,2,"(4, 9)",max,0.8860445912469034
PKLot,camera1,camera1,128,2,"(4, 9)",mult,0.8860445912469034
PKLot,camera1,camera1,128,2,"(4, 9)",vote,0.8860445912469034
PKLot,camera1,camera1,128,2,"(5, 6)",sum,0.9423616845582163
PKLot,camera1,camera1,128,2,"(5, 6)",mean_probs,0.9423616845582163
PKLot,camera1,camera1,128,2,"(5, 6)",max,0.9423616845582163
PKLot,camera1,camera1,128,2,"(5, 6)",mult,0.9423616845582163
PKLot,camera1,camera1,128,2,"(5, 6)",vote,0.9423616845582163
PKLot,camera1,camera1,128,2,"(5, 7)",sum,0.9383980181668043
PKLot,camera1,camera1,128,2,"(5, 7)",mean_probs,0.9383980181668043
PKLot,camera1,camera1,128,2,"(5, 7)",max,0.9383980181668043
PKLot,camera1,camera1,128,2,"(5, 7)",mult,0.9383980181668043
PKLot,camera1,camera1,128,2,"(5, 7)",vote,0.9383980181668043
PKLot,camera1,camera1,128,2,"(5, 8)",sum,0.9331131296449215
PKLot,camera1,camera1,128,2,"(5, 8)",mean_probs,0.9331131296449215
PKLot,camera1,camera1,128,2,"(5, 8)",max,0.9331131296449215
PKLot,camera1,camera1,128,2,"(5, 8)",mult,0.9331131296449215
PKLot,camera1,camera1,128,2,"(5, 8)",vote,0.9331131296449215
PKLot,camera1,camera1,128,2,"(5, 9)",sum,0.9123038810900083
PKLot,camera1,camera1,128,2,"(5, 9)",mean_probs,0.9123038810900083
PKLot,camera1,camera1,128,2,"(5, 9)",max,0.9123038810900083
PKLot,camera1,camera1,128,2,"(5, 9)",mult,0.9123038810900083
PKLot,camera1,camera1,128,2,"(5, 9)",vote,0.9123038810900083
PKLot,camera1,camera1,128,2,"(6, 7)",sum,0.9423616845582163
PKLot,camera1,camera1,128,2,"(6, 7)",mean_probs,0.9423616845582163
PKLot,camera1,camera1,128,2,"(6, 7)",max,0.9423616845582163
PKLot,camera1,camera1,128,2,"(6, 7)",mult,0.9423616845582163
PKLot,camera1,camera1,128,2,"(6, 7)",vote,0.9423616845582163
PKLot,camera1,camera1,128,2,"(6, 8)",sum,0.9415359207266721
PKLot,camera1,camera1,128,2,"(6, 8)",mean_probs,0.9415359207266721
PKLot,camera1,camera1,128,2,"(6, 8)",max,0.9415359207266721
PKLot,camera1,camera1,128,2,"(6, 8)",mult,0.9415359207266721
PKLot,camera1,camera1,128,2,"(6, 8)",vote,0.9415359207266721
PKLot,camera1,camera1,128,2,"(6, 9)",sum,0.9281585466556564
PKLot,camera1,camera1,128,2,"(6, 9)",mean_probs,0.9281585466556564
PKLot,camera1,camera1,128,2,"(6, 9)",max,0.9281585466556564
PKLot,camera1,camera1,128,2,"(6, 9)",mult,0.9281585466556564
PKLot,camera1,camera1,128,2,"(6, 9)",vote,0.9281585466556564
PKLot,camera1,camera1,128,2,"(7, 8)",sum,0.9377374071015689
PKLot,camera1,camera1,128,2,"(7, 8)",mean_probs,0.9377374071015689
PKLot,camera1,camera1,128,2,"(7, 8)",max,0.9377374071015689
PKLot,camera1,camera1,128,2,"(7, 8)",mult,0.9377374071015689
PKLot,camera1,camera1,128,2,"(7, 8)",vote,0.9377374071015689
PKLot,camera1,camera1,128,2,"(7, 9)",sum,0.9228736581337738
PKLot,camera1,camera1,128,2,"(7, 9)",mean_probs,0.9228736581337738
PKLot,camera1,camera1,128,2,"(7, 9)",max,0.9228736581337738
PKLot,camera1,camera1,128,2,"(7, 9)",mult,0.9228736581337738
PKLot,camera1,camera1,128,2,"(7, 9)",vote,0.9228736581337738
PKLot,camera1,camera1,128,2,"(8, 9)",sum,0.9033856317093312
PKLot,camera1,camera1,128,2,"(8, 9)",mean_probs,0.9033856317093312
PKLot,camera1,camera1,128,2,"(8, 9)",max,0.9033856317093312
PKLot,camera1,camera1,128,2,"(8, 9)",mult,0.9033856317093312
PKLot,camera1,camera1,128,2,"(8, 9)",vote,0.9033856317093312
