tipo_encoder,dataset_encoder,dataset_test,batch,tecnica_fusao,precision,precision_std,accuracy,accuracy_std
Encoder,camera1,camera1,64,mean_individual_models,0.858242,0.021513,0.842593,0.026827
Encoder,camera1,camera1,64,sum,0.886033,0.0,0.872337,0.0
Encoder,camera1,camera1,64,mean_probs,0.886033,0.0,0.872337,0.0
Encoder,camera1,camera1,64,max,0.891126,0.0,0.879604,0.0
Encoder,camera1,camera1,64,mult,0.890226,0.0,0.876961,0.0
Encoder,camera1,camera1,64,vote,0.885169,0.0,0.871841,0.0
Encoder,camera1,camera2,64,mean_individual_models,0.918131,0.026144,0.912245,0.025267
Encoder,camera1,camera2,64,sum,0.951646,0.0,0.946712,0.0
Encoder,camera1,camera2,64,mean_probs,0.951646,0.0,0.946712,0.0
Encoder,camera1,camera2,64,max,0.93988,0.0,0.931973,0.0
Encoder,camera1,camera2,64,mult,0.945233,0.0,0.938776,0.0
Encoder,camera1,camera2,64,vote,0.949795,0.0,0.944444,0.0
Encoder,camera1,camera3,64,mean_individual_models,0.852674,0.037655,0.844485,0.033558
Encoder,camera1,camera3,64,sum,0.904773,0.0,0.895545,0.0
Encoder,camera1,camera3,64,mean_probs,0.904773,0.0,0.895545,0.0
Encoder,camera1,camera3,64,max,0.911511,0.0,0.902611,0.0
Encoder,camera1,camera3,64,mult,0.903118,0.0,0.890937,0.0
Encoder,camera1,camera3,64,vote,0.902501,0.0,0.894009,0.0
Encoder,camera1,camera4,64,mean_individual_models,0.863831,0.017151,0.846087,0.022645
Encoder,camera1,camera4,64,sum,0.89092,0.0,0.876426,0.0
Encoder,camera1,camera4,64,mean_probs,0.89092,0.0,0.876426,0.0
Encoder,camera1,camera4,64,max,0.878736,0.0,0.86424,0.0
Encoder,camera1,camera4,64,mult,0.885051,0.0,0.868458,0.0
Encoder,camera1,camera4,64,vote,0.890291,0.0,0.875957,0.0
Encoder,camera1,camera5,64,mean_individual_models,0.822102,0.026026,0.794225,0.040007
Encoder,camera1,camera5,64,sum,0.854054,0.0,0.826526,0.0
Encoder,camera1,camera5,64,mean_probs,0.854054,0.0,0.826526,0.0
Encoder,camera1,camera5,64,max,0.847449,0.0,0.815327,0.0
Encoder,camera1,camera5,64,mult,0.852585,0.0,0.822574,0.0
Encoder,camera1,camera5,64,vote,0.853367,0.0,0.826746,0.0
Encoder,camera1,camera6,64,mean_individual_models,0.863639,0.022459,0.847254,0.024898
Encoder,camera1,camera6,64,sum,0.895779,0.0,0.877596,0.0
Encoder,camera1,camera6,64,mean_probs,0.895779,0.0,0.877596,0.0
Encoder,camera1,camera6,64,max,0.897344,0.0,0.883941,0.0
Encoder,camera1,camera6,64,mult,0.89642,0.0,0.878634,0.0
Encoder,camera1,camera6,64,vote,0.895211,0.0,0.877134,0.0
Encoder,camera1,camera7,64,mean_individual_models,0.826821,0.023932,0.772338,0.043595
Encoder,camera1,camera7,64,sum,0.842996,0.0,0.780723,0.0
Encoder,camera1,camera7,64,mean_probs,0.842996,0.0,0.780723,0.0
Encoder,camera1,camera7,64,max,0.833581,0.0,0.764862,0.0
Encoder,camera1,camera7,64,mult,0.836748,0.0,0.767303,0.0
Encoder,camera1,camera7,64,vote,0.843988,0.0,0.783496,0.0
Encoder,camera1,camera8,64,mean_individual_models,0.850206,0.020046,0.829495,0.0242
Encoder,camera1,camera8,64,sum,0.885413,0.0,0.864101,0.0
Encoder,camera1,camera8,64,mean_probs,0.885413,0.0,0.864101,0.0
Encoder,camera1,camera8,64,max,0.87608,0.0,0.856289,0.0
Encoder,camera1,camera8,64,mult,0.882244,0.0,0.859761,0.0
Encoder,camera1,camera8,64,vote,0.886053,0.0,0.865258,0.0
Encoder,camera1,camera9,64,mean_individual_models,0.838078,0.023525,0.816633,0.033949
Encoder,camera1,camera9,64,sum,0.880277,0.0,0.861557,0.0
Encoder,camera1,camera9,64,mean_probs,0.880277,0.0,0.861557,0.0
Encoder,camera1,camera9,64,max,0.87518,0.0,0.858949,0.0
Encoder,camera1,camera9,64,mult,0.879315,0.0,0.859952,0.0
Encoder,camera1,camera9,64,vote,0.880272,0.0,0.861958,0.0
Encoder,camera1,PUC,64,mean_individual_models,0.713357,0.060265,0.684542,0.061523
Encoder,camera1,PUC,64,sum,0.778726,0.0,0.77388,0.0
Encoder,camera1,PUC,64,mean_probs,0.778726,0.0,0.77388,0.0
Encoder,camera1,PUC,64,max,0.675077,0.0,0.662094,0.0
Encoder,camera1,PUC,64,mult,0.696184,0.0,0.696184,0.0
Encoder,camera1,PUC,64,vote,0.778907,0.0,0.77414,0.0
Encoder,camera1,UFPR04,64,mean_individual_models,0.587999,0.164875,0.570924,0.1299
Encoder,camera1,UFPR04,64,sum,0.737521,0.0,0.737464,0.0
Encoder,camera1,UFPR04,64,mean_probs,0.737521,0.0,0.737464,0.0
Encoder,camera1,UFPR04,64,max,0.500615,0.0,0.467622,0.0
Encoder,camera1,UFPR04,64,mult,0.582102,0.0,0.569351,0.0
Encoder,camera1,UFPR04,64,vote,0.737525,0.0,0.73751,0.0
Encoder,camera1,UFPR05,64,mean_individual_models,0.637603,0.074191,0.611288,0.067299
Encoder,camera1,UFPR05,64,sum,0.67239,0.0,0.638101,0.0
Encoder,camera1,UFPR05,64,mean_probs,0.67239,0.0,0.638101,0.0
Encoder,camera1,UFPR05,64,max,0.70784,0.0,0.672365,0.0
Encoder,camera1,UFPR05,64,mult,0.679007,0.0,0.638579,0.0
Encoder,camera1,UFPR05,64,vote,0.671413,0.0,0.637496,0.0
Encoder,camera1,camera1,128,mean_individual_models,0.884722,0.017044,0.876036,0.023078
Encoder,camera1,camera1,128,sum,0.907704,0.0,0.90322,0.0
Encoder,camera1,camera1,128,mean_probs,0.907704,0.0,0.90322,0.0
Encoder,camera1,camera1,128,max,0.92268,0.0,0.921222,0.0
Encoder,camera1,camera1,128,mult,0.911103,0.0,0.907184,0.0
Encoder,camera1,camera1,128,vote,0.908103,0.0,0.903716,0.0
Encoder,camera1,camera2,128,mean_individual_models,0.929595,0.01494,0.924603,0.016948
Encoder,camera1,camera2,128,sum,0.953677,0.0,0.950113,0.0
Encoder,camera1,camera2,128,mean_probs,0.953677,0.0,0.950113,0.0
Encoder,camera1,camera2,128,max,0.961134,0.0,0.95805,0.0
Encoder,camera1,camera2,128,mult,0.940237,0.0,0.933107,0.0
Encoder,camera1,camera2,128,vote,0.953677,0.0,0.950113,0.0
Encoder,camera1,camera3,128,mean_individual_models,0.861713,0.033519,0.851244,0.035201
Encoder,camera1,camera3,128,sum,0.89726,0.0,0.886636,0.0
Encoder,camera1,camera3,128,mean_probs,0.89726,0.0,0.886636,0.0
Encoder,camera1,camera3,128,max,0.910965,0.0,0.904455,0.0
Encoder,camera1,camera3,128,mult,0.896959,0.0,0.886022,0.0
Encoder,camera1,camera3,128,vote,0.89582,0.0,0.885407,0.0
Encoder,camera1,camera4,128,mean_individual_models,0.890114,0.023588,0.878363,0.032456
Encoder,camera1,camera4,128,sum,0.91197,0.0,0.904702,0.0
Encoder,camera1,camera4,128,mean_probs,0.91197,0.0,0.904702,0.0
Encoder,camera1,camera4,128,max,0.897816,0.0,0.89033,0.0
Encoder,camera1,camera4,128,mult,0.902715,0.0,0.894079,0.0
Encoder,camera1,camera4,128,vote,0.913083,0.0,0.906108,0.0
Encoder,camera1,camera5,128,mean_individual_models,0.849964,0.023504,0.828975,0.034833
Encoder,camera1,camera5,128,sum,0.87574,0.0,0.8565,0.0
Encoder,camera1,camera5,128,mean_probs,0.87574,0.0,0.8565,0.0
Encoder,camera1,camera5,128,max,0.867945,0.0,0.846069,0.0
Encoder,camera1,camera5,128,mult,0.871752,0.0,0.849253,0.0
Encoder,camera1,camera5,128,vote,0.875961,0.0,0.857049,0.0
Encoder,camera1,camera6,128,mean_individual_models,0.878518,0.017289,0.864109,0.024441
Encoder,camera1,camera6,128,sum,0.90481,0.0,0.89144,0.0
Encoder,camera1,camera6,128,mean_probs,0.90481,0.0,0.89144,0.0
Encoder,camera1,camera6,128,max,0.900209,0.0,0.88844,0.0
Encoder,camera1,camera6,128,mult,0.902432,0.0,0.886825,0.0
Encoder,camera1,camera6,128,vote,0.904037,0.0,0.890863,0.0
Encoder,camera1,camera7,128,mean_individual_models,0.839849,0.025434,0.788886,0.044373
Encoder,camera1,camera7,128,sum,0.850871,0.0,0.794255,0.0
Encoder,camera1,camera7,128,mean_probs,0.850871,0.0,0.794255,0.0
Encoder,camera1,camera7,128,max,0.844754,0.0,0.790151,0.0
Encoder,camera1,camera7,128,mult,0.846339,0.0,0.783718,0.0
Encoder,camera1,camera7,128,vote,0.850816,0.0,0.795031,0.0
Encoder,camera1,camera8,128,mean_individual_models,0.867227,0.027533,0.849142,0.039043
Encoder,camera1,camera8,128,sum,0.894888,0.0,0.880112,0.0
Encoder,camera1,camera8,128,mean_probs,0.894888,0.0,0.880112,0.0
Encoder,camera1,camera8,128,max,0.888301,0.0,0.87635,0.0
Encoder,camera1,camera8,128,mult,0.885186,0.0,0.867188,0.0
Encoder,camera1,camera8,128,vote,0.894922,0.0,0.880498,0.0
Encoder,camera1,camera9,128,mean_individual_models,0.848526,0.025203,0.828591,0.041257
Encoder,camera1,camera9,128,sum,0.884587,0.0,0.869583,0.0
Encoder,camera1,camera9,128,mean_probs,0.884587,0.0,0.869583,0.0
Encoder,camera1,camera9,128,max,0.873868,0.0,0.865369,0.0
Encoder,camera1,camera9,128,mult,0.879572,0.0,0.864366,0.0
Encoder,camera1,camera9,128,vote,0.884605,0.0,0.869783,0.0
Encoder,camera1,PUC,128,mean_individual_models,0.777094,0.045767,0.751598,0.045244
Encoder,camera1,PUC,128,sum,0.814807,0.0,0.801114,0.0
Encoder,camera1,PUC,128,mean_probs,0.814807,0.0,0.801114,0.0
Encoder,camera1,PUC,128,max,0.737792,0.0,0.72322,0.0
Encoder,camera1,PUC,128,mult,0.740619,0.0,0.740412,0.0
Encoder,camera1,PUC,128,vote,0.814771,0.0,0.801108,0.0
Encoder,camera1,UFPR04,128,mean_individual_models,0.622701,0.117147,0.6036,0.104077
Encoder,camera1,UFPR04,128,sum,0.711568,0.0,0.704728,0.0
Encoder,camera1,UFPR04,128,mean_probs,0.711568,0.0,0.704728,0.0
Encoder,camera1,UFPR04,128,max,0.526549,0.0,0.47973,0.0
Encoder,camera1,UFPR04,128,mult,0.535621,0.0,0.524483,0.0
Encoder,camera1,UFPR04,128,vote,0.710882,0.0,0.704162,0.0
Encoder,camera1,UFPR05,128,mean_individual_models,0.669897,0.055334,0.629371,0.057474
Encoder,camera1,UFPR05,128,sum,0.710277,0.0,0.6538,0.0
Encoder,camera1,UFPR05,128,mean_probs,0.710277,0.0,0.6538,0.0
Encoder,camera1,UFPR05,128,max,0.756879,0.0,0.731442,0.0
Encoder,camera1,UFPR05,128,mult,0.717452,0.0,0.658122,0.0
Encoder,camera1,UFPR05,128,vote,0.709457,0.0,0.653419,0.0
Encoder,camera1,camera1,256,mean_individual_models,0.903177,0.017905,0.898084,0.022053
Encoder,camera1,camera1,256,sum,0.923494,0.0,0.921552,0.0
Encoder,camera1,camera1,256,mean_probs,0.923494,0.0,0.921552,0.0
Encoder,camera1,camera1,256,max,0.93185,0.0,0.931792,0.0
Encoder,camera1,camera1,256,mult,0.925188,0.0,0.923369,0.0
Encoder,camera1,camera1,256,vote,0.923965,0.0,0.922048,0.0
Encoder,camera1,camera2,256,mean_individual_models,0.94325,0.016,0.939796,0.017428
Encoder,camera1,camera2,256,sum,0.96522,0.0,0.963719,0.0
Encoder,camera1,camera2,256,mean_probs,0.96522,0.0,0.963719,0.0
Encoder,camera1,camera2,256,max,0.97306,0.0,0.971655,0.0
Encoder,camera1,camera2,256,mult,0.948426,0.0,0.943311,0.0
Encoder,camera1,camera2,256,vote,0.96522,0.0,0.963719,0.0
Encoder,camera1,camera3,256,mean_individual_models,0.873852,0.032213,0.866882,0.035704
Encoder,camera1,camera3,256,sum,0.90648,0.0,0.89831,0.0
Encoder,camera1,camera3,256,mean_probs,0.90648,0.0,0.89831,0.0
Encoder,camera1,camera3,256,max,0.924223,0.0,0.921045,0.0
Encoder,camera1,camera3,256,mult,0.913216,0.0,0.906912,0.0
Encoder,camera1,camera3,256,vote,0.905702,0.0,0.897696,0.0
Encoder,camera1,camera4,256,mean_individual_models,0.905481,0.024428,0.896704,0.033666
Encoder,camera1,camera4,256,sum,0.930349,0.0,0.926886,0.0
Encoder,camera1,camera4,256,mean_probs,0.930349,0.0,0.926886,0.0
Encoder,camera1,camera4,256,max,0.925951,0.0,0.922512,0.0
Encoder,camera1,camera4,256,mult,0.921244,0.0,0.916576,0.0
Encoder,camera1,camera4,256,vote,0.930335,0.0,0.927043,0.0
Encoder,camera1,camera5,256,mean_individual_models,0.871327,0.025897,0.857016,0.036933
Encoder,camera1,camera5,256,sum,0.898094,0.0,0.887791,0.0
Encoder,camera1,camera5,256,mean_probs,0.898094,0.0,0.887791,0.0
Encoder,camera1,camera5,256,max,0.895645,0.0,0.883619,0.0
Encoder,camera1,camera5,256,mult,0.89673,0.0,0.884058,0.0
Encoder,camera1,camera5,256,vote,0.897441,0.0,0.887462,0.0
Encoder,camera1,camera6,256,mean_individual_models,0.897504,0.019135,0.887967,0.024992
Encoder,camera1,camera6,256,sum,0.920565,0.0,0.911398,0.0
Encoder,camera1,camera6,256,mean_probs,0.920565,0.0,0.911398,0.0
Encoder,camera1,camera6,256,max,0.919228,0.0,0.912898,0.0
Encoder,camera1,camera6,256,mult,0.92166,0.0,0.912206,0.0
Encoder,camera1,camera6,256,vote,0.920448,0.0,0.911398,0.0
Encoder,camera1,camera7,256,mean_individual_models,0.861982,0.023045,0.821828,0.038977
Encoder,camera1,camera7,256,sum,0.873492,0.0,0.831854,0.0
Encoder,camera1,camera7,256,mean_probs,0.873492,0.0,0.831854,0.0
Encoder,camera1,camera7,256,max,0.868842,0.0,0.829303,0.0
Encoder,camera1,camera7,256,mult,0.86985,0.0,0.824867,0.0
Encoder,camera1,camera7,256,vote,0.873355,0.0,0.832298,0.0
Encoder,camera1,camera8,256,mean_individual_models,0.893142,0.0235,0.882137,0.033089
Encoder,camera1,camera8,256,sum,0.921841,0.0,0.914352,0.0
Encoder,camera1,camera8,256,mean_probs,0.921841,0.0,0.914352,0.0
Encoder,camera1,camera8,256,max,0.927148,0.0,0.923129,0.0
Encoder,camera1,camera8,256,mult,0.916996,0.0,0.908661,0.0
Encoder,camera1,camera8,256,vote,0.92174,0.0,0.914448,0.0
Encoder,camera1,camera9,256,mean_individual_models,0.87148,0.019703,0.859611,0.030467
Encoder,camera1,camera9,256,sum,0.904531,0.0,0.897071,0.0
Encoder,camera1,camera9,256,mean_probs,0.904531,0.0,0.897071,0.0
Encoder,camera1,camera9,256,max,0.904637,0.0,0.900482,0.0
Encoder,camera1,camera9,256,mult,0.902479,0.0,0.894462,0.0
Encoder,camera1,camera9,256,vote,0.903627,0.0,0.896268,0.0
Encoder,camera1,PUC,256,mean_individual_models,0.78386,0.05784,0.771624,0.055248
Encoder,camera1,PUC,256,sum,0.827618,0.0,0.824603,0.0
Encoder,camera1,PUC,256,mean_probs,0.827618,0.0,0.824603,0.0
Encoder,camera1,PUC,256,max,0.748969,0.0,0.729456,0.0
Encoder,camera1,PUC,256,mult,0.769353,0.0,0.768986,0.0
Encoder,camera1,PUC,256,vote,0.827559,0.0,0.82456,0.0
Encoder,camera1,UFPR04,256,mean_individual_models,0.655113,0.097399,0.626797,0.104886
Encoder,camera1,UFPR04,256,sum,0.725803,0.0,0.727883,0.0
Encoder,camera1,UFPR04,256,mean_probs,0.725803,0.0,0.727883,0.0
Encoder,camera1,UFPR04,256,max,0.569345,0.0,0.49843,0.0
Encoder,camera1,UFPR04,256,mult,0.60538,0.0,0.586054,0.0
Encoder,camera1,UFPR04,256,vote,0.725736,0.0,0.727814,0.0
Encoder,camera1,UFPR05,256,mean_individual_models,0.679136,0.049239,0.650281,0.059729
Encoder,camera1,UFPR05,256,sum,0.722666,0.0,0.68245,0.0
Encoder,camera1,UFPR05,256,mean_probs,0.722666,0.0,0.68245,0.0
Encoder,camera1,UFPR05,256,max,0.755147,0.0,0.744618,0.0
Encoder,camera1,UFPR05,256,mult,0.726295,0.0,0.685891,0.0
Encoder,camera1,UFPR05,256,vote,0.722291,0.0,0.682271,0.0
Encoder,camera1,camera1,512,mean_individual_models,0.921835,0.014826,0.920479,0.016984
Encoder,camera1,camera1,512,sum,0.943921,0.0,0.944674,0.0
Encoder,camera1,camera1,512,mean_probs,0.943921,0.0,0.944674,0.0
Encoder,camera1,camera1,512,max,0.945798,0.0,0.946986,0.0
Encoder,camera1,camera1,512,mult,0.944869,0.0,0.945665,0.0
Encoder,camera1,camera1,512,vote,0.943283,0.0,0.944013,0.0
Encoder,camera1,camera2,512,mean_individual_models,0.948829,0.013747,0.946145,0.015205
Encoder,camera1,camera2,512,sum,0.970787,0.0,0.969388,0.0
Encoder,camera1,camera2,512,mean_probs,0.970787,0.0,0.969388,0.0
Encoder,camera1,camera2,512,max,0.971594,0.0,0.970522,0.0
Encoder,camera1,camera2,512,mult,0.969017,0.0,0.96712,0.0
Encoder,camera1,camera2,512,vote,0.970787,0.0,0.969388,0.0
Encoder,camera1,camera3,512,mean_individual_models,0.8749,0.034879,0.871459,0.03614
Encoder,camera1,camera3,512,sum,0.909694,0.0,0.905991,0.0
Encoder,camera1,camera3,512,mean_probs,0.909694,0.0,0.905991,0.0
Encoder,camera1,camera3,512,max,0.924466,0.0,0.922888,0.0
Encoder,camera1,camera3,512,mult,0.919076,0.0,0.915822,0.0
Encoder,camera1,camera3,512,vote,0.909595,0.0,0.905991,0.0
Encoder,camera1,camera4,512,mean_individual_models,0.914487,0.022767,0.91003,0.026203
Encoder,camera1,camera4,512,sum,0.94126,0.0,0.940009,0.0
Encoder,camera1,camera4,512,mean_probs,0.94126,0.0,0.940009,0.0
Encoder,camera1,camera4,512,max,0.947125,0.0,0.946883,0.0
Encoder,camera1,camera4,512,mult,0.935894,0.0,0.934541,0.0
Encoder,camera1,camera4,512,vote,0.940291,0.0,0.939072,0.0
Encoder,camera1,camera5,512,mean_individual_models,0.874218,0.020845,0.864087,0.02474
Encoder,camera1,camera5,512,sum,0.900558,0.0,0.891963,0.0
Encoder,camera1,camera5,512,mean_probs,0.900558,0.0,0.891963,0.0
Encoder,camera1,camera5,512,max,0.907955,0.0,0.901954,0.0
Encoder,camera1,camera5,512,mult,0.899506,0.0,0.890316,0.0
Encoder,camera1,camera5,512,vote,0.900134,0.0,0.891414,0.0
Encoder,camera1,camera6,512,mean_individual_models,0.900468,0.014791,0.894739,0.016634
Encoder,camera1,camera6,512,sum,0.925274,0.0,0.919705,0.0
Encoder,camera1,camera6,512,mean_probs,0.925274,0.0,0.919705,0.0
Encoder,camera1,camera6,512,max,0.929026,0.0,0.927319,0.0
Encoder,camera1,camera6,512,mult,0.924069,0.0,0.919359,0.0
Encoder,camera1,camera6,512,vote,0.925044,0.0,0.919589,0.0
Encoder,camera1,camera7,512,mean_individual_models,0.864648,0.018575,0.833208,0.025641
Encoder,camera1,camera7,512,sum,0.877525,0.0,0.846273,0.0
Encoder,camera1,camera7,512,mean_probs,0.877525,0.0,0.846273,0.0
Encoder,camera1,camera7,512,max,0.885616,0.0,0.862689,0.0
Encoder,camera1,camera7,512,mult,0.875543,0.0,0.8435,0.0
Encoder,camera1,camera7,512,vote,0.877707,0.0,0.846384,0.0
Encoder,camera1,camera8,512,mean_individual_models,0.895614,0.01332,0.889236,0.016153
Encoder,camera1,camera8,512,sum,0.923914,0.0,0.91956,0.0
Encoder,camera1,camera8,512,mean_probs,0.923914,0.0,0.91956,0.0
Encoder,camera1,camera8,512,max,0.933949,0.0,0.93287,0.0
Encoder,camera1,camera8,512,mult,0.924917,0.0,0.921103,0.0
Encoder,camera1,camera8,512,vote,0.923536,0.0,0.919271,0.0
Encoder,camera1,camera9,512,mean_individual_models,0.87773,0.012927,0.870907,0.017676
Encoder,camera1,camera9,512,sum,0.912551,0.0,0.907705,0.0
Encoder,camera1,camera9,512,mean_probs,0.912551,0.0,0.907705,0.0
Encoder,camera1,camera9,512,max,0.923493,0.0,0.922552,0.0
Encoder,camera1,camera9,512,mult,0.913268,0.0,0.908307,0.0
Encoder,camera1,camera9,512,vote,0.911741,0.0,0.906902,0.0
Encoder,camera1,PUC,512,mean_individual_models,0.780376,0.042105,0.772878,0.045982
Encoder,camera1,PUC,512,sum,0.817356,0.0,0.815628,0.0
Encoder,camera1,PUC,512,mean_probs,0.817356,0.0,0.815628,0.0
Encoder,camera1,PUC,512,max,0.772896,0.0,0.733433,0.0
Encoder,camera1,PUC,512,mult,0.771337,0.0,0.757767,0.0
Encoder,camera1,PUC,512,vote,0.817502,0.0,0.815795,0.0
Encoder,camera1,UFPR04,512,mean_individual_models,0.618487,0.05771,0.580609,0.069147
Encoder,camera1,UFPR04,512,sum,0.636593,0.0,0.596062,0.0
Encoder,camera1,UFPR04,512,mean_probs,0.636593,0.0,0.596062,0.0
Encoder,camera1,UFPR04,512,max,0.634966,0.0,0.50531,0.0
Encoder,camera1,UFPR04,512,mult,0.651506,0.0,0.574234,0.0
Encoder,camera1,UFPR04,512,vote,0.636375,0.0,0.595808,0.0
Encoder,camera1,UFPR05,512,mean_individual_models,0.701698,0.069487,0.687236,0.075112
Encoder,camera1,UFPR05,512,sum,0.74908,0.0,0.733391,0.0
Encoder,camera1,UFPR05,512,mean_probs,0.74908,0.0,0.733391,0.0
Encoder,camera1,UFPR05,512,max,0.764906,0.0,0.768423,0.0
Encoder,camera1,UFPR05,512,mult,0.781914,0.0,0.773343,0.0
Encoder,camera1,UFPR05,512,vote,0.74852,0.0,0.733025,0.0
Encoder,camera1,camera1,1024,mean_individual_models,0.930097,0.009436,0.929232,0.010399
Encoder,camera1,camera1,1024,sum,0.952872,0.0,0.953757,0.0
Encoder,camera1,camera1,1024,mean_probs,0.952872,0.0,0.953757,0.0
Encoder,camera1,camera1,1024,max,0.95361,0.0,0.954913,0.0
Encoder,camera1,camera1,1024,mult,0.953531,0.0,0.954583,0.0
Encoder,camera1,camera1,1024,vote,0.953028,0.0,0.953922,0.0
Encoder,camera1,camera2,1024,mean_individual_models,0.942394,0.015868,0.939229,0.016818
Encoder,camera1,camera2,1024,sum,0.96178,0.0,0.959184,0.0
Encoder,camera1,camera2,1024,mean_probs,0.96178,0.0,0.959184,0.0
Encoder,camera1,camera2,1024,max,0.957601,0.0,0.956916,0.0
Encoder,camera1,camera2,1024,mult,0.948934,0.0,0.944444,0.0
Encoder,camera1,camera2,1024,vote,0.96178,0.0,0.959184,0.0
Encoder,camera1,camera3,1024,mean_individual_models,0.892785,0.027659,0.889339,0.027828
Encoder,camera1,camera3,1024,sum,0.933053,0.0,0.928418,0.0
Encoder,camera1,camera3,1024,mean_probs,0.933053,0.0,0.928418,0.0
Encoder,camera1,camera3,1024,max,0.944482,0.0,0.943779,0.0
Encoder,camera1,camera3,1024,mult,0.941059,0.0,0.937327,0.0
Encoder,camera1,camera3,1024,vote,0.933308,0.0,0.928725,0.0
Encoder,camera1,camera4,1024,mean_individual_models,0.905034,0.016373,0.899,0.020916
Encoder,camera1,camera4,1024,sum,0.930391,0.0,0.925793,0.0
Encoder,camera1,camera4,1024,mean_probs,0.930391,0.0,0.925793,0.0
Encoder,camera1,camera4,1024,max,0.928707,0.0,0.926574,0.0
Encoder,camera1,camera4,1024,mult,0.925686,0.0,0.921262,0.0
Encoder,camera1,camera4,1024,vote,0.930593,0.0,0.926105,0.0
Encoder,camera1,camera5,1024,mean_individual_models,0.879231,0.015273,0.866162,0.02213
Encoder,camera1,camera5,1024,sum,0.909776,0.0,0.900637,0.0
Encoder,camera1,camera5,1024,mean_probs,0.909776,0.0,0.900637,0.0
Encoder,camera1,camera5,1024,max,0.915025,0.0,0.909969,0.0
Encoder,camera1,camera5,1024,mult,0.911406,0.0,0.902833,0.0
Encoder,camera1,camera5,1024,vote,0.909358,0.0,0.900307,0.0
Encoder,camera1,camera6,1024,mean_individual_models,0.90865,0.011551,0.903761,0.012234
Encoder,camera1,camera6,1024,sum,0.935447,0.0,0.93078,0.0
Encoder,camera1,camera6,1024,mean_probs,0.935447,0.0,0.93078,0.0
Encoder,camera1,camera6,1024,max,0.934037,0.0,0.933203,0.0
Encoder,camera1,camera6,1024,mult,0.932423,0.0,0.929165,0.0
Encoder,camera1,camera6,1024,vote,0.935034,0.0,0.930434,0.0
Encoder,camera1,camera7,1024,mean_individual_models,0.875967,0.013958,0.847161,0.024508
Encoder,camera1,camera7,1024,sum,0.891649,0.0,0.863132,0.0
Encoder,camera1,camera7,1024,mean_probs,0.891649,0.0,0.863132,0.0
Encoder,camera1,camera7,1024,max,0.895017,0.0,0.878771,0.0
Encoder,camera1,camera7,1024,mult,0.890889,0.0,0.866681,0.0
Encoder,camera1,camera7,1024,vote,0.891222,0.0,0.862799,0.0
Encoder,camera1,camera8,1024,mean_individual_models,0.908054,0.009873,0.902402,0.010973
Encoder,camera1,camera8,1024,sum,0.941055,0.0,0.937404,0.0
Encoder,camera1,camera8,1024,mean_probs,0.941055,0.0,0.937404,0.0
Encoder,camera1,camera8,1024,max,0.941189,0.0,0.940394,0.0
Encoder,camera1,camera8,1024,mult,0.937966,0.0,0.934992,0.0
Encoder,camera1,camera8,1024,vote,0.94091,0.0,0.937307,0.0
Encoder,camera1,camera9,1024,mean_individual_models,0.873754,0.017144,0.865349,0.021826
Encoder,camera1,camera9,1024,sum,0.909736,0.0,0.903692,0.0
Encoder,camera1,camera9,1024,mean_probs,0.909736,0.0,0.903692,0.0
Encoder,camera1,camera9,1024,max,0.904243,0.0,0.903291,0.0
Encoder,camera1,camera9,1024,mult,0.897558,0.0,0.891252,0.0
Encoder,camera1,camera9,1024,vote,0.908765,0.0,0.902488,0.0
Encoder,camera1,PUC,1024,mean_individual_models,0.779218,0.03857,0.771948,0.041538
Encoder,camera1,PUC,1024,sum,0.821591,0.0,0.821025,0.0
Encoder,camera1,PUC,1024,mean_probs,0.821591,0.0,0.821025,0.0
Encoder,camera1,PUC,1024,max,0.777103,0.0,0.723475,0.0
Encoder,camera1,PUC,1024,mult,0.762,0.0,0.738128,0.0
Encoder,camera1,PUC,1024,vote,0.821533,0.0,0.820967,0.0
Encoder,camera1,UFPR04,1024,mean_individual_models,0.64065,0.068861,0.60335,0.096337
Encoder,camera1,UFPR04,1024,sum,0.650237,0.0,0.595634,0.0
Encoder,camera1,UFPR04,1024,mean_probs,0.650237,0.0,0.595634,0.0
Encoder,camera1,UFPR04,1024,max,0.591652,0.0,0.477064,0.0
Encoder,camera1,UFPR04,1024,mult,0.61261,0.0,0.507111,0.0
Encoder,camera1,UFPR04,1024,vote,0.64985,0.0,0.595277,0.0
Encoder,camera1,UFPR05,1024,mean_individual_models,0.708894,0.040993,0.698697,0.041232
Encoder,camera1,UFPR05,1024,sum,0.746882,0.0,0.743386,0.0
Encoder,camera1,UFPR05,1024,mean_probs,0.746882,0.0,0.743386,0.0
Encoder,camera1,UFPR05,1024,max,0.743044,0.0,0.743677,0.0
Encoder,camera1,UFPR05,1024,mult,0.786736,0.0,0.78663,0.0
Encoder,camera1,UFPR05,1024,vote,0.746306,0.0,0.742886,0.0
Encoder,camera2,camera1,64,mean_individual_models,0.776213,0.022191,0.692964,0.035325
Encoder,camera2,camera1,64,sum,0.791997,0.0,0.694467,0.0
Encoder,camera2,camera1,64,mean_probs,0.791997,0.0,0.694467,0.0
Encoder,camera2,camera1,64,max,0.794952,0.0,0.701404,0.0
Encoder,camera2,camera1,64,mult,0.792487,0.0,0.693476,0.0
Encoder,camera2,camera1,64,vote,0.791258,0.0,0.694137,0.0
Encoder,camera2,camera2,64,mean_individual_models,0.901812,0.019897,0.888776,0.02253
Encoder,camera2,camera2,64,sum,0.914151,0.0,0.897959,0.0
Encoder,camera2,camera2,64,mean_probs,0.914151,0.0,0.897959,0.0
Encoder,camera2,camera2,64,max,0.9283,0.0,0.918367,0.0
Encoder,camera2,camera2,64,mult,0.914945,0.0,0.899093,0.0
Encoder,camera2,camera2,64,vote,0.914151,0.0,0.897959,0.0
Encoder,camera2,camera3,64,mean_individual_models,0.797699,0.056389,0.778495,0.053724
Encoder,camera2,camera3,64,sum,0.833329,0.0,0.805223,0.0
Encoder,camera2,camera3,64,mean_probs,0.833329,0.0,0.805223,0.0
Encoder,camera2,camera3,64,max,0.849999,0.0,0.828264,0.0
Encoder,camera2,camera3,64,mult,0.833165,0.0,0.803379,0.0
Encoder,camera2,camera3,64,vote,0.832855,0.0,0.804916,0.0
Encoder,camera2,camera4,64,mean_individual_models,0.822433,0.025742,0.771208,0.03641
Encoder,camera2,camera4,64,sum,0.838515,0.0,0.780034,0.0
Encoder,camera2,camera4,64,mean_probs,0.838515,0.0,0.780034,0.0
Encoder,camera2,camera4,64,max,0.840061,0.0,0.794251,0.0
Encoder,camera2,camera4,64,mult,0.834825,0.0,0.776129,0.0
Encoder,camera2,camera4,64,vote,0.838469,0.0,0.780347,0.0
Encoder,camera2,camera5,64,mean_individual_models,0.797928,0.020279,0.738845,0.025806
Encoder,camera2,camera5,64,sum,0.818979,0.0,0.753513,0.0
Encoder,camera2,camera5,64,mean_probs,0.818979,0.0,0.753513,0.0
Encoder,camera2,camera5,64,max,0.822596,0.0,0.757576,0.0
Encoder,camera2,camera5,64,mult,0.820631,0.0,0.752745,0.0
Encoder,camera2,camera5,64,vote,0.817449,0.0,0.752635,0.0
Encoder,camera2,camera6,64,mean_individual_models,0.81194,0.029455,0.763763,0.0337
Encoder,camera2,camera6,64,sum,0.839483,0.0,0.784495,0.0
Encoder,camera2,camera6,64,mean_probs,0.839483,0.0,0.784495,0.0
Encoder,camera2,camera6,64,max,0.845013,0.0,0.801684,0.0
Encoder,camera2,camera6,64,mult,0.839483,0.0,0.784495,0.0
Encoder,camera2,camera6,64,vote,0.83942,0.0,0.784379,0.0
Encoder,camera2,camera7,64,mean_individual_models,0.803751,0.022838,0.728106,0.027335
Encoder,camera2,camera7,64,sum,0.82032,0.0,0.730923,0.0
Encoder,camera2,camera7,64,mean_probs,0.82032,0.0,0.730923,0.0
Encoder,camera2,camera7,64,max,0.821151,0.0,0.735359,0.0
Encoder,camera2,camera7,64,mult,0.821358,0.0,0.731588,0.0
Encoder,camera2,camera7,64,vote,0.82087,0.0,0.732032,0.0
Encoder,camera2,camera8,64,mean_individual_models,0.828313,0.024553,0.780285,0.031805
Encoder,camera2,camera8,64,sum,0.848945,0.0,0.79186,0.0
Encoder,camera2,camera8,64,mean_probs,0.848945,0.0,0.79186,0.0
Encoder,camera2,camera8,64,max,0.852377,0.0,0.804109,0.0
Encoder,camera2,camera8,64,mult,0.846682,0.0,0.786265,0.0
Encoder,camera2,camera8,64,vote,0.848782,0.0,0.792052,0.0
Encoder,camera2,camera9,64,mean_individual_models,0.805562,0.015603,0.744101,0.02491
Encoder,camera2,camera9,64,sum,0.825007,0.0,0.75923,0.0
Encoder,camera2,camera9,64,mean_probs,0.825007,0.0,0.75923,0.0
Encoder,camera2,camera9,64,max,0.828478,0.0,0.769663,0.0
Encoder,camera2,camera9,64,mult,0.82499,0.0,0.758628,0.0
Encoder,camera2,camera9,64,vote,0.824147,0.0,0.75923,0.0
Encoder,camera2,PUC,64,mean_individual_models,0.663915,0.059465,0.650087,0.056996
Encoder,camera2,PUC,64,sum,0.678965,0.0,0.678203,0.0
Encoder,camera2,PUC,64,mean_probs,0.678965,0.0,0.678203,0.0
Encoder,camera2,PUC,64,max,0.652181,0.0,0.640688,0.0
Encoder,camera2,PUC,64,mult,0.650186,0.0,0.647019,0.0
Encoder,camera2,PUC,64,vote,0.676814,0.0,0.675876,0.0
Encoder,camera2,UFPR04,64,mean_individual_models,0.624097,0.156851,0.570626,0.106718
Encoder,camera2,UFPR04,64,sum,0.767454,0.0,0.66068,0.0
Encoder,camera2,UFPR04,64,mean_probs,0.767454,0.0,0.66068,0.0
Encoder,camera2,UFPR04,64,max,0.458942,0.0,0.459611,0.0
Encoder,camera2,UFPR04,64,mult,0.569637,0.0,0.574672,0.0
Encoder,camera2,UFPR04,64,vote,0.763786,0.0,0.66158,0.0
Encoder,camera2,UFPR05,64,mean_individual_models,0.558356,0.052711,0.503946,0.033763
Encoder,camera2,UFPR05,64,sum,0.581097,0.0,0.511578,0.0
Encoder,camera2,UFPR05,64,mean_probs,0.581097,0.0,0.511578,0.0
Encoder,camera2,UFPR05,64,max,0.612552,0.0,0.553352,0.0
Encoder,camera2,UFPR05,64,mult,0.580548,0.0,0.512272,0.0
Encoder,camera2,UFPR05,64,vote,0.581413,0.0,0.511757,0.0
Encoder,camera2,camera1,128,mean_individual_models,0.7904,0.018216,0.719339,0.030506
Encoder,camera2,camera1,128,sum,0.799181,0.0,0.716598,0.0
Encoder,camera2,camera1,128,mean_probs,0.799181,0.0,0.716598,0.0
Encoder,camera2,camera1,128,max,0.818049,0.0,0.760859,0.0
Encoder,camera2,camera1,128,mult,0.801656,0.0,0.724195,0.0
Encoder,camera2,camera1,128,vote,0.799445,0.0,0.716598,0.0
Encoder,camera2,camera2,128,mean_individual_models,0.938499,0.012215,0.931519,0.01475
Encoder,camera2,camera2,128,sum,0.947047,0.0,0.941043,0.0
Encoder,camera2,camera2,128,mean_probs,0.947047,0.0,0.941043,0.0
Encoder,camera2,camera2,128,max,0.958853,0.0,0.955782,0.0
Encoder,camera2,camera2,128,mult,0.951223,0.0,0.946712,0.0
Encoder,camera2,camera2,128,vote,0.946138,0.0,0.939909,0.0
Encoder,camera2,camera3,128,mean_individual_models,0.843862,0.050189,0.825991,0.049076
Encoder,camera2,camera3,128,sum,0.89042,0.0,0.868203,0.0
Encoder,camera2,camera3,128,mean_probs,0.89042,0.0,0.868203,0.0
Encoder,camera2,camera3,128,max,0.915038,0.0,0.904455,0.0
Encoder,camera2,camera3,128,mult,0.893537,0.0,0.872811,0.0
Encoder,camera2,camera3,128,vote,0.890174,0.0,0.868203,0.0
Encoder,camera2,camera4,128,mean_individual_models,0.847784,0.016929,0.804327,0.029735
Encoder,camera2,camera4,128,sum,0.859339,0.0,0.816279,0.0
Encoder,camera2,camera4,128,mean_probs,0.859339,0.0,0.816279,0.0
Encoder,camera2,camera4,128,max,0.876924,0.0,0.851742,0.0
Encoder,camera2,camera4,128,mult,0.861237,0.0,0.82284,0.0
Encoder,camera2,camera4,128,vote,0.858989,0.0,0.815654,0.0
Encoder,camera2,camera5,128,mean_individual_models,0.812365,0.018906,0.75404,0.02828
Encoder,camera2,camera5,128,sum,0.832135,0.0,0.768555,0.0
Encoder,camera2,camera5,128,mean_probs,0.832135,0.0,0.768555,0.0
Encoder,camera2,camera5,128,max,0.835134,0.0,0.786232,0.0
Encoder,camera2,camera5,128,mult,0.831939,0.0,0.770861,0.0
Encoder,camera2,camera5,128,vote,0.831652,0.0,0.767896,0.0
Encoder,camera2,camera6,128,mean_individual_models,0.840373,0.029372,0.796724,0.037606
Encoder,camera2,camera6,128,sum,0.863244,0.0,0.817144,0.0
Encoder,camera2,camera6,128,mean_probs,0.863244,0.0,0.817144,0.0
Encoder,camera2,camera6,128,max,0.881336,0.0,0.853369,0.0
Encoder,camera2,camera6,128,mult,0.866422,0.0,0.825335,0.0
Encoder,camera2,camera6,128,vote,0.863179,0.0,0.817028,0.0
Encoder,camera2,camera7,128,mean_individual_models,0.816113,0.014721,0.735448,0.024207
Encoder,camera2,camera7,128,sum,0.827447,0.0,0.735803,0.0
Encoder,camera2,camera7,128,mean_probs,0.827447,0.0,0.735803,0.0
Encoder,camera2,camera7,128,max,0.834431,0.0,0.75366,0.0
Encoder,camera2,camera7,128,mult,0.828879,0.0,0.736801,0.0
Encoder,camera2,camera7,128,vote,0.827864,0.0,0.73669,0.0
Encoder,camera2,camera8,128,mean_individual_models,0.848046,0.020771,0.807186,0.027358
Encoder,camera2,camera8,128,sum,0.867851,0.0,0.823881,0.0
Encoder,camera2,camera8,128,mean_probs,0.867851,0.0,0.823881,0.0
Encoder,camera2,camera8,128,max,0.880773,0.0,0.851948,0.0
Encoder,camera2,camera8,128,mult,0.869772,0.0,0.827257,0.0
Encoder,camera2,camera8,128,vote,0.867742,0.0,0.823688,0.0
Encoder,camera2,camera9,128,mean_individual_models,0.828921,0.009664,0.773716,0.020367
Encoder,camera2,camera9,128,sum,0.842096,0.0,0.785514,0.0
Encoder,camera2,camera9,128,mean_probs,0.842096,0.0,0.785514,0.0
Encoder,camera2,camera9,128,max,0.863158,0.0,0.830056,0.0
Encoder,camera2,camera9,128,mult,0.846426,0.0,0.79374,0.0
Encoder,camera2,camera9,128,vote,0.841887,0.0,0.785112,0.0
Encoder,camera2,PUC,128,mean_individual_models,0.681844,0.064347,0.662913,0.064063
Encoder,camera2,PUC,128,sum,0.726337,0.0,0.723741,0.0
Encoder,camera2,PUC,128,mean_probs,0.726337,0.0,0.723741,0.0
Encoder,camera2,PUC,128,max,0.692514,0.0,0.671572,0.0
Encoder,camera2,PUC,128,mult,0.69224,0.0,0.692047,0.0
Encoder,camera2,PUC,128,vote,0.726096,0.0,0.723544,0.0
Encoder,camera2,UFPR04,128,mean_individual_models,0.665772,0.130455,0.599648,0.091936
Encoder,camera2,UFPR04,128,sum,0.781527,0.0,0.660183,0.0
Encoder,camera2,UFPR04,128,mean_probs,0.781527,0.0,0.660183,0.0
Encoder,camera2,UFPR04,128,max,0.503456,0.0,0.492739,0.0
Encoder,camera2,UFPR04,128,mult,0.536214,0.0,0.548516,0.0
Encoder,camera2,UFPR04,128,vote,0.78049,0.0,0.660172,0.0
Encoder,camera2,UFPR05,128,mean_individual_models,0.604546,0.047609,0.567843,0.040047
Encoder,camera2,UFPR05,128,sum,0.630827,0.0,0.586862,0.0
Encoder,camera2,UFPR05,128,mean_probs,0.630827,0.0,0.586862,0.0
Encoder,camera2,UFPR05,128,max,0.666142,0.0,0.651366,0.0
Encoder,camera2,UFPR05,128,mult,0.644483,0.0,0.606987,0.0
Encoder,camera2,UFPR05,128,vote,0.631495,0.0,0.587287,0.0
Encoder,camera2,camera1,256,mean_individual_models,0.798807,0.021232,0.728109,0.039314
Encoder,camera2,camera1,256,sum,0.80817,0.0,0.732287,0.0
Encoder,camera2,camera1,256,mean_probs,0.80817,0.0,0.732287,0.0
Encoder,camera2,camera1,256,max,0.812301,0.0,0.7455,0.0
Encoder,camera2,camera1,256,mult,0.807385,0.0,0.731131,0.0
Encoder,camera2,camera1,256,vote,0.807844,0.0,0.732122,0.0
Encoder,camera2,camera2,256,mean_individual_models,0.950078,0.01558,0.944558,0.019264
Encoder,camera2,camera2,256,sum,0.955394,0.0,0.951247,0.0
Encoder,camera2,camera2,256,mean_probs,0.955394,0.0,0.951247,0.0
Encoder,camera2,camera2,256,max,0.964059,0.0,0.961451,0.0
Encoder,camera2,camera2,256,mult,0.958246,0.0,0.954649,0.0
Encoder,camera2,camera2,256,vote,0.955394,0.0,0.951247,0.0
Encoder,camera2,camera3,256,mean_individual_models,0.856155,0.044932,0.838218,0.046561
Encoder,camera2,camera3,256,sum,0.891454,0.0,0.869739,0.0
Encoder,camera2,camera3,256,mean_probs,0.891454,0.0,0.869739,0.0
Encoder,camera2,camera3,256,max,0.901838,0.0,0.885407,0.0
Encoder,camera2,camera3,256,mult,0.890918,0.0,0.866667,0.0
Encoder,camera2,camera3,256,vote,0.890761,0.0,0.869432,0.0
Encoder,camera2,camera4,256,mean_individual_models,0.858473,0.018718,0.816904,0.036031
Encoder,camera2,camera4,256,sum,0.867095,0.0,0.828152,0.0
Encoder,camera2,camera4,256,mean_probs,0.867095,0.0,0.828152,0.0
Encoder,camera2,camera4,256,max,0.873425,0.0,0.840025,0.0
Encoder,camera2,camera4,256,mult,0.863096,0.0,0.820809,0.0
Encoder,camera2,camera4,256,vote,0.867454,0.0,0.828777,0.0
Encoder,camera2,camera5,256,mean_individual_models,0.814813,0.01443,0.758608,0.027346
Encoder,camera2,camera5,256,sum,0.829389,0.0,0.770202,0.0
Encoder,camera2,camera5,256,mean_probs,0.829389,0.0,0.770202,0.0
Encoder,camera2,camera5,256,max,0.830421,0.0,0.772727,0.0
Encoder,camera2,camera5,256,mult,0.82742,0.0,0.764054,0.0
Encoder,camera2,camera5,256,vote,0.829732,0.0,0.770861,0.0
Encoder,camera2,camera6,256,mean_individual_models,0.849771,0.024823,0.804511,0.037039
Encoder,camera2,camera6,256,sum,0.86766,0.0,0.824296,0.0
Encoder,camera2,camera6,256,mean_probs,0.86766,0.0,0.824296,0.0
Encoder,camera2,camera6,256,max,0.871143,0.0,0.834449,0.0
Encoder,camera2,camera6,256,mult,0.861449,0.0,0.812875,0.0
Encoder,camera2,camera6,256,vote,0.867527,0.0,0.824296,0.0
Encoder,camera2,camera7,256,mean_individual_models,0.823789,0.012972,0.737278,0.028127
Encoder,camera2,camera7,256,sum,0.828085,0.0,0.736136,0.0
Encoder,camera2,camera7,256,mean_probs,0.828085,0.0,0.736136,0.0
Encoder,camera2,camera7,256,max,0.833045,0.0,0.746673,0.0
Encoder,camera2,camera7,256,mult,0.824422,0.0,0.727152,0.0
Encoder,camera2,camera7,256,vote,0.827896,0.0,0.736247,0.0
Encoder,camera2,camera8,256,mean_individual_models,0.856219,0.01874,0.81006,0.031687
Encoder,camera2,camera8,256,sum,0.868838,0.0,0.822338,0.0
Encoder,camera2,camera8,256,mean_probs,0.868838,0.0,0.822338,0.0
Encoder,camera2,camera8,256,max,0.880044,0.0,0.844136,0.0
Encoder,camera2,camera8,256,mult,0.866236,0.0,0.816937,0.0
Encoder,camera2,camera8,256,vote,0.868507,0.0,0.821952,0.0
Encoder,camera2,camera9,256,mean_individual_models,0.82739,0.011231,0.767275,0.023305
Encoder,camera2,camera9,256,sum,0.836791,0.0,0.778892,0.0
Encoder,camera2,camera9,256,mean_probs,0.836791,0.0,0.778892,0.0
Encoder,camera2,camera9,256,max,0.848164,0.0,0.798355,0.0
Encoder,camera2,camera9,256,mult,0.836964,0.0,0.773876,0.0
Encoder,camera2,camera9,256,vote,0.837058,0.0,0.778892,0.0
Encoder,camera2,PUC,256,mean_individual_models,0.74522,0.05668,0.734223,0.05627
Encoder,camera2,PUC,256,sum,0.796495,0.0,0.793141,0.0
Encoder,camera2,PUC,256,mean_probs,0.796495,0.0,0.793141,0.0
Encoder,camera2,PUC,256,max,0.758257,0.0,0.752073,0.0
Encoder,camera2,PUC,256,mult,0.794105,0.0,0.791626,0.0
Encoder,camera2,PUC,256,vote,0.796356,0.0,0.793031,0.0
Encoder,camera2,UFPR04,256,mean_individual_models,0.721088,0.075181,0.646728,0.043529
Encoder,camera2,UFPR04,256,sum,0.79364,0.0,0.664962,0.0
Encoder,camera2,UFPR04,256,mean_probs,0.79364,0.0,0.664962,0.0
Encoder,camera2,UFPR04,256,max,0.685246,0.0,0.67579,0.0
Encoder,camera2,UFPR04,256,mult,0.776852,0.0,0.671761,0.0
Encoder,camera2,UFPR04,256,vote,0.793523,0.0,0.665054,0.0
Encoder,camera2,UFPR05,256,mean_individual_models,0.608233,0.041045,0.573098,0.037916
Encoder,camera2,UFPR05,256,sum,0.627889,0.0,0.584615,0.0
Encoder,camera2,UFPR05,256,mean_probs,0.627889,0.0,0.584615,0.0
Encoder,camera2,UFPR05,256,max,0.65904,0.0,0.637444,0.0
Encoder,camera2,UFPR05,256,mult,0.630459,0.0,0.588437,0.0
Encoder,camera2,UFPR05,256,vote,0.628041,0.0,0.584749,0.0
Encoder,camera2,camera1,512,mean_individual_models,0.799575,0.02215,0.743386,0.033141
Encoder,camera2,camera1,512,sum,0.809285,0.0,0.751941,0.0
Encoder,camera2,camera1,512,mean_probs,0.809285,0.0,0.751941,0.0
Encoder,camera2,camera1,512,max,0.837143,0.0,0.801156,0.0
Encoder,camera2,camera1,512,mult,0.819708,0.0,0.769282,0.0
Encoder,camera2,camera1,512,vote,0.808615,0.0,0.751445,0.0
Encoder,camera2,camera2,512,mean_individual_models,0.95447,0.009603,0.95068,0.011676
Encoder,camera2,camera2,512,sum,0.962105,0.0,0.959184,0.0
Encoder,camera2,camera2,512,mean_probs,0.962105,0.0,0.959184,0.0
Encoder,camera2,camera2,512,max,0.975108,0.0,0.973923,0.0
Encoder,camera2,camera2,512,mult,0.967021,0.0,0.964853,0.0
Encoder,camera2,camera2,512,vote,0.961134,0.0,0.95805,0.0
Encoder,camera2,camera3,512,mean_individual_models,0.859394,0.037662,0.843257,0.037072
Encoder,camera2,camera3,512,sum,0.889362,0.0,0.869124,0.0
Encoder,camera2,camera3,512,mean_probs,0.889362,0.0,0.869124,0.0
Encoder,camera2,camera3,512,max,0.904139,0.0,0.894931,0.0
Encoder,camera2,camera3,512,mult,0.895583,0.0,0.87957,0.0
Encoder,camera2,camera3,512,vote,0.888917,0.0,0.868817,0.0
Encoder,camera2,camera4,512,mean_individual_models,0.872781,0.018763,0.840478,0.034943
Encoder,camera2,camera4,512,sum,0.889416,0.0,0.864084,0.0
Encoder,camera2,camera4,512,mean_probs,0.889416,0.0,0.864084,0.0
Encoder,camera2,camera4,512,max,0.904102,0.0,0.888767,0.0
Encoder,camera2,camera4,512,mult,0.888919,0.0,0.863303,0.0
Encoder,camera2,camera4,512,vote,0.889217,0.0,0.863771,0.0
Encoder,camera2,camera5,512,mean_individual_models,0.820253,0.016845,0.770312,0.026609
Encoder,camera2,camera5,512,sum,0.841212,0.0,0.786561,0.0
Encoder,camera2,camera5,512,mean_probs,0.841212,0.0,0.786561,0.0
Encoder,camera2,camera5,512,max,0.837221,0.0,0.801274,0.0
Encoder,camera2,camera5,512,mult,0.831637,0.0,0.780852,0.0
Encoder,camera2,camera5,512,vote,0.841015,0.0,0.786451,0.0
Encoder,camera2,camera6,512,mean_individual_models,0.86186,0.019006,0.826523,0.026408
Encoder,camera2,camera6,512,sum,0.880275,0.0,0.845178,0.0
Encoder,camera2,camera6,512,mean_probs,0.880275,0.0,0.845178,0.0
Encoder,camera2,camera6,512,max,0.895104,0.0,0.875519,0.0
Encoder,camera2,camera6,512,mult,0.880021,0.0,0.847254,0.0
Encoder,camera2,camera6,512,vote,0.880344,0.0,0.845293,0.0
Encoder,camera2,camera7,512,mean_individual_models,0.831027,0.009872,0.754614,0.0215
Encoder,camera2,camera7,512,sum,0.836066,0.0,0.752551,0.0
Encoder,camera2,camera7,512,mean_probs,0.836066,0.0,0.752551,0.0
Encoder,camera2,camera7,512,max,0.849089,0.0,0.786602,0.0
Encoder,camera2,camera7,512,mult,0.839419,0.0,0.759095,0.0
Encoder,camera2,camera7,512,vote,0.836224,0.0,0.752884,0.0
Encoder,camera2,camera8,512,mean_individual_models,0.866467,0.018265,0.83016,0.026126
Encoder,camera2,camera8,512,sum,0.885801,0.0,0.851755,0.0
Encoder,camera2,camera8,512,mean_probs,0.885801,0.0,0.851755,0.0
Encoder,camera2,camera8,512,max,0.905957,0.0,0.888696,0.0
Encoder,camera2,camera8,512,mult,0.885999,0.0,0.854456,0.0
Encoder,camera2,camera8,512,vote,0.885471,0.0,0.85137,0.0
Encoder,camera2,camera9,512,mean_individual_models,0.827169,0.014974,0.766633,0.038346
Encoder,camera2,camera9,512,sum,0.839437,0.0,0.780899,0.0
Encoder,camera2,camera9,512,mean_probs,0.839437,0.0,0.780899,0.0
Encoder,camera2,camera9,512,max,0.859498,0.0,0.835072,0.0
Encoder,camera2,camera9,512,mult,0.847123,0.0,0.803973,0.0
Encoder,camera2,camera9,512,vote,0.83954,0.0,0.7811,0.0
Encoder,camera2,PUC,512,mean_individual_models,0.761961,0.061915,0.753992,0.058612
Encoder,camera2,PUC,512,sum,0.805659,0.0,0.805635,0.0
Encoder,camera2,PUC,512,mean_probs,0.805659,0.0,0.805635,0.0
Encoder,camera2,PUC,512,max,0.76751,0.0,0.729248,0.0
Encoder,camera2,PUC,512,mult,0.810965,0.0,0.806875,0.0
Encoder,camera2,PUC,512,vote,0.805563,0.0,0.805539,0.0
Encoder,camera2,UFPR04,512,mean_individual_models,0.666545,0.062805,0.635398,0.052351
Encoder,camera2,UFPR04,512,sum,0.700737,0.0,0.67774,0.0
Encoder,camera2,UFPR04,512,mean_probs,0.700737,0.0,0.67774,0.0
Encoder,camera2,UFPR04,512,max,0.630984,0.0,0.599998,0.0
Encoder,camera2,UFPR04,512,mult,0.627982,0.0,0.63046,0.0
Encoder,camera2,UFPR04,512,vote,0.70044,0.0,0.677556,0.0
Encoder,camera2,UFPR05,512,mean_individual_models,0.637061,0.04254,0.61221,0.043879
Encoder,camera2,UFPR05,512,sum,0.659116,0.0,0.63095,0.0
Encoder,camera2,UFPR05,512,mean_probs,0.659116,0.0,0.63095,0.0
Encoder,camera2,UFPR05,512,max,0.683467,0.0,0.682293,0.0
Encoder,camera2,UFPR05,512,mult,0.667589,0.0,0.648328,0.0
Encoder,camera2,UFPR05,512,vote,0.659546,0.0,0.631203,0.0
Encoder,camera2,camera1,1024,mean_individual_models,0.821315,0.019006,0.784079,0.033426
Encoder,camera2,camera1,1024,sum,0.839046,0.0,0.803303,0.0
Encoder,camera2,camera1,1024,mean_probs,0.839046,0.0,0.803303,0.0
Encoder,camera2,camera1,1024,max,0.861482,0.0,0.845912,0.0
Encoder,camera2,camera1,1024,mult,0.839141,0.0,0.802642,0.0
Encoder,camera2,camera1,1024,vote,0.83924,0.0,0.803633,0.0
Encoder,camera2,camera2,1024,mean_individual_models,0.970601,0.009247,0.969274,0.010397
Encoder,camera2,camera2,1024,sum,0.976139,0.0,0.975057,0.0
Encoder,camera2,camera2,1024,mean_probs,0.976139,0.0,0.975057,0.0
Encoder,camera2,camera2,1024,max,0.98335,0.0,0.982993,0.0
Encoder,camera2,camera2,1024,mult,0.979258,0.0,0.978458,0.0
Encoder,camera2,camera2,1024,vote,0.976139,0.0,0.975057,0.0
Encoder,camera2,camera3,1024,mean_individual_models,0.884083,0.031008,0.876713,0.033583
Encoder,camera2,camera3,1024,sum,0.92788,0.0,0.922581,0.0
Encoder,camera2,camera3,1024,mean_probs,0.92788,0.0,0.922581,0.0
Encoder,camera2,camera3,1024,max,0.930797,0.0,0.929032,0.0
Encoder,camera2,camera3,1024,mult,0.929263,0.0,0.924117,0.0
Encoder,camera2,camera3,1024,vote,0.927254,0.0,0.921966,0.0
Encoder,camera2,camera4,1024,mean_individual_models,0.890323,0.022599,0.869817,0.036223
Encoder,camera2,camera4,1024,sum,0.911157,0.0,0.896735,0.0
Encoder,camera2,camera4,1024,mean_probs,0.911157,0.0,0.896735,0.0
Encoder,camera2,camera4,1024,max,0.924563,0.0,0.915951,0.0
Encoder,camera2,camera4,1024,mult,0.908515,0.0,0.893142,0.0
Encoder,camera2,camera4,1024,vote,0.911292,0.0,0.897204,0.0
Encoder,camera2,camera5,1024,mean_individual_models,0.841752,0.024157,0.811495,0.046684
Encoder,camera2,camera5,1024,sum,0.864738,0.0,0.839921,0.0
Encoder,camera2,camera5,1024,mean_probs,0.864738,0.0,0.839921,0.0
Encoder,camera2,camera5,1024,max,0.872075,0.0,0.853316,0.0
Encoder,camera2,camera5,1024,mult,0.866903,0.0,0.840031,0.0
Encoder,camera2,camera5,1024,vote,0.864506,0.0,0.839701,0.0
Encoder,camera2,camera6,1024,mean_individual_models,0.873462,0.026952,0.847647,0.041491
Encoder,camera2,camera6,1024,sum,0.89836,0.0,0.87748,0.0
Encoder,camera2,camera6,1024,mean_probs,0.89836,0.0,0.87748,0.0
Encoder,camera2,camera6,1024,max,0.917876,0.0,0.908283,0.0
Encoder,camera2,camera6,1024,mult,0.898054,0.0,0.877942,0.0
Encoder,camera2,camera6,1024,vote,0.897972,0.0,0.876904,0.0
Encoder,camera2,camera7,1024,mean_individual_models,0.84932,0.021366,0.794277,0.045491
Encoder,camera2,camera7,1024,sum,0.862239,0.0,0.808341,0.0
Encoder,camera2,camera7,1024,mean_probs,0.862239,0.0,0.808341,0.0
Encoder,camera2,camera7,1024,max,0.875504,0.0,0.837844,0.0
Encoder,camera2,camera7,1024,mult,0.859358,0.0,0.803017,0.0
Encoder,camera2,camera7,1024,vote,0.862638,0.0,0.808784,0.0
Encoder,camera2,camera8,1024,mean_individual_models,0.884315,0.024011,0.860262,0.039333
Encoder,camera2,camera8,1024,sum,0.90859,0.0,0.88966,0.0
Encoder,camera2,camera8,1024,mean_probs,0.90859,0.0,0.88966,0.0
Encoder,camera2,camera8,1024,max,0.930423,0.0,0.922936,0.0
Encoder,camera2,camera8,1024,mult,0.911107,0.0,0.893519,0.0
Encoder,camera2,camera8,1024,vote,0.908524,0.0,0.889564,0.0
Encoder,camera2,camera9,1024,mean_individual_models,0.854324,0.018266,0.822151,0.036771
Encoder,camera2,camera9,1024,sum,0.87186,0.0,0.843499,0.0
Encoder,camera2,camera9,1024,mean_probs,0.87186,0.0,0.843499,0.0
Encoder,camera2,camera9,1024,max,0.892957,0.0,0.880417,0.0
Encoder,camera2,camera9,1024,mult,0.87349,0.0,0.844101,0.0
Encoder,camera2,camera9,1024,vote,0.87143,0.0,0.843098,0.0
Encoder,camera2,PUC,1024,mean_individual_models,0.810032,0.039379,0.798183,0.046836
Encoder,camera2,PUC,1024,sum,0.861129,0.0,0.859445,0.0
Encoder,camera2,PUC,1024,mean_probs,0.861129,0.0,0.859445,0.0
Encoder,camera2,PUC,1024,max,0.830928,0.0,0.798954,0.0
Encoder,camera2,PUC,1024,mult,0.870293,0.0,0.867817,0.0
Encoder,camera2,PUC,1024,vote,0.860925,0.0,0.859225,0.0
Encoder,camera2,UFPR04,1024,mean_individual_models,0.677402,0.109744,0.657837,0.102622
Encoder,camera2,UFPR04,1024,sum,0.732655,0.0,0.732824,0.0
Encoder,camera2,UFPR04,1024,mean_probs,0.732655,0.0,0.732824,0.0
Encoder,camera2,UFPR04,1024,max,0.690682,0.0,0.646366,0.0
Encoder,camera2,UFPR04,1024,mult,0.74768,0.0,0.749688,0.0
Encoder,camera2,UFPR04,1024,vote,0.732489,0.0,0.732674,0.0
Encoder,camera2,UFPR05,1024,mean_individual_models,0.662746,0.048732,0.652861,0.049107
Encoder,camera2,UFPR05,1024,sum,0.694147,0.0,0.691751,0.0
Encoder,camera2,UFPR05,1024,mean_probs,0.694147,0.0,0.691751,0.0
Encoder,camera2,UFPR05,1024,max,0.7301,0.0,0.733226,0.0
Encoder,camera2,UFPR05,1024,mult,0.726122,0.0,0.727411,0.0
Encoder,camera2,UFPR05,1024,vote,0.693544,0.0,0.691229,0.0
Encoder,camera3,camera1,64,mean_individual_models,0.744396,0.03928,0.686837,0.030942
Encoder,camera3,camera1,64,sum,0.764057,0.0,0.696119,0.0
Encoder,camera3,camera1,64,mean_probs,0.764057,0.0,0.696119,0.0
Encoder,camera3,camera1,64,max,0.79831,0.0,0.736581,0.0
Encoder,camera3,camera1,64,mult,0.772781,0.0,0.701899,0.0
Encoder,camera3,camera1,64,vote,0.764629,0.0,0.697936,0.0
Encoder,camera3,camera2,64,mean_individual_models,0.807846,0.049775,0.783447,0.040095
Encoder,camera3,camera2,64,sum,0.828488,0.0,0.802721,0.0
Encoder,camera3,camera2,64,mean_probs,0.828488,0.0,0.802721,0.0
Encoder,camera3,camera2,64,max,0.883682,0.0,0.860544,0.0
Encoder,camera3,camera2,64,mult,0.854613,0.0,0.823129,0.0
Encoder,camera3,camera2,64,vote,0.82694,0.0,0.800454,0.0
Encoder,camera3,camera3,64,mean_individual_models,0.889235,0.018724,0.870599,0.019943
Encoder,camera3,camera3,64,sum,0.91586,0.0,0.899539,0.0
Encoder,camera3,camera3,64,mean_probs,0.91586,0.0,0.899539,0.0
Encoder,camera3,camera3,64,max,0.935382,0.0,0.926575,0.0
Encoder,camera3,camera3,64,mult,0.921066,0.0,0.906298,0.0
Encoder,camera3,camera3,64,vote,0.916509,0.0,0.900461,0.0
Encoder,camera3,camera4,64,mean_individual_models,0.848145,0.019644,0.824699,0.019063
Encoder,camera3,camera4,64,sum,0.869253,0.0,0.844087,0.0
Encoder,camera3,camera4,64,mean_probs,0.869253,0.0,0.844087,0.0
Encoder,camera3,camera4,64,max,0.879071,0.0,0.861584,0.0
Encoder,camera3,camera4,64,mult,0.871067,0.0,0.847993,0.0
Encoder,camera3,camera4,64,vote,0.867798,0.0,0.842837,0.0
Encoder,camera3,camera5,64,mean_individual_models,0.829134,0.010924,0.793939,0.028275
Encoder,camera3,camera5,64,sum,0.851774,0.0,0.818182,0.0
Encoder,camera3,camera5,64,mean_probs,0.851774,0.0,0.818182,0.0
Encoder,camera3,camera5,64,max,0.856777,0.0,0.820268,0.0
Encoder,camera3,camera5,64,mult,0.854036,0.0,0.81895,0.0
Encoder,camera3,camera5,64,vote,0.851085,0.0,0.818072,0.0
Encoder,camera3,camera6,64,mean_individual_models,0.846267,0.021941,0.819393,0.025699
Encoder,camera3,camera6,64,sum,0.875135,0.0,0.84737,0.0
Encoder,camera3,camera6,64,mean_probs,0.875135,0.0,0.84737,0.0
Encoder,camera3,camera6,64,max,0.886912,0.0,0.865136,0.0
Encoder,camera3,camera6,64,mult,0.88171,0.0,0.854753,0.0
Encoder,camera3,camera6,64,vote,0.873456,0.0,0.84587,0.0
Encoder,camera3,camera7,64,mean_individual_models,0.837011,0.017835,0.794754,0.024127
Encoder,camera3,camera7,64,sum,0.859181,0.0,0.813443,0.0
Encoder,camera3,camera7,64,mean_probs,0.859181,0.0,0.813443,0.0
Encoder,camera3,camera7,64,max,0.859468,0.0,0.811224,0.0
Encoder,camera3,camera7,64,mult,0.859913,0.0,0.812001,0.0
Encoder,camera3,camera7,64,vote,0.858428,0.0,0.81311,0.0
Encoder,camera3,camera8,64,mean_individual_models,0.857358,0.02407,0.842969,0.023075
Encoder,camera3,camera8,64,sum,0.892096,0.0,0.879919,0.0
Encoder,camera3,camera8,64,mean_probs,0.892096,0.0,0.879919,0.0
Encoder,camera3,camera8,64,max,0.90929,0.0,0.900559,0.0
Encoder,camera3,camera8,64,mult,0.899301,0.0,0.887442,0.0
Encoder,camera3,camera8,64,vote,0.891951,0.0,0.879726,0.0
Encoder,camera3,camera9,64,mean_individual_models,0.832887,0.019002,0.802588,0.01933
Encoder,camera3,camera9,64,sum,0.858012,0.0,0.830257,0.0
Encoder,camera3,camera9,64,mean_probs,0.858012,0.0,0.830257,0.0
Encoder,camera3,camera9,64,max,0.881674,0.0,0.864366,0.0
Encoder,camera3,camera9,64,mult,0.866553,0.0,0.842095,0.0
Encoder,camera3,camera9,64,vote,0.85741,0.0,0.829856,0.0
Encoder,camera3,PUC,64,mean_individual_models,0.698617,0.070623,0.641585,0.045988
Encoder,camera3,PUC,64,sum,0.771896,0.0,0.685566,0.0
Encoder,camera3,PUC,64,mean_probs,0.771896,0.0,0.685566,0.0
Encoder,camera3,PUC,64,max,0.610769,0.0,0.61059,0.0
Encoder,camera3,PUC,64,mult,0.662335,0.0,0.637517,0.0
Encoder,camera3,PUC,64,vote,0.77167,0.0,0.685508,0.0
Encoder,camera3,UFPR04,64,mean_individual_models,0.683476,0.131728,0.566845,0.070436
Encoder,camera3,UFPR04,64,sum,0.775412,0.0,0.594665,0.0
Encoder,camera3,UFPR04,64,mean_probs,0.775412,0.0,0.594665,0.0
Encoder,camera3,UFPR04,64,max,0.425138,0.0,0.426424,0.0
Encoder,camera3,UFPR04,64,mult,0.514335,0.0,0.5395,0.0
Encoder,camera3,UFPR04,64,vote,0.774441,0.0,0.594826,0.0
Encoder,camera3,UFPR05,64,mean_individual_models,0.661042,0.067287,0.591683,0.047403
Encoder,camera3,UFPR05,64,sum,0.691843,0.0,0.604225,0.0
Encoder,camera3,UFPR05,64,mean_probs,0.691843,0.0,0.604225,0.0
Encoder,camera3,UFPR05,64,max,0.752632,0.0,0.668468,0.0
Encoder,camera3,UFPR05,64,mult,0.719294,0.0,0.61852,0.0
Encoder,camera3,UFPR05,64,vote,0.688478,0.0,0.602613,0.0
Encoder,camera3,camera1,128,mean_individual_models,0.781641,0.020958,0.722659,0.032358
Encoder,camera3,camera1,128,sum,0.798249,0.0,0.733113,0.0
Encoder,camera3,camera1,128,mean_probs,0.798249,0.0,0.733113,0.0
Encoder,camera3,camera1,128,max,0.812391,0.0,0.75706,0.0
Encoder,camera3,camera1,128,mult,0.796235,0.0,0.725516,0.0
Encoder,camera3,camera1,128,vote,0.798672,0.0,0.733939,0.0
Encoder,camera3,camera2,128,mean_individual_models,0.871013,0.016677,0.843651,0.017582
Encoder,camera3,camera2,128,sum,0.887125,0.0,0.854875,0.0
Encoder,camera3,camera2,128,mean_probs,0.887125,0.0,0.854875,0.0
Encoder,camera3,camera2,128,max,0.927875,0.0,0.9161,0.0
Encoder,camera3,camera2,128,mult,0.890569,0.0,0.860544,0.0
Encoder,camera3,camera2,128,vote,0.885344,0.0,0.853741,0.0
Encoder,camera3,camera3,128,mean_individual_models,0.91116,0.012201,0.895269,0.017023
Encoder,camera3,camera3,128,sum,0.930641,0.0,0.917665,0.0
Encoder,camera3,camera3,128,mean_probs,0.930641,0.0,0.917665,0.0
Encoder,camera3,camera3,128,max,0.933562,0.0,0.921659,0.0
Encoder,camera3,camera3,128,mult,0.92926,0.0,0.915207,0.0
Encoder,camera3,camera3,128,vote,0.930002,0.0,0.917051,0.0
Encoder,camera3,camera4,128,mean_individual_models,0.865346,0.012936,0.839463,0.017945
Encoder,camera3,camera4,128,sum,0.881168,0.0,0.854242,0.0
Encoder,camera3,camera4,128,mean_probs,0.881168,0.0,0.854242,0.0
Encoder,camera3,camera4,128,max,0.891214,0.0,0.869395,0.0
Encoder,camera3,camera4,128,mult,0.881478,0.0,0.854085,0.0
Encoder,camera3,camera4,128,vote,0.880935,0.0,0.854085,0.0
Encoder,camera3,camera5,128,mean_individual_models,0.833265,0.018633,0.790898,0.035761
Encoder,camera3,camera5,128,sum,0.85467,0.0,0.812033,0.0
Encoder,camera3,camera5,128,mean_probs,0.85467,0.0,0.812033,0.0
Encoder,camera3,camera5,128,max,0.848994,0.0,0.801823,0.0
Encoder,camera3,camera5,128,mult,0.852701,0.0,0.808081,0.0
Encoder,camera3,camera5,128,vote,0.854181,0.0,0.811594,0.0
Encoder,camera3,camera6,128,mean_individual_models,0.861206,0.023614,0.834391,0.028154
Encoder,camera3,camera6,128,sum,0.885958,0.0,0.860406,0.0
Encoder,camera3,camera6,128,mean_probs,0.885958,0.0,0.860406,0.0
Encoder,camera3,camera6,128,max,0.888441,0.0,0.86779,0.0
Encoder,camera3,camera6,128,mult,0.883939,0.0,0.856484,0.0
Encoder,camera3,camera6,128,vote,0.885733,0.0,0.86006,0.0
Encoder,camera3,camera7,128,mean_individual_models,0.842586,0.015632,0.786469,0.02988
Encoder,camera3,camera7,128,sum,0.856408,0.0,0.795586,0.0
Encoder,camera3,camera7,128,mean_probs,0.856408,0.0,0.795586,0.0
Encoder,camera3,camera7,128,max,0.853712,0.0,0.789042,0.0
Encoder,camera3,camera7,128,mult,0.85343,0.0,0.786713,0.0
Encoder,camera3,camera7,128,vote,0.856524,0.0,0.795807,0.0
Encoder,camera3,camera8,128,mean_individual_models,0.87461,0.018953,0.854244,0.02367
Encoder,camera3,camera8,128,sum,0.900205,0.0,0.88233,0.0
Encoder,camera3,camera8,128,mean_probs,0.900205,0.0,0.88233,0.0
Encoder,camera3,camera8,128,max,0.907254,0.0,0.891204,0.0
Encoder,camera3,camera8,128,mult,0.900411,0.0,0.880883,0.0
Encoder,camera3,camera8,128,vote,0.899936,0.0,0.881944,0.0
Encoder,camera3,camera9,128,mean_individual_models,0.845854,0.014511,0.816372,0.021652
Encoder,camera3,camera9,128,sum,0.869576,0.0,0.8437,0.0
Encoder,camera3,camera9,128,mean_probs,0.869576,0.0,0.8437,0.0
Encoder,camera3,camera9,128,max,0.877013,0.0,0.85614,0.0
Encoder,camera3,camera9,128,mult,0.867467,0.0,0.839888,0.0
Encoder,camera3,camera9,128,vote,0.869409,0.0,0.8437,0.0
Encoder,camera3,PUC,128,mean_individual_models,0.730493,0.060559,0.699208,0.053626
Encoder,camera3,PUC,128,sum,0.79482,0.0,0.756649,0.0
Encoder,camera3,PUC,128,mean_probs,0.79482,0.0,0.756649,0.0
Encoder,camera3,PUC,128,max,0.656491,0.0,0.655517,0.0
Encoder,camera3,PUC,128,mult,0.774159,0.0,0.739426,0.0
Encoder,camera3,PUC,128,vote,0.794179,0.0,0.756235,0.0
Encoder,camera3,UFPR04,128,mean_individual_models,0.7085,0.099591,0.623405,0.073864
Encoder,camera3,UFPR04,128,sum,0.774488,0.0,0.649483,0.0
Encoder,camera3,UFPR04,128,mean_probs,0.774488,0.0,0.649483,0.0
Encoder,camera3,UFPR04,128,max,0.548011,0.0,0.557323,0.0
Encoder,camera3,UFPR04,128,mult,0.752277,0.0,0.639948,0.0
Encoder,camera3,UFPR04,128,vote,0.773961,0.0,0.649564,0.0
Encoder,camera3,UFPR05,128,mean_individual_models,0.673857,0.065608,0.624613,0.060678
Encoder,camera3,UFPR05,128,sum,0.709357,0.0,0.650134,0.0
Encoder,camera3,UFPR05,128,mean_probs,0.709357,0.0,0.650134,0.0
Encoder,camera3,UFPR05,128,max,0.76483,0.0,0.728329,0.0
Encoder,camera3,UFPR05,128,mult,0.729187,0.0,0.6591,0.0
Encoder,camera3,UFPR05,128,vote,0.70807,0.0,0.649627,0.0
Encoder,camera3,camera1,256,mean_individual_models,0.789049,0.027023,0.741222,0.022494
Encoder,camera3,camera1,256,sum,0.808879,0.0,0.753097,0.0
Encoder,camera3,camera1,256,mean_probs,0.808879,0.0,0.753097,0.0
Encoder,camera3,camera1,256,max,0.841305,0.0,0.810405,0.0
Encoder,camera3,camera1,256,mult,0.818182,0.0,0.769942,0.0
Encoder,camera3,camera1,256,vote,0.809633,0.0,0.753757,0.0
Encoder,camera3,camera2,256,mean_individual_models,0.877636,0.025049,0.862698,0.024614
Encoder,camera3,camera2,256,sum,0.912572,0.0,0.895692,0.0
Encoder,camera3,camera2,256,mean_probs,0.912572,0.0,0.895692,0.0
Encoder,camera3,camera2,256,max,0.956341,0.0,0.952381,0.0
Encoder,camera3,camera2,256,mult,0.933794,0.0,0.924036,0.0
Encoder,camera3,camera2,256,vote,0.912572,0.0,0.895692,0.0
Encoder,camera3,camera3,256,mean_individual_models,0.922488,0.015901,0.9149,0.018003
Encoder,camera3,camera3,256,sum,0.948198,0.0,0.943779,0.0
Encoder,camera3,camera3,256,mean_probs,0.948198,0.0,0.943779,0.0
Encoder,camera3,camera3,256,max,0.957218,0.0,0.954224,0.0
Encoder,camera3,camera3,256,mult,0.947434,0.0,0.942857,0.0
Encoder,camera3,camera3,256,vote,0.949077,0.0,0.9447,0.0
Encoder,camera3,camera4,256,mean_individual_models,0.883181,0.010303,0.864615,0.014851
Encoder,camera3,camera4,256,sum,0.905198,0.0,0.890173,0.0
Encoder,camera3,camera4,256,mean_probs,0.905198,0.0,0.890173,0.0
Encoder,camera3,camera4,256,max,0.926466,0.0,0.9197,0.0
Encoder,camera3,camera4,256,mult,0.911503,0.0,0.899078,0.0
Encoder,camera3,camera4,256,vote,0.904535,0.0,0.889236,0.0
Encoder,camera3,camera5,256,mean_individual_models,0.854463,0.020093,0.828843,0.037748
Encoder,camera3,camera5,256,sum,0.882292,0.0,0.860672,0.0
Encoder,camera3,camera5,256,mean_probs,0.882292,0.0,0.860672,0.0
Encoder,camera3,camera5,256,max,0.878632,0.0,0.857927,0.0
Encoder,camera3,camera5,256,mult,0.882452,0.0,0.860013,0.0
Encoder,camera3,camera5,256,vote,0.882197,0.0,0.860782,0.0
Encoder,camera3,camera6,256,mean_individual_models,0.881021,0.020532,0.861952,0.027254
Encoder,camera3,camera6,256,sum,0.900634,0.0,0.88221,0.0
Encoder,camera3,camera6,256,mean_probs,0.900634,0.0,0.88221,0.0
Encoder,camera3,camera6,256,max,0.911857,0.0,0.901015,0.0
Encoder,camera3,camera6,256,mult,0.904896,0.0,0.88844,0.0
Encoder,camera3,camera6,256,vote,0.900797,0.0,0.882326,0.0
Encoder,camera3,camera7,256,mean_individual_models,0.865644,0.020034,0.823081,0.037922
Encoder,camera3,camera7,256,sum,0.880231,0.0,0.83862,0.0
Encoder,camera3,camera7,256,mean_probs,0.880231,0.0,0.83862,0.0
Encoder,camera3,camera7,256,max,0.877111,0.0,0.834849,0.0
Encoder,camera3,camera7,256,mult,0.880161,0.0,0.835626,0.0
Encoder,camera3,camera7,256,vote,0.880291,0.0,0.838953,0.0
Encoder,camera3,camera8,256,mean_individual_models,0.892961,0.017428,0.880305,0.022314
Encoder,camera3,camera8,256,sum,0.92355,0.0,0.913966,0.0
Encoder,camera3,camera8,256,mean_probs,0.92355,0.0,0.913966,0.0
Encoder,camera3,camera8,256,max,0.939609,0.0,0.934992,0.0
Encoder,camera3,camera8,256,mult,0.927559,0.0,0.918596,0.0
Encoder,camera3,camera8,256,vote,0.923001,0.0,0.91358,0.0
Encoder,camera3,camera9,256,mean_individual_models,0.852279,0.017992,0.829835,0.022346
Encoder,camera3,camera9,256,sum,0.87155,0.0,0.848917,0.0
Encoder,camera3,camera9,256,mean_probs,0.87155,0.0,0.848917,0.0
Encoder,camera3,camera9,256,max,0.902364,0.0,0.892255,0.0
Encoder,camera3,camera9,256,mult,0.883338,0.0,0.865369,0.0
Encoder,camera3,camera9,256,vote,0.870992,0.0,0.848315,0.0
Encoder,camera3,PUC,256,mean_individual_models,0.734804,0.049249,0.716989,0.043861
Encoder,camera3,PUC,256,sum,0.796771,0.0,0.785585,0.0
Encoder,camera3,PUC,256,mean_probs,0.796771,0.0,0.785585,0.0
Encoder,camera3,PUC,256,max,0.704205,0.0,0.693819,0.0
Encoder,camera3,PUC,256,mult,0.731546,0.0,0.730771,0.0
Encoder,camera3,PUC,256,vote,0.7965,0.0,0.785443,0.0
Encoder,camera3,UFPR04,256,mean_individual_models,0.719137,0.072088,0.636406,0.050344
Encoder,camera3,UFPR04,256,sum,0.774385,0.0,0.667548,0.0
Encoder,camera3,UFPR04,256,mean_probs,0.774385,0.0,0.667548,0.0
Encoder,camera3,UFPR04,256,max,0.563183,0.0,0.564237,0.0
Encoder,camera3,UFPR04,256,mult,0.636566,0.0,0.622426,0.0
Encoder,camera3,UFPR04,256,vote,0.774451,0.0,0.667652,0.0
Encoder,camera3,UFPR05,256,mean_individual_models,0.671211,0.049382,0.623582,0.048305
Encoder,camera3,UFPR05,256,sum,0.701324,0.0,0.647059,0.0
Encoder,camera3,UFPR05,256,mean_probs,0.701324,0.0,0.647059,0.0
Encoder,camera3,UFPR05,256,max,0.758813,0.0,0.725045,0.0
Encoder,camera3,UFPR05,256,mult,0.726248,0.0,0.670066,0.0
Encoder,camera3,UFPR05,256,vote,0.700366,0.0,0.646536,0.0
Encoder,camera3,camera1,512,mean_individual_models,0.811556,0.026575,0.778431,0.026057
Encoder,camera3,camera1,512,sum,0.831592,0.0,0.795541,0.0
Encoder,camera3,camera1,512,mean_probs,0.831592,0.0,0.795541,0.0
Encoder,camera3,camera1,512,max,0.858855,0.0,0.842609,0.0
Encoder,camera3,camera1,512,mult,0.838709,0.0,0.808092,0.0
Encoder,camera3,camera1,512,vote,0.830724,0.0,0.79488,0.0
Encoder,camera3,camera2,512,mean_individual_models,0.911313,0.038189,0.903061,0.041249
Encoder,camera3,camera2,512,sum,0.93704,0.0,0.929705,0.0
Encoder,camera3,camera2,512,mean_probs,0.93704,0.0,0.929705,0.0
Encoder,camera3,camera2,512,max,0.959205,0.0,0.955782,0.0
Encoder,camera3,camera2,512,mult,0.93988,0.0,0.931973,0.0
Encoder,camera3,camera2,512,vote,0.936528,0.0,0.929705,0.0
Encoder,camera3,camera3,512,mean_individual_models,0.942041,0.007455,0.938341,0.007154
Encoder,camera3,camera3,512,sum,0.962438,0.0,0.960061,0.0
Encoder,camera3,camera3,512,mean_probs,0.962438,0.0,0.960061,0.0
Encoder,camera3,camera3,512,max,0.96578,0.0,0.964363,0.0
Encoder,camera3,camera3,512,mult,0.963539,0.0,0.961598,0.0
Encoder,camera3,camera3,512,vote,0.961283,0.0,0.958833,0.0
Encoder,camera3,camera4,512,mean_individual_models,0.909868,0.01066,0.901968,0.011409
Encoder,camera3,camera4,512,sum,0.9308,0.0,0.924387,0.0
Encoder,camera3,camera4,512,mean_probs,0.9308,0.0,0.924387,0.0
Encoder,camera3,camera4,512,max,0.9436,0.0,0.941259,0.0
Encoder,camera3,camera4,512,mult,0.933244,0.0,0.92798,0.0
Encoder,camera3,camera4,512,vote,0.930551,0.0,0.924074,0.0
Encoder,camera3,camera5,512,mean_individual_models,0.874927,0.012559,0.860167,0.019601
Encoder,camera3,camera5,512,sum,0.899461,0.0,0.886913,0.0
Encoder,camera3,camera5,512,mean_probs,0.899461,0.0,0.886913,0.0
Encoder,camera3,camera5,512,max,0.904222,0.0,0.894818,0.0
Encoder,camera3,camera5,512,mult,0.901208,0.0,0.889548,0.0
Encoder,camera3,camera5,512,vote,0.89853,0.0,0.885815,0.0
Encoder,camera3,camera6,512,mean_individual_models,0.901809,0.013423,0.891024,0.014315
Encoder,camera3,camera6,512,sum,0.922286,0.0,0.912552,0.0
Encoder,camera3,camera6,512,mean_probs,0.922286,0.0,0.912552,0.0
Encoder,camera3,camera6,512,max,0.92874,0.0,0.92282,0.0
Encoder,camera3,camera6,512,mult,0.924212,0.0,0.915667,0.0
Encoder,camera3,camera6,512,vote,0.921549,0.0,0.911744,0.0
Encoder,camera3,camera7,512,mean_individual_models,0.871895,0.010504,0.834705,0.018378
Encoder,camera3,camera7,512,sum,0.885474,0.0,0.846717,0.0
Encoder,camera3,camera7,512,mean_probs,0.885474,0.0,0.846717,0.0
Encoder,camera3,camera7,512,max,0.890224,0.0,0.858585,0.0
Encoder,camera3,camera7,512,mult,0.887663,0.0,0.851264,0.0
Encoder,camera3,camera7,512,vote,0.885348,0.0,0.846939,0.0
Encoder,camera3,camera8,512,mean_individual_models,0.903387,0.014903,0.894705,0.014139
Encoder,camera3,camera8,512,sum,0.929345,0.0,0.921682,0.0
Encoder,camera3,camera8,512,mean_probs,0.929345,0.0,0.921682,0.0
Encoder,camera3,camera8,512,max,0.942736,0.0,0.939236,0.0
Encoder,camera3,camera8,512,mult,0.937451,0.0,0.93152,0.0
Encoder,camera3,camera8,512,vote,0.928995,0.0,0.921296,0.0
Encoder,camera3,camera9,512,mean_individual_models,0.868376,0.013523,0.853591,0.016604
Encoder,camera3,camera9,512,sum,0.891601,0.0,0.877408,0.0
Encoder,camera3,camera9,512,mean_probs,0.891601,0.0,0.877408,0.0
Encoder,camera3,camera9,512,max,0.911409,0.0,0.906501,0.0
Encoder,camera3,camera9,512,mult,0.895694,0.0,0.883026,0.0
Encoder,camera3,camera9,512,vote,0.891768,0.0,0.877809,0.0
Encoder,camera3,PUC,512,mean_individual_models,0.762337,0.048413,0.750443,0.047733
Encoder,camera3,PUC,512,sum,0.812263,0.0,0.80971,0.0
Encoder,camera3,PUC,512,mean_probs,0.812263,0.0,0.80971,0.0
Encoder,camera3,PUC,512,max,0.753149,0.0,0.729057,0.0
Encoder,camera3,PUC,512,mult,0.785928,0.0,0.785206,0.0
Encoder,camera3,PUC,512,vote,0.812029,0.0,0.809488,0.0
Encoder,camera3,UFPR04,512,mean_individual_models,0.719616,0.063041,0.658159,0.048172
Encoder,camera3,UFPR04,512,sum,0.777013,0.0,0.689029,0.0
Encoder,camera3,UFPR04,512,mean_probs,0.777013,0.0,0.689029,0.0
Encoder,camera3,UFPR04,512,max,0.642755,0.0,0.643988,0.0
Encoder,camera3,UFPR04,512,mult,0.701811,0.0,0.682057,0.0
Encoder,camera3,UFPR04,512,vote,0.776889,0.0,0.688995,0.0
Encoder,camera3,UFPR05,512,mean_individual_models,0.664071,0.052074,0.629603,0.044041
Encoder,camera3,UFPR05,512,sum,0.698093,0.0,0.659824,0.0
Encoder,camera3,UFPR05,512,mean_probs,0.698093,0.0,0.659824,0.0
Encoder,camera3,UFPR05,512,max,0.766513,0.0,0.747268,0.0
Encoder,camera3,UFPR05,512,mult,0.727616,0.0,0.690363,0.0
Encoder,camera3,UFPR05,512,vote,0.696759,0.0,0.658891,0.0
Encoder,camera3,camera1,1024,mean_individual_models,0.829917,0.028721,0.799934,0.044599
Encoder,camera3,camera1,1024,sum,0.846981,0.0,0.821305,0.0
Encoder,camera3,camera1,1024,mean_probs,0.846981,0.0,0.821305,0.0
Encoder,camera3,camera1,1024,max,0.863809,0.0,0.847069,0.0
Encoder,camera3,camera1,1024,mult,0.846564,0.0,0.81635,0.0
Encoder,camera3,camera1,1024,vote,0.847221,0.0,0.82147,0.0
Encoder,camera3,camera2,1024,mean_individual_models,0.919716,0.024541,0.913152,0.031175
Encoder,camera3,camera2,1024,sum,0.940621,0.0,0.935374,0.0
Encoder,camera3,camera2,1024,mean_probs,0.940621,0.0,0.935374,0.0
Encoder,camera3,camera2,1024,max,0.965042,0.0,0.962585,0.0
Encoder,camera3,camera2,1024,mult,0.947959,0.0,0.942177,0.0
Encoder,camera3,camera2,1024,vote,0.941991,0.0,0.936508,0.0
Encoder,camera3,camera3,1024,mean_individual_models,0.954647,0.007335,0.951674,0.009088
Encoder,camera3,camera3,1024,sum,0.969575,0.0,0.967742,0.0
Encoder,camera3,camera3,1024,mean_probs,0.969575,0.0,0.967742,0.0
Encoder,camera3,camera3,1024,max,0.970342,0.0,0.969278,0.0
Encoder,camera3,camera3,1024,mult,0.970725,0.0,0.969278,0.0
Encoder,camera3,camera3,1024,vote,0.969575,0.0,0.967742,0.0
Encoder,camera3,camera4,1024,mean_individual_models,0.920942,0.017123,0.915623,0.020426
Encoder,camera3,camera4,1024,sum,0.947126,0.0,0.94454,0.0
Encoder,camera3,camera4,1024,mean_probs,0.947126,0.0,0.94454,0.0
Encoder,camera3,camera4,1024,max,0.952569,0.0,0.95157,0.0
Encoder,camera3,camera4,1024,mult,0.94484,0.0,0.94204,0.0
Encoder,camera3,camera4,1024,vote,0.946857,0.0,0.944227,0.0
Encoder,camera3,camera5,1024,mean_individual_models,0.891423,0.018958,0.880512,0.028371
Encoder,camera3,camera5,1024,sum,0.919392,0.0,0.913483,0.0
Encoder,camera3,camera5,1024,mean_probs,0.919392,0.0,0.913483,0.0
Encoder,camera3,camera5,1024,max,0.912281,0.0,0.904699,0.0
Encoder,camera3,camera5,1024,mult,0.914289,0.0,0.906017,0.0
Encoder,camera3,camera5,1024,vote,0.918949,0.0,0.913043,0.0
Encoder,camera3,camera6,1024,mean_individual_models,0.913787,0.015535,0.905814,0.018373
Encoder,camera3,camera6,1024,sum,0.936379,0.0,0.930895,0.0
Encoder,camera3,camera6,1024,mean_probs,0.936379,0.0,0.930895,0.0
Encoder,camera3,camera6,1024,max,0.942257,0.0,0.939086,0.0
Encoder,camera3,camera6,1024,mult,0.937188,0.0,0.932049,0.0
Encoder,camera3,camera6,1024,vote,0.936613,0.0,0.931126,0.0
Encoder,camera3,camera7,1024,mean_individual_models,0.88937,0.015214,0.8627,0.024566
Encoder,camera3,camera7,1024,sum,0.907419,0.0,0.883097,0.0
Encoder,camera3,camera7,1024,mean_probs,0.907419,0.0,0.883097,0.0
Encoder,camera3,camera7,1024,max,0.902417,0.0,0.879215,0.0
Encoder,camera3,camera7,1024,mult,0.902696,0.0,0.876109,0.0
Encoder,camera3,camera7,1024,vote,0.906913,0.0,0.88232,0.0
Encoder,camera3,camera8,1024,mean_individual_models,0.924095,0.010422,0.919396,0.011656
Encoder,camera3,camera8,1024,sum,0.950045,0.0,0.946663,0.0
Encoder,camera3,camera8,1024,mean_probs,0.950045,0.0,0.946663,0.0
Encoder,camera3,camera8,1024,max,0.949618,0.0,0.947627,0.0
Encoder,camera3,camera8,1024,mult,0.948946,0.0,0.945216,0.0
Encoder,camera3,camera8,1024,vote,0.950178,0.0,0.946856,0.0
Encoder,camera3,camera9,1024,mean_individual_models,0.883337,0.015026,0.872251,0.020442
Encoder,camera3,camera9,1024,sum,0.905869,0.0,0.897472,0.0
Encoder,camera3,camera9,1024,mean_probs,0.905869,0.0,0.897472,0.0
Encoder,camera3,camera9,1024,max,0.920609,0.0,0.916934,0.0
Encoder,camera3,camera9,1024,mult,0.911136,0.0,0.902889,0.0
Encoder,camera3,camera9,1024,vote,0.905774,0.0,0.897472,0.0
Encoder,camera3,PUC,1024,mean_individual_models,0.754045,0.076364,0.743807,0.077761
Encoder,camera3,PUC,1024,sum,0.802378,0.0,0.801313,0.0
Encoder,camera3,PUC,1024,mean_probs,0.802378,0.0,0.801313,0.0
Encoder,camera3,PUC,1024,max,0.722167,0.0,0.666152,0.0
Encoder,camera3,PUC,1024,mult,0.736357,0.0,0.719914,0.0
Encoder,camera3,PUC,1024,vote,0.802274,0.0,0.801206,0.0
Encoder,camera3,UFPR04,1024,mean_individual_models,0.69302,0.093895,0.651108,0.077406
Encoder,camera3,UFPR04,1024,sum,0.777277,0.0,0.725078,0.0
Encoder,camera3,UFPR04,1024,mean_probs,0.777277,0.0,0.725078,0.0
Encoder,camera3,UFPR04,1024,max,0.531667,0.0,0.502216,0.0
Encoder,camera3,UFPR04,1024,mult,0.559239,0.0,0.553237,0.0
Encoder,camera3,UFPR04,1024,vote,0.777444,0.0,0.725205,0.0
Encoder,camera3,UFPR05,1024,mean_individual_models,0.687838,0.050362,0.663243,0.04544
Encoder,camera3,UFPR05,1024,sum,0.732162,0.0,0.70642,0.0
Encoder,camera3,UFPR05,1024,mean_probs,0.732162,0.0,0.70642,0.0
Encoder,camera3,UFPR05,1024,max,0.772898,0.0,0.767326,0.0
Encoder,camera3,UFPR05,1024,mult,0.758866,0.0,0.735331,0.0
Encoder,camera3,UFPR05,1024,vote,0.731586,0.0,0.705935,0.0
Encoder,camera4,camera1,64,mean_individual_models,0.736064,0.034606,0.670058,0.028443
Encoder,camera4,camera1,64,sum,0.76189,0.0,0.684063,0.0
Encoder,camera4,camera1,64,mean_probs,0.76189,0.0,0.684063,0.0
Encoder,camera4,camera1,64,max,0.774681,0.0,0.690339,0.0
Encoder,camera4,camera1,64,mult,0.762632,0.0,0.681255,0.0
Encoder,camera4,camera1,64,vote,0.758127,0.0,0.68109,0.0
Encoder,camera4,camera2,64,mean_individual_models,0.799654,0.057451,0.785261,0.048247
Encoder,camera4,camera2,64,sum,0.822594,0.0,0.80839,0.0
Encoder,camera4,camera2,64,mean_probs,0.822594,0.0,0.80839,0.0
Encoder,camera4,camera2,64,max,0.884978,0.0,0.868481,0.0
Encoder,camera4,camera2,64,mult,0.837155,0.0,0.818594,0.0
Encoder,camera4,camera2,64,vote,0.815148,0.0,0.802721,0.0
Encoder,camera4,camera3,64,mean_individual_models,0.815105,0.050997,0.79914,0.03854
Encoder,camera4,camera3,64,sum,0.852581,0.0,0.83318,0.0
Encoder,camera4,camera3,64,mean_probs,0.852581,0.0,0.83318,0.0
Encoder,camera4,camera3,64,max,0.879522,0.0,0.8553,0.0
Encoder,camera4,camera3,64,mult,0.867208,0.0,0.843011,0.0
Encoder,camera4,camera3,64,vote,0.846019,0.0,0.827957,0.0
Encoder,camera4,camera4,64,mean_individual_models,0.855075,0.018036,0.837025,0.01519
Encoder,camera4,camera4,64,sum,0.880262,0.0,0.861584,0.0
Encoder,camera4,camera4,64,mean_probs,0.880262,0.0,0.861584,0.0
Encoder,camera4,camera4,64,max,0.888118,0.0,0.873613,0.0
Encoder,camera4,camera4,64,mult,0.881778,0.0,0.863303,0.0
Encoder,camera4,camera4,64,vote,0.878093,0.0,0.859241,0.0
Encoder,camera4,camera5,64,mean_individual_models,0.823803,0.014032,0.788384,0.018659
Encoder,camera4,camera5,64,sum,0.84435,0.0,0.804897,0.0
Encoder,camera4,camera5,64,mean_probs,0.84435,0.0,0.804897,0.0
Encoder,camera4,camera5,64,max,0.841777,0.0,0.799078,0.0
Encoder,camera4,camera5,64,mult,0.84565,0.0,0.805556,0.0
Encoder,camera4,camera5,64,vote,0.843589,0.0,0.804567,0.0
Encoder,camera4,camera6,64,mean_individual_models,0.831152,0.029728,0.806287,0.021591
Encoder,camera4,camera6,64,sum,0.866896,0.0,0.834679,0.0
Encoder,camera4,camera6,64,mean_probs,0.866896,0.0,0.834679,0.0
Encoder,camera4,camera6,64,max,0.869583,0.0,0.837217,0.0
Encoder,camera4,camera6,64,mult,0.866936,0.0,0.833295,0.0
Encoder,camera4,camera6,64,vote,0.864712,0.0,0.833295,0.0
Encoder,camera4,camera7,64,mean_individual_models,0.812616,0.019008,0.757897,0.016416
Encoder,camera4,camera7,64,sum,0.838942,0.0,0.773181,0.0
Encoder,camera4,camera7,64,mean_probs,0.838942,0.0,0.773181,0.0
Encoder,camera4,camera7,64,max,0.839379,0.0,0.772294,0.0
Encoder,camera4,camera7,64,mult,0.840184,0.0,0.772072,0.0
Encoder,camera4,camera7,64,vote,0.838051,0.0,0.773846,0.0
Encoder,camera4,camera8,64,mean_individual_models,0.834058,0.030639,0.809626,0.022717
Encoder,camera4,camera8,64,sum,0.862888,0.0,0.831887,0.0
Encoder,camera4,camera8,64,mean_probs,0.862888,0.0,0.831887,0.0
Encoder,camera4,camera8,64,max,0.874165,0.0,0.845197,0.0
Encoder,camera4,camera8,64,mult,0.866628,0.0,0.834298,0.0
Encoder,camera4,camera8,64,vote,0.859161,0.0,0.829572,0.0
Encoder,camera4,camera9,64,mean_individual_models,0.799917,0.020281,0.754595,0.010953
Encoder,camera4,camera9,64,sum,0.827465,0.0,0.777488,0.0
Encoder,camera4,camera9,64,mean_probs,0.827465,0.0,0.777488,0.0
Encoder,camera4,camera9,64,max,0.830913,0.0,0.785915,0.0
Encoder,camera4,camera9,64,mult,0.825716,0.0,0.773074,0.0
Encoder,camera4,camera9,64,vote,0.822344,0.0,0.774278,0.0
Encoder,camera4,PUC,64,mean_individual_models,0.752235,0.039302,0.692275,0.036662
Encoder,camera4,PUC,64,sum,0.783953,0.0,0.707773,0.0
Encoder,camera4,PUC,64,mean_probs,0.783953,0.0,0.707773,0.0
Encoder,camera4,PUC,64,max,0.805329,0.0,0.765578,0.0
Encoder,camera4,PUC,64,mult,0.790974,0.0,0.715439,0.0
Encoder,camera4,PUC,64,vote,0.783482,0.0,0.707631,0.0
Encoder,camera4,UFPR04,64,mean_individual_models,0.732967,0.095968,0.576967,0.044692
Encoder,camera4,UFPR04,64,sum,0.774034,0.0,0.581263,0.0
Encoder,camera4,UFPR04,64,mean_probs,0.774034,0.0,0.581263,0.0
Encoder,camera4,UFPR04,64,max,0.635391,0.0,0.588882,0.0
Encoder,camera4,UFPR04,64,mult,0.770867,0.0,0.581182,0.0
Encoder,camera4,UFPR04,64,vote,0.773866,0.0,0.581506,0.0
Encoder,camera4,UFPR05,64,mean_individual_models,0.604663,0.065924,0.528703,0.054469
Encoder,camera4,UFPR05,64,sum,0.617168,0.0,0.521036,0.0
Encoder,camera4,UFPR05,64,mean_probs,0.617168,0.0,0.521036,0.0
Encoder,camera4,UFPR05,64,max,0.65325,0.0,0.556442,0.0
Encoder,camera4,UFPR05,64,mult,0.622072,0.0,0.523104,0.0
Encoder,camera4,UFPR05,64,vote,0.616334,0.0,0.520566,0.0
Encoder,camera4,camera1,128,mean_individual_models,0.754977,0.028158,0.677126,0.034091
Encoder,camera4,camera1,128,sum,0.778546,0.0,0.68076,0.0
Encoder,camera4,camera1,128,mean_probs,0.778546,0.0,0.68076,0.0
Encoder,camera4,camera1,128,max,0.795199,0.0,0.713625,0.0
Encoder,camera4,camera1,128,mult,0.782399,0.0,0.684723,0.0
Encoder,camera4,camera1,128,vote,0.776266,0.0,0.680925,0.0
Encoder,camera4,camera2,128,mean_individual_models,0.845963,0.039416,0.828118,0.037402
Encoder,camera4,camera2,128,sum,0.896078,0.0,0.876417,0.0
Encoder,camera4,camera2,128,mean_probs,0.896078,0.0,0.876417,0.0
Encoder,camera4,camera2,128,max,0.918095,0.0,0.902494,0.0
Encoder,camera4,camera2,128,mult,0.894075,0.0,0.866213,0.0
Encoder,camera4,camera2,128,vote,0.892869,0.0,0.87415,0.0
Encoder,camera4,camera3,128,mean_individual_models,0.850201,0.031241,0.830906,0.024372
Encoder,camera4,camera3,128,sum,0.886788,0.0,0.863902,0.0
Encoder,camera4,camera3,128,mean_probs,0.886788,0.0,0.863902,0.0
Encoder,camera4,camera3,128,max,0.904379,0.0,0.882028,0.0
Encoder,camera4,camera3,128,mult,0.89138,0.0,0.866974,0.0
Encoder,camera4,camera3,128,vote,0.8858,0.0,0.863902,0.0
Encoder,camera4,camera4,128,mean_individual_models,0.878679,0.008833,0.858897,0.011798
Encoder,camera4,camera4,128,sum,0.894244,0.0,0.875644,0.0
Encoder,camera4,camera4,128,mean_probs,0.894244,0.0,0.875644,0.0
Encoder,camera4,camera4,128,max,0.90362,0.0,0.88908,0.0
Encoder,camera4,camera4,128,mult,0.894059,0.0,0.874707,0.0
Encoder,camera4,camera4,128,vote,0.894132,0.0,0.875644,0.0
Encoder,camera4,camera5,128,mean_individual_models,0.839707,0.008696,0.801394,0.019174
Encoder,camera4,camera5,128,sum,0.851319,0.0,0.810935,0.0
Encoder,camera4,camera5,128,mean_probs,0.851319,0.0,0.810935,0.0
Encoder,camera4,camera5,128,max,0.850834,0.0,0.809069,0.0
Encoder,camera4,camera5,128,mult,0.851016,0.0,0.809179,0.0
Encoder,camera4,camera5,128,vote,0.851405,0.0,0.811484,0.0
Encoder,camera4,camera6,128,mean_individual_models,0.865907,0.014064,0.837829,0.015077
Encoder,camera4,camera6,128,sum,0.882345,0.0,0.851407,0.0
Encoder,camera4,camera6,128,mean_probs,0.882345,0.0,0.851407,0.0
Encoder,camera4,camera6,128,max,0.888739,0.0,0.863175,0.0
Encoder,camera4,camera6,128,mult,0.883709,0.0,0.851638,0.0
Encoder,camera4,camera6,128,vote,0.881693,0.0,0.851061,0.0
Encoder,camera4,camera7,128,mean_individual_models,0.830941,0.010951,0.765883,0.023323
Encoder,camera4,camera7,128,sum,0.838068,0.0,0.764641,0.0
Encoder,camera4,camera7,128,mean_probs,0.838068,0.0,0.764641,0.0
Encoder,camera4,camera7,128,max,0.842287,0.0,0.772516,0.0
Encoder,camera4,camera7,128,mult,0.838834,0.0,0.766526,0.0
Encoder,camera4,camera7,128,vote,0.837448,0.0,0.764197,0.0
Encoder,camera4,camera8,128,mean_individual_models,0.857217,0.017574,0.829967,0.016565
Encoder,camera4,camera8,128,sum,0.87746,0.0,0.847994,0.0
Encoder,camera4,camera8,128,mean_probs,0.87746,0.0,0.847994,0.0
Encoder,camera4,camera8,128,max,0.889147,0.0,0.864776,0.0
Encoder,camera4,camera8,128,mult,0.881185,0.0,0.851466,0.0
Encoder,camera4,camera8,128,vote,0.876735,0.0,0.847415,0.0
Encoder,camera4,camera9,128,mean_individual_models,0.829183,0.010548,0.782745,0.012106
Encoder,camera4,camera9,128,sum,0.83813,0.0,0.790128,0.0
Encoder,camera4,camera9,128,mean_probs,0.83813,0.0,0.790128,0.0
Encoder,camera4,camera9,128,max,0.860869,0.0,0.827247,0.0
Encoder,camera4,camera9,128,mult,0.842346,0.0,0.795144,0.0
Encoder,camera4,camera9,128,vote,0.837436,0.0,0.789727,0.0
Encoder,camera4,PUC,128,mean_individual_models,0.797464,0.028772,0.742953,0.039172
Encoder,camera4,PUC,128,sum,0.818459,0.0,0.755411,0.0
Encoder,camera4,PUC,128,mean_probs,0.818459,0.0,0.755411,0.0
Encoder,camera4,PUC,128,max,0.839864,0.0,0.808057,0.0
Encoder,camera4,PUC,128,mult,0.824342,0.0,0.761745,0.0
Encoder,camera4,PUC,128,vote,0.818372,0.0,0.755582,0.0
Encoder,camera4,UFPR04,128,mean_individual_models,0.75008,0.062215,0.593928,0.021656
Encoder,camera4,UFPR04,128,sum,0.774338,0.0,0.587681,0.0
Encoder,camera4,UFPR04,128,mean_probs,0.774338,0.0,0.587681,0.0
Encoder,camera4,UFPR04,128,max,0.68227,0.0,0.634431,0.0
Encoder,camera4,UFPR04,128,mult,0.758111,0.0,0.598347,0.0
Encoder,camera4,UFPR04,128,vote,0.774306,0.0,0.587854,0.0
Encoder,camera4,UFPR05,128,mean_individual_models,0.627484,0.05763,0.528832,0.039848
Encoder,camera4,UFPR05,128,sum,0.643114,0.0,0.522126,0.0
Encoder,camera4,UFPR05,128,mean_probs,0.643114,0.0,0.522126,0.0
Encoder,camera4,UFPR05,128,max,0.691633,0.0,0.562713,0.0
Encoder,camera4,UFPR05,128,mult,0.655205,0.0,0.527344,0.0
Encoder,camera4,UFPR05,128,vote,0.641395,0.0,0.521618,0.0
Encoder,camera4,camera1,256,mean_individual_models,0.804516,0.018563,0.749579,0.031518
Encoder,camera4,camera1,256,sum,0.812015,0.0,0.750289,0.0
Encoder,camera4,camera1,256,mean_probs,0.812015,0.0,0.750289,0.0
Encoder,camera4,camera1,256,max,0.818385,0.0,0.764988,0.0
Encoder,camera4,camera1,256,mult,0.808634,0.0,0.742197,0.0
Encoder,camera4,camera1,256,vote,0.811967,0.0,0.750619,0.0
Encoder,camera4,camera2,256,mean_individual_models,0.917479,0.021969,0.90771,0.026465
Encoder,camera4,camera2,256,sum,0.940237,0.0,0.933107,0.0
Encoder,camera4,camera2,256,mean_probs,0.940237,0.0,0.933107,0.0
Encoder,camera4,camera2,256,max,0.949795,0.0,0.944444,0.0
Encoder,camera4,camera2,256,mult,0.930392,0.0,0.919501,0.0
Encoder,camera4,camera2,256,vote,0.940237,0.0,0.933107,0.0
Encoder,camera4,camera3,256,mean_individual_models,0.875898,0.029152,0.86722,0.028192
Encoder,camera4,camera3,256,sum,0.905217,0.0,0.897081,0.0
Encoder,camera4,camera3,256,mean_probs,0.905217,0.0,0.897081,0.0
Encoder,camera4,camera3,256,max,0.928387,0.0,0.917358,0.0
Encoder,camera4,camera3,256,mult,0.907046,0.0,0.89616,0.0
Encoder,camera4,camera3,256,vote,0.901872,0.0,0.894316,0.0
Encoder,camera4,camera4,256,mean_individual_models,0.915221,0.011498,0.905343,0.015059
Encoder,camera4,camera4,256,sum,0.927343,0.0,0.920012,0.0
Encoder,camera4,camera4,256,mean_probs,0.927343,0.0,0.920012,0.0
Encoder,camera4,camera4,256,max,0.930646,0.0,0.923762,0.0
Encoder,camera4,camera4,256,mult,0.925466,0.0,0.917513,0.0
Encoder,camera4,camera4,256,vote,0.927098,0.0,0.9197,0.0
Encoder,camera4,camera5,256,mean_individual_models,0.869275,0.012641,0.846816,0.020314
Encoder,camera4,camera5,256,sum,0.881843,0.0,0.860123,0.0
Encoder,camera4,camera5,256,mean_probs,0.881843,0.0,0.860123,0.0
Encoder,camera4,camera5,256,max,0.88075,0.0,0.857817,0.0
Encoder,camera4,camera5,256,mult,0.881183,0.0,0.858476,0.0
Encoder,camera4,camera5,256,vote,0.88204,0.0,0.860672,0.0
Encoder,camera4,camera6,256,mean_individual_models,0.897057,0.013989,0.882037,0.015169
Encoder,camera4,camera6,256,sum,0.913407,0.0,0.898593,0.0
Encoder,camera4,camera6,256,mean_probs,0.913407,0.0,0.898593,0.0
Encoder,camera4,camera6,256,max,0.916346,0.0,0.902976,0.0
Encoder,camera4,camera6,256,mult,0.912963,0.0,0.897323,0.0
Encoder,camera4,camera6,256,vote,0.913009,0.0,0.898246,0.0
Encoder,camera4,camera7,256,mean_individual_models,0.858072,0.010955,0.806411,0.01876
Encoder,camera4,camera7,256,sum,0.864098,0.0,0.810892,0.0
Encoder,camera4,camera7,256,mean_probs,0.864098,0.0,0.810892,0.0
Encoder,camera4,camera7,256,max,0.862513,0.0,0.806788,0.0
Encoder,camera4,camera7,256,mult,0.862631,0.0,0.807897,0.0
Encoder,camera4,camera7,256,vote,0.864219,0.0,0.811114,0.0
Encoder,camera4,camera8,256,mean_individual_models,0.898325,0.011458,0.881385,0.015552
Encoder,camera4,camera8,256,sum,0.915154,0.0,0.899016,0.0
Encoder,camera4,camera8,256,mean_probs,0.915154,0.0,0.899016,0.0
Encoder,camera4,camera8,256,max,0.920591,0.0,0.906732,0.0
Encoder,camera4,camera8,256,mult,0.912793,0.0,0.895448,0.0
Encoder,camera4,camera8,256,vote,0.915021,0.0,0.899016,0.0
Encoder,camera4,camera9,256,mean_individual_models,0.857745,0.010435,0.826304,0.014558
Encoder,camera4,camera9,256,sum,0.869705,0.0,0.838884,0.0
Encoder,camera4,camera9,256,mean_probs,0.869705,0.0,0.838884,0.0
Encoder,camera4,camera9,256,max,0.872866,0.0,0.843098,0.0
Encoder,camera4,camera9,256,mult,0.865679,0.0,0.831661,0.0
Encoder,camera4,camera9,256,vote,0.869396,0.0,0.838684,0.0
Encoder,camera4,PUC,256,mean_individual_models,0.82264,0.041887,0.800657,0.043377
Encoder,camera4,PUC,256,sum,0.858901,0.0,0.838889,0.0
Encoder,camera4,PUC,256,mean_probs,0.858901,0.0,0.838889,0.0
Encoder,camera4,PUC,256,max,0.841703,0.0,0.840713,0.0
Encoder,camera4,PUC,256,mult,0.859946,0.0,0.838589,0.0
Encoder,camera4,PUC,256,vote,0.858409,0.0,0.838525,0.0
Encoder,camera4,UFPR04,256,mean_individual_models,0.753086,0.045236,0.64233,0.028737
Encoder,camera4,UFPR04,256,sum,0.787816,0.0,0.639094,0.0
Encoder,camera4,UFPR04,256,mean_probs,0.787816,0.0,0.639094,0.0
Encoder,camera4,UFPR04,256,max,0.737516,0.0,0.696371,0.0
Encoder,camera4,UFPR04,256,mult,0.786881,0.0,0.638378,0.0
Encoder,camera4,UFPR04,256,vote,0.787703,0.0,0.639198,0.0
Encoder,camera4,UFPR05,256,mean_individual_models,0.641721,0.053961,0.581645,0.045021
Encoder,camera4,UFPR05,256,sum,0.67163,0.0,0.593326,0.0
Encoder,camera4,UFPR05,256,mean_probs,0.67163,0.0,0.593326,0.0
Encoder,camera4,UFPR05,256,max,0.700676,0.0,0.628688,0.0
Encoder,camera4,UFPR05,256,mult,0.676162,0.0,0.592244,0.0
Encoder,camera4,UFPR05,256,vote,0.670329,0.0,0.592655,0.0
Encoder,camera4,camera1,512,mean_individual_models,0.808539,0.017488,0.759769,0.034543
Encoder,camera4,camera1,512,sum,0.819918,0.0,0.772419,0.0
Encoder,camera4,camera1,512,mean_probs,0.819918,0.0,0.772419,0.0
Encoder,camera4,camera1,512,max,0.827265,0.0,0.786127,0.0
Encoder,camera4,camera1,512,mult,0.820392,0.0,0.764988,0.0
Encoder,camera4,camera1,512,vote,0.820008,0.0,0.772915,0.0
Encoder,camera4,camera2,512,mean_individual_models,0.921937,0.025794,0.910431,0.038944
Encoder,camera4,camera2,512,sum,0.94658,0.0,0.941043,0.0
Encoder,camera4,camera2,512,mean_probs,0.94658,0.0,0.941043,0.0
Encoder,camera4,camera2,512,max,0.959205,0.0,0.955782,0.0
Encoder,camera4,camera2,512,mult,0.947959,0.0,0.942177,0.0
Encoder,camera4,camera2,512,vote,0.945663,0.0,0.939909,0.0
Encoder,camera4,camera3,512,mean_individual_models,0.907249,0.018265,0.89831,0.017896
Encoder,camera4,camera3,512,sum,0.937914,0.0,0.929647,0.0
Encoder,camera4,camera3,512,mean_probs,0.937914,0.0,0.929647,0.0
Encoder,camera4,camera3,512,max,0.945586,0.0,0.937942,0.0
Encoder,camera4,camera3,512,mult,0.940289,0.0,0.930876,0.0
Encoder,camera4,camera3,512,vote,0.937438,0.0,0.929032,0.0
Encoder,camera4,camera4,512,mean_individual_models,0.928907,0.013578,0.9217,0.018514
Encoder,camera4,camera4,512,sum,0.944271,0.0,0.939853,0.0
Encoder,camera4,camera4,512,mean_probs,0.944271,0.0,0.939853,0.0
Encoder,camera4,camera4,512,max,0.9439,0.0,0.939541,0.0
Encoder,camera4,camera4,512,mult,0.943859,0.0,0.939072,0.0
Encoder,camera4,camera4,512,vote,0.943827,0.0,0.939384,0.0
Encoder,camera4,camera5,512,mean_individual_models,0.89012,0.021335,0.872639,0.032416
Encoder,camera4,camera5,512,sum,0.909116,0.0,0.896245,0.0
Encoder,camera4,camera5,512,mean_probs,0.909116,0.0,0.896245,0.0
Encoder,camera4,camera5,512,max,0.90221,0.0,0.885815,0.0
Encoder,camera4,camera5,512,mult,0.90567,0.0,0.890755,0.0
Encoder,camera4,camera5,512,vote,0.908653,0.0,0.895696,0.0
Encoder,camera4,camera6,512,mean_individual_models,0.914708,0.012378,0.901754,0.018467
Encoder,camera4,camera6,512,sum,0.932842,0.0,0.92305,0.0
Encoder,camera4,camera6,512,mean_probs,0.932842,0.0,0.92305,0.0
Encoder,camera4,camera6,512,max,0.936549,0.0,0.927204,0.0
Encoder,camera4,camera6,512,mult,0.931747,0.0,0.921435,0.0
Encoder,camera4,camera6,512,vote,0.93223,0.0,0.922243,0.0
Encoder,camera4,camera7,512,mean_individual_models,0.881272,0.012906,0.843323,0.027466
Encoder,camera4,camera7,512,sum,0.889825,0.0,0.854259,0.0
Encoder,camera4,camera7,512,mean_probs,0.889825,0.0,0.854259,0.0
Encoder,camera4,camera7,512,max,0.880322,0.0,0.836402,0.0
Encoder,camera4,camera7,512,mult,0.884111,0.0,0.844166,0.0
Encoder,camera4,camera7,512,vote,0.890169,0.0,0.855035,0.0
Encoder,camera4,camera8,512,mean_individual_models,0.924481,0.012947,0.914313,0.017282
Encoder,camera4,camera8,512,sum,0.942173,0.0,0.935089,0.0
Encoder,camera4,camera8,512,mean_probs,0.942173,0.0,0.935089,0.0
Encoder,camera4,camera8,512,max,0.949926,0.0,0.944252,0.0
Encoder,camera4,camera8,512,mult,0.943262,0.0,0.935957,0.0
Encoder,camera4,camera8,512,vote,0.942052,0.0,0.934992,0.0
Encoder,camera4,camera9,512,mean_individual_models,0.877786,0.01176,0.854013,0.020514
Encoder,camera4,camera9,512,sum,0.889564,0.0,0.867576,0.0
Encoder,camera4,camera9,512,mean_probs,0.889564,0.0,0.867576,0.0
Encoder,camera4,camera9,512,max,0.899061,0.0,0.882424,0.0
Encoder,camera4,camera9,512,mult,0.886412,0.0,0.861758,0.0
Encoder,camera4,camera9,512,vote,0.889119,0.0,0.867376,0.0
Encoder,camera4,PUC,512,mean_individual_models,0.842348,0.033557,0.831729,0.03309
Encoder,camera4,PUC,512,sum,0.880832,0.0,0.870207,0.0
Encoder,camera4,PUC,512,mean_probs,0.880832,0.0,0.870207,0.0
Encoder,camera4,PUC,512,max,0.860602,0.0,0.860549,0.0
Encoder,camera4,PUC,512,mult,0.866961,0.0,0.859179,0.0
Encoder,camera4,PUC,512,vote,0.880559,0.0,0.86997,0.0
Encoder,camera4,UFPR04,512,mean_individual_models,0.77481,0.027255,0.702178,0.033373
Encoder,camera4,UFPR04,512,sum,0.814236,0.0,0.71245,0.0
Encoder,camera4,UFPR04,512,mean_probs,0.814236,0.0,0.71245,0.0
Encoder,camera4,UFPR04,512,max,0.817107,0.0,0.781282,0.0
Encoder,camera4,UFPR04,512,mult,0.819151,0.0,0.724132,0.0
Encoder,camera4,UFPR04,512,vote,0.814117,0.0,0.712381,0.0
Encoder,camera4,UFPR05,512,mean_individual_models,0.688885,0.052888,0.655399,0.04675
Encoder,camera4,UFPR05,512,sum,0.728147,0.0,0.686929,0.0
Encoder,camera4,UFPR05,512,mean_probs,0.728147,0.0,0.686929,0.0
Encoder,camera4,UFPR05,512,max,0.774882,0.0,0.744707,0.0
Encoder,camera4,UFPR05,512,mult,0.737103,0.0,0.686377,0.0
Encoder,camera4,UFPR05,512,vote,0.727125,0.0,0.686272,0.0
Encoder,camera4,camera1,1024,mean_individual_models,0.828264,0.023902,0.792717,0.039953
Encoder,camera4,camera1,1024,sum,0.836586,0.0,0.804129,0.0
Encoder,camera4,camera1,1024,mean_probs,0.836586,0.0,0.804129,0.0
Encoder,camera4,camera1,1024,max,0.850724,0.0,0.829067,0.0
Encoder,camera4,camera1,1024,mult,0.838592,0.0,0.806441,0.0
Encoder,camera4,camera1,1024,vote,0.836636,0.0,0.804459,0.0
Encoder,camera4,camera2,1024,mean_individual_models,0.922073,0.018789,0.911451,0.026966
Encoder,camera4,camera2,1024,sum,0.948426,0.0,0.943311,0.0
Encoder,camera4,camera2,1024,mean_probs,0.948426,0.0,0.943311,0.0
Encoder,camera4,camera2,1024,max,0.953512,0.0,0.94898,0.0
Encoder,camera4,camera2,1024,mult,0.943434,0.0,0.936508,0.0
Encoder,camera4,camera2,1024,vote,0.950287,0.0,0.945578,0.0
Encoder,camera4,camera3,1024,mean_individual_models,0.916499,0.020774,0.909002,0.022338
Encoder,camera4,camera3,1024,sum,0.949707,0.0,0.943164,0.0
Encoder,camera4,camera3,1024,mean_probs,0.949707,0.0,0.943164,0.0
Encoder,camera4,camera3,1024,max,0.953155,0.0,0.94808,0.0
Encoder,camera4,camera3,1024,mult,0.952077,0.0,0.945622,0.0
Encoder,camera4,camera3,1024,vote,0.948835,0.0,0.942243,0.0
Encoder,camera4,camera4,1024,mean_individual_models,0.935624,0.020452,0.929058,0.025354
Encoder,camera4,camera4,1024,sum,0.955776,0.0,0.953289,0.0
Encoder,camera4,camera4,1024,mean_probs,0.955776,0.0,0.953289,0.0
Encoder,camera4,camera4,1024,max,0.958278,0.0,0.956257,0.0
Encoder,camera4,camera4,1024,mult,0.957664,0.0,0.955319,0.0
Encoder,camera4,camera4,1024,vote,0.955911,0.0,0.953445,0.0
Encoder,camera4,camera5,1024,mean_individual_models,0.90306,0.023425,0.889646,0.03368
Encoder,camera4,camera5,1024,sum,0.925953,0.0,0.918094,0.0
Encoder,camera4,camera5,1024,mean_probs,0.925953,0.0,0.918094,0.0
Encoder,camera4,camera5,1024,max,0.917346,0.0,0.90975,0.0
Encoder,camera4,camera5,1024,mult,0.925064,0.0,0.916667,0.0
Encoder,camera4,camera5,1024,vote,0.927062,0.0,0.919521,0.0
Encoder,camera4,camera6,1024,mean_individual_models,0.92573,0.01912,0.916186,0.026031
Encoder,camera4,camera6,1024,sum,0.945419,0.0,0.939548,0.0
Encoder,camera4,camera6,1024,mean_probs,0.945419,0.0,0.939548,0.0
Encoder,camera4,camera6,1024,max,0.949041,0.0,0.944162,0.0
Encoder,camera4,camera6,1024,mult,0.945618,0.0,0.939432,0.0
Encoder,camera4,camera6,1024,vote,0.945326,0.0,0.939432,0.0
Encoder,camera4,camera7,1024,mean_individual_models,0.894876,0.01993,0.865228,0.034836
Encoder,camera4,camera7,1024,sum,0.908652,0.0,0.883762,0.0
Encoder,camera4,camera7,1024,mean_probs,0.908652,0.0,0.883762,0.0
Encoder,camera4,camera7,1024,max,0.906873,0.0,0.881322,0.0
Encoder,camera4,camera7,1024,mult,0.902278,0.0,0.87378,0.0
Encoder,camera4,camera7,1024,vote,0.908811,0.0,0.884317,0.0
Encoder,camera4,camera8,1024,mean_individual_models,0.933604,0.01657,0.925878,0.021562
Encoder,camera4,camera8,1024,sum,0.9541,0.0,0.949363,0.0
Encoder,camera4,camera8,1024,mean_probs,0.9541,0.0,0.949363,0.0
Encoder,camera4,camera8,1024,max,0.960977,0.0,0.957948,0.0
Encoder,camera4,camera8,1024,mult,0.956107,0.0,0.951485,0.0
Encoder,camera4,camera8,1024,vote,0.953587,0.0,0.948785,0.0
Encoder,camera4,camera9,1024,mean_individual_models,0.89502,0.01914,0.88128,0.027272
Encoder,camera4,camera9,1024,sum,0.916669,0.0,0.907103,0.0
Encoder,camera4,camera9,1024,mean_probs,0.916669,0.0,0.907103,0.0
Encoder,camera4,camera9,1024,max,0.929541,0.0,0.924358,0.0
Encoder,camera4,camera9,1024,mult,0.9142,0.0,0.903692,0.0
Encoder,camera4,camera9,1024,vote,0.916774,0.0,0.907103,0.0
Encoder,camera4,PUC,1024,mean_individual_models,0.835934,0.052458,0.825921,0.056107
Encoder,camera4,PUC,1024,sum,0.906634,0.0,0.905809,0.0
Encoder,camera4,PUC,1024,mean_probs,0.906634,0.0,0.905809,0.0
Encoder,camera4,PUC,1024,max,0.821564,0.0,0.79561,0.0
Encoder,camera4,PUC,1024,mult,0.87185,0.0,0.870751,0.0
Encoder,camera4,PUC,1024,vote,0.906427,0.0,0.905618,0.0
Encoder,camera4,UFPR04,1024,mean_individual_models,0.753967,0.057187,0.720727,0.05499
Encoder,camera4,UFPR04,1024,sum,0.842069,0.0,0.81441,0.0
Encoder,camera4,UFPR04,1024,mean_probs,0.842069,0.0,0.81441,0.0
Encoder,camera4,UFPR04,1024,max,0.794497,0.0,0.790228,0.0
Encoder,camera4,UFPR04,1024,mult,0.858472,0.0,0.840475,0.0
Encoder,camera4,UFPR04,1024,vote,0.841727,0.0,0.814191,0.0
Encoder,camera4,UFPR05,1024,mean_individual_models,0.711499,0.050984,0.693082,0.051337
Encoder,camera4,UFPR05,1024,sum,0.751902,0.0,0.732741,0.0
Encoder,camera4,UFPR05,1024,mean_probs,0.751902,0.0,0.732741,0.0
Encoder,camera4,UFPR05,1024,max,0.762926,0.0,0.75957,0.0
Encoder,camera4,UFPR05,1024,mult,0.756311,0.0,0.737078,0.0
Encoder,camera4,UFPR05,1024,vote,0.751642,0.0,0.732457,0.0
Encoder,camera5,camera1,64,mean_individual_models,0.736954,0.048226,0.699026,0.046725
Encoder,camera5,camera1,64,sum,0.767291,0.0,0.717754,0.0
Encoder,camera5,camera1,64,mean_probs,0.767291,0.0,0.717754,0.0
Encoder,camera5,camera1,64,max,0.775384,0.0,0.748472,0.0
Encoder,camera5,camera1,64,mult,0.775246,0.0,0.728654,0.0
Encoder,camera5,camera1,64,vote,0.770162,0.0,0.719571,0.0
Encoder,camera5,camera2,64,mean_individual_models,0.804512,0.053711,0.794671,0.05024
Encoder,camera5,camera2,64,sum,0.851015,0.0,0.835601,0.0
Encoder,camera5,camera2,64,mean_probs,0.851015,0.0,0.835601,0.0
Encoder,camera5,camera2,64,max,0.872963,0.0,0.866213,0.0
Encoder,camera5,camera2,64,mult,0.854375,0.0,0.840136,0.0
Encoder,camera5,camera2,64,vote,0.849486,0.0,0.834467,0.0
Encoder,camera5,camera3,64,mean_individual_models,0.809236,0.044609,0.800369,0.041981
Encoder,camera5,camera3,64,sum,0.83751,0.0,0.826421,0.0
Encoder,camera5,camera3,64,mean_probs,0.83751,0.0,0.826421,0.0
Encoder,camera5,camera3,64,max,0.867203,0.0,0.861444,0.0
Encoder,camera5,camera3,64,mult,0.847306,0.0,0.836252,0.0
Encoder,camera5,camera3,64,vote,0.836225,0.0,0.825192,0.0
Encoder,camera5,camera4,64,mean_individual_models,0.860209,0.018709,0.843493,0.022836
Encoder,camera5,camera4,64,sum,0.870618,0.0,0.853304,0.0
Encoder,camera5,camera4,64,mean_probs,0.870618,0.0,0.853304,0.0
Encoder,camera5,camera4,64,max,0.886781,0.0,0.875957,0.0
Encoder,camera5,camera4,64,mult,0.870735,0.0,0.850648,0.0
Encoder,camera5,camera4,64,vote,0.870092,0.0,0.853148,0.0
Encoder,camera5,camera5,64,mean_individual_models,0.832236,0.013934,0.81917,0.016625
Encoder,camera5,camera5,64,sum,0.85425,0.0,0.841897,0.0
Encoder,camera5,camera5,64,mean_probs,0.85425,0.0,0.841897,0.0
Encoder,camera5,camera5,64,max,0.857224,0.0,0.846289,0.0
Encoder,camera5,camera5,64,mult,0.852543,0.0,0.838164,0.0
Encoder,camera5,camera5,64,vote,0.853192,0.0,0.841129,0.0
Encoder,camera5,camera6,64,mean_individual_models,0.867856,0.016447,0.858549,0.015834
Encoder,camera5,camera6,64,sum,0.89009,0.0,0.880595,0.0
Encoder,camera5,camera6,64,mean_probs,0.89009,0.0,0.880595,0.0
Encoder,camera5,camera6,64,max,0.908192,0.0,0.903784,0.0
Encoder,camera5,camera6,64,mult,0.892962,0.0,0.883018,0.0
Encoder,camera5,camera6,64,vote,0.889231,0.0,0.879788,0.0
Encoder,camera5,camera7,64,mean_individual_models,0.830041,0.013785,0.79045,0.022047
Encoder,camera5,camera7,64,sum,0.843201,0.0,0.798026,0.0
Encoder,camera5,camera7,64,mean_probs,0.843201,0.0,0.798026,0.0
Encoder,camera5,camera7,64,max,0.844885,0.0,0.805235,0.0
Encoder,camera5,camera7,64,mult,0.838961,0.0,0.791482,0.0
Encoder,camera5,camera7,64,vote,0.843196,0.0,0.798469,0.0
Encoder,camera5,camera8,64,mean_individual_models,0.86005,0.023157,0.847415,0.023027
Encoder,camera5,camera8,64,sum,0.877332,0.0,0.863522,0.0
Encoder,camera5,camera8,64,mean_probs,0.877332,0.0,0.863522,0.0
Encoder,camera5,camera8,64,max,0.896429,0.0,0.888117,0.0
Encoder,camera5,camera8,64,mult,0.882621,0.0,0.868345,0.0
Encoder,camera5,camera8,64,vote,0.876883,0.0,0.863233,0.0
Encoder,camera5,camera9,64,mean_individual_models,0.809316,0.027164,0.776485,0.033038
Encoder,camera5,camera9,64,sum,0.821722,0.0,0.788724,0.0
Encoder,camera5,camera9,64,mean_probs,0.821722,0.0,0.788724,0.0
Encoder,camera5,camera9,64,max,0.836835,0.0,0.817416,0.0
Encoder,camera5,camera9,64,mult,0.818325,0.0,0.785714,0.0
Encoder,camera5,camera9,64,vote,0.82224,0.0,0.789526,0.0
Encoder,camera5,PUC,64,mean_individual_models,0.810387,0.03367,0.767993,0.05161
Encoder,camera5,PUC,64,sum,0.824466,0.0,0.777303,0.0
Encoder,camera5,PUC,64,mean_probs,0.824466,0.0,0.777303,0.0
Encoder,camera5,PUC,64,max,0.847628,0.0,0.828283,0.0
Encoder,camera5,PUC,64,mult,0.826764,0.0,0.779026,0.0
Encoder,camera5,PUC,64,vote,0.823625,0.0,0.77686,0.0
Encoder,camera5,UFPR04,64,mean_individual_models,0.741984,0.054812,0.607954,0.024313
Encoder,camera5,UFPR04,64,sum,0.774271,0.0,0.596396,0.0
Encoder,camera5,UFPR04,64,mean_probs,0.774271,0.0,0.596396,0.0
Encoder,camera5,UFPR04,64,max,0.745866,0.0,0.657067,0.0
Encoder,camera5,UFPR04,64,mult,0.777669,0.0,0.602295,0.0
Encoder,camera5,UFPR04,64,vote,0.774138,0.0,0.596339,0.0
Encoder,camera5,UFPR05,64,mean_individual_models,0.572083,0.070635,0.546017,0.0682
Encoder,camera5,UFPR05,64,sum,0.570794,0.0,0.539557,0.0
Encoder,camera5,UFPR05,64,mean_probs,0.570794,0.0,0.539557,0.0
Encoder,camera5,UFPR05,64,max,0.606192,0.0,0.588683,0.0
Encoder,camera5,UFPR05,64,mult,0.569667,0.0,0.539601,0.0
Encoder,camera5,UFPR05,64,vote,0.571501,0.0,0.540042,0.0
Encoder,camera5,camera1,128,mean_individual_models,0.784621,0.024972,0.75204,0.022877
Encoder,camera5,camera1,128,sum,0.811334,0.0,0.772254,0.0
Encoder,camera5,camera1,128,mean_probs,0.811334,0.0,0.772254,0.0
Encoder,camera5,camera1,128,max,0.819846,0.0,0.787779,0.0
Encoder,camera5,camera1,128,mult,0.810083,0.0,0.768456,0.0
Encoder,camera5,camera1,128,vote,0.810391,0.0,0.771759,0.0
Encoder,camera5,camera2,128,mean_individual_models,0.837641,0.03455,0.830159,0.035347
Encoder,camera5,camera2,128,sum,0.874951,0.0,0.866213,0.0
Encoder,camera5,camera2,128,mean_probs,0.874951,0.0,0.866213,0.0
Encoder,camera5,camera2,128,max,0.899522,0.0,0.896825,0.0
Encoder,camera5,camera2,128,mult,0.878374,0.0,0.868481,0.0
Encoder,camera5,camera2,128,vote,0.874951,0.0,0.866213,0.0
Encoder,camera5,camera3,128,mean_individual_models,0.843629,0.036453,0.835515,0.035209
Encoder,camera5,camera3,128,sum,0.876496,0.0,0.868203,0.0
Encoder,camera5,camera3,128,mean_probs,0.876496,0.0,0.868203,0.0
Encoder,camera5,camera3,128,max,0.903921,0.0,0.898003,0.0
Encoder,camera5,camera3,128,mult,0.881349,0.0,0.870661,0.0
Encoder,camera5,camera3,128,vote,0.875579,0.0,0.867588,0.0
Encoder,camera5,camera4,128,mean_individual_models,0.877811,0.019589,0.867755,0.021406
Encoder,camera5,camera4,128,sum,0.893306,0.0,0.884862,0.0
Encoder,camera5,camera4,128,mean_probs,0.893306,0.0,0.884862,0.0
Encoder,camera5,camera4,128,max,0.912616,0.0,0.907358,0.0
Encoder,camera5,camera4,128,mult,0.893894,0.0,0.882831,0.0
Encoder,camera5,camera4,128,vote,0.893354,0.0,0.885018,0.0
Encoder,camera5,camera5,128,mean_individual_models,0.864871,0.018547,0.856906,0.020695
Encoder,camera5,camera5,128,sum,0.882055,0.0,0.876921,0.0
Encoder,camera5,camera5,128,mean_probs,0.882055,0.0,0.876921,0.0
Encoder,camera5,camera5,128,max,0.882587,0.0,0.876812,0.0
Encoder,camera5,camera5,128,mult,0.882112,0.0,0.875055,0.0
Encoder,camera5,camera5,128,vote,0.881219,0.0,0.876153,0.0
Encoder,camera5,camera6,128,mean_individual_models,0.902195,0.011488,0.8979,0.011244
Encoder,camera5,camera6,128,sum,0.92159,0.0,0.918205,0.0
Encoder,camera5,camera6,128,mean_probs,0.92159,0.0,0.918205,0.0
Encoder,camera5,camera6,128,max,0.926525,0.0,0.924089,0.0
Encoder,camera5,camera6,128,mult,0.921171,0.0,0.91682,0.0
Encoder,camera5,camera6,128,vote,0.920955,0.0,0.917628,0.0
Encoder,camera5,camera7,128,mean_individual_models,0.862817,0.015286,0.834417,0.02477
Encoder,camera5,camera7,128,sum,0.875901,0.0,0.84827,0.0
Encoder,camera5,camera7,128,mean_probs,0.875901,0.0,0.84827,0.0
Encoder,camera5,camera7,128,max,0.876078,0.0,0.848381,0.0
Encoder,camera5,camera7,128,mult,0.87079,0.0,0.838509,0.0
Encoder,camera5,camera7,128,vote,0.875531,0.0,0.848492,0.0
Encoder,camera5,camera8,128,mean_individual_models,0.895337,0.014168,0.888204,0.014265
Encoder,camera5,camera8,128,sum,0.91328,0.0,0.9076,0.0
Encoder,camera5,camera8,128,mean_probs,0.91328,0.0,0.9076,0.0
Encoder,camera5,camera8,128,max,0.922891,0.0,0.91821,0.0
Encoder,camera5,camera8,128,mult,0.913718,0.0,0.905961,0.0
Encoder,camera5,camera8,128,vote,0.912731,0.0,0.907118,0.0
Encoder,camera5,camera9,128,mean_individual_models,0.832037,0.012708,0.808708,0.014276
Encoder,camera5,camera9,128,sum,0.843375,0.0,0.820827,0.0
Encoder,camera5,camera9,128,mean_probs,0.843375,0.0,0.820827,0.0
Encoder,camera5,camera9,128,max,0.852156,0.0,0.835674,0.0
Encoder,camera5,camera9,128,mult,0.842102,0.0,0.816413,0.0
Encoder,camera5,camera9,128,vote,0.843088,0.0,0.820626,0.0
Encoder,camera5,PUC,128,mean_individual_models,0.835799,0.024268,0.80619,0.033855
Encoder,camera5,PUC,128,sum,0.861415,0.0,0.833137,0.0
Encoder,camera5,PUC,128,mean_probs,0.861415,0.0,0.833137,0.0
Encoder,camera5,PUC,128,max,0.889956,0.0,0.87694,0.0
Encoder,camera5,PUC,128,mult,0.860206,0.0,0.82778,0.0
Encoder,camera5,PUC,128,vote,0.860082,0.0,0.832304,0.0
Encoder,camera5,UFPR04,128,mean_individual_models,0.759293,0.042259,0.644048,0.042175
Encoder,camera5,UFPR04,128,sum,0.790822,0.0,0.634996,0.0
Encoder,camera5,UFPR04,128,mean_probs,0.790822,0.0,0.634996,0.0
Encoder,camera5,UFPR04,128,max,0.81773,0.0,0.714863,0.0
Encoder,camera5,UFPR04,128,mult,0.78982,0.0,0.628705,0.0
Encoder,camera5,UFPR04,128,vote,0.790754,0.0,0.635112,0.0
Encoder,camera5,UFPR05,128,mean_individual_models,0.63481,0.056965,0.617666,0.057018
Encoder,camera5,UFPR05,128,sum,0.642124,0.0,0.624739,0.0
Encoder,camera5,UFPR05,128,mean_probs,0.642124,0.0,0.624739,0.0
Encoder,camera5,UFPR05,128,max,0.686956,0.0,0.677553,0.0
Encoder,camera5,UFPR05,128,mult,0.638419,0.0,0.615221,0.0
Encoder,camera5,UFPR05,128,vote,0.640687,0.0,0.623619,0.0
Encoder,camera5,camera1,256,mean_individual_models,0.810576,0.014228,0.754385,0.027268
Encoder,camera5,camera1,256,sum,0.822208,0.0,0.762841,0.0
Encoder,camera5,camera1,256,mean_probs,0.822208,0.0,0.762841,0.0
Encoder,camera5,camera1,256,max,0.829251,0.0,0.776218,0.0
Encoder,camera5,camera1,256,mult,0.818512,0.0,0.753592,0.0
Encoder,camera5,camera1,256,vote,0.822329,0.0,0.763501,0.0
Encoder,camera5,camera2,256,mean_individual_models,0.8816,0.025432,0.861338,0.03198
Encoder,camera5,camera2,256,sum,0.908639,0.0,0.891156,0.0
Encoder,camera5,camera2,256,mean_probs,0.908639,0.0,0.891156,0.0
Encoder,camera5,camera2,256,max,0.916997,0.0,0.908163,0.0
Encoder,camera5,camera2,256,mult,0.910211,0.0,0.893424,0.0
Encoder,camera5,camera2,256,vote,0.908639,0.0,0.891156,0.0
Encoder,camera5,camera3,256,mean_individual_models,0.888958,0.022797,0.874347,0.026796
Encoder,camera5,camera3,256,sum,0.913921,0.0,0.897081,0.0
Encoder,camera5,camera3,256,mean_probs,0.913921,0.0,0.897081,0.0
Encoder,camera5,camera3,256,max,0.926842,0.0,0.914286,0.0
Encoder,camera5,camera3,256,mult,0.915254,0.0,0.897081,0.0
Encoder,camera5,camera3,256,vote,0.913058,0.0,0.896467,0.0
Encoder,camera5,camera4,256,mean_individual_models,0.894546,0.017,0.881753,0.020853
Encoder,camera5,camera4,256,sum,0.910623,0.0,0.900484,0.0
Encoder,camera5,camera4,256,mean_probs,0.910623,0.0,0.900484,0.0
Encoder,camera5,camera4,256,max,0.919613,0.0,0.911889,0.0
Encoder,camera5,camera4,256,mult,0.910566,0.0,0.896735,0.0
Encoder,camera5,camera4,256,vote,0.910458,0.0,0.900484,0.0
Encoder,camera5,camera5,256,mean_individual_models,0.893596,0.021922,0.882093,0.027191
Encoder,camera5,camera5,256,sum,0.912232,0.0,0.903272,0.0
Encoder,camera5,camera5,256,mean_probs,0.912232,0.0,0.903272,0.0
Encoder,camera5,camera5,256,max,0.908214,0.0,0.8991,0.0
Encoder,camera5,camera5,256,mult,0.912088,0.0,0.901405,0.0
Encoder,camera5,camera5,256,vote,0.912966,0.0,0.90437,0.0
Encoder,camera5,camera6,256,mean_individual_models,0.926088,0.014278,0.920005,0.016122
Encoder,camera5,camera6,256,sum,0.94167,0.0,0.93701,0.0
Encoder,camera5,camera6,256,mean_probs,0.94167,0.0,0.93701,0.0
Encoder,camera5,camera6,256,max,0.939492,0.0,0.936664,0.0
Encoder,camera5,camera6,256,mult,0.941719,0.0,0.936317,0.0
Encoder,camera5,camera6,256,vote,0.94167,0.0,0.93701,0.0
Encoder,camera5,camera7,256,mean_individual_models,0.886126,0.020964,0.853028,0.032497
Encoder,camera5,camera7,256,sum,0.895918,0.0,0.865018,0.0
Encoder,camera5,camera7,256,mean_probs,0.895918,0.0,0.865018,0.0
Encoder,camera5,camera7,256,max,0.887933,0.0,0.858141,0.0
Encoder,camera5,camera7,256,mult,0.894171,0.0,0.86047,0.0
Encoder,camera5,camera7,256,vote,0.896125,0.0,0.86535,0.0
Encoder,camera5,camera8,256,mean_individual_models,0.92438,0.010804,0.917766,0.011752
Encoder,camera5,camera8,256,sum,0.944368,0.0,0.939911,0.0
Encoder,camera5,camera8,256,mean_probs,0.944368,0.0,0.939911,0.0
Encoder,camera5,camera8,256,max,0.945437,0.0,0.942226,0.0
Encoder,camera5,camera8,256,mult,0.944157,0.0,0.938754,0.0
Encoder,camera5,camera8,256,vote,0.944413,0.0,0.940008,0.0
Encoder,camera5,camera9,256,mean_individual_models,0.85322,0.016885,0.825682,0.025091
Encoder,camera5,camera9,256,sum,0.867701,0.0,0.845706,0.0
Encoder,camera5,camera9,256,mean_probs,0.867701,0.0,0.845706,0.0
Encoder,camera5,camera9,256,max,0.865098,0.0,0.849719,0.0
Encoder,camera5,camera9,256,mult,0.867476,0.0,0.841493,0.0
Encoder,camera5,camera9,256,vote,0.867296,0.0,0.845104,0.0
Encoder,camera5,PUC,256,mean_individual_models,0.860486,0.023437,0.833113,0.034241
Encoder,camera5,PUC,256,sum,0.88023,0.0,0.855207,0.0
Encoder,camera5,PUC,256,mean_probs,0.88023,0.0,0.855207,0.0
Encoder,camera5,PUC,256,max,0.890712,0.0,0.879298,0.0
Encoder,camera5,PUC,256,mult,0.865449,0.0,0.838774,0.0
Encoder,camera5,PUC,256,vote,0.880034,0.0,0.855071,0.0
Encoder,camera5,UFPR04,256,mean_individual_models,0.796314,0.014774,0.67376,0.041152
Encoder,camera5,UFPR04,256,sum,0.803727,0.0,0.661972,0.0
Encoder,camera5,UFPR04,256,mean_probs,0.803727,0.0,0.661972,0.0
Encoder,camera5,UFPR04,256,max,0.831746,0.0,0.735987,0.0
Encoder,camera5,UFPR04,256,mult,0.802892,0.0,0.656524,0.0
Encoder,camera5,UFPR04,256,vote,0.803713,0.0,0.662053,0.0
Encoder,camera5,UFPR05,256,mean_individual_models,0.715346,0.047307,0.672014,0.044053
Encoder,camera5,UFPR05,256,sum,0.747641,0.0,0.698044,0.0
Encoder,camera5,UFPR05,256,mean_probs,0.747641,0.0,0.698044,0.0
Encoder,camera5,UFPR05,256,max,0.79361,0.0,0.77494,0.0
Encoder,camera5,UFPR05,256,mult,0.7556,0.0,0.706047,0.0
Encoder,camera5,UFPR05,256,vote,0.747192,0.0,0.697716,0.0
Encoder,camera5,camera1,512,mean_individual_models,0.822325,0.015008,0.780842,0.030605
Encoder,camera5,camera1,512,sum,0.829378,0.0,0.790091,0.0
Encoder,camera5,camera1,512,mean_probs,0.829378,0.0,0.790091,0.0
Encoder,camera5,camera1,512,max,0.854434,0.0,0.83204,0.0
Encoder,camera5,camera1,512,mult,0.842944,0.0,0.807762,0.0
Encoder,camera5,camera1,512,vote,0.829665,0.0,0.790586,0.0
Encoder,camera5,camera2,512,mean_individual_models,0.89619,0.027507,0.881519,0.027174
Encoder,camera5,camera2,512,sum,0.920588,0.0,0.907029,0.0
Encoder,camera5,camera2,512,mean_probs,0.920588,0.0,0.907029,0.0
Encoder,camera5,camera2,512,max,0.947195,0.0,0.943311,0.0
Encoder,camera5,camera2,512,mult,0.93988,0.0,0.931973,0.0
Encoder,camera5,camera2,512,vote,0.920588,0.0,0.907029,0.0
Encoder,camera5,camera3,512,mean_individual_models,0.897121,0.026951,0.887035,0.028049
Encoder,camera5,camera3,512,sum,0.925352,0.0,0.917972,0.0
Encoder,camera5,camera3,512,mean_probs,0.925352,0.0,0.917972,0.0
Encoder,camera5,camera3,512,max,0.941397,0.0,0.936098,0.0
Encoder,camera5,camera3,512,mult,0.929478,0.0,0.921352,0.0
Encoder,camera5,camera3,512,vote,0.925596,0.0,0.91828,0.0
Encoder,camera5,camera4,512,mean_individual_models,0.911031,0.01374,0.903906,0.015702
Encoder,camera5,camera4,512,sum,0.927255,0.0,0.922043,0.0
Encoder,camera5,camera4,512,mean_probs,0.927255,0.0,0.922043,0.0
Encoder,camera5,camera4,512,max,0.947,0.0,0.945009,0.0
Encoder,camera5,camera4,512,mult,0.939875,0.0,0.93626,0.0
Encoder,camera5,camera4,512,vote,0.927067,0.0,0.921887,0.0
Encoder,camera5,camera5,512,mean_individual_models,0.915636,0.012965,0.909728,0.016067
Encoder,camera5,camera5,512,sum,0.936176,0.0,0.933026,0.0
Encoder,camera5,camera5,512,mean_probs,0.936176,0.0,0.933026,0.0
Encoder,camera5,camera5,512,max,0.937995,0.0,0.935661,0.0
Encoder,camera5,camera5,512,mult,0.935638,0.0,0.931928,0.0
Encoder,camera5,camera5,512,vote,0.935769,0.0,0.932587,0.0
Encoder,camera5,camera6,512,mean_individual_models,0.933627,0.013059,0.928772,0.014325
Encoder,camera5,camera6,512,sum,0.949329,0.0,0.945547,0.0
Encoder,camera5,camera6,512,mean_probs,0.949329,0.0,0.945547,0.0
Encoder,camera5,camera6,512,max,0.954536,0.0,0.953276,0.0
Encoder,camera5,camera6,512,mult,0.955264,0.0,0.951892,0.0
Encoder,camera5,camera6,512,vote,0.94929,0.0,0.945547,0.0
Encoder,camera5,camera7,512,mean_individual_models,0.900683,0.016754,0.877473,0.026292
Encoder,camera5,camera7,512,sum,0.911117,0.0,0.888864,0.0
Encoder,camera5,camera7,512,mean_probs,0.911117,0.0,0.888864,0.0
Encoder,camera5,camera7,512,max,0.913643,0.0,0.897626,0.0
Encoder,camera5,camera7,512,mult,0.911352,0.0,0.888642,0.0
Encoder,camera5,camera7,512,vote,0.911265,0.0,0.889086,0.0
Encoder,camera5,camera8,512,mean_individual_models,0.932627,0.011297,0.928231,0.012129
Encoder,camera5,camera8,512,sum,0.954347,0.0,0.951678,0.0
Encoder,camera5,camera8,512,mean_probs,0.954347,0.0,0.951678,0.0
Encoder,camera5,camera8,512,max,0.957249,0.0,0.956019,0.0
Encoder,camera5,camera8,512,mult,0.957684,0.0,0.955054,0.0
Encoder,camera5,camera8,512,vote,0.954403,0.0,0.951775,0.0
Encoder,camera5,camera9,512,mean_individual_models,0.874973,0.014064,0.856862,0.02209
Encoder,camera5,camera9,512,sum,0.896261,0.0,0.881621,0.0
Encoder,camera5,camera9,512,mean_probs,0.896261,0.0,0.881621,0.0
Encoder,camera5,camera9,512,max,0.899218,0.0,0.894663,0.0
Encoder,camera5,camera9,512,mult,0.901154,0.0,0.887039,0.0
Encoder,camera5,camera9,512,vote,0.895614,0.0,0.881421,0.0
Encoder,camera5,PUC,512,mean_individual_models,0.866385,0.028092,0.842415,0.042715
Encoder,camera5,PUC,512,sum,0.884275,0.0,0.865452,0.0
Encoder,camera5,PUC,512,mean_probs,0.884275,0.0,0.865452,0.0
Encoder,camera5,PUC,512,max,0.92224,0.0,0.917522,0.0
Encoder,camera5,PUC,512,mult,0.894472,0.0,0.878879,0.0
Encoder,camera5,PUC,512,vote,0.883959,0.0,0.865218,0.0
Encoder,camera5,UFPR04,512,mean_individual_models,0.795264,0.016279,0.664398,0.044762
Encoder,camera5,UFPR04,512,sum,0.795263,0.0,0.641564,0.0
Encoder,camera5,UFPR04,512,mean_probs,0.795263,0.0,0.641564,0.0
Encoder,camera5,UFPR04,512,max,0.835378,0.0,0.754594,0.0
Encoder,camera5,UFPR04,512,mult,0.807394,0.0,0.673366,0.0
Encoder,camera5,UFPR04,512,vote,0.795226,0.0,0.64161,0.0
Encoder,camera5,UFPR05,512,mean_individual_models,0.703597,0.056921,0.662672,0.065795
Encoder,camera5,UFPR05,512,sum,0.733917,0.0,0.68304,0.0
Encoder,camera5,UFPR05,512,mean_probs,0.733917,0.0,0.68304,0.0
Encoder,camera5,UFPR05,512,max,0.786521,0.0,0.771663,0.0
Encoder,camera5,UFPR05,512,mult,0.742289,0.0,0.696073,0.0
Encoder,camera5,UFPR05,512,vote,0.733062,0.0,0.68245,0.0
Encoder,camera5,camera1,1024,mean_individual_models,0.822925,0.017366,0.780396,0.033004
Encoder,camera5,camera1,1024,sum,0.831695,0.0,0.793229,0.0
Encoder,camera5,camera1,1024,mean_probs,0.831695,0.0,0.793229,0.0
Encoder,camera5,camera1,1024,max,0.861453,0.0,0.842609,0.0
Encoder,camera5,camera1,1024,mult,0.841664,0.0,0.804459,0.0
Encoder,camera5,camera1,1024,vote,0.832176,0.0,0.794055,0.0
Encoder,camera5,camera2,1024,mean_individual_models,0.895073,0.019262,0.874943,0.027216
Encoder,camera5,camera2,1024,sum,0.916509,0.0,0.900227,0.0
Encoder,camera5,camera2,1024,mean_probs,0.916509,0.0,0.900227,0.0
Encoder,camera5,camera2,1024,max,0.97306,0.0,0.971655,0.0
Encoder,camera5,camera2,1024,mult,0.956341,0.0,0.952381,0.0
Encoder,camera5,camera2,1024,vote,0.916509,0.0,0.900227,0.0
Encoder,camera5,camera3,1024,mean_individual_models,0.907254,0.020031,0.897389,0.020017
Encoder,camera5,camera3,1024,sum,0.92723,0.0,0.916743,0.0
Encoder,camera5,camera3,1024,mean_probs,0.92723,0.0,0.916743,0.0
Encoder,camera5,camera3,1024,max,0.942409,0.0,0.938556,0.0
Encoder,camera5,camera3,1024,mult,0.934504,0.0,0.927189,0.0
Encoder,camera5,camera3,1024,vote,0.928037,0.0,0.917358,0.0
Encoder,camera5,camera4,1024,mean_individual_models,0.919238,0.013407,0.912123,0.016581
Encoder,camera5,camera4,1024,sum,0.939624,0.0,0.935323,0.0
Encoder,camera5,camera4,1024,mean_probs,0.939624,0.0,0.935323,0.0
Encoder,camera5,camera4,1024,max,0.954592,0.0,0.953445,0.0
Encoder,camera5,camera4,1024,mult,0.948296,0.0,0.945321,0.0
Encoder,camera5,camera4,1024,vote,0.93918,0.0,0.934854,0.0
Encoder,camera5,camera5,1024,mean_individual_models,0.915431,0.016389,0.906269,0.02244
Encoder,camera5,camera5,1024,sum,0.92849,0.0,0.922266,0.0
Encoder,camera5,camera5,1024,mean_probs,0.92849,0.0,0.922266,0.0
Encoder,camera5,camera5,1024,max,0.933097,0.0,0.928195,0.0
Encoder,camera5,camera5,1024,mult,0.929226,0.0,0.922596,0.0
Encoder,camera5,camera5,1024,vote,0.928624,0.0,0.922376,0.0
Encoder,camera5,camera6,1024,mean_individual_models,0.935925,0.012022,0.930468,0.01381
Encoder,camera5,camera6,1024,sum,0.95148,0.0,0.946701,0.0
Encoder,camera5,camera6,1024,mean_probs,0.95148,0.0,0.946701,0.0
Encoder,camera5,camera6,1024,max,0.958038,0.0,0.956507,0.0
Encoder,camera5,camera6,1024,mult,0.953351,0.0,0.949354,0.0
Encoder,camera5,camera6,1024,vote,0.951575,0.0,0.946816,0.0
Encoder,camera5,camera7,1024,mean_individual_models,0.904994,0.016099,0.87998,0.025185
Encoder,camera5,camera7,1024,sum,0.914801,0.0,0.892413,0.0
Encoder,camera5,camera7,1024,mean_probs,0.914801,0.0,0.892413,0.0
Encoder,camera5,camera7,1024,max,0.918927,0.0,0.900177,0.0
Encoder,camera5,camera7,1024,mult,0.914824,0.0,0.892303,0.0
Encoder,camera5,camera7,1024,vote,0.914486,0.0,0.892081,0.0
Encoder,camera5,camera8,1024,mean_individual_models,0.93932,0.009809,0.934115,0.011226
Encoder,camera5,camera8,1024,sum,0.955374,0.0,0.951485,0.0
Encoder,camera5,camera8,1024,mean_probs,0.955374,0.0,0.951485,0.0
Encoder,camera5,camera8,1024,max,0.961621,0.0,0.960359,0.0
Encoder,camera5,camera8,1024,mult,0.957307,0.0,0.953704,0.0
Encoder,camera5,camera8,1024,vote,0.955293,0.0,0.951389,0.0
Encoder,camera5,camera9,1024,mean_individual_models,0.881326,0.012974,0.864246,0.019002
Encoder,camera5,camera9,1024,sum,0.903458,0.0,0.888844,0.0
Encoder,camera5,camera9,1024,mean_probs,0.903458,0.0,0.888844,0.0
Encoder,camera5,camera9,1024,max,0.910769,0.0,0.906501,0.0
Encoder,camera5,camera9,1024,mult,0.908729,0.0,0.896469,0.0
Encoder,camera5,camera9,1024,vote,0.90333,0.0,0.888844,0.0
Encoder,camera5,PUC,1024,mean_individual_models,0.876111,0.023173,0.862139,0.032138
Encoder,camera5,PUC,1024,sum,0.900614,0.0,0.890306,0.0
Encoder,camera5,PUC,1024,mean_probs,0.900614,0.0,0.890306,0.0
Encoder,camera5,PUC,1024,max,0.901947,0.0,0.901858,0.0
Encoder,camera5,PUC,1024,mult,0.887051,0.0,0.884921,0.0
Encoder,camera5,PUC,1024,vote,0.900507,0.0,0.890228,0.0
Encoder,camera5,UFPR04,1024,mean_individual_models,0.794184,0.018602,0.686104,0.046245
Encoder,camera5,UFPR04,1024,sum,0.807922,0.0,0.674162,0.0
Encoder,camera5,UFPR04,1024,mean_probs,0.807922,0.0,0.674162,0.0
Encoder,camera5,UFPR04,1024,max,0.837359,0.0,0.796265,0.0
Encoder,camera5,UFPR04,1024,mult,0.822219,0.0,0.730862,0.0
Encoder,camera5,UFPR04,1024,vote,0.807844,0.0,0.674174,0.0
Encoder,camera5,UFPR05,1024,mean_individual_models,0.713458,0.05952,0.676224,0.060436
Encoder,camera5,UFPR05,1024,sum,0.741484,0.0,0.695178,0.0
Encoder,camera5,UFPR05,1024,mean_probs,0.741484,0.0,0.695178,0.0
Encoder,camera5,UFPR05,1024,max,0.783128,0.0,0.764467,0.0
Encoder,camera5,UFPR05,1024,mult,0.753146,0.0,0.701545,0.0
Encoder,camera5,UFPR05,1024,vote,0.741379,0.0,0.695163,0.0
Encoder,camera6,camera1,64,mean_individual_models,0.759844,0.020595,0.652634,0.050605
Encoder,camera6,camera1,64,sum,0.777139,0.0,0.649381,0.0
Encoder,camera6,camera1,64,mean_probs,0.777139,0.0,0.649381,0.0
Encoder,camera6,camera1,64,max,0.77466,0.0,0.640462,0.0
Encoder,camera6,camera1,64,mult,0.772695,0.0,0.635012,0.0
Encoder,camera6,camera1,64,vote,0.775793,0.0,0.648885,0.0
Encoder,camera6,camera2,64,mean_individual_models,0.838829,0.043665,0.810204,0.047341
Encoder,camera6,camera2,64,sum,0.866335,0.0,0.836735,0.0
Encoder,camera6,camera2,64,mean_probs,0.866335,0.0,0.836735,0.0
Encoder,camera6,camera2,64,max,0.837816,0.0,0.804989,0.0
Encoder,camera6,camera2,64,mult,0.847789,0.0,0.80839,0.0
Encoder,camera6,camera2,64,vote,0.867776,0.0,0.839002,0.0
Encoder,camera6,camera3,64,mean_individual_models,0.858166,0.032876,0.84126,0.028307
Encoder,camera6,camera3,64,sum,0.900107,0.0,0.882335,0.0
Encoder,camera6,camera3,64,mean_probs,0.900107,0.0,0.882335,0.0
Encoder,camera6,camera3,64,max,0.91376,0.0,0.895238,0.0
Encoder,camera6,camera3,64,mult,0.90499,0.0,0.882949,0.0
Encoder,camera6,camera3,64,vote,0.900114,0.0,0.882028,0.0
Encoder,camera6,camera4,64,mean_individual_models,0.847578,0.02376,0.812232,0.040256
Encoder,camera6,camera4,64,sum,0.857209,0.0,0.824871,0.0
Encoder,camera6,camera4,64,mean_probs,0.857209,0.0,0.824871,0.0
Encoder,camera6,camera4,64,max,0.854749,0.0,0.819872,0.0
Encoder,camera6,camera4,64,mult,0.852644,0.0,0.816122,0.0
Encoder,camera6,camera4,64,vote,0.857402,0.0,0.825184,0.0
Encoder,camera6,camera5,64,mean_individual_models,0.845434,0.031381,0.808202,0.051601
Encoder,camera6,camera5,64,sum,0.863374,0.0,0.829161,0.0
Encoder,camera6,camera5,64,mean_probs,0.863374,0.0,0.829161,0.0
Encoder,camera6,camera5,64,max,0.839383,0.0,0.787,0.0
Encoder,camera6,camera5,64,mult,0.85098,0.0,0.807202,0.0
Encoder,camera6,camera5,64,vote,0.863623,0.0,0.82993,0.0
Encoder,camera6,camera6,64,mean_individual_models,0.870949,0.017202,0.846112,0.02651
Encoder,camera6,camera6,64,sum,0.892215,0.0,0.868366,0.0
Encoder,camera6,camera6,64,mean_probs,0.892215,0.0,0.868366,0.0
Encoder,camera6,camera6,64,max,0.884565,0.0,0.861214,0.0
Encoder,camera6,camera6,64,mult,0.88658,0.0,0.861214,0.0
Encoder,camera6,camera6,64,vote,0.891626,0.0,0.867905,0.0
Encoder,camera6,camera7,64,mean_individual_models,0.85064,0.023314,0.791582,0.046944
Encoder,camera6,camera7,64,sum,0.852826,0.0,0.786602,0.0
Encoder,camera6,camera7,64,mean_probs,0.852826,0.0,0.786602,0.0
Encoder,camera6,camera7,64,max,0.838353,0.0,0.758208,0.0
Encoder,camera6,camera7,64,mult,0.843833,0.0,0.76819,0.0
Encoder,camera6,camera7,64,vote,0.854071,0.0,0.789042,0.0
Encoder,camera6,camera8,64,mean_individual_models,0.877292,0.015453,0.852189,0.022996
Encoder,camera6,camera8,64,sum,0.894995,0.0,0.869309,0.0
Encoder,camera6,camera8,64,mean_probs,0.894995,0.0,0.869309,0.0
Encoder,camera6,camera8,64,max,0.882969,0.0,0.857735,0.0
Encoder,camera6,camera8,64,mult,0.88799,0.0,0.858121,0.0
Encoder,camera6,camera8,64,vote,0.895742,0.0,0.870467,0.0
Encoder,camera6,camera9,64,mean_individual_models,0.814196,0.019158,0.766292,0.032033
Encoder,camera6,camera9,64,sum,0.834104,0.0,0.7811,0.0
Encoder,camera6,camera9,64,mean_probs,0.834104,0.0,0.7811,0.0
Encoder,camera6,camera9,64,max,0.81646,0.0,0.764446,0.0
Encoder,camera6,camera9,64,mult,0.829338,0.0,0.772271,0.0
Encoder,camera6,camera9,64,vote,0.833965,0.0,0.7813,0.0
Encoder,camera6,PUC,64,mean_individual_models,0.812796,0.023667,0.747069,0.045876
Encoder,camera6,PUC,64,sum,0.825855,0.0,0.753712,0.0
Encoder,camera6,PUC,64,mean_probs,0.825855,0.0,0.753712,0.0
Encoder,camera6,PUC,64,max,0.832481,0.0,0.757131,0.0
Encoder,camera6,PUC,64,mult,0.81644,0.0,0.726244,0.0
Encoder,camera6,PUC,64,vote,0.825775,0.0,0.754137,0.0
Encoder,camera6,UFPR04,64,mean_individual_models,0.770918,0.015094,0.600836,0.027183
Encoder,camera6,UFPR04,64,sum,0.773237,0.0,0.573876,0.0
Encoder,camera6,UFPR04,64,mean_probs,0.773237,0.0,0.573876,0.0
Encoder,camera6,UFPR04,64,max,0.776272,0.0,0.577731,0.0
Encoder,camera6,UFPR04,64,mult,0.774033,0.0,0.567539,0.0
Encoder,camera6,UFPR04,64,vote,0.772987,0.0,0.574453,0.0
Encoder,camera6,UFPR05,64,mean_individual_models,0.634518,0.077996,0.548337,0.051249
Encoder,camera6,UFPR05,64,sum,0.68014,0.0,0.553762,0.0
Encoder,camera6,UFPR05,64,mean_probs,0.68014,0.0,0.553762,0.0
Encoder,camera6,UFPR05,64,max,0.716099,0.0,0.588556,0.0
Encoder,camera6,UFPR05,64,mult,0.672818,0.0,0.528307,0.0
Encoder,camera6,UFPR05,64,vote,0.679945,0.0,0.554255,0.0
Encoder,camera6,camera1,128,mean_individual_models,0.776048,0.018196,0.670735,0.037725
Encoder,camera6,camera1,128,sum,0.786773,0.0,0.668208,0.0
Encoder,camera6,camera1,128,mean_probs,0.786773,0.0,0.668208,0.0
Encoder,camera6,camera1,128,max,0.787832,0.0,0.677291,0.0
Encoder,camera6,camera1,128,mult,0.78702,0.0,0.668869,0.0
Encoder,camera6,camera1,128,vote,0.786539,0.0,0.668538,0.0
Encoder,camera6,camera2,128,mean_individual_models,0.85547,0.025767,0.817914,0.029558
Encoder,camera6,camera2,128,sum,0.866914,0.0,0.824263,0.0
Encoder,camera6,camera2,128,mean_probs,0.866914,0.0,0.824263,0.0
Encoder,camera6,camera2,128,max,0.860502,0.0,0.81746,0.0
Encoder,camera6,camera2,128,mult,0.861241,0.0,0.814059,0.0
Encoder,camera6,camera2,128,vote,0.868197,0.0,0.826531,0.0
Encoder,camera6,camera3,128,mean_individual_models,0.863079,0.035319,0.844055,0.029629
Encoder,camera6,camera3,128,sum,0.898796,0.0,0.875883,0.0
Encoder,camera6,camera3,128,mean_probs,0.898796,0.0,0.875883,0.0
Encoder,camera6,camera3,128,max,0.909646,0.0,0.886943,0.0
Encoder,camera6,camera3,128,mult,0.902155,0.0,0.87619,0.0
Encoder,camera6,camera3,128,vote,0.897679,0.0,0.874962,0.0
Encoder,camera6,camera4,128,mean_individual_models,0.855427,0.017077,0.824121,0.026944
Encoder,camera6,camera4,128,sum,0.862099,0.0,0.831589,0.0
Encoder,camera6,camera4,128,mean_probs,0.862099,0.0,0.831589,0.0
Encoder,camera6,camera4,128,max,0.867107,0.0,0.836432,0.0
Encoder,camera6,camera4,128,mult,0.86027,0.0,0.827214,0.0
Encoder,camera6,camera4,128,vote,0.862207,0.0,0.832214,0.0
Encoder,camera6,camera5,128,mean_individual_models,0.854056,0.019054,0.817216,0.036216
Encoder,camera6,camera5,128,sum,0.863257,0.0,0.828063,0.0
Encoder,camera6,camera5,128,mean_probs,0.863257,0.0,0.828063,0.0
Encoder,camera6,camera5,128,max,0.85338,0.0,0.810386,0.0
Encoder,camera6,camera5,128,mult,0.859682,0.0,0.820817,0.0
Encoder,camera6,camera5,128,vote,0.863606,0.0,0.828832,0.0
Encoder,camera6,camera6,128,mean_individual_models,0.887725,0.013699,0.863025,0.022915
Encoder,camera6,camera6,128,sum,0.899969,0.0,0.877711,0.0
Encoder,camera6,camera6,128,mean_probs,0.899969,0.0,0.877711,0.0
Encoder,camera6,camera6,128,max,0.907832,0.0,0.889132,0.0
Encoder,camera6,camera6,128,mult,0.900477,0.0,0.878057,0.0
Encoder,camera6,camera6,128,vote,0.899938,0.0,0.877942,0.0
Encoder,camera6,camera7,128,mean_individual_models,0.857247,0.017426,0.795885,0.035509
Encoder,camera6,camera7,128,sum,0.857182,0.0,0.793035,0.0
Encoder,camera6,camera7,128,mean_probs,0.857182,0.0,0.793035,0.0
Encoder,camera6,camera7,128,max,0.850309,0.0,0.780501,0.0
Encoder,camera6,camera7,128,mult,0.853321,0.0,0.784272,0.0
Encoder,camera6,camera7,128,vote,0.857691,0.0,0.794033,0.0
Encoder,camera6,camera8,128,mean_individual_models,0.886944,0.014605,0.860185,0.025216
Encoder,camera6,camera8,128,sum,0.897928,0.0,0.873071,0.0
Encoder,camera6,camera8,128,mean_probs,0.897928,0.0,0.873071,0.0
Encoder,camera6,camera8,128,max,0.898995,0.0,0.876543,0.0
Encoder,camera6,camera8,128,mult,0.895181,0.0,0.868538,0.0
Encoder,camera6,camera8,128,vote,0.897637,0.0,0.872878,0.0
Encoder,camera6,camera9,128,mean_individual_models,0.831388,0.020862,0.783848,0.032502
Encoder,camera6,camera9,128,sum,0.845628,0.0,0.800161,0.0
Encoder,camera6,camera9,128,mean_probs,0.845628,0.0,0.800161,0.0
Encoder,camera6,camera9,128,max,0.848485,0.0,0.805578,0.0
Encoder,camera6,camera9,128,mult,0.844738,0.0,0.797753,0.0
Encoder,camera6,camera9,128,vote,0.845059,0.0,0.79996,0.0
Encoder,camera6,PUC,128,mean_individual_models,0.822864,0.017274,0.764208,0.03749
Encoder,camera6,PUC,128,sum,0.836893,0.0,0.770784,0.0
Encoder,camera6,PUC,128,mean_probs,0.836893,0.0,0.770784,0.0
Encoder,camera6,PUC,128,max,0.836024,0.0,0.794979,0.0
Encoder,camera6,PUC,128,mult,0.832878,0.0,0.762719,0.0
Encoder,camera6,PUC,128,vote,0.836759,0.0,0.770885,0.0
Encoder,camera6,UFPR04,128,mean_individual_models,0.784559,0.026465,0.651857,0.054829
Encoder,camera6,UFPR04,128,sum,0.788908,0.0,0.61707,0.0
Encoder,camera6,UFPR04,128,mean_probs,0.788908,0.0,0.61707,0.0
Encoder,camera6,UFPR04,128,max,0.813205,0.0,0.683235,0.0
Encoder,camera6,UFPR04,128,mult,0.789156,0.0,0.613526,0.0
Encoder,camera6,UFPR04,128,vote,0.788754,0.0,0.617266,0.0
Encoder,camera6,UFPR05,128,mean_individual_models,0.658902,0.062096,0.576287,0.048608
Encoder,camera6,UFPR05,128,sum,0.699592,0.0,0.591303,0.0
Encoder,camera6,UFPR05,128,mean_probs,0.699592,0.0,0.591303,0.0
Encoder,camera6,UFPR05,128,max,0.72633,0.0,0.637257,0.0
Encoder,camera6,UFPR05,128,mult,0.702428,0.0,0.590564,0.0
Encoder,camera6,UFPR05,128,vote,0.698945,0.0,0.590982,0.0
Encoder,camera6,camera1,256,mean_individual_models,0.774999,0.016474,0.668159,0.042434
Encoder,camera6,camera1,256,sum,0.783838,0.0,0.660281,0.0
Encoder,camera6,camera1,256,mean_probs,0.783838,0.0,0.660281,0.0
Encoder,camera6,camera1,256,max,0.793666,0.0,0.689513,0.0
Encoder,camera6,camera1,256,mult,0.782932,0.0,0.657803,0.0
Encoder,camera6,camera1,256,vote,0.783959,0.0,0.660611,0.0
Encoder,camera6,camera2,256,mean_individual_models,0.856715,0.034364,0.807823,0.062336
Encoder,camera6,camera2,256,sum,0.865833,0.0,0.81746,0.0
Encoder,camera6,camera2,256,mean_probs,0.865833,0.0,0.81746,0.0
Encoder,camera6,camera2,256,max,0.900547,0.0,0.876417,0.0
Encoder,camera6,camera2,256,mult,0.863411,0.0,0.812925,0.0
Encoder,camera6,camera2,256,vote,0.865225,0.0,0.816327,0.0
Encoder,camera6,camera3,256,mean_individual_models,0.850937,0.032247,0.823072,0.027332
Encoder,camera6,camera3,256,sum,0.878825,0.0,0.844854,0.0
Encoder,camera6,camera3,256,mean_probs,0.878825,0.0,0.844854,0.0
Encoder,camera6,camera3,256,max,0.899961,0.0,0.87404,0.0
Encoder,camera6,camera3,256,mult,0.880571,0.0,0.846697,0.0
Encoder,camera6,camera3,256,vote,0.878825,0.0,0.844854,0.0
Encoder,camera6,camera4,256,mean_individual_models,0.872326,0.021034,0.843884,0.033019
Encoder,camera6,camera4,256,sum,0.889153,0.0,0.864084,0.0
Encoder,camera6,camera4,256,mean_probs,0.889153,0.0,0.864084,0.0
Encoder,camera6,camera4,256,max,0.898354,0.0,0.879863,0.0
Encoder,camera6,camera4,256,mult,0.885199,0.0,0.857835,0.0
Encoder,camera6,camera4,256,vote,0.888953,0.0,0.863771,0.0
Encoder,camera6,camera5,256,mean_individual_models,0.865582,0.024314,0.831566,0.041229
Encoder,camera6,camera5,256,sum,0.878322,0.0,0.848704,0.0
Encoder,camera6,camera5,256,mean_probs,0.878322,0.0,0.848704,0.0
Encoder,camera6,camera5,256,max,0.87822,0.0,0.848375,0.0
Encoder,camera6,camera5,256,mult,0.873237,0.0,0.840141,0.0
Encoder,camera6,camera5,256,vote,0.878894,0.0,0.849473,0.0
Encoder,camera6,camera6,256,mean_individual_models,0.908116,0.013734,0.890528,0.020674
Encoder,camera6,camera6,256,sum,0.925329,0.0,0.912783,0.0
Encoder,camera6,camera6,256,mean_probs,0.925329,0.0,0.912783,0.0
Encoder,camera6,camera6,256,max,0.934287,0.0,0.92455,0.0
Encoder,camera6,camera6,256,mult,0.926581,0.0,0.914398,0.0
Encoder,camera6,camera6,256,vote,0.925498,0.0,0.913013,0.0
Encoder,camera6,camera7,256,mean_individual_models,0.864628,0.018877,0.810348,0.038789
Encoder,camera6,camera7,256,sum,0.869439,0.0,0.816437,0.0
Encoder,camera6,camera7,256,mean_probs,0.869439,0.0,0.816437,0.0
Encoder,camera6,camera7,256,max,0.862843,0.0,0.803682,0.0
Encoder,camera6,camera7,256,mult,0.862203,0.0,0.801797,0.0
Encoder,camera6,camera7,256,vote,0.869858,0.0,0.817214,0.0
Encoder,camera6,camera8,256,mean_individual_models,0.897248,0.01497,0.874383,0.023059
Encoder,camera6,camera8,256,sum,0.915189,0.0,0.896991,0.0
Encoder,camera6,camera8,256,mean_probs,0.915189,0.0,0.896991,0.0
Encoder,camera6,camera8,256,max,0.924231,0.0,0.910494,0.0
Encoder,camera6,camera8,256,mult,0.913087,0.0,0.893808,0.0
Encoder,camera6,camera8,256,vote,0.915251,0.0,0.897184,0.0
Encoder,camera6,camera9,256,mean_individual_models,0.837622,0.018172,0.787239,0.032614
Encoder,camera6,camera9,256,sum,0.845282,0.0,0.792536,0.0
Encoder,camera6,camera9,256,mean_probs,0.845282,0.0,0.792536,0.0
Encoder,camera6,camera9,256,max,0.862162,0.0,0.82183,0.0
Encoder,camera6,camera9,256,mult,0.843986,0.0,0.789125,0.0
Encoder,camera6,camera9,256,vote,0.846032,0.0,0.793941,0.0
Encoder,camera6,PUC,256,mean_individual_models,0.841962,0.014728,0.793386,0.027412
Encoder,camera6,PUC,256,sum,0.860835,0.0,0.813596,0.0
Encoder,camera6,PUC,256,mean_probs,0.860835,0.0,0.813596,0.0
Encoder,camera6,PUC,256,max,0.881861,0.0,0.848009,0.0
Encoder,camera6,PUC,256,mult,0.854158,0.0,0.796477,0.0
Encoder,camera6,PUC,256,vote,0.860725,0.0,0.813567,0.0
Encoder,camera6,UFPR04,256,mean_individual_models,0.799582,0.018335,0.683671,0.050975
Encoder,camera6,UFPR04,256,sum,0.806093,0.0,0.6627,0.0
Encoder,camera6,UFPR04,256,mean_probs,0.806093,0.0,0.6627,0.0
Encoder,camera6,UFPR04,256,max,0.843137,0.0,0.7589,0.0
Encoder,camera6,UFPR04,256,mult,0.807127,0.0,0.662838,0.0
Encoder,camera6,UFPR04,256,vote,0.806081,0.0,0.662792,0.0
Encoder,camera6,UFPR05,256,mean_individual_models,0.676122,0.070234,0.62266,0.056506
Encoder,camera6,UFPR05,256,sum,0.716891,0.0,0.650776,0.0
Encoder,camera6,UFPR05,256,mean_probs,0.716891,0.0,0.650776,0.0
Encoder,camera6,UFPR05,256,max,0.767653,0.0,0.725343,0.0
Encoder,camera6,UFPR05,256,mult,0.726749,0.0,0.657405,0.0
Encoder,camera6,UFPR05,256,vote,0.716527,0.0,0.650642,0.0
Encoder,camera6,camera1,512,mean_individual_models,0.794352,0.019087,0.720446,0.03939
Encoder,camera6,camera1,512,sum,0.80828,0.0,0.723865,0.0
Encoder,camera6,camera1,512,mean_probs,0.80828,0.0,0.723865,0.0
Encoder,camera6,camera1,512,max,0.81771,0.0,0.751941,0.0
Encoder,camera6,camera1,512,mult,0.807114,0.0,0.71924,0.0
Encoder,camera6,camera1,512,vote,0.807597,0.0,0.723534,0.0
Encoder,camera6,camera2,512,mean_individual_models,0.89777,0.017541,0.881293,0.015579
Encoder,camera6,camera2,512,sum,0.927875,0.0,0.9161,0.0
Encoder,camera6,camera2,512,mean_probs,0.927875,0.0,0.9161,0.0
Encoder,camera6,camera2,512,max,0.945233,0.0,0.938776,0.0
Encoder,camera6,camera2,512,mult,0.923745,0.0,0.910431,0.0
Encoder,camera6,camera2,512,vote,0.927875,0.0,0.9161,0.0
Encoder,camera6,camera3,512,mean_individual_models,0.866403,0.03457,0.851398,0.02993
Encoder,camera6,camera3,512,sum,0.900137,0.0,0.881413,0.0
Encoder,camera6,camera3,512,mean_probs,0.900137,0.0,0.881413,0.0
Encoder,camera6,camera3,512,max,0.916975,0.0,0.898925,0.0
Encoder,camera6,camera3,512,mult,0.904301,0.0,0.884793,0.0
Encoder,camera6,camera3,512,vote,0.897305,0.0,0.878955,0.0
Encoder,camera6,camera4,512,mean_individual_models,0.895258,0.019842,0.880862,0.027082
Encoder,camera6,camera4,512,sum,0.918187,0.0,0.907983,0.0
Encoder,camera6,camera4,512,mean_probs,0.918187,0.0,0.907983,0.0
Encoder,camera6,camera4,512,max,0.915018,0.0,0.904546,0.0
Encoder,camera6,camera4,512,mult,0.916229,0.0,0.905015,0.0
Encoder,camera6,camera4,512,vote,0.918456,0.0,0.908452,0.0
Encoder,camera6,camera5,512,mean_individual_models,0.886349,0.023763,0.868698,0.039147
Encoder,camera6,camera5,512,sum,0.90691,0.0,0.894818,0.0
Encoder,camera6,camera5,512,mean_probs,0.90691,0.0,0.894818,0.0
Encoder,camera6,camera5,512,max,0.899439,0.0,0.883838,0.0
Encoder,camera6,camera5,512,mult,0.903018,0.0,0.888889,0.0
Encoder,camera6,camera5,512,vote,0.907716,0.0,0.895916,0.0
Encoder,camera6,camera6,512,mean_individual_models,0.929809,0.011766,0.921862,0.016136
Encoder,camera6,camera6,512,sum,0.944403,0.0,0.938163,0.0
Encoder,camera6,camera6,512,mean_probs,0.944403,0.0,0.938163,0.0
Encoder,camera6,camera6,512,max,0.945419,0.0,0.939548,0.0
Encoder,camera6,camera6,512,mult,0.944326,0.0,0.937817,0.0
Encoder,camera6,camera6,512,vote,0.944773,0.0,0.938625,0.0
Encoder,camera6,camera7,512,mean_individual_models,0.881336,0.02081,0.843301,0.039965
Encoder,camera6,camera7,512,sum,0.888239,0.0,0.853039,0.0
Encoder,camera6,camera7,512,mean_probs,0.888239,0.0,0.853039,0.0
Encoder,camera6,camera7,512,max,0.879234,0.0,0.839397,0.0
Encoder,camera6,camera7,512,mult,0.882749,0.0,0.842502,0.0
Encoder,camera6,camera7,512,vote,0.889005,0.0,0.854703,0.0
Encoder,camera6,camera8,512,mean_individual_models,0.91311,0.011198,0.900637,0.016587
Encoder,camera6,camera8,512,sum,0.93325,0.0,0.923515,0.0
Encoder,camera6,camera8,512,mean_probs,0.93325,0.0,0.923515,0.0
Encoder,camera6,camera8,512,max,0.938969,0.0,0.931424,0.0
Encoder,camera6,camera8,512,mult,0.93442,0.0,0.924576,0.0
Encoder,camera6,camera8,512,vote,0.933543,0.0,0.9239,0.0
Encoder,camera6,camera9,512,mean_individual_models,0.854862,0.016954,0.822974,0.027561
Encoder,camera6,camera9,512,sum,0.86946,0.0,0.839085,0.0
Encoder,camera6,camera9,512,mean_probs,0.86946,0.0,0.839085,0.0
Encoder,camera6,camera9,512,max,0.89267,0.0,0.874398,0.0
Encoder,camera6,camera9,512,mult,0.868839,0.0,0.838082,0.0
Encoder,camera6,camera9,512,vote,0.869211,0.0,0.838684,0.0
Encoder,camera6,PUC,512,mean_individual_models,0.867855,0.016257,0.837765,0.030935
Encoder,camera6,PUC,512,sum,0.8842,0.0,0.857257,0.0
Encoder,camera6,PUC,512,mean_probs,0.8842,0.0,0.857257,0.0
Encoder,camera6,PUC,512,max,0.911749,0.0,0.899019,0.0
Encoder,camera6,PUC,512,mult,0.888749,0.0,0.862726,0.0
Encoder,camera6,PUC,512,vote,0.883954,0.0,0.857141,0.0
Encoder,camera6,UFPR04,512,mean_individual_models,0.824157,0.028596,0.727626,0.0629
Encoder,camera6,UFPR04,512,sum,0.825036,0.0,0.715555,0.0
Encoder,camera6,UFPR04,512,mean_probs,0.825036,0.0,0.715555,0.0
Encoder,camera6,UFPR04,512,max,0.87964,0.0,0.832394,0.0
Encoder,camera6,UFPR04,512,mult,0.835161,0.0,0.736425,0.0
Encoder,camera6,UFPR04,512,vote,0.825004,0.0,0.715625,0.0
Encoder,camera6,UFPR05,512,mean_individual_models,0.678481,0.064779,0.644646,0.060396
Encoder,camera6,UFPR05,512,sum,0.709864,0.0,0.671633,0.0
Encoder,camera6,UFPR05,512,mean_probs,0.709864,0.0,0.671633,0.0
Encoder,camera6,UFPR05,512,max,0.757227,0.0,0.723731,0.0
Encoder,camera6,UFPR05,512,mult,0.726465,0.0,0.682107,0.0
Encoder,camera6,UFPR05,512,vote,0.708608,0.0,0.670879,0.0
Encoder,camera6,camera1,1024,mean_individual_models,0.808372,0.015923,0.752486,0.020255
Encoder,camera6,camera1,1024,sum,0.827578,0.0,0.765813,0.0
Encoder,camera6,camera1,1024,mean_probs,0.827578,0.0,0.765813,0.0
Encoder,camera6,camera1,1024,max,0.848955,0.0,0.817341,0.0
Encoder,camera6,camera1,1024,mult,0.839008,0.0,0.791082,0.0
Encoder,camera6,camera1,1024,vote,0.827498,0.0,0.765648,0.0
Encoder,camera6,camera2,1024,mean_individual_models,0.920926,0.019601,0.90873,0.025155
Encoder,camera6,camera2,1024,sum,0.947959,0.0,0.942177,0.0
Encoder,camera6,camera2,1024,mean_probs,0.947959,0.0,0.942177,0.0
Encoder,camera6,camera2,1024,max,0.972043,0.0,0.970522,0.0
Encoder,camera6,camera2,1024,mult,0.957292,0.0,0.953515,0.0
Encoder,camera6,camera2,1024,vote,0.947959,0.0,0.942177,0.0
Encoder,camera6,camera3,1024,mean_individual_models,0.880305,0.031259,0.870968,0.028004
Encoder,camera6,camera3,1024,sum,0.917127,0.0,0.907834,0.0
Encoder,camera6,camera3,1024,mean_probs,0.917127,0.0,0.907834,0.0
Encoder,camera6,camera3,1024,max,0.940897,0.0,0.935177,0.0
Encoder,camera6,camera3,1024,mult,0.929465,0.0,0.920123,0.0
Encoder,camera6,camera3,1024,vote,0.916654,0.0,0.90722,0.0
Encoder,camera6,camera4,1024,mean_individual_models,0.905334,0.012216,0.89486,0.015543
Encoder,camera6,camera4,1024,sum,0.928783,0.0,0.921575,0.0
Encoder,camera6,camera4,1024,mean_probs,0.928783,0.0,0.921575,0.0
Encoder,camera6,camera4,1024,max,0.941759,0.0,0.937822,0.0
Encoder,camera6,camera4,1024,mult,0.9369,0.0,0.931573,0.0
Encoder,camera6,camera4,1024,vote,0.929152,0.0,0.922043,0.0
Encoder,camera6,camera5,1024,mean_individual_models,0.893109,0.013395,0.883564,0.019779
Encoder,camera6,camera5,1024,sum,0.920202,0.0,0.913922,0.0
Encoder,camera6,camera5,1024,mean_probs,0.920202,0.0,0.913922,0.0
Encoder,camera6,camera5,1024,max,0.925901,0.0,0.921607,0.0
Encoder,camera6,camera5,1024,mult,0.922101,0.0,0.916008,0.0
Encoder,camera6,camera5,1024,vote,0.920373,0.0,0.914251,0.0
Encoder,camera6,camera6,1024,mean_individual_models,0.939483,0.00852,0.93386,0.010765
Encoder,camera6,camera6,1024,sum,0.956165,0.0,0.952469,0.0
Encoder,camera6,camera6,1024,mean_probs,0.956165,0.0,0.952469,0.0
Encoder,camera6,camera6,1024,max,0.961661,0.0,0.959622,0.0
Encoder,camera6,camera6,1024,mult,0.958171,0.0,0.955007,0.0
Encoder,camera6,camera6,1024,vote,0.956262,0.0,0.952584,0.0
Encoder,camera6,camera7,1024,mean_individual_models,0.893485,0.014198,0.865794,0.025794
Encoder,camera6,camera7,1024,sum,0.904262,0.0,0.879326,0.0
Encoder,camera6,camera7,1024,mean_probs,0.904262,0.0,0.879326,0.0
Encoder,camera6,camera7,1024,max,0.911001,0.0,0.891415,0.0
Encoder,camera6,camera7,1024,mult,0.908238,0.0,0.885093,0.0
Encoder,camera6,camera7,1024,vote,0.904118,0.0,0.879104,0.0
Encoder,camera6,camera8,1024,mean_individual_models,0.928597,0.008955,0.921017,0.01133
Encoder,camera6,camera8,1024,sum,0.949257,0.0,0.943866,0.0
Encoder,camera6,camera8,1024,mean_probs,0.949257,0.0,0.943866,0.0
Encoder,camera6,camera8,1024,max,0.9573,0.0,0.954861,0.0
Encoder,camera6,camera8,1024,mult,0.955422,0.0,0.951582,0.0
Encoder,camera6,camera8,1024,vote,0.949021,0.0,0.943576,0.0
Encoder,camera6,camera9,1024,mean_individual_models,0.875666,0.013036,0.852709,0.020582
Encoder,camera6,camera9,1024,sum,0.895306,0.0,0.877408,0.0
Encoder,camera6,camera9,1024,mean_probs,0.895306,0.0,0.877408,0.0
Encoder,camera6,camera9,1024,max,0.932375,0.0,0.927167,0.0
Encoder,camera6,camera9,1024,mult,0.916271,0.0,0.9063,0.0
Encoder,camera6,camera9,1024,vote,0.89503,0.0,0.877006,0.0
Encoder,camera6,PUC,1024,mean_individual_models,0.844106,0.059404,0.825647,0.060561
Encoder,camera6,PUC,1024,sum,0.902382,0.0,0.888696,0.0
Encoder,camera6,PUC,1024,mean_probs,0.902382,0.0,0.888696,0.0
Encoder,camera6,PUC,1024,max,0.828765,0.0,0.812934,0.0
Encoder,camera6,PUC,1024,mult,0.887755,0.0,0.887323,0.0
Encoder,camera6,PUC,1024,vote,0.902191,0.0,0.888517,0.0
Encoder,camera6,UFPR04,1024,mean_individual_models,0.807495,0.033787,0.737112,0.051955
Encoder,camera6,UFPR04,1024,sum,0.842691,0.0,0.761381,0.0
Encoder,camera6,UFPR04,1024,mean_probs,0.842691,0.0,0.761381,0.0
Encoder,camera6,UFPR04,1024,max,0.831018,0.0,0.831009,0.0
Encoder,camera6,UFPR04,1024,mult,0.841307,0.0,0.830548,0.0
Encoder,camera6,UFPR04,1024,vote,0.842685,0.0,0.761416,0.0
Encoder,camera6,UFPR05,1024,mean_individual_models,0.705571,0.06579,0.691765,0.064643
Encoder,camera6,UFPR05,1024,sum,0.736486,0.0,0.72818,0.0
Encoder,camera6,UFPR05,1024,mean_probs,0.736486,0.0,0.72818,0.0
Encoder,camera6,UFPR05,1024,max,0.748187,0.0,0.748268,0.0
Encoder,camera6,UFPR05,1024,mult,0.744846,0.0,0.737459,0.0
Encoder,camera6,UFPR05,1024,vote,0.735982,0.0,0.727964,0.0
Encoder,camera7,camera1,64,mean_individual_models,0.644098,0.085317,0.644112,0.078245
Encoder,camera7,camera1,64,sum,0.675655,0.0,0.676466,0.0
Encoder,camera7,camera1,64,mean_probs,0.675655,0.0,0.676466,0.0
Encoder,camera7,camera1,64,max,0.662386,0.0,0.665235,0.0
Encoder,camera7,camera1,64,mult,0.654424,0.0,0.656813,0.0
Encoder,camera7,camera1,64,vote,0.687093,0.0,0.687036,0.0
Encoder,camera7,camera2,64,mean_individual_models,0.749006,0.037597,0.746825,0.038921
Encoder,camera7,camera2,64,sum,0.779269,0.0,0.776644,0.0
Encoder,camera7,camera2,64,mean_probs,0.779269,0.0,0.776644,0.0
Encoder,camera7,camera2,64,max,0.786472,0.0,0.785714,0.0
Encoder,camera7,camera2,64,mult,0.776981,0.0,0.774376,0.0
Encoder,camera7,camera2,64,vote,0.780538,0.0,0.777778,0.0
Encoder,camera7,camera3,64,mean_individual_models,0.738466,0.050597,0.734194,0.050743
Encoder,camera7,camera3,64,sum,0.767292,0.0,0.763748,0.0
Encoder,camera7,camera3,64,mean_probs,0.767292,0.0,0.763748,0.0
Encoder,camera7,camera3,64,max,0.782276,0.0,0.776959,0.0
Encoder,camera7,camera3,64,mult,0.762379,0.0,0.75914,0.0
Encoder,camera7,camera3,64,vote,0.76961,0.0,0.766206,0.0
Encoder,camera7,camera4,64,mean_individual_models,0.810247,0.014032,0.807093,0.01563
Encoder,camera7,camera4,64,sum,0.83763,0.0,0.835963,0.0
Encoder,camera7,camera4,64,mean_probs,0.83763,0.0,0.835963,0.0
Encoder,camera7,camera4,64,max,0.855099,0.0,0.854242,0.0
Encoder,camera7,camera4,64,mult,0.838352,0.0,0.836588,0.0
Encoder,camera7,camera4,64,vote,0.838493,0.0,0.836744,0.0
Encoder,camera7,camera5,64,mean_individual_models,0.815144,0.029438,0.812901,0.030085
Encoder,camera7,camera5,64,sum,0.847916,0.0,0.847497,0.0
Encoder,camera7,camera5,64,mean_probs,0.847916,0.0,0.847497,0.0
Encoder,camera7,camera5,64,max,0.848547,0.0,0.847826,0.0
Encoder,camera7,camera5,64,mult,0.841742,0.0,0.841238,0.0
Encoder,camera7,camera5,64,vote,0.850577,0.0,0.850351,0.0
Encoder,camera7,camera6,64,mean_individual_models,0.807857,0.045028,0.805561,0.045301
Encoder,camera7,camera6,64,sum,0.846142,0.0,0.845754,0.0
Encoder,camera7,camera6,64,mean_probs,0.846142,0.0,0.845754,0.0
Encoder,camera7,camera6,64,max,0.848946,0.0,0.848869,0.0
Encoder,camera7,camera6,64,mult,0.839361,0.0,0.839179,0.0
Encoder,camera7,camera6,64,vote,0.848002,0.0,0.847485,0.0
Encoder,camera7,camera7,64,mean_individual_models,0.799343,0.063281,0.79309,0.069311
Encoder,camera7,camera7,64,sum,0.849346,0.0,0.850488,0.0
Encoder,camera7,camera7,64,mean_probs,0.849346,0.0,0.850488,0.0
Encoder,camera7,camera7,64,max,0.85294,0.0,0.854037,0.0
Encoder,camera7,camera7,64,mult,0.844864,0.0,0.846162,0.0
Encoder,camera7,camera7,64,vote,0.853387,0.0,0.85437,0.0
Encoder,camera7,camera8,64,mean_individual_models,0.819225,0.038354,0.817216,0.040132
Encoder,camera7,camera8,64,sum,0.847515,0.0,0.847222,0.0
Encoder,camera7,camera8,64,mean_probs,0.847515,0.0,0.847222,0.0
Encoder,camera7,camera8,64,max,0.853172,0.0,0.85137,0.0
Encoder,camera7,camera8,64,mult,0.840968,0.0,0.839988,0.0
Encoder,camera7,camera8,64,vote,0.849721,0.0,0.849537,0.0
Encoder,camera7,camera9,64,mean_individual_models,0.780116,0.048493,0.760895,0.052884
Encoder,camera7,camera9,64,sum,0.808347,0.0,0.789526,0.0
Encoder,camera7,camera9,64,mean_probs,0.808347,0.0,0.789526,0.0
Encoder,camera7,camera9,64,max,0.817073,0.0,0.800361,0.0
Encoder,camera7,camera9,64,mult,0.804487,0.0,0.785313,0.0
Encoder,camera7,camera9,64,vote,0.811821,0.0,0.792135,0.0
Encoder,camera7,PUC,64,mean_individual_models,0.767048,0.045916,0.736281,0.05149
Encoder,camera7,PUC,64,sum,0.787548,0.0,0.755359,0.0
Encoder,camera7,PUC,64,mean_probs,0.787548,0.0,0.755359,0.0
Encoder,camera7,PUC,64,max,0.789042,0.0,0.782833,0.0
Encoder,camera7,PUC,64,mult,0.777342,0.0,0.750292,0.0
Encoder,camera7,PUC,64,vote,0.788133,0.0,0.75575,0.0
Encoder,camera7,UFPR04,64,mean_individual_models,0.743395,0.066946,0.636513,0.059041
Encoder,camera7,UFPR04,64,sum,0.752925,0.0,0.612684,0.0
Encoder,camera7,UFPR04,64,mean_probs,0.752925,0.0,0.612684,0.0
Encoder,camera7,UFPR04,64,max,0.776663,0.0,0.698518,0.0
Encoder,camera7,UFPR04,64,mult,0.760199,0.0,0.634292,0.0
Encoder,camera7,UFPR04,64,vote,0.753905,0.0,0.612857,0.0
Encoder,camera7,UFPR05,64,mean_individual_models,0.578689,0.040718,0.563705,0.041519
Encoder,camera7,UFPR05,64,sum,0.587323,0.0,0.574403,0.0
Encoder,camera7,UFPR05,64,mean_probs,0.587323,0.0,0.574403,0.0
Encoder,camera7,UFPR05,64,max,0.628196,0.0,0.62185,0.0
Encoder,camera7,UFPR05,64,mult,0.583105,0.0,0.570327,0.0
Encoder,camera7,UFPR05,64,vote,0.589738,0.0,0.576306,0.0
Encoder,camera7,camera1,128,mean_individual_models,0.748884,0.028299,0.729397,0.037113
Encoder,camera7,camera1,128,sum,0.761126,0.0,0.74616,0.0
Encoder,camera7,camera1,128,mean_probs,0.761126,0.0,0.74616,0.0
Encoder,camera7,camera1,128,max,0.779727,0.0,0.76251,0.0
Encoder,camera7,camera1,128,mult,0.759704,0.0,0.741536,0.0
Encoder,camera7,camera1,128,vote,0.760481,0.0,0.745665,0.0
Encoder,camera7,camera2,128,mean_individual_models,0.821748,0.03096,0.814626,0.028273
Encoder,camera7,camera2,128,sum,0.834783,0.0,0.831066,0.0
Encoder,camera7,camera2,128,mean_probs,0.834783,0.0,0.831066,0.0
Encoder,camera7,camera2,128,max,0.868475,0.0,0.865079,0.0
Encoder,camera7,camera2,128,mult,0.833163,0.0,0.828798,0.0
Encoder,camera7,camera2,128,vote,0.834783,0.0,0.831066,0.0
Encoder,camera7,camera3,128,mean_individual_models,0.828533,0.027698,0.825008,0.025664
Encoder,camera7,camera3,128,sum,0.853932,0.0,0.854071,0.0
Encoder,camera7,camera3,128,mean_probs,0.853932,0.0,0.854071,0.0
Encoder,camera7,camera3,128,max,0.886164,0.0,0.886329,0.0
Encoder,camera7,camera3,128,mult,0.854766,0.0,0.854992,0.0
Encoder,camera7,camera3,128,vote,0.853363,0.0,0.853456,0.0
Encoder,camera7,camera4,128,mean_individual_models,0.838187,0.023995,0.829948,0.025495
Encoder,camera7,camera4,128,sum,0.845661,0.0,0.841119,0.0
Encoder,camera7,camera4,128,mean_probs,0.845661,0.0,0.841119,0.0
Encoder,camera7,camera4,128,max,0.870959,0.0,0.866271,0.0
Encoder,camera7,camera4,128,mult,0.85076,0.0,0.844868,0.0
Encoder,camera7,camera4,128,vote,0.84561,0.0,0.841119,0.0
Encoder,camera7,camera5,128,mean_individual_models,0.860618,0.015244,0.855819,0.019259
Encoder,camera7,camera5,128,sum,0.883507,0.0,0.882191,0.0
Encoder,camera7,camera5,128,mean_probs,0.883507,0.0,0.882191,0.0
Encoder,camera7,camera5,128,max,0.891177,0.0,0.890316,0.0
Encoder,camera7,camera5,128,mult,0.881919,0.0,0.880105,0.0
Encoder,camera7,camera5,128,vote,0.883266,0.0,0.881972,0.0
Encoder,camera7,camera6,128,mean_individual_models,0.870949,0.015812,0.865321,0.0169
Encoder,camera7,camera6,128,sum,0.883563,0.0,0.879788,0.0
Encoder,camera7,camera6,128,mean_probs,0.883563,0.0,0.879788,0.0
Encoder,camera7,camera6,128,max,0.893769,0.0,0.890632,0.0
Encoder,camera7,camera6,128,mult,0.882382,0.0,0.878057,0.0
Encoder,camera7,camera6,128,vote,0.883033,0.0,0.879211,0.0
Encoder,camera7,camera7,128,mean_individual_models,0.886877,0.00939,0.876165,0.007864
Encoder,camera7,camera7,128,sum,0.900568,0.0,0.89075,0.0
Encoder,camera7,camera7,128,mean_probs,0.900568,0.0,0.89075,0.0
Encoder,camera7,camera7,128,max,0.910814,0.0,0.902396,0.0
Encoder,camera7,camera7,128,mult,0.90109,0.0,0.890861,0.0
Encoder,camera7,camera7,128,vote,0.900187,0.0,0.890417,0.0
Encoder,camera7,camera8,128,mean_individual_models,0.877557,0.010657,0.875357,0.009756
Encoder,camera7,camera8,128,sum,0.890455,0.0,0.889757,0.0
Encoder,camera7,camera8,128,mean_probs,0.890455,0.0,0.889757,0.0
Encoder,camera7,camera8,128,max,0.906601,0.0,0.906443,0.0
Encoder,camera7,camera8,128,mult,0.891869,0.0,0.891011,0.0
Encoder,camera7,camera8,128,vote,0.890103,0.0,0.889468,0.0
Encoder,camera7,camera9,128,mean_individual_models,0.830978,0.012638,0.809089,0.022491
Encoder,camera7,camera9,128,sum,0.841896,0.0,0.821228,0.0
Encoder,camera7,camera9,128,mean_probs,0.841896,0.0,0.821228,0.0
Encoder,camera7,camera9,128,max,0.863374,0.0,0.844904,0.0
Encoder,camera7,camera9,128,mult,0.842387,0.0,0.819823,0.0
Encoder,camera7,camera9,128,vote,0.842177,0.0,0.821629,0.0
Encoder,camera7,PUC,128,mean_individual_models,0.760458,0.039488,0.715778,0.045556
Encoder,camera7,PUC,128,sum,0.78521,0.0,0.730277,0.0
Encoder,camera7,PUC,128,mean_probs,0.78521,0.0,0.730277,0.0
Encoder,camera7,PUC,128,max,0.787039,0.0,0.775748,0.0
Encoder,camera7,PUC,128,mult,0.780249,0.0,0.724333,0.0
Encoder,camera7,PUC,128,vote,0.785782,0.0,0.730566,0.0
Encoder,camera7,UFPR04,128,mean_individual_models,0.75691,0.039514,0.641256,0.057515
Encoder,camera7,UFPR04,128,sum,0.764678,0.0,0.609705,0.0
Encoder,camera7,UFPR04,128,mean_probs,0.764678,0.0,0.609705,0.0
Encoder,camera7,UFPR04,128,max,0.789472,0.0,0.689526,0.0
Encoder,camera7,UFPR04,128,mult,0.76762,0.0,0.607224,0.0
Encoder,camera7,UFPR04,128,vote,0.764507,0.0,0.609763,0.0
Encoder,camera7,UFPR05,128,mean_individual_models,0.647008,0.042891,0.632469,0.043781
Encoder,camera7,UFPR05,128,sum,0.661556,0.0,0.649156,0.0
Encoder,camera7,UFPR05,128,mean_probs,0.661556,0.0,0.649156,0.0
Encoder,camera7,UFPR05,128,max,0.692026,0.0,0.68298,0.0
Encoder,camera7,UFPR05,128,mult,0.665174,0.0,0.650582,0.0
Encoder,camera7,UFPR05,128,vote,0.66154,0.0,0.649149,0.0
Encoder,camera7,camera1,256,mean_individual_models,0.80423,0.038621,0.77858,0.044906
Encoder,camera7,camera1,256,sum,0.840045,0.0,0.814864,0.0
Encoder,camera7,camera1,256,mean_probs,0.840045,0.0,0.814864,0.0
Encoder,camera7,camera1,256,max,0.851587,0.0,0.833856,0.0
Encoder,camera7,camera1,256,mult,0.842113,0.0,0.815359,0.0
Encoder,camera7,camera1,256,vote,0.839009,0.0,0.813873,0.0
Encoder,camera7,camera2,256,mean_individual_models,0.879051,0.039419,0.865193,0.037365
Encoder,camera7,camera2,256,sum,0.916729,0.0,0.903628,0.0
Encoder,camera7,camera2,256,mean_probs,0.916729,0.0,0.903628,0.0
Encoder,camera7,camera2,256,max,0.925517,0.0,0.918367,0.0
Encoder,camera7,camera2,256,mult,0.911036,0.0,0.895692,0.0
Encoder,camera7,camera2,256,vote,0.916616,0.0,0.902494,0.0
Encoder,camera7,camera3,256,mean_individual_models,0.875684,0.030265,0.871183,0.029042
Encoder,camera7,camera3,256,sum,0.913853,0.0,0.91275,0.0
Encoder,camera7,camera3,256,mean_probs,0.913853,0.0,0.91275,0.0
Encoder,camera7,camera3,256,max,0.917812,0.0,0.917972,0.0
Encoder,camera7,camera3,256,mult,0.91554,0.0,0.914593,0.0
Encoder,camera7,camera3,256,vote,0.914589,0.0,0.913364,0.0
Encoder,camera7,camera4,256,mean_individual_models,0.882004,0.02231,0.875363,0.022922
Encoder,camera7,camera4,256,sum,0.902484,0.0,0.899078,0.0
Encoder,camera7,camera4,256,mean_probs,0.902484,0.0,0.899078,0.0
Encoder,camera7,camera4,256,max,0.919071,0.0,0.916419,0.0
Encoder,camera7,camera4,256,mult,0.900646,0.0,0.895641,0.0
Encoder,camera7,camera4,256,vote,0.902162,0.0,0.898922,0.0
Encoder,camera7,camera5,256,mean_individual_models,0.89932,0.013588,0.895224,0.012828
Encoder,camera7,camera5,256,sum,0.931517,0.0,0.929513,0.0
Encoder,camera7,camera5,256,mean_probs,0.931517,0.0,0.929513,0.0
Encoder,camera7,camera5,256,max,0.92866,0.0,0.927536,0.0
Encoder,camera7,camera5,256,mult,0.927094,0.0,0.924242,0.0
Encoder,camera7,camera5,256,vote,0.930293,0.0,0.928305,0.0
Encoder,camera7,camera6,256,mean_individual_models,0.911819,0.011351,0.906899,0.010771
Encoder,camera7,camera6,256,sum,0.932058,0.0,0.927896,0.0
Encoder,camera7,camera6,256,mean_probs,0.932058,0.0,0.927896,0.0
Encoder,camera7,camera6,256,max,0.939863,0.0,0.93724,0.0
Encoder,camera7,camera6,256,mult,0.930513,0.0,0.92605,0.0
Encoder,camera7,camera6,256,vote,0.931591,0.0,0.927434,0.0
Encoder,camera7,camera7,256,mean_individual_models,0.914747,0.012157,0.902917,0.014943
Encoder,camera7,camera7,256,sum,0.931196,0.0,0.920586,0.0
Encoder,camera7,camera7,256,mean_probs,0.931196,0.0,0.920586,0.0
Encoder,camera7,camera7,256,max,0.933752,0.0,0.924468,0.0
Encoder,camera7,camera7,256,mult,0.928354,0.0,0.916593,0.0
Encoder,camera7,camera7,256,vote,0.931612,0.0,0.92114,0.0
Encoder,camera7,camera8,256,mean_individual_models,0.922768,0.01416,0.919927,0.013475
Encoder,camera7,camera8,256,sum,0.946666,0.0,0.944637,0.0
Encoder,camera7,camera8,256,mean_probs,0.946666,0.0,0.944637,0.0
Encoder,camera7,camera8,256,max,0.953132,0.0,0.952353,0.0
Encoder,camera7,camera8,256,mult,0.945967,0.0,0.943673,0.0
Encoder,camera7,camera8,256,vote,0.946556,0.0,0.944541,0.0
Encoder,camera7,camera9,256,mean_individual_models,0.87339,0.019498,0.860855,0.028528
Encoder,camera7,camera9,256,sum,0.898982,0.0,0.889446,0.0
Encoder,camera7,camera9,256,mean_probs,0.898982,0.0,0.889446,0.0
Encoder,camera7,camera9,256,max,0.913602,0.0,0.906501,0.0
Encoder,camera7,camera9,256,mult,0.896123,0.0,0.884831,0.0
Encoder,camera7,camera9,256,vote,0.898675,0.0,0.889045,0.0
Encoder,camera7,PUC,256,mean_individual_models,0.822129,0.029009,0.795699,0.038372
Encoder,camera7,PUC,256,sum,0.854335,0.0,0.829535,0.0
Encoder,camera7,PUC,256,mean_probs,0.854335,0.0,0.829535,0.0
Encoder,camera7,PUC,256,max,0.840771,0.0,0.839629,0.0
Encoder,camera7,PUC,256,mult,0.840152,0.0,0.82049,0.0
Encoder,camera7,PUC,256,vote,0.854282,0.0,0.829552,0.0
Encoder,camera7,UFPR04,256,mean_individual_models,0.790356,0.038068,0.709447,0.054749
Encoder,camera7,UFPR04,256,sum,0.814452,0.0,0.715521,0.0
Encoder,camera7,UFPR04,256,mean_probs,0.814452,0.0,0.715521,0.0
Encoder,camera7,UFPR04,256,max,0.835921,0.0,0.806665,0.0
Encoder,camera7,UFPR04,256,mult,0.823908,0.0,0.733032,0.0
Encoder,camera7,UFPR04,256,vote,0.814402,0.0,0.71559,0.0
Encoder,camera7,UFPR05,256,mean_individual_models,0.661559,0.044925,0.649036,0.045054
Encoder,camera7,UFPR05,256,sum,0.677705,0.0,0.668252,0.0
Encoder,camera7,UFPR05,256,mean_probs,0.677705,0.0,0.668252,0.0
Encoder,camera7,UFPR05,256,max,0.719264,0.0,0.71658,0.0
Encoder,camera7,UFPR05,256,mult,0.684321,0.0,0.673567,0.0
Encoder,camera7,UFPR05,256,vote,0.67755,0.0,0.668125,0.0
Encoder,camera7,camera1,512,mean_individual_models,0.822832,0.03292,0.791924,0.04859
Encoder,camera7,camera1,512,sum,0.848884,0.0,0.824277,0.0
Encoder,camera7,camera1,512,mean_probs,0.848884,0.0,0.824277,0.0
Encoder,camera7,camera1,512,max,0.876268,0.0,0.866391,0.0
Encoder,camera7,camera1,512,mult,0.860872,0.0,0.842609,0.0
Encoder,camera7,camera1,512,vote,0.847213,0.0,0.822296,0.0
Encoder,camera7,camera2,512,mean_individual_models,0.890469,0.029586,0.873243,0.038708
Encoder,camera7,camera2,512,sum,0.94475,0.0,0.938776,0.0
Encoder,camera7,camera2,512,mean_probs,0.94475,0.0,0.938776,0.0
Encoder,camera7,camera2,512,max,0.941991,0.0,0.936508,0.0
Encoder,camera7,camera2,512,mult,0.942453,0.0,0.936508,0.0
Encoder,camera7,camera2,512,vote,0.942934,0.0,0.936508,0.0
Encoder,camera7,camera3,512,mean_individual_models,0.900453,0.020699,0.895115,0.020537
Encoder,camera7,camera3,512,sum,0.944625,0.0,0.941628,0.0
Encoder,camera7,camera3,512,mean_probs,0.944625,0.0,0.941628,0.0
Encoder,camera7,camera3,512,max,0.924696,0.0,0.924731,0.0
Encoder,camera7,camera3,512,mult,0.940236,0.0,0.938249,0.0
Encoder,camera7,camera3,512,vote,0.944268,0.0,0.941321,0.0
Encoder,camera7,camera4,512,mean_individual_models,0.902517,0.017842,0.89611,0.023841
Encoder,camera7,camera4,512,sum,0.930767,0.0,0.927824,0.0
Encoder,camera7,camera4,512,mean_probs,0.930767,0.0,0.927824,0.0
Encoder,camera7,camera4,512,max,0.944938,0.0,0.943603,0.0
Encoder,camera7,camera4,512,mult,0.937862,0.0,0.935479,0.0
Encoder,camera7,camera4,512,vote,0.928794,0.0,0.925949,0.0
Encoder,camera7,camera5,512,mean_individual_models,0.917925,0.016859,0.912758,0.023422
Encoder,camera7,camera5,512,sum,0.949125,0.0,0.947958,0.0
Encoder,camera7,camera5,512,mean_probs,0.949125,0.0,0.947958,0.0
Encoder,camera7,camera5,512,max,0.946744,0.0,0.945433,0.0
Encoder,camera7,camera5,512,mult,0.949799,0.0,0.948507,0.0
Encoder,camera7,camera5,512,vote,0.948532,0.0,0.947299,0.0
Encoder,camera7,camera6,512,mean_individual_models,0.934821,0.013392,0.931034,0.016903
Encoder,camera7,camera6,512,sum,0.961439,0.0,0.959622,0.0
Encoder,camera7,camera6,512,mean_probs,0.961439,0.0,0.959622,0.0
Encoder,camera7,camera6,512,max,0.959882,0.0,0.958929,0.0
Encoder,camera7,camera6,512,mult,0.961977,0.0,0.960429,0.0
Encoder,camera7,camera6,512,vote,0.961364,0.0,0.959506,0.0
Encoder,camera7,camera7,512,mean_individual_models,0.923997,0.009778,0.912101,0.0141
Encoder,camera7,camera7,512,sum,0.938931,0.0,0.929791,0.0
Encoder,camera7,camera7,512,mean_probs,0.938931,0.0,0.929791,0.0
Encoder,camera7,camera7,512,max,0.94554,0.0,0.938332,0.0
Encoder,camera7,camera7,512,mult,0.942031,0.0,0.933673,0.0
Encoder,camera7,camera7,512,vote,0.938086,0.0,0.928682,0.0
Encoder,camera7,camera8,512,mean_individual_models,0.936722,0.007978,0.934192,0.009645
Encoder,camera7,camera8,512,sum,0.959887,0.0,0.958719,0.0
Encoder,camera7,camera8,512,mean_probs,0.959887,0.0,0.958719,0.0
Encoder,camera7,camera8,512,max,0.966136,0.0,0.965856,0.0
Encoder,camera7,camera8,512,mult,0.963704,0.0,0.96277,0.0
Encoder,camera7,camera8,512,vote,0.959556,0.0,0.958333,0.0
Encoder,camera7,camera9,512,mean_individual_models,0.885523,0.015364,0.876585,0.018659
Encoder,camera7,camera9,512,sum,0.908603,0.0,0.902287,0.0
Encoder,camera7,camera9,512,mean_probs,0.908603,0.0,0.902287,0.0
Encoder,camera7,camera9,512,max,0.9316,0.0,0.930377,0.0
Encoder,camera7,camera9,512,mult,0.917713,0.0,0.913323,0.0
Encoder,camera7,camera9,512,vote,0.908281,0.0,0.901886,0.0
Encoder,camera7,PUC,512,mean_individual_models,0.820353,0.036869,0.805448,0.035343
Encoder,camera7,PUC,512,sum,0.867419,0.0,0.858743,0.0
Encoder,camera7,PUC,512,mean_probs,0.867419,0.0,0.858743,0.0
Encoder,camera7,PUC,512,max,0.826377,0.0,0.821354,0.0
Encoder,camera7,PUC,512,mult,0.871507,0.0,0.867782,0.0
Encoder,camera7,PUC,512,vote,0.867193,0.0,0.858465,0.0
Encoder,camera7,UFPR04,512,mean_individual_models,0.78058,0.064623,0.729173,0.067257
Encoder,camera7,UFPR04,512,sum,0.856221,0.0,0.809528,0.0
Encoder,camera7,UFPR04,512,mean_probs,0.856221,0.0,0.809528,0.0
Encoder,camera7,UFPR04,512,max,0.756838,0.0,0.751385,0.0
Encoder,camera7,UFPR04,512,mult,0.837478,0.0,0.825965,0.0
Encoder,camera7,UFPR04,512,vote,0.856262,0.0,0.809597,0.0
Encoder,camera7,UFPR05,512,mean_individual_models,0.697091,0.052967,0.69057,0.052365
Encoder,camera7,UFPR05,512,sum,0.719852,0.0,0.720178,0.0
Encoder,camera7,UFPR05,512,mean_probs,0.719852,0.0,0.720178,0.0
Encoder,camera7,UFPR05,512,max,0.715042,0.0,0.719252,0.0
Encoder,camera7,UFPR05,512,mult,0.72061,0.0,0.721827,0.0
Encoder,camera7,UFPR05,512,vote,0.720285,0.0,0.720327,0.0
Encoder,camera7,camera1,1024,mean_individual_models,0.829018,0.021703,0.801899,0.031
Encoder,camera7,camera1,1024,sum,0.849918,0.0,0.825268,0.0
Encoder,camera7,camera1,1024,mean_probs,0.849918,0.0,0.825268,0.0
Encoder,camera7,camera1,1024,max,0.884538,0.0,0.877291,0.0
Encoder,camera7,camera1,1024,mult,0.863706,0.0,0.845252,0.0
Encoder,camera7,camera1,1024,vote,0.849494,0.0,0.824608,0.0
Encoder,camera7,camera2,1024,mean_individual_models,0.903976,0.019994,0.895805,0.021752
Encoder,camera7,camera2,1024,sum,0.947501,0.0,0.942177,0.0
Encoder,camera7,camera2,1024,mean_probs,0.947501,0.0,0.942177,0.0
Encoder,camera7,camera2,1024,max,0.949725,0.0,0.946712,0.0
Encoder,camera7,camera2,1024,mult,0.949355,0.0,0.944444,0.0
Encoder,camera7,camera2,1024,vote,0.946134,0.0,0.941043,0.0
Encoder,camera7,camera3,1024,mean_individual_models,0.904582,0.026352,0.901444,0.025771
Encoder,camera7,camera3,1024,sum,0.937966,0.0,0.935177,0.0
Encoder,camera7,camera3,1024,mean_probs,0.937966,0.0,0.935177,0.0
Encoder,camera7,camera3,1024,max,0.939349,0.0,0.939478,0.0
Encoder,camera7,camera3,1024,mult,0.93822,0.0,0.936713,0.0
Encoder,camera7,camera3,1024,vote,0.938322,0.0,0.935484,0.0
Encoder,camera7,camera4,1024,mean_individual_models,0.917649,0.013293,0.914716,0.013483
Encoder,camera7,camera4,1024,sum,0.940859,0.0,0.939384,0.0
Encoder,camera7,camera4,1024,mean_probs,0.940859,0.0,0.939384,0.0
Encoder,camera7,camera4,1024,max,0.959942,0.0,0.95985,0.0
Encoder,camera7,camera4,1024,mult,0.952785,0.0,0.952039,0.0
Encoder,camera7,camera4,1024,vote,0.940167,0.0,0.93876,0.0
Encoder,camera7,camera5,1024,mean_individual_models,0.92448,0.009234,0.92253,0.009112
Encoder,camera7,camera5,1024,sum,0.952462,0.0,0.95191,0.0
Encoder,camera7,camera5,1024,mean_probs,0.952462,0.0,0.95191,0.0
Encoder,camera7,camera5,1024,max,0.958976,0.0,0.959047,0.0
Encoder,camera7,camera5,1024,mult,0.955644,0.0,0.955314,0.0
Encoder,camera7,camera5,1024,vote,0.952665,0.0,0.95213,0.0
Encoder,camera7,camera6,1024,mean_individual_models,0.944945,0.009089,0.943759,0.008719
Encoder,camera7,camera6,1024,sum,0.965733,0.0,0.964813,0.0
Encoder,camera7,camera6,1024,mean_probs,0.965733,0.0,0.964813,0.0
Encoder,camera7,camera6,1024,max,0.967706,0.0,0.967351,0.0
Encoder,camera7,camera6,1024,mult,0.9682,0.0,0.967467,0.0
Encoder,camera7,camera6,1024,vote,0.965801,0.0,0.964928,0.0
Encoder,camera7,camera7,1024,mean_individual_models,0.931699,0.014957,0.92246,0.018614
Encoder,camera7,camera7,1024,sum,0.945647,0.0,0.93811,0.0
Encoder,camera7,camera7,1024,mean_probs,0.945647,0.0,0.93811,0.0
Encoder,camera7,camera7,1024,max,0.949028,0.0,0.942879,0.0
Encoder,camera7,camera7,1024,mult,0.946917,0.0,0.939663,0.0
Encoder,camera7,camera7,1024,vote,0.944928,0.0,0.937334,0.0
Encoder,camera7,camera8,1024,mean_individual_models,0.945058,0.009717,0.943789,0.009162
Encoder,camera7,camera8,1024,sum,0.96554,0.0,0.964699,0.0
Encoder,camera7,camera8,1024,mean_probs,0.96554,0.0,0.964699,0.0
Encoder,camera7,camera8,1024,max,0.974066,0.0,0.973958,0.0
Encoder,camera7,camera8,1024,mult,0.970013,0.0,0.969329,0.0
Encoder,camera7,camera8,1024,vote,0.965346,0.0,0.964506,0.0
Encoder,camera7,camera9,1024,mean_individual_models,0.891154,0.016996,0.884109,0.021121
Encoder,camera7,camera9,1024,sum,0.913669,0.0,0.90931,0.0
Encoder,camera7,camera9,1024,mean_probs,0.913669,0.0,0.90931,0.0
Encoder,camera7,camera9,1024,max,0.938704,0.0,0.938202,0.0
Encoder,camera7,camera9,1024,mult,0.925543,0.0,0.923154,0.0
Encoder,camera7,camera9,1024,vote,0.913502,0.0,0.909109,0.0
Encoder,camera7,PUC,1024,mean_individual_models,0.835646,0.03016,0.822063,0.035444
Encoder,camera7,PUC,1024,sum,0.86765,0.0,0.858824,0.0
Encoder,camera7,PUC,1024,mean_probs,0.86765,0.0,0.858824,0.0
Encoder,camera7,PUC,1024,max,0.852079,0.0,0.848212,0.0
Encoder,camera7,PUC,1024,mult,0.871133,0.0,0.86969,0.0
Encoder,camera7,PUC,1024,vote,0.867514,0.0,0.85865,0.0
Encoder,camera7,UFPR04,1024,mean_individual_models,0.793195,0.046463,0.730409,0.063881
Encoder,camera7,UFPR04,1024,sum,0.84278,0.0,0.777392,0.0
Encoder,camera7,UFPR04,1024,mean_probs,0.84278,0.0,0.777392,0.0
Encoder,camera7,UFPR04,1024,max,0.787266,0.0,0.788138,0.0
Encoder,camera7,UFPR04,1024,mult,0.820697,0.0,0.806884,0.0
Encoder,camera7,UFPR04,1024,vote,0.842729,0.0,0.777403,0.0
Encoder,camera7,UFPR05,1024,mean_individual_models,0.705391,0.053967,0.702884,0.05325
Encoder,camera7,UFPR05,1024,sum,0.724513,0.0,0.727628,0.0
Encoder,camera7,UFPR05,1024,mean_probs,0.724513,0.0,0.727628,0.0
Encoder,camera7,UFPR05,1024,max,0.755028,0.0,0.75857,0.0
Encoder,camera7,UFPR05,1024,mult,0.736396,0.0,0.739885,0.0
Encoder,camera7,UFPR05,1024,vote,0.723245,0.0,0.726284,0.0
Encoder,camera8,camera1,64,mean_individual_models,0.743275,0.034382,0.68327,0.03991
Encoder,camera8,camera1,64,sum,0.77474,0.0,0.698927,0.0
Encoder,camera8,camera1,64,mean_probs,0.77474,0.0,0.698927,0.0
Encoder,camera8,camera1,64,max,0.762281,0.0,0.677622,0.0
Encoder,camera8,camera1,64,mult,0.773081,0.0,0.68654,0.0
Encoder,camera8,camera1,64,vote,0.772102,0.0,0.699752,0.0
Encoder,camera8,camera2,64,mean_individual_models,0.79701,0.055447,0.779592,0.053484
Encoder,camera8,camera2,64,sum,0.846748,0.0,0.825397,0.0
Encoder,camera8,camera2,64,mean_probs,0.846748,0.0,0.825397,0.0
Encoder,camera8,camera2,64,max,0.823398,0.0,0.785714,0.0
Encoder,camera8,camera2,64,mult,0.829884,0.0,0.795918,0.0
Encoder,camera8,camera2,64,vote,0.850749,0.0,0.8322,0.0
Encoder,camera8,camera3,64,mean_individual_models,0.818764,0.052606,0.801782,0.049306
Encoder,camera8,camera3,64,sum,0.862894,0.0,0.843932,0.0
Encoder,camera8,camera3,64,mean_probs,0.862894,0.0,0.843932,0.0
Encoder,camera8,camera3,64,max,0.87732,0.0,0.853149,0.0
Encoder,camera8,camera3,64,mult,0.870581,0.0,0.847619,0.0
Encoder,camera8,camera3,64,vote,0.861587,0.0,0.843318,0.0
Encoder,camera8,camera4,64,mean_individual_models,0.847336,0.025579,0.827214,0.030281
Encoder,camera8,camera4,64,sum,0.873543,0.0,0.856116,0.0
Encoder,camera8,camera4,64,mean_probs,0.873543,0.0,0.856116,0.0
Encoder,camera8,camera4,64,max,0.862815,0.0,0.835338,0.0
Encoder,camera8,camera4,64,mult,0.874114,0.0,0.853929,0.0
Encoder,camera8,camera4,64,vote,0.874017,0.0,0.857522,0.0
Encoder,camera8,camera5,64,mean_individual_models,0.828321,0.027787,0.809289,0.040399
Encoder,camera8,camera5,64,sum,0.848866,0.0,0.831577,0.0
Encoder,camera8,camera5,64,mean_probs,0.848866,0.0,0.831577,0.0
Encoder,camera8,camera5,64,max,0.807655,0.0,0.763614,0.0
Encoder,camera8,camera5,64,mult,0.836444,0.0,0.810277,0.0
Encoder,camera8,camera5,64,vote,0.849151,0.0,0.833333,0.0
Encoder,camera8,camera6,64,mean_individual_models,0.872962,0.026568,0.863486,0.029774
Encoder,camera8,camera6,64,sum,0.904825,0.0,0.897439,0.0
Encoder,camera8,camera6,64,mean_probs,0.904825,0.0,0.897439,0.0
Encoder,camera8,camera6,64,max,0.892538,0.0,0.881172,0.0
Encoder,camera8,camera6,64,mult,0.905117,0.0,0.896516,0.0
Encoder,camera8,camera6,64,vote,0.904746,0.0,0.897785,0.0
Encoder,camera8,camera7,64,mean_individual_models,0.83288,0.017223,0.801109,0.027825
Encoder,camera8,camera7,64,sum,0.858752,0.0,0.822981,0.0
Encoder,camera8,camera7,64,mean_probs,0.858752,0.0,0.822981,0.0
Encoder,camera8,camera7,64,max,0.827961,0.0,0.765417,0.0
Encoder,camera8,camera7,64,mult,0.847895,0.0,0.800244,0.0
Encoder,camera8,camera7,64,vote,0.862317,0.0,0.828971,0.0
Encoder,camera8,camera8,64,mean_individual_models,0.874803,0.020602,0.862481,0.02359
Encoder,camera8,camera8,64,sum,0.904272,0.0,0.894001,0.0
Encoder,camera8,camera8,64,mean_probs,0.904272,0.0,0.894001,0.0
Encoder,camera8,camera8,64,max,0.889838,0.0,0.873457,0.0
Encoder,camera8,camera8,64,mult,0.900874,0.0,0.887635,0.0
Encoder,camera8,camera8,64,vote,0.904062,0.0,0.894194,0.0
Encoder,camera8,camera9,64,mean_individual_models,0.786055,0.01786,0.743178,0.024864
Encoder,camera8,camera9,64,sum,0.802025,0.0,0.757424,0.0
Encoder,camera8,camera9,64,mean_probs,0.802025,0.0,0.757424,0.0
Encoder,camera8,camera9,64,max,0.808402,0.0,0.767055,0.0
Encoder,camera8,camera9,64,mult,0.805965,0.0,0.761035,0.0
Encoder,camera8,camera9,64,vote,0.802465,0.0,0.758828,0.0
Encoder,camera8,PUC,64,mean_individual_models,0.78057,0.041001,0.715051,0.047982
Encoder,camera8,PUC,64,sum,0.808001,0.0,0.731846,0.0
Encoder,camera8,PUC,64,mean_probs,0.808001,0.0,0.731846,0.0
Encoder,camera8,PUC,64,max,0.829813,0.0,0.751281,0.0
Encoder,camera8,PUC,64,mult,0.809335,0.0,0.715771,0.0
Encoder,camera8,PUC,64,vote,0.803295,0.0,0.729941,0.0
Encoder,camera8,UFPR04,64,mean_individual_models,0.773565,0.015857,0.606874,0.017581
Encoder,camera8,UFPR04,64,sum,0.780809,0.0,0.586712,0.0
Encoder,camera8,UFPR04,64,mean_probs,0.780809,0.0,0.586712,0.0
Encoder,camera8,UFPR04,64,max,0.775061,0.0,0.584311,0.0
Encoder,camera8,UFPR04,64,mult,0.780212,0.0,0.579486,0.0
Encoder,camera8,UFPR04,64,vote,0.780951,0.0,0.587427,0.0
Encoder,camera8,UFPR05,64,mean_individual_models,0.675054,0.07052,0.65295,0.058713
Encoder,camera8,UFPR05,64,sum,0.700846,0.0,0.685951,0.0
Encoder,camera8,UFPR05,64,mean_probs,0.700846,0.0,0.685951,0.0
Encoder,camera8,UFPR05,64,max,0.799513,0.0,0.775896,0.0
Encoder,camera8,UFPR05,64,mult,0.749184,0.0,0.724627,0.0
Encoder,camera8,UFPR05,64,vote,0.696929,0.0,0.682741,0.0
Encoder,camera8,camera1,128,mean_individual_models,0.762453,0.036916,0.69891,0.051706
Encoder,camera8,camera1,128,sum,0.784033,0.0,0.705202,0.0
Encoder,camera8,camera1,128,mean_probs,0.784033,0.0,0.705202,0.0
Encoder,camera8,camera1,128,max,0.790232,0.0,0.716763,0.0
Encoder,camera8,camera1,128,mult,0.786772,0.0,0.70289,0.0
Encoder,camera8,camera1,128,vote,0.785004,0.0,0.708671,0.0
Encoder,camera8,camera2,128,mean_individual_models,0.827007,0.050676,0.810204,0.051217
Encoder,camera8,camera2,128,sum,0.866874,0.0,0.851474,0.0
Encoder,camera8,camera2,128,mean_probs,0.866874,0.0,0.851474,0.0
Encoder,camera8,camera2,128,max,0.857533,0.0,0.8322,0.0
Encoder,camera8,camera2,128,mult,0.857961,0.0,0.836735,0.0
Encoder,camera8,camera2,128,vote,0.866172,0.0,0.851474,0.0
Encoder,camera8,camera3,128,mean_individual_models,0.848393,0.050217,0.837235,0.047481
Encoder,camera8,camera3,128,sum,0.894572,0.0,0.886022,0.0
Encoder,camera8,camera3,128,mean_probs,0.894572,0.0,0.886022,0.0
Encoder,camera8,camera3,128,max,0.908189,0.0,0.895545,0.0
Encoder,camera8,camera3,128,mult,0.896902,0.0,0.884793,0.0
Encoder,camera8,camera3,128,vote,0.895153,0.0,0.886943,0.0
Encoder,camera8,camera4,128,mean_individual_models,0.863205,0.025264,0.845055,0.03309
Encoder,camera8,camera4,128,sum,0.884664,0.0,0.870958,0.0
Encoder,camera8,camera4,128,mean_probs,0.884664,0.0,0.870958,0.0
Encoder,camera8,camera4,128,max,0.885625,0.0,0.869708,0.0
Encoder,camera8,camera4,128,mult,0.881977,0.0,0.866427,0.0
Encoder,camera8,camera4,128,vote,0.883719,0.0,0.870177,0.0
Encoder,camera8,camera5,128,mean_individual_models,0.853688,0.021953,0.837055,0.033346
Encoder,camera8,camera5,128,sum,0.872895,0.0,0.86144,0.0
Encoder,camera8,camera5,128,mean_probs,0.872895,0.0,0.86144,0.0
Encoder,camera8,camera5,128,max,0.862112,0.0,0.841897,0.0
Encoder,camera8,camera5,128,mult,0.868306,0.0,0.852547,0.0
Encoder,camera8,camera5,128,vote,0.872732,0.0,0.86177,0.0
Encoder,camera8,camera6,128,mean_individual_models,0.902203,0.019618,0.895985,0.021494
Encoder,camera8,camera6,128,sum,0.928099,0.0,0.924435,0.0
Encoder,camera8,camera6,128,mean_probs,0.928099,0.0,0.924435,0.0
Encoder,camera8,camera6,128,max,0.924944,0.0,0.919243,0.0
Encoder,camera8,camera6,128,mult,0.926152,0.0,0.921204,0.0
Encoder,camera8,camera6,128,vote,0.927952,0.0,0.924435,0.0
Encoder,camera8,camera7,128,mean_individual_models,0.866274,0.019926,0.838332,0.037155
Encoder,camera8,camera7,128,sum,0.883363,0.0,0.85803,0.0
Encoder,camera8,camera7,128,mean_probs,0.883363,0.0,0.85803,0.0
Encoder,camera8,camera7,128,max,0.866279,0.0,0.826752,0.0
Encoder,camera8,camera7,128,mult,0.875894,0.0,0.844055,0.0
Encoder,camera8,camera7,128,vote,0.883879,0.0,0.858807,0.0
Encoder,camera8,camera8,128,mean_individual_models,0.90882,0.012792,0.902093,0.014734
Encoder,camera8,camera8,128,sum,0.936789,0.0,0.932967,0.0
Encoder,camera8,camera8,128,mean_probs,0.936789,0.0,0.932967,0.0
Encoder,camera8,camera8,128,max,0.935546,0.0,0.930652,0.0
Encoder,camera8,camera8,128,mult,0.934672,0.0,0.929591,0.0
Encoder,camera8,camera8,128,vote,0.936333,0.0,0.932581,0.0
Encoder,camera8,camera9,128,mean_individual_models,0.822618,0.022668,0.79703,0.032485
Encoder,camera8,camera9,128,sum,0.840039,0.0,0.816613,0.0
Encoder,camera8,camera9,128,mean_probs,0.840039,0.0,0.816613,0.0
Encoder,camera8,camera9,128,max,0.847819,0.0,0.826846,0.0
Encoder,camera8,camera9,128,mult,0.837651,0.0,0.8124,0.0
Encoder,camera8,camera9,128,vote,0.839476,0.0,0.816011,0.0
Encoder,camera8,PUC,128,mean_individual_models,0.803095,0.027376,0.754354,0.044784
Encoder,camera8,PUC,128,sum,0.827648,0.0,0.771854,0.0
Encoder,camera8,PUC,128,mean_probs,0.827648,0.0,0.771854,0.0
Encoder,camera8,PUC,128,max,0.845784,0.0,0.801218,0.0
Encoder,camera8,PUC,128,mult,0.82561,0.0,0.762202,0.0
Encoder,camera8,PUC,128,vote,0.827362,0.0,0.771903,0.0
Encoder,camera8,UFPR04,128,mean_individual_models,0.762788,0.044374,0.619755,0.032425
Encoder,camera8,UFPR04,128,sum,0.782211,0.0,0.594965,0.0
Encoder,camera8,UFPR04,128,mean_probs,0.782211,0.0,0.594965,0.0
Encoder,camera8,UFPR04,128,max,0.765386,0.0,0.640121,0.0
Encoder,camera8,UFPR04,128,mult,0.784436,0.0,0.597331,0.0
Encoder,camera8,UFPR04,128,vote,0.782247,0.0,0.595334,0.0
Encoder,camera8,UFPR05,128,mean_individual_models,0.655968,0.066758,0.629831,0.048967
Encoder,camera8,UFPR05,128,sum,0.672314,0.0,0.649604,0.0
Encoder,camera8,UFPR05,128,mean_probs,0.672314,0.0,0.649604,0.0
Encoder,camera8,UFPR05,128,max,0.74637,0.0,0.707024,0.0
Encoder,camera8,UFPR05,128,mult,0.691295,0.0,0.659167,0.0
Encoder,camera8,UFPR05,128,vote,0.670649,0.0,0.648514,0.0
Encoder,camera8,camera1,256,mean_individual_models,0.781897,0.024488,0.701866,0.042889
Encoder,camera8,camera1,256,sum,0.798952,0.0,0.706028,0.0
Encoder,camera8,camera1,256,mean_probs,0.798952,0.0,0.706028,0.0
Encoder,camera8,camera1,256,max,0.802876,0.0,0.71891,0.0
Encoder,camera8,camera1,256,mult,0.796543,0.0,0.699587,0.0
Encoder,camera8,camera1,256,vote,0.799302,0.0,0.706854,0.0
Encoder,camera8,camera2,256,mean_individual_models,0.874071,0.031218,0.842404,0.048433
Encoder,camera8,camera2,256,sum,0.890569,0.0,0.860544,0.0
Encoder,camera8,camera2,256,mean_probs,0.890569,0.0,0.860544,0.0
Encoder,camera8,camera2,256,max,0.872031,0.0,0.831066,0.0
Encoder,camera8,camera2,256,mult,0.87991,0.0,0.844671,0.0
Encoder,camera8,camera2,256,vote,0.889876,0.0,0.85941,0.0
Encoder,camera8,camera3,256,mean_individual_models,0.877254,0.034109,0.862488,0.029889
Encoder,camera8,camera3,256,sum,0.906316,0.0,0.886022,0.0
Encoder,camera8,camera3,256,mean_probs,0.906316,0.0,0.886022,0.0
Encoder,camera8,camera3,256,max,0.910049,0.0,0.892473,0.0
Encoder,camera8,camera3,256,mult,0.904494,0.0,0.882949,0.0
Encoder,camera8,camera3,256,vote,0.905694,0.0,0.8851,0.0
Encoder,camera8,camera4,256,mean_individual_models,0.876017,0.018795,0.853398,0.027138
Encoder,camera8,camera4,256,sum,0.888032,0.0,0.867833,0.0
Encoder,camera8,camera4,256,mean_probs,0.888032,0.0,0.867833,0.0
Encoder,camera8,camera4,256,max,0.888533,0.0,0.869083,0.0
Encoder,camera8,camera4,256,mult,0.884999,0.0,0.863303,0.0
Encoder,camera8,camera4,256,vote,0.888127,0.0,0.868146,0.0
Encoder,camera8,camera5,256,mean_individual_models,0.872345,0.018201,0.849495,0.030571
Encoder,camera8,camera5,256,sum,0.889253,0.0,0.869236,0.0
Encoder,camera8,camera5,256,mean_probs,0.889253,0.0,0.869236,0.0
Encoder,camera8,camera5,256,max,0.879002,0.0,0.852437,0.0
Encoder,camera8,camera5,256,mult,0.882108,0.0,0.858147,0.0
Encoder,camera8,camera5,256,vote,0.889393,0.0,0.869565,0.0
Encoder,camera8,camera6,256,mean_individual_models,0.921278,0.009929,0.912817,0.012321
Encoder,camera8,camera6,256,sum,0.943035,0.0,0.93701,0.0
Encoder,camera8,camera6,256,mean_probs,0.943035,0.0,0.93701,0.0
Encoder,camera8,camera6,256,max,0.93637,0.0,0.928473,0.0
Encoder,camera8,camera6,256,mult,0.938996,0.0,0.931818,0.0
Encoder,camera8,camera6,256,vote,0.94359,0.0,0.937817,0.0
Encoder,camera8,camera7,256,mean_individual_models,0.8851,0.01801,0.851386,0.036455
Encoder,camera8,camera7,256,sum,0.89585,0.0,0.863798,0.0
Encoder,camera8,camera7,256,mean_probs,0.89585,0.0,0.863798,0.0
Encoder,camera8,camera7,256,max,0.883019,0.0,0.842059,0.0
Encoder,camera8,camera7,256,mult,0.887349,0.0,0.848381,0.0
Encoder,camera8,camera7,256,vote,0.897147,0.0,0.865905,0.0
Encoder,camera8,camera8,256,mean_individual_models,0.927652,0.008928,0.918875,0.012273
Encoder,camera8,camera8,256,sum,0.94742,0.0,0.941551,0.0
Encoder,camera8,camera8,256,mean_probs,0.94742,0.0,0.941551,0.0
Encoder,camera8,camera8,256,max,0.940534,0.0,0.933353,0.0
Encoder,camera8,camera8,256,mult,0.943338,0.0,0.936053,0.0
Encoder,camera8,camera8,256,vote,0.947654,0.0,0.94184,0.0
Encoder,camera8,camera9,256,mean_individual_models,0.862223,0.015677,0.836096,0.024553
Encoder,camera8,camera9,256,sum,0.884413,0.0,0.862159,0.0
Encoder,camera8,camera9,256,mean_probs,0.884413,0.0,0.862159,0.0
Encoder,camera8,camera9,256,max,0.877686,0.0,0.85313,0.0
Encoder,camera8,camera9,256,mult,0.878867,0.0,0.853933,0.0
Encoder,camera8,camera9,256,vote,0.885391,0.0,0.863162,0.0
Encoder,camera8,PUC,256,mean_individual_models,0.818271,0.029924,0.783871,0.031529
Encoder,camera8,PUC,256,sum,0.849577,0.0,0.809852,0.0
Encoder,camera8,PUC,256,mean_probs,0.849577,0.0,0.809852,0.0
Encoder,camera8,PUC,256,max,0.850784,0.0,0.82776,0.0
Encoder,camera8,PUC,256,mult,0.845546,0.0,0.800365,0.0
Encoder,camera8,PUC,256,vote,0.849156,0.0,0.809713,0.0
Encoder,camera8,UFPR04,256,mean_individual_models,0.775315,0.044048,0.675317,0.040411
Encoder,camera8,UFPR04,256,sum,0.808393,0.0,0.673885,0.0
Encoder,camera8,UFPR04,256,mean_probs,0.808393,0.0,0.673885,0.0
Encoder,camera8,UFPR04,256,max,0.803079,0.0,0.725252,0.0
Encoder,camera8,UFPR04,256,mult,0.804745,0.0,0.666567,0.0
Encoder,camera8,UFPR04,256,vote,0.808328,0.0,0.673931,0.0
Encoder,camera8,UFPR05,256,mean_individual_models,0.669316,0.067581,0.632146,0.047437
Encoder,camera8,UFPR05,256,sum,0.689223,0.0,0.657047,0.0
Encoder,camera8,UFPR05,256,mean_probs,0.689223,0.0,0.657047,0.0
Encoder,camera8,UFPR05,256,max,0.764124,0.0,0.722163,0.0
Encoder,camera8,UFPR05,256,mult,0.722711,0.0,0.677023,0.0
Encoder,camera8,UFPR05,256,vote,0.682869,0.0,0.652717,0.0
Encoder,camera8,camera1,512,mean_individual_models,0.799234,0.018691,0.721305,0.040624
Encoder,camera8,camera1,512,sum,0.804567,0.0,0.719075,0.0
Encoder,camera8,camera1,512,mean_probs,0.804567,0.0,0.719075,0.0
Encoder,camera8,camera1,512,max,0.805084,0.0,0.717093,0.0
Encoder,camera8,camera1,512,mult,0.798963,0.0,0.705367,0.0
Encoder,camera8,camera1,512,vote,0.804784,0.0,0.719571,0.0
Encoder,camera8,camera2,512,mean_individual_models,0.880089,0.030629,0.848299,0.045735
Encoder,camera8,camera2,512,sum,0.900547,0.0,0.876417,0.0
Encoder,camera8,camera2,512,mean_probs,0.900547,0.0,0.876417,0.0
Encoder,camera8,camera2,512,max,0.882404,0.0,0.846939,0.0
Encoder,camera8,camera2,512,mult,0.897645,0.0,0.871882,0.0
Encoder,camera8,camera2,512,vote,0.903493,0.0,0.880952,0.0
Encoder,camera8,camera3,512,mean_individual_models,0.881878,0.027042,0.868571,0.028303
Encoder,camera8,camera3,512,sum,0.904466,0.0,0.889094,0.0
Encoder,camera8,camera3,512,mean_probs,0.904466,0.0,0.889094,0.0
Encoder,camera8,camera3,512,max,0.91399,0.0,0.895238,0.0
Encoder,camera8,camera3,512,mult,0.907982,0.0,0.886329,0.0
Encoder,camera8,camera3,512,vote,0.904907,0.0,0.889708,0.0
Encoder,camera8,camera4,512,mean_individual_models,0.885135,0.018063,0.863506,0.025915
Encoder,camera8,camera4,512,sum,0.893352,0.0,0.873145,0.0
Encoder,camera8,camera4,512,mean_probs,0.893352,0.0,0.873145,0.0
Encoder,camera8,camera4,512,max,0.896709,0.0,0.876582,0.0
Encoder,camera8,camera4,512,mult,0.888548,0.0,0.864552,0.0
Encoder,camera8,camera4,512,vote,0.893352,0.0,0.873145,0.0
Encoder,camera8,camera5,512,mean_individual_models,0.874814,0.026422,0.851394,0.03782
Encoder,camera8,camera5,512,sum,0.888901,0.0,0.868467,0.0
Encoder,camera8,camera5,512,mean_probs,0.888901,0.0,0.868467,0.0
Encoder,camera8,camera5,512,max,0.878455,0.0,0.850351,0.0
Encoder,camera8,camera5,512,mult,0.879978,0.0,0.853535,0.0
Encoder,camera8,camera5,512,vote,0.889615,0.0,0.869895,0.0
Encoder,camera8,camera6,512,mean_individual_models,0.927034,0.015896,0.919347,0.019233
Encoder,camera8,camera6,512,sum,0.944255,0.0,0.938163,0.0
Encoder,camera8,camera6,512,mean_probs,0.944255,0.0,0.938163,0.0
Encoder,camera8,camera6,512,max,0.940622,0.0,0.932856,0.0
Encoder,camera8,camera6,512,mult,0.942245,0.0,0.935395,0.0
Encoder,camera8,camera6,512,vote,0.944812,0.0,0.938856,0.0
Encoder,camera8,camera7,512,mean_individual_models,0.886373,0.02006,0.850943,0.035167
Encoder,camera8,camera7,512,sum,0.892891,0.0,0.859916,0.0
Encoder,camera8,camera7,512,mean_probs,0.892891,0.0,0.859916,0.0
Encoder,camera8,camera7,512,max,0.883024,0.0,0.839951,0.0
Encoder,camera8,camera7,512,mult,0.884379,0.0,0.843722,0.0
Encoder,camera8,camera7,512,vote,0.893454,0.0,0.861025,0.0
Encoder,camera8,camera8,512,mean_individual_models,0.930637,0.014254,0.921788,0.017576
Encoder,camera8,camera8,512,sum,0.946852,0.0,0.940104,0.0
Encoder,camera8,camera8,512,mean_probs,0.946852,0.0,0.940104,0.0
Encoder,camera8,camera8,512,max,0.943562,0.0,0.935571,0.0
Encoder,camera8,camera8,512,mult,0.943017,0.0,0.934992,0.0
Encoder,camera8,camera8,512,vote,0.946765,0.0,0.940104,0.0
Encoder,camera8,camera9,512,mean_individual_models,0.860504,0.020374,0.833086,0.026698
Encoder,camera8,camera9,512,sum,0.879626,0.0,0.854334,0.0
Encoder,camera8,camera9,512,mean_probs,0.879626,0.0,0.854334,0.0
Encoder,camera8,camera9,512,max,0.879361,0.0,0.85313,0.0
Encoder,camera8,camera9,512,mult,0.873921,0.0,0.844502,0.0
Encoder,camera8,camera9,512,vote,0.880144,0.0,0.855136,0.0
Encoder,camera8,PUC,512,mean_individual_models,0.836662,0.02717,0.806159,0.033525
Encoder,camera8,PUC,512,sum,0.861887,0.0,0.830966,0.0
Encoder,camera8,PUC,512,mean_probs,0.861887,0.0,0.830966,0.0
Encoder,camera8,PUC,512,max,0.89029,0.0,0.875292,0.0
Encoder,camera8,PUC,512,mult,0.868418,0.0,0.837878,0.0
Encoder,camera8,PUC,512,vote,0.861975,0.0,0.831087,0.0
Encoder,camera8,UFPR04,512,mean_individual_models,0.787688,0.035245,0.679847,0.044473
Encoder,camera8,UFPR04,512,sum,0.805514,0.0,0.669337,0.0
Encoder,camera8,UFPR04,512,mean_probs,0.805514,0.0,0.669337,0.0
Encoder,camera8,UFPR04,512,max,0.848216,0.0,0.783233,0.0
Encoder,camera8,UFPR04,512,mult,0.817884,0.0,0.69659,0.0
Encoder,camera8,UFPR04,512,vote,0.805467,0.0,0.669325,0.0
Encoder,camera8,UFPR05,512,mean_individual_models,0.68245,0.053632,0.65336,0.047247
Encoder,camera8,UFPR05,512,sum,0.699448,0.0,0.67079,0.0
Encoder,camera8,UFPR05,512,mean_probs,0.699448,0.0,0.67079,0.0
Encoder,camera8,UFPR05,512,max,0.728463,0.0,0.699881,0.0
Encoder,camera8,UFPR05,512,mult,0.709865,0.0,0.672761,0.0
Encoder,camera8,UFPR05,512,vote,0.698939,0.0,0.670379,0.0
Encoder,camera8,camera1,1024,mean_individual_models,0.804563,0.018301,0.743336,0.035947
Encoder,camera8,camera1,1024,sum,0.816576,0.0,0.746656,0.0
Encoder,camera8,camera1,1024,mean_probs,0.816576,0.0,0.746656,0.0
Encoder,camera8,camera1,1024,max,0.820468,0.0,0.774401,0.0
Encoder,camera8,camera1,1024,mult,0.813603,0.0,0.745334,0.0
Encoder,camera8,camera1,1024,vote,0.816652,0.0,0.747316,0.0
Encoder,camera8,camera2,1024,mean_individual_models,0.897793,0.017497,0.875964,0.026975
Encoder,camera8,camera2,1024,sum,0.921305,0.0,0.907029,0.0
Encoder,camera8,camera2,1024,mean_probs,0.921305,0.0,0.907029,0.0
Encoder,camera8,camera2,1024,max,0.904236,0.0,0.882086,0.0
Encoder,camera8,camera2,1024,mult,0.918095,0.0,0.902494,0.0
Encoder,camera8,camera2,1024,vote,0.921305,0.0,0.907029,0.0
Encoder,camera8,camera3,1024,mean_individual_models,0.895436,0.025934,0.884301,0.024522
Encoder,camera8,camera3,1024,sum,0.913655,0.0,0.900154,0.0
Encoder,camera8,camera3,1024,mean_probs,0.913655,0.0,0.900154,0.0
Encoder,camera8,camera3,1024,max,0.924827,0.0,0.913057,0.0
Encoder,camera8,camera3,1024,mult,0.914785,0.0,0.898618,0.0
Encoder,camera8,camera3,1024,vote,0.913655,0.0,0.900154,0.0
Encoder,camera8,camera4,1024,mean_individual_models,0.907573,0.013158,0.894845,0.017525
Encoder,camera8,camera4,1024,sum,0.92148,0.0,0.910795,0.0
Encoder,camera8,camera4,1024,mean_probs,0.92148,0.0,0.910795,0.0
Encoder,camera8,camera4,1024,max,0.930948,0.0,0.923606,0.0
Encoder,camera8,camera4,1024,mult,0.92183,0.0,0.911264,0.0
Encoder,camera8,camera4,1024,vote,0.921946,0.0,0.91142,0.0
Encoder,camera8,camera5,1024,mean_individual_models,0.89158,0.018543,0.874231,0.027991
Encoder,camera8,camera5,1024,sum,0.906699,0.0,0.893171,0.0
Encoder,camera8,camera5,1024,mean_probs,0.906699,0.0,0.893171,0.0
Encoder,camera8,camera5,1024,max,0.899105,0.0,0.882521,0.0
Encoder,camera8,camera5,1024,mult,0.901162,0.0,0.885156,0.0
Encoder,camera8,camera5,1024,vote,0.907015,0.0,0.89361,0.0
Encoder,camera8,camera6,1024,mean_individual_models,0.936088,0.009407,0.930076,0.011373
Encoder,camera8,camera6,1024,sum,0.951414,0.0,0.946931,0.0
Encoder,camera8,camera6,1024,mean_probs,0.951414,0.0,0.946931,0.0
Encoder,camera8,camera6,1024,max,0.94938,0.0,0.945085,0.0
Encoder,camera8,camera6,1024,mult,0.950355,0.0,0.945547,0.0
Encoder,camera8,camera6,1024,vote,0.951467,0.0,0.947047,0.0
Encoder,camera8,camera7,1024,mean_individual_models,0.898886,0.018492,0.869388,0.031556
Encoder,camera8,camera7,1024,sum,0.904075,0.0,0.877773,0.0
Encoder,camera8,camera7,1024,mean_probs,0.904075,0.0,0.877773,0.0
Encoder,camera8,camera7,1024,max,0.900263,0.0,0.871783,0.0
Encoder,camera8,camera7,1024,mult,0.89834,0.0,0.868012,0.0
Encoder,camera8,camera7,1024,vote,0.904075,0.0,0.877773,0.0
Encoder,camera8,camera8,1024,mean_individual_models,0.945376,0.010067,0.939487,0.012582
Encoder,camera8,camera8,1024,sum,0.957233,0.0,0.952932,0.0
Encoder,camera8,camera8,1024,mean_probs,0.957233,0.0,0.952932,0.0
Encoder,camera8,camera8,1024,max,0.961067,0.0,0.957948,0.0
Encoder,camera8,camera8,1024,mult,0.957313,0.0,0.953029,0.0
Encoder,camera8,camera8,1024,vote,0.957439,0.0,0.953221,0.0
Encoder,camera8,camera9,1024,mean_individual_models,0.885303,0.015197,0.867255,0.0229
Encoder,camera8,camera9,1024,sum,0.902329,0.0,0.88744,0.0
Encoder,camera8,camera9,1024,mean_probs,0.902329,0.0,0.88744,0.0
Encoder,camera8,camera9,1024,max,0.90704,0.0,0.896469,0.0
Encoder,camera8,camera9,1024,mult,0.900907,0.0,0.885433,0.0
Encoder,camera8,camera9,1024,vote,0.902472,0.0,0.88764,0.0
Encoder,camera8,PUC,1024,mean_individual_models,0.859609,0.021042,0.84312,0.01778
Encoder,camera8,PUC,1024,sum,0.886931,0.0,0.869213,0.0
Encoder,camera8,PUC,1024,mean_probs,0.886931,0.0,0.869213,0.0
Encoder,camera8,PUC,1024,max,0.903361,0.0,0.900421,0.0
Encoder,camera8,PUC,1024,mult,0.894206,0.0,0.879984,0.0
Encoder,camera8,PUC,1024,vote,0.886878,0.0,0.869146,0.0
Encoder,camera8,UFPR04,1024,mean_individual_models,0.805745,0.028619,0.73277,0.042
Encoder,camera8,UFPR04,1024,sum,0.831575,0.0,0.740742,0.0
Encoder,camera8,UFPR04,1024,mean_probs,0.831575,0.0,0.740742,0.0
Encoder,camera8,UFPR04,1024,max,0.875911,0.0,0.859278,0.0
Encoder,camera8,UFPR04,1024,mult,0.859652,0.0,0.809966,0.0
Encoder,camera8,UFPR04,1024,vote,0.83155,0.0,0.740742,0.0
Encoder,camera8,UFPR05,1024,mean_individual_models,0.688159,0.05089,0.669595,0.03884
Encoder,camera8,UFPR05,1024,sum,0.704231,0.0,0.690452,0.0
Encoder,camera8,UFPR05,1024,mean_probs,0.704231,0.0,0.690452,0.0
Encoder,camera8,UFPR05,1024,max,0.741427,0.0,0.736757,0.0
Encoder,camera8,UFPR05,1024,mult,0.726527,0.0,0.710481,0.0
Encoder,camera8,UFPR05,1024,vote,0.702537,0.0,0.688989,0.0
Encoder,camera9,camera1,64,mean_individual_models,0.712638,0.065186,0.684608,0.046284
Encoder,camera9,camera1,64,sum,0.765347,0.0,0.731462,0.0
Encoder,camera9,camera1,64,mean_probs,0.765347,0.0,0.731462,0.0
Encoder,camera9,camera1,64,max,0.796538,0.0,0.738728,0.0
Encoder,camera9,camera1,64,mult,0.778675,0.0,0.735425,0.0
Encoder,camera9,camera1,64,vote,0.766636,0.0,0.732783,0.0
Encoder,camera9,camera2,64,mean_individual_models,0.787026,0.054391,0.770068,0.046909
Encoder,camera9,camera2,64,sum,0.842228,0.0,0.826531,0.0
Encoder,camera9,camera2,64,mean_probs,0.842228,0.0,0.826531,0.0
Encoder,camera9,camera2,64,max,0.87225,0.0,0.853741,0.0
Encoder,camera9,camera2,64,mult,0.859513,0.0,0.840136,0.0
Encoder,camera9,camera2,64,vote,0.853126,0.0,0.833333,0.0
Encoder,camera9,camera3,64,mean_individual_models,0.786748,0.046841,0.770261,0.036512
Encoder,camera9,camera3,64,sum,0.846588,0.0,0.823041,0.0
Encoder,camera9,camera3,64,mean_probs,0.846588,0.0,0.823041,0.0
Encoder,camera9,camera3,64,max,0.873562,0.0,0.834409,0.0
Encoder,camera9,camera3,64,mult,0.851023,0.0,0.825499,0.0
Encoder,camera9,camera3,64,vote,0.844767,0.0,0.821813,0.0
Encoder,camera9,camera4,64,mean_individual_models,0.823685,0.03496,0.796485,0.038804
Encoder,camera9,camera4,64,sum,0.86253,0.0,0.828464,0.0
Encoder,camera9,camera4,64,mean_probs,0.86253,0.0,0.828464,0.0
Encoder,camera9,camera4,64,max,0.860284,0.0,0.820341,0.0
Encoder,camera9,camera4,64,mult,0.863273,0.0,0.82659,0.0
Encoder,camera9,camera4,64,vote,0.860895,0.0,0.827996,0.0
Encoder,camera9,camera5,64,mean_individual_models,0.818774,0.037865,0.794071,0.051844
Encoder,camera9,camera5,64,sum,0.858428,0.0,0.83498,0.0
Encoder,camera9,camera5,64,mean_probs,0.858428,0.0,0.83498,0.0
Encoder,camera9,camera5,64,max,0.842577,0.0,0.799846,0.0
Encoder,camera9,camera5,64,mult,0.858416,0.0,0.830259,0.0
Encoder,camera9,camera5,64,vote,0.857907,0.0,0.83509,0.0
Encoder,camera9,camera6,64,mean_individual_models,0.838679,0.035632,0.820731,0.037057
Encoder,camera9,camera6,64,sum,0.889768,0.0,0.867905,0.0
Encoder,camera9,camera6,64,mean_probs,0.889768,0.0,0.867905,0.0
Encoder,camera9,camera6,64,max,0.884694,0.0,0.856368,0.0
Encoder,camera9,camera6,64,mult,0.88932,0.0,0.864675,0.0
Encoder,camera9,camera6,64,vote,0.886654,0.0,0.865021,0.0
Encoder,camera9,camera7,64,mean_individual_models,0.830756,0.028648,0.797438,0.034152
Encoder,camera9,camera7,64,sum,0.87539,0.0,0.833962,0.0
Encoder,camera9,camera7,64,mean_probs,0.87539,0.0,0.833962,0.0
Encoder,camera9,camera7,64,max,0.856402,0.0,0.794587,0.0
Encoder,camera9,camera7,64,mult,0.871568,0.0,0.823092,0.0
Encoder,camera9,camera7,64,vote,0.876691,0.0,0.836624,0.0
Encoder,camera9,camera8,64,mean_individual_models,0.843842,0.036123,0.825945,0.039546
Encoder,camera9,camera8,64,sum,0.890577,0.0,0.870467,0.0
Encoder,camera9,camera8,64,mean_probs,0.890577,0.0,0.870467,0.0
Encoder,camera9,camera8,64,max,0.887013,0.0,0.858989,0.0
Encoder,camera9,camera8,64,mult,0.891589,0.0,0.86738,0.0
Encoder,camera9,camera8,64,vote,0.888777,0.0,0.869117,0.0
Encoder,camera9,camera9,64,mean_individual_models,0.826179,0.026893,0.808387,0.020895
Encoder,camera9,camera9,64,sum,0.86066,0.0,0.838884,0.0
Encoder,camera9,camera9,64,mean_probs,0.86066,0.0,0.838884,0.0
Encoder,camera9,camera9,64,max,0.871043,0.0,0.846709,0.0
Encoder,camera9,camera9,64,mult,0.868048,0.0,0.845305,0.0
Encoder,camera9,camera9,64,vote,0.85964,0.0,0.838483,0.0
Encoder,camera9,PUC,64,mean_individual_models,0.720553,0.067387,0.697785,0.059618
Encoder,camera9,PUC,64,sum,0.788175,0.0,0.759305,0.0
Encoder,camera9,PUC,64,mean_probs,0.788175,0.0,0.759305,0.0
Encoder,camera9,PUC,64,max,0.721174,0.0,0.720469,0.0
Encoder,camera9,PUC,64,mult,0.786945,0.0,0.761835,0.0
Encoder,camera9,PUC,64,vote,0.78635,0.0,0.758123,0.0
Encoder,camera9,UFPR04,64,mean_individual_models,0.66896,0.129588,0.584861,0.085672
Encoder,camera9,UFPR04,64,sum,0.76341,0.0,0.632515,0.0
Encoder,camera9,UFPR04,64,mean_probs,0.76341,0.0,0.632515,0.0
Encoder,camera9,UFPR04,64,max,0.493949,0.0,0.505344,0.0
Encoder,camera9,UFPR04,64,mult,0.717744,0.0,0.621941,0.0
Encoder,camera9,UFPR04,64,vote,0.763269,0.0,0.633265,0.0
Encoder,camera9,UFPR05,64,mean_individual_models,0.565011,0.076861,0.540443,0.059849
Encoder,camera9,UFPR05,64,sum,0.579927,0.0,0.554404,0.0
Encoder,camera9,UFPR05,64,mean_probs,0.579927,0.0,0.554404,0.0
Encoder,camera9,UFPR05,64,max,0.681509,0.0,0.632487,0.0
Encoder,camera9,UFPR05,64,mult,0.610243,0.0,0.575179,0.0
Encoder,camera9,UFPR05,64,vote,0.575444,0.0,0.550948,0.0
Encoder,camera9,camera1,128,mean_individual_models,0.78214,0.05446,0.754335,0.051763
Encoder,camera9,camera1,128,sum,0.824867,0.0,0.791082,0.0
Encoder,camera9,camera1,128,mean_probs,0.824867,0.0,0.791082,0.0
Encoder,camera9,camera1,128,max,0.831734,0.0,0.797358,0.0
Encoder,camera9,camera1,128,mult,0.824793,0.0,0.785632,0.0
Encoder,camera9,camera1,128,vote,0.824524,0.0,0.792238,0.0
Encoder,camera9,camera2,128,mean_individual_models,0.867555,0.031708,0.853741,0.033176
Encoder,camera9,camera2,128,sum,0.913712,0.0,0.901361,0.0
Encoder,camera9,camera2,128,mean_probs,0.913712,0.0,0.901361,0.0
Encoder,camera9,camera2,128,max,0.904372,0.0,0.89229,0.0
Encoder,camera9,camera2,128,mult,0.908764,0.0,0.894558,0.0
Encoder,camera9,camera2,128,vote,0.91288,0.0,0.900227,0.0
Encoder,camera9,camera3,128,mean_individual_models,0.851131,0.039915,0.839969,0.040924
Encoder,camera9,camera3,128,sum,0.88389,0.0,0.870046,0.0
Encoder,camera9,camera3,128,mean_probs,0.88389,0.0,0.870046,0.0
Encoder,camera9,camera3,128,max,0.905374,0.0,0.886022,0.0
Encoder,camera9,camera3,128,mult,0.890419,0.0,0.870661,0.0
Encoder,camera9,camera3,128,vote,0.882043,0.0,0.868817,0.0
Encoder,camera9,camera4,128,mean_individual_models,0.860608,0.026779,0.836744,0.036036
Encoder,camera9,camera4,128,sum,0.881316,0.0,0.857522,0.0
Encoder,camera9,camera4,128,mean_probs,0.881316,0.0,0.857522,0.0
Encoder,camera9,camera4,128,max,0.88322,0.0,0.857678,0.0
Encoder,camera9,camera4,128,mult,0.878145,0.0,0.849867,0.0
Encoder,camera9,camera4,128,vote,0.880216,0.0,0.857366,0.0
Encoder,camera9,camera5,128,mean_individual_models,0.847178,0.029983,0.82971,0.032352
Encoder,camera9,camera5,128,sum,0.878864,0.0,0.859574,0.0
Encoder,camera9,camera5,128,mean_probs,0.878864,0.0,0.859574,0.0
Encoder,camera9,camera5,128,max,0.871549,0.0,0.849583,0.0
Encoder,camera9,camera5,128,mult,0.878163,0.0,0.85661,0.0
Encoder,camera9,camera5,128,vote,0.878927,0.0,0.860123,0.0
Encoder,camera9,camera6,128,mean_individual_models,0.889663,0.020499,0.8762,0.026774
Encoder,camera9,camera6,128,sum,0.913265,0.0,0.900208,0.0
Encoder,camera9,camera6,128,mean_probs,0.913265,0.0,0.900208,0.0
Encoder,camera9,camera6,128,max,0.917513,0.0,0.905053,0.0
Encoder,camera9,camera6,128,mult,0.91227,0.0,0.898246,0.0
Encoder,camera9,camera6,128,vote,0.912593,0.0,0.899862,0.0
Encoder,camera9,camera7,128,mean_individual_models,0.863974,0.018494,0.827529,0.023603
Encoder,camera9,camera7,128,sum,0.881325,0.0,0.840506,0.0
Encoder,camera9,camera7,128,mean_probs,0.881325,0.0,0.840506,0.0
Encoder,camera9,camera7,128,max,0.875129,0.0,0.831411,0.0
Encoder,camera9,camera7,128,mult,0.87763,0.0,0.832631,0.0
Encoder,camera9,camera7,128,vote,0.881124,0.0,0.840839,0.0
Encoder,camera9,camera8,128,mean_individual_models,0.891155,0.022173,0.877903,0.026853
Encoder,camera9,camera8,128,sum,0.918643,0.0,0.904803,0.0
Encoder,camera9,camera8,128,mean_probs,0.918643,0.0,0.904803,0.0
Encoder,camera9,camera8,128,max,0.924474,0.0,0.913291,0.0
Encoder,camera9,camera8,128,mult,0.916889,0.0,0.902103,0.0
Encoder,camera9,camera8,128,vote,0.917726,0.0,0.904128,0.0
Encoder,camera9,camera9,128,mean_individual_models,0.876173,0.017239,0.858206,0.023655
Encoder,camera9,camera9,128,sum,0.900312,0.0,0.883828,0.0
Encoder,camera9,camera9,128,mean_probs,0.900312,0.0,0.883828,0.0
Encoder,camera9,camera9,128,max,0.907464,0.0,0.895064,0.0
Encoder,camera9,camera9,128,mult,0.898639,0.0,0.881621,0.0
Encoder,camera9,camera9,128,vote,0.898093,0.0,0.881621,0.0
Encoder,camera9,PUC,128,mean_individual_models,0.805829,0.029396,0.77171,0.044154
Encoder,camera9,PUC,128,sum,0.826528,0.0,0.786651,0.0
Encoder,camera9,PUC,128,mean_probs,0.826528,0.0,0.786651,0.0
Encoder,camera9,PUC,128,max,0.864669,0.0,0.836236,0.0
Encoder,camera9,PUC,128,mult,0.831186,0.0,0.788365,0.0
Encoder,camera9,PUC,128,vote,0.82592,0.0,0.786475,0.0
Encoder,camera9,UFPR04,128,mean_individual_models,0.771614,0.020441,0.669657,0.049109
Encoder,camera9,UFPR04,128,sum,0.79105,0.0,0.654204,0.0
Encoder,camera9,UFPR04,128,mean_probs,0.79105,0.0,0.654204,0.0
Encoder,camera9,UFPR04,128,max,0.808996,0.0,0.710615,0.0
Encoder,camera9,UFPR04,128,mult,0.791748,0.0,0.648987,0.0
Encoder,camera9,UFPR04,128,vote,0.791092,0.0,0.654573,0.0
Encoder,camera9,UFPR05,128,mean_individual_models,0.659605,0.075713,0.634666,0.070065
Encoder,camera9,UFPR05,128,sum,0.701938,0.0,0.667304,0.0
Encoder,camera9,UFPR05,128,mean_probs,0.701938,0.0,0.667304,0.0
Encoder,camera9,UFPR05,128,max,0.750063,0.0,0.708816,0.0
Encoder,camera9,UFPR05,128,mult,0.715775,0.0,0.675164,0.0
Encoder,camera9,UFPR05,128,vote,0.695875,0.0,0.663131,0.0
Encoder,camera9,camera1,256,mean_individual_models,0.815852,0.034628,0.793889,0.042532
Encoder,camera9,camera1,256,sum,0.850341,0.0,0.83237,0.0
Encoder,camera9,camera1,256,mean_probs,0.850341,0.0,0.83237,0.0
Encoder,camera9,camera1,256,max,0.853198,0.0,0.833856,0.0
Encoder,camera9,camera1,256,mult,0.844776,0.0,0.82213,0.0
Encoder,camera9,camera1,256,vote,0.848985,0.0,0.831379,0.0
Encoder,camera9,camera2,256,mean_individual_models,0.888787,0.021322,0.876757,0.02501
Encoder,camera9,camera2,256,sum,0.917875,0.0,0.909297,0.0
Encoder,camera9,camera2,256,mean_probs,0.917875,0.0,0.909297,0.0
Encoder,camera9,camera2,256,max,0.913566,0.0,0.900227,0.0
Encoder,camera9,camera2,256,mult,0.913517,0.0,0.903628,0.0
Encoder,camera9,camera2,256,vote,0.916123,0.0,0.907029,0.0
Encoder,camera9,camera3,256,mean_individual_models,0.875962,0.030817,0.868449,0.032796
Encoder,camera9,camera3,256,sum,0.901183,0.0,0.893088,0.0
Encoder,camera9,camera3,256,mean_probs,0.901183,0.0,0.893088,0.0
Encoder,camera9,camera3,256,max,0.914074,0.0,0.901997,0.0
Encoder,camera9,camera3,256,mult,0.904397,0.0,0.894009,0.0
Encoder,camera9,camera3,256,vote,0.899456,0.0,0.892166,0.0
Encoder,camera9,camera4,256,mean_individual_models,0.888084,0.023147,0.873489,0.029014
Encoder,camera9,camera4,256,sum,0.909743,0.0,0.897672,0.0
Encoder,camera9,camera4,256,mean_probs,0.909743,0.0,0.897672,0.0
Encoder,camera9,camera4,256,max,0.914401,0.0,0.90314,0.0
Encoder,camera9,camera4,256,mult,0.902371,0.0,0.886893,0.0
Encoder,camera9,camera4,256,vote,0.910689,0.0,0.899078,0.0
Encoder,camera9,camera5,256,mean_individual_models,0.866443,0.01746,0.854622,0.019518
Encoder,camera9,camera5,256,sum,0.891443,0.0,0.880435,0.0
Encoder,camera9,camera5,256,mean_probs,0.891443,0.0,0.880435,0.0
Encoder,camera9,camera5,256,max,0.887578,0.0,0.870004,0.0
Encoder,camera9,camera5,256,mult,0.891884,0.0,0.878019,0.0
Encoder,camera9,camera5,256,vote,0.89084,0.0,0.880105,0.0
Encoder,camera9,camera6,256,mean_individual_models,0.907724,0.01601,0.899792,0.018517
Encoder,camera9,camera6,256,sum,0.929555,0.0,0.922473,0.0
Encoder,camera9,camera6,256,mean_probs,0.929555,0.0,0.922473,0.0
Encoder,camera9,camera6,256,max,0.935538,0.0,0.928242,0.0
Encoder,camera9,camera6,256,mult,0.93079,0.0,0.923166,0.0
Encoder,camera9,camera6,256,vote,0.927939,0.0,0.921089,0.0
Encoder,camera9,camera7,256,mean_individual_models,0.878971,0.011052,0.848114,0.018838
Encoder,camera9,camera7,256,sum,0.89553,0.0,0.864574,0.0
Encoder,camera9,camera7,256,mean_probs,0.89553,0.0,0.864574,0.0
Encoder,camera9,camera7,256,max,0.890723,0.0,0.855146,0.0
Encoder,camera9,camera7,256,mult,0.892055,0.0,0.857365,0.0
Encoder,camera9,camera7,256,vote,0.89451,0.0,0.86402,0.0
Encoder,camera9,camera8,256,mean_individual_models,0.914454,0.017965,0.906144,0.021321
Encoder,camera9,camera8,256,sum,0.940932,0.0,0.93451,0.0
Encoder,camera9,camera8,256,mean_probs,0.940932,0.0,0.93451,0.0
Encoder,camera9,camera8,256,max,0.93934,0.0,0.932677,0.0
Encoder,camera9,camera8,256,mult,0.940388,0.0,0.933449,0.0
Encoder,camera9,camera8,256,vote,0.9399,0.0,0.933642,0.0
Encoder,camera9,camera9,256,mean_individual_models,0.896298,0.013481,0.885955,0.015546
Encoder,camera9,camera9,256,sum,0.916828,0.0,0.908106,0.0
Encoder,camera9,camera9,256,mean_probs,0.916828,0.0,0.908106,0.0
Encoder,camera9,camera9,256,max,0.921099,0.0,0.914928,0.0
Encoder,camera9,camera9,256,mult,0.916566,0.0,0.907103,0.0
Encoder,camera9,camera9,256,vote,0.915971,0.0,0.907504,0.0
Encoder,camera9,PUC,256,mean_individual_models,0.818298,0.040895,0.799021,0.046736
Encoder,camera9,PUC,256,sum,0.854926,0.0,0.835244,0.0
Encoder,camera9,PUC,256,mean_probs,0.854926,0.0,0.835244,0.0
Encoder,camera9,PUC,256,max,0.853659,0.0,0.849516,0.0
Encoder,camera9,PUC,256,mult,0.850844,0.0,0.828882,0.0
Encoder,camera9,PUC,256,vote,0.854589,0.0,0.835053,0.0
Encoder,camera9,UFPR04,256,mean_individual_models,0.775945,0.045003,0.716785,0.050682
Encoder,camera9,UFPR04,256,sum,0.823668,0.0,0.739219,0.0
Encoder,camera9,UFPR04,256,mean_probs,0.823668,0.0,0.739219,0.0
Encoder,camera9,UFPR04,256,max,0.813878,0.0,0.786199,0.0
Encoder,camera9,UFPR04,256,mult,0.821722,0.0,0.733736,0.0
Encoder,camera9,UFPR04,256,vote,0.823439,0.0,0.739276,0.0
Encoder,camera9,UFPR05,256,mean_individual_models,0.715136,0.063299,0.711784,0.061388
Encoder,camera9,UFPR05,256,sum,0.767723,0.0,0.76749,0.0
Encoder,camera9,UFPR05,256,mean_probs,0.767723,0.0,0.76749,0.0
Encoder,camera9,UFPR05,256,max,0.79109,0.0,0.78663,0.0
Encoder,camera9,UFPR05,256,mult,0.779025,0.0,0.775411,0.0
Encoder,camera9,UFPR05,256,vote,0.76469,0.0,0.764855,0.0
Encoder,camera9,camera1,512,mean_individual_models,0.827542,0.011225,0.80104,0.01692
Encoder,camera9,camera1,512,sum,0.85272,0.0,0.834517,0.0
Encoder,camera9,camera1,512,mean_probs,0.85272,0.0,0.834517,0.0
Encoder,camera9,camera1,512,max,0.868205,0.0,0.855656,0.0
Encoder,camera9,camera1,512,mult,0.854646,0.0,0.836334,0.0
Encoder,camera9,camera1,512,vote,0.851821,0.0,0.833031,0.0
Encoder,camera9,camera2,512,mean_individual_models,0.910209,0.028082,0.897619,0.035692
Encoder,camera9,camera2,512,sum,0.930316,0.0,0.921769,0.0
Encoder,camera9,camera2,512,mean_probs,0.930316,0.0,0.921769,0.0
Encoder,camera9,camera2,512,max,0.952163,0.0,0.947846,0.0
Encoder,camera9,camera2,512,mult,0.926841,0.0,0.917234,0.0
Encoder,camera9,camera2,512,vote,0.930316,0.0,0.921769,0.0
Encoder,camera9,camera3,512,mean_individual_models,0.890915,0.017525,0.884025,0.018238
Encoder,camera9,camera3,512,sum,0.929274,0.0,0.921659,0.0
Encoder,camera9,camera3,512,mean_probs,0.929274,0.0,0.921659,0.0
Encoder,camera9,camera3,512,max,0.931909,0.0,0.922888,0.0
Encoder,camera9,camera3,512,mult,0.931909,0.0,0.922888,0.0
Encoder,camera9,camera3,512,vote,0.927445,0.0,0.92043,0.0
Encoder,camera9,camera4,512,mean_individual_models,0.90609,0.014391,0.895704,0.017897
Encoder,camera9,camera4,512,sum,0.929591,0.0,0.922512,0.0
Encoder,camera9,camera4,512,mean_probs,0.929591,0.0,0.922512,0.0
Encoder,camera9,camera4,512,max,0.935081,0.0,0.930011,0.0
Encoder,camera9,camera4,512,mult,0.926325,0.0,0.918138,0.0
Encoder,camera9,camera4,512,vote,0.9291,0.0,0.921887,0.0
Encoder,camera9,camera5,512,mean_individual_models,0.875493,0.015604,0.861836,0.018247
Encoder,camera9,camera5,512,sum,0.904203,0.0,0.893171,0.0
Encoder,camera9,camera5,512,mean_probs,0.904203,0.0,0.893171,0.0
Encoder,camera9,camera5,512,max,0.901036,0.0,0.888889,0.0
Encoder,camera9,camera5,512,mult,0.900868,0.0,0.887681,0.0
Encoder,camera9,camera5,512,vote,0.903652,0.0,0.892512,0.0
Encoder,camera9,camera6,512,mean_individual_models,0.921633,0.011429,0.915298,0.013023
Encoder,camera9,camera6,512,sum,0.947596,0.0,0.94324,0.0
Encoder,camera9,camera6,512,mean_probs,0.947596,0.0,0.94324,0.0
Encoder,camera9,camera6,512,max,0.950216,0.0,0.946816,0.0
Encoder,camera9,camera6,512,mult,0.948548,0.0,0.943932,0.0
Encoder,camera9,camera6,512,vote,0.946155,0.0,0.941855,0.0
Encoder,camera9,camera7,512,mean_individual_models,0.889662,0.014257,0.861236,0.025112
Encoder,camera9,camera7,512,sum,0.911196,0.0,0.886757,0.0
Encoder,camera9,camera7,512,mean_probs,0.911196,0.0,0.886757,0.0
Encoder,camera9,camera7,512,max,0.902922,0.0,0.877884,0.0
Encoder,camera9,camera7,512,mult,0.90537,0.0,0.877995,0.0
Encoder,camera9,camera7,512,vote,0.910664,0.0,0.886091,0.0
Encoder,camera9,camera8,512,mean_individual_models,0.926536,0.018145,0.92037,0.018909
Encoder,camera9,camera8,512,sum,0.954983,0.0,0.9511,0.0
Encoder,camera9,camera8,512,mean_probs,0.954983,0.0,0.9511,0.0
Encoder,camera9,camera8,512,max,0.956127,0.0,0.953511,0.0
Encoder,camera9,camera8,512,mult,0.954818,0.0,0.950617,0.0
Encoder,camera9,camera8,512,vote,0.95505,0.0,0.9511,0.0
Encoder,camera9,camera9,512,mean_individual_models,0.911042,0.008148,0.903571,0.01166
Encoder,camera9,camera9,512,sum,0.937882,0.0,0.933587,0.0
Encoder,camera9,camera9,512,mean_probs,0.937882,0.0,0.933587,0.0
Encoder,camera9,camera9,512,max,0.939679,0.0,0.9376,0.0
Encoder,camera9,camera9,512,mult,0.938751,0.0,0.935193,0.0
Encoder,camera9,camera9,512,vote,0.938049,0.0,0.933788,0.0
Encoder,camera9,PUC,512,mean_individual_models,0.841664,0.024993,0.829058,0.027496
Encoder,camera9,PUC,512,sum,0.874,0.0,0.86161,0.0
Encoder,camera9,PUC,512,mean_probs,0.874,0.0,0.86161,0.0
Encoder,camera9,PUC,512,max,0.894789,0.0,0.894336,0.0
Encoder,camera9,PUC,512,mult,0.882121,0.0,0.872586,0.0
Encoder,camera9,PUC,512,vote,0.873832,0.0,0.861341,0.0
Encoder,camera9,UFPR04,512,mean_individual_models,0.787594,0.055871,0.727961,0.063079
Encoder,camera9,UFPR04,512,sum,0.837433,0.0,0.757503,0.0
Encoder,camera9,UFPR04,512,mean_probs,0.837433,0.0,0.757503,0.0
Encoder,camera9,UFPR04,512,max,0.783637,0.0,0.785483,0.0
Encoder,camera9,UFPR04,512,mult,0.775306,0.0,0.749377,0.0
Encoder,camera9,UFPR04,512,vote,0.837298,0.0,0.757364,0.0
Encoder,camera9,UFPR05,512,mean_individual_models,0.737344,0.05871,0.731288,0.053468
Encoder,camera9,UFPR05,512,sum,0.799163,0.0,0.800179,0.0
Encoder,camera9,UFPR05,512,mean_probs,0.799163,0.0,0.800179,0.0
Encoder,camera9,UFPR05,512,max,0.83485,0.0,0.83719,0.0
Encoder,camera9,UFPR05,512,mult,0.814492,0.0,0.813414,0.0
Encoder,camera9,UFPR05,512,vote,0.798618,0.0,0.799567,0.0
Encoder,camera9,camera1,1024,mean_individual_models,0.844696,0.026638,0.830438,0.030701
Encoder,camera9,camera1,1024,sum,0.873877,0.0,0.865896,0.0
Encoder,camera9,camera1,1024,mean_probs,0.873877,0.0,0.865896,0.0
Encoder,camera9,camera1,1024,max,0.895576,0.0,0.893972,0.0
Encoder,camera9,camera1,1024,mult,0.880207,0.0,0.874319,0.0
Encoder,camera9,camera1,1024,vote,0.873407,0.0,0.86507,0.0
Encoder,camera9,camera2,1024,mean_individual_models,0.920207,0.023524,0.913265,0.024784
Encoder,camera9,camera2,1024,sum,0.954289,0.0,0.951247,0.0
Encoder,camera9,camera2,1024,mean_probs,0.954289,0.0,0.951247,0.0
Encoder,camera9,camera2,1024,max,0.964205,0.0,0.962585,0.0
Encoder,camera9,camera2,1024,mult,0.956239,0.0,0.953515,0.0
Encoder,camera9,camera2,1024,vote,0.951393,0.0,0.947846,0.0
Encoder,camera9,camera3,1024,mean_individual_models,0.900452,0.019392,0.89533,0.020495
Encoder,camera9,camera3,1024,sum,0.938309,0.0,0.934562,0.0
Encoder,camera9,camera3,1024,mean_probs,0.938309,0.0,0.934562,0.0
Encoder,camera9,camera3,1024,max,0.934371,0.0,0.930876,0.0
Encoder,camera9,camera3,1024,mult,0.940529,0.0,0.935484,0.0
Encoder,camera9,camera3,1024,vote,0.936701,0.0,0.933026,0.0
Encoder,camera9,camera4,1024,mean_individual_models,0.92598,0.011797,0.921809,0.013507
Encoder,camera9,camera4,1024,sum,0.957813,0.0,0.956569,0.0
Encoder,camera9,camera4,1024,mean_probs,0.957813,0.0,0.956569,0.0
Encoder,camera9,camera4,1024,max,0.960617,0.0,0.959694,0.0
Encoder,camera9,camera4,1024,mult,0.958771,0.0,0.957194,0.0
Encoder,camera9,camera4,1024,vote,0.957923,0.0,0.956726,0.0
Encoder,camera9,camera5,1024,mean_individual_models,0.895666,0.011682,0.889449,0.012351
Encoder,camera9,camera5,1024,sum,0.922131,0.0,0.917765,0.0
Encoder,camera9,camera5,1024,mean_probs,0.922131,0.0,0.917765,0.0
Encoder,camera9,camera5,1024,max,0.919953,0.0,0.916886,0.0
Encoder,camera9,camera5,1024,mult,0.924177,0.0,0.919521,0.0
Encoder,camera9,camera5,1024,vote,0.921676,0.0,0.917216,0.0
Encoder,camera9,camera6,1024,mean_individual_models,0.9333,0.011388,0.929972,0.01244
Encoder,camera9,camera6,1024,sum,0.958295,0.0,0.956507,0.0
Encoder,camera9,camera6,1024,mean_probs,0.958295,0.0,0.956507,0.0
Encoder,camera9,camera6,1024,max,0.96151,0.0,0.961237,0.0
Encoder,camera9,camera6,1024,mult,0.96262,0.0,0.960891,0.0
Encoder,camera9,camera6,1024,vote,0.956516,0.0,0.954892,0.0
Encoder,camera9,camera7,1024,mean_individual_models,0.901907,0.011519,0.883052,0.017089
Encoder,camera9,camera7,1024,sum,0.924998,0.0,0.910049,0.0
Encoder,camera9,camera7,1024,mean_probs,0.924998,0.0,0.910049,0.0
Encoder,camera9,camera7,1024,max,0.923166,0.0,0.911823,0.0
Encoder,camera9,camera7,1024,mult,0.925548,0.0,0.910603,0.0
Encoder,camera9,camera7,1024,vote,0.924603,0.0,0.909051,0.0
Encoder,camera9,camera8,1024,mean_individual_models,0.935951,0.016411,0.933256,0.016264
Encoder,camera9,camera8,1024,sum,0.962318,0.0,0.960745,0.0
Encoder,camera9,camera8,1024,mean_probs,0.962318,0.0,0.960745,0.0
Encoder,camera9,camera8,1024,max,0.958705,0.0,0.958623,0.0
Encoder,camera9,camera8,1024,mult,0.962191,0.0,0.960745,0.0
Encoder,camera9,camera8,1024,vote,0.962168,0.0,0.960552,0.0
Encoder,camera9,camera9,1024,mean_individual_models,0.926281,0.012369,0.923154,0.012005
Encoder,camera9,camera9,1024,sum,0.951436,0.0,0.950241,0.0
Encoder,camera9,camera9,1024,mean_probs,0.951436,0.0,0.950241,0.0
Encoder,camera9,camera9,1024,max,0.949335,0.0,0.949438,0.0
Encoder,camera9,camera9,1024,mult,0.955707,0.0,0.955056,0.0
Encoder,camera9,camera9,1024,vote,0.951375,0.0,0.95004,0.0
Encoder,camera9,PUC,1024,mean_individual_models,0.837124,0.040305,0.833374,0.040257
Encoder,camera9,PUC,1024,sum,0.88231,0.0,0.880174,0.0
Encoder,camera9,PUC,1024,mean_probs,0.88231,0.0,0.880174,0.0
Encoder,camera9,PUC,1024,max,0.88493,0.0,0.88027,0.0
Encoder,camera9,PUC,1024,mult,0.890247,0.0,0.890214,0.0
Encoder,camera9,PUC,1024,vote,0.882442,0.0,0.880215,0.0
Encoder,camera9,UFPR04,1024,mean_individual_models,0.752375,0.066049,0.716677,0.053221
Encoder,camera9,UFPR04,1024,sum,0.832506,0.0,0.785911,0.0
Encoder,camera9,UFPR04,1024,mean_probs,0.832506,0.0,0.785911,0.0
Encoder,camera9,UFPR04,1024,max,0.750702,0.0,0.737141,0.0
Encoder,camera9,UFPR04,1024,mult,0.770029,0.0,0.770304,0.0
Encoder,camera9,UFPR04,1024,vote,0.832173,0.0,0.785726,0.0
Encoder,camera9,UFPR05,1024,mean_individual_models,0.737464,0.05587,0.732964,0.055221
Encoder,camera9,UFPR05,1024,sum,0.798823,0.0,0.801948,0.0
Encoder,camera9,UFPR05,1024,mean_probs,0.798823,0.0,0.801948,0.0
Encoder,camera9,UFPR05,1024,max,0.821498,0.0,0.818752,0.0
Encoder,camera9,UFPR05,1024,mult,0.816116,0.0,0.819088,0.0
Encoder,camera9,UFPR05,1024,vote,0.798288,0.0,0.801433,0.0
Encoder,PUC,camera1,64,mean_individual_models,0.713952,0.050833,0.693245,0.052719
Encoder,PUC,camera1,64,sum,0.729058,0.0,0.712304,0.0
Encoder,PUC,camera1,64,mean_probs,0.729058,0.0,0.712304,0.0
Encoder,PUC,camera1,64,max,0.851539,0.0,0.851858,0.0
Encoder,PUC,camera1,64,mult,0.761543,0.0,0.749959,0.0
Encoder,PUC,camera1,64,vote,0.720495,0.0,0.70256,0.0
Encoder,PUC,camera2,64,mean_individual_models,0.677723,0.052583,0.654308,0.047347
Encoder,PUC,camera2,64,sum,0.68344,0.0,0.663265,0.0
Encoder,PUC,camera2,64,mean_probs,0.68344,0.0,0.663265,0.0
Encoder,PUC,camera2,64,max,0.756183,0.0,0.753968,0.0
Encoder,PUC,camera2,64,mult,0.677318,0.0,0.663265,0.0
Encoder,PUC,camera2,64,vote,0.685374,0.0,0.665533,0.0
Encoder,PUC,camera3,64,mean_individual_models,0.70455,0.031476,0.682212,0.040291
Encoder,PUC,camera3,64,sum,0.703825,0.0,0.683871,0.0
Encoder,PUC,camera3,64,mean_probs,0.703825,0.0,0.683871,0.0
Encoder,PUC,camera3,64,max,0.77969,0.0,0.77235,0.0
Encoder,PUC,camera3,64,mult,0.7158,0.0,0.698003,0.0
Encoder,PUC,camera3,64,vote,0.701682,0.0,0.681413,0.0
Encoder,PUC,camera4,64,mean_individual_models,0.820906,0.018037,0.801781,0.03179
Encoder,PUC,camera4,64,sum,0.843074,0.0,0.828933,0.0
Encoder,PUC,camera4,64,mean_probs,0.843074,0.0,0.828933,0.0
Encoder,PUC,camera4,64,max,0.875719,0.0,0.870801,0.0
Encoder,PUC,camera4,64,mult,0.848914,0.0,0.836119,0.0
Encoder,PUC,camera4,64,vote,0.841704,0.0,0.827371,0.0
Encoder,PUC,camera5,64,mean_individual_models,0.790175,0.016359,0.742896,0.037935
Encoder,PUC,camera5,64,sum,0.812539,0.0,0.768884,0.0
Encoder,PUC,camera5,64,mean_probs,0.812539,0.0,0.768884,0.0
Encoder,PUC,camera5,64,max,0.86006,0.0,0.848924,0.0
Encoder,PUC,camera5,64,mult,0.820515,0.0,0.783267,0.0
Encoder,PUC,camera5,64,vote,0.811113,0.0,0.766249,0.0
Encoder,PUC,camera6,64,mean_individual_models,0.800042,0.012795,0.774873,0.026166
Encoder,PUC,camera6,64,sum,0.821181,0.0,0.7973,0.0
Encoder,PUC,camera6,64,mean_probs,0.821181,0.0,0.7973,0.0
Encoder,PUC,camera6,64,max,0.856726,0.0,0.849331,0.0
Encoder,PUC,camera6,64,mult,0.826047,0.0,0.805722,0.0
Encoder,PUC,camera6,64,vote,0.821202,0.0,0.796954,0.0
Encoder,PUC,camera7,64,mean_individual_models,0.776864,0.020323,0.750366,0.033723
Encoder,PUC,camera7,64,sum,0.801133,0.0,0.784716,0.0
Encoder,PUC,camera7,64,mean_probs,0.801133,0.0,0.784716,0.0
Encoder,PUC,camera7,64,max,0.861135,0.0,0.861801,0.0
Encoder,PUC,camera7,64,mult,0.810856,0.0,0.801908,0.0
Encoder,PUC,camera7,64,vote,0.797188,0.0,0.77917,0.0
Encoder,PUC,camera8,64,mean_individual_models,0.784586,0.019016,0.752209,0.03871
Encoder,PUC,camera8,64,sum,0.807733,0.0,0.779032,0.0
Encoder,PUC,camera8,64,mean_probs,0.807733,0.0,0.779032,0.0
Encoder,PUC,camera8,64,max,0.846156,0.0,0.836806,0.0
Encoder,PUC,camera8,64,mult,0.811403,0.0,0.78723,0.0
Encoder,PUC,camera8,64,vote,0.807118,0.0,0.778356,0.0
Encoder,PUC,camera9,64,mean_individual_models,0.776888,0.025278,0.763222,0.040039
Encoder,PUC,camera9,64,sum,0.809105,0.0,0.802368,0.0
Encoder,PUC,camera9,64,mean_probs,0.809105,0.0,0.802368,0.0
Encoder,PUC,camera9,64,max,0.833183,0.0,0.831862,0.0
Encoder,PUC,camera9,64,mult,0.81346,0.0,0.808186,0.0
Encoder,PUC,camera9,64,vote,0.80608,0.0,0.798756,0.0
Encoder,PUC,PUC,64,mean_individual_models,0.907357,0.008541,0.905619,0.007685
Encoder,PUC,PUC,64,sum,0.915243,0.0,0.915239,0.0
Encoder,PUC,PUC,64,mean_probs,0.915243,0.0,0.915239,0.0
Encoder,PUC,PUC,64,max,0.945052,0.0,0.944212,0.0
Encoder,PUC,PUC,64,mult,0.919354,0.0,0.91926,0.0
Encoder,PUC,PUC,64,vote,0.914363,0.0,0.914363,0.0
Encoder,PUC,UFPR04,64,mean_individual_models,0.781258,0.022705,0.767975,0.021807
Encoder,PUC,UFPR04,64,sum,0.794708,0.0,0.78142,0.0
Encoder,PUC,UFPR04,64,mean_probs,0.794708,0.0,0.78142,0.0
Encoder,PUC,UFPR04,64,max,0.829684,0.0,0.813418,0.0
Encoder,PUC,UFPR04,64,mult,0.803477,0.0,0.787365,0.0
Encoder,PUC,UFPR04,64,vote,0.794423,0.0,0.781236,0.0
Encoder,PUC,UFPR05,64,mean_individual_models,0.586978,0.060736,0.593441,0.053341
Encoder,PUC,UFPR05,64,sum,0.588244,0.0,0.598082,0.0
Encoder,PUC,UFPR05,64,mean_probs,0.588244,0.0,0.598082,0.0
Encoder,PUC,UFPR05,64,max,0.630999,0.0,0.637937,0.0
Encoder,PUC,UFPR05,64,mult,0.596119,0.0,0.605099,0.0
Encoder,PUC,UFPR05,64,vote,0.585459,0.0,0.595603,0.0
Encoder,PUC,camera1,128,mean_individual_models,0.779175,0.03456,0.775326,0.034321
Encoder,PUC,camera1,128,sum,0.814271,0.0,0.813212,0.0
Encoder,PUC,camera1,128,mean_probs,0.814271,0.0,0.813212,0.0
Encoder,PUC,camera1,128,max,0.849632,0.0,0.847399,0.0
Encoder,PUC,camera1,128,mult,0.824278,0.0,0.822791,0.0
Encoder,PUC,camera1,128,vote,0.81024,0.0,0.809744,0.0
Encoder,PUC,camera2,128,mean_individual_models,0.734788,0.051727,0.722109,0.060753
Encoder,PUC,camera2,128,sum,0.767057,0.0,0.764172,0.0
Encoder,PUC,camera2,128,mean_probs,0.767057,0.0,0.764172,0.0
Encoder,PUC,camera2,128,max,0.808484,0.0,0.806122,0.0
Encoder,PUC,camera2,128,mult,0.78459,0.0,0.780045,0.0
Encoder,PUC,camera2,128,vote,0.758244,0.0,0.756236,0.0
Encoder,PUC,camera3,128,mean_individual_models,0.737842,0.039298,0.732842,0.039264
Encoder,PUC,camera3,128,sum,0.747225,0.0,0.746851,0.0
Encoder,PUC,camera3,128,mean_probs,0.747225,0.0,0.746851,0.0
Encoder,PUC,camera3,128,max,0.827872,0.0,0.826421,0.0
Encoder,PUC,camera3,128,mult,0.763173,0.0,0.762826,0.0
Encoder,PUC,camera3,128,vote,0.736091,0.0,0.734869,0.0
Encoder,PUC,camera4,128,mean_individual_models,0.815345,0.025017,0.812717,0.025577
Encoder,PUC,camera4,128,sum,0.835925,0.0,0.835963,0.0
Encoder,PUC,camera4,128,mean_probs,0.835925,0.0,0.835963,0.0
Encoder,PUC,camera4,128,max,0.860339,0.0,0.860491,0.0
Encoder,PUC,camera4,128,mult,0.841293,0.0,0.841431,0.0
Encoder,PUC,camera4,128,vote,0.8329,0.0,0.832995,0.0
Encoder,PUC,camera5,128,mean_individual_models,0.806073,0.019991,0.800307,0.019131
Encoder,PUC,camera5,128,sum,0.839976,0.0,0.839811,0.0
Encoder,PUC,camera5,128,mean_probs,0.839976,0.0,0.839811,0.0
Encoder,PUC,camera5,128,max,0.851715,0.0,0.851998,0.0
Encoder,PUC,camera5,128,mult,0.845774,0.0,0.84585,0.0
Encoder,PUC,camera5,128,vote,0.834641,0.0,0.834102,0.0
Encoder,PUC,camera6,128,mean_individual_models,0.809016,0.020361,0.80563,0.020988
Encoder,PUC,camera6,128,sum,0.834477,0.0,0.833526,0.0
Encoder,PUC,camera6,128,mean_probs,0.834477,0.0,0.833526,0.0
Encoder,PUC,camera6,128,max,0.859666,0.0,0.857868,0.0
Encoder,PUC,camera6,128,mult,0.849324,0.0,0.848639,0.0
Encoder,PUC,camera6,128,vote,0.824457,0.0,0.822912,0.0
Encoder,PUC,camera7,128,mean_individual_models,0.805015,0.025186,0.801087,0.024292
Encoder,PUC,camera7,128,sum,0.840394,0.0,0.838842,0.0
Encoder,PUC,camera7,128,mean_probs,0.840394,0.0,0.838842,0.0
Encoder,PUC,camera7,128,max,0.853395,0.0,0.846051,0.0
Encoder,PUC,camera7,128,mult,0.850362,0.0,0.846384,0.0
Encoder,PUC,camera7,128,vote,0.829523,0.0,0.829303,0.0
Encoder,PUC,camera8,128,mean_individual_models,0.80575,0.014899,0.800887,0.015228
Encoder,PUC,camera8,128,sum,0.83129,0.0,0.82909,0.0
Encoder,PUC,camera8,128,mean_probs,0.83129,0.0,0.82909,0.0
Encoder,PUC,camera8,128,max,0.865233,0.0,0.864776,0.0
Encoder,PUC,camera8,128,mult,0.839552,0.0,0.837867,0.0
Encoder,PUC,camera8,128,vote,0.825829,0.0,0.822917,0.0
Encoder,PUC,camera9,128,mean_individual_models,0.80824,0.016055,0.80325,0.014927
Encoder,PUC,camera9,128,sum,0.84446,0.0,0.844101,0.0
Encoder,PUC,camera9,128,mean_probs,0.84446,0.0,0.844101,0.0
Encoder,PUC,camera9,128,max,0.840898,0.0,0.840891,0.0
Encoder,PUC,camera9,128,mult,0.839145,0.0,0.839085,0.0
Encoder,PUC,camera9,128,vote,0.842091,0.0,0.841894,0.0
Encoder,PUC,PUC,128,mean_individual_models,0.93364,0.010493,0.931201,0.012192
Encoder,PUC,PUC,128,sum,0.946203,0.0,0.944998,0.0
Encoder,PUC,PUC,128,mean_probs,0.946203,0.0,0.944998,0.0
Encoder,PUC,PUC,128,max,0.96021,0.0,0.959281,0.0
Encoder,PUC,PUC,128,mult,0.948923,0.0,0.947629,0.0
Encoder,PUC,PUC,128,vote,0.946199,0.0,0.944987,0.0
Encoder,PUC,UFPR04,128,mean_individual_models,0.808554,0.025358,0.795839,0.03174
Encoder,PUC,UFPR04,128,sum,0.836266,0.0,0.828574,0.0
Encoder,PUC,UFPR04,128,mean_probs,0.836266,0.0,0.828574,0.0
Encoder,PUC,UFPR04,128,max,0.860091,0.0,0.853149,0.0
Encoder,PUC,UFPR04,128,mult,0.842633,0.0,0.831921,0.0
Encoder,PUC,UFPR04,128,vote,0.835857,0.0,0.828274,0.0
Encoder,PUC,UFPR05,128,mean_individual_models,0.59858,0.058099,0.589977,0.060401
Encoder,PUC,UFPR05,128,sum,0.609923,0.0,0.600754,0.0
Encoder,PUC,UFPR05,128,mean_probs,0.609923,0.0,0.600754,0.0
Encoder,PUC,UFPR05,128,max,0.639168,0.0,0.636451,0.0
Encoder,PUC,UFPR05,128,mult,0.613365,0.0,0.604867,0.0
Encoder,PUC,UFPR05,128,vote,0.610387,0.0,0.601097,0.0
Encoder,PUC,camera1,256,mean_individual_models,0.78639,0.024939,0.77455,0.024737
Encoder,PUC,camera1,256,sum,0.807001,0.0,0.794385,0.0
Encoder,PUC,camera1,256,mean_probs,0.807001,0.0,0.794385,0.0
Encoder,PUC,camera1,256,max,0.835415,0.0,0.823947,0.0
Encoder,PUC,camera1,256,mult,0.810006,0.0,0.797688,0.0
Encoder,PUC,camera1,256,vote,0.805173,0.0,0.792898,0.0
Encoder,PUC,camera2,256,mean_individual_models,0.762755,0.048624,0.702381,0.047208
Encoder,PUC,camera2,256,sum,0.796264,0.0,0.692744,0.0
Encoder,PUC,camera2,256,mean_probs,0.796264,0.0,0.692744,0.0
Encoder,PUC,camera2,256,max,0.841846,0.0,0.800454,0.0
Encoder,PUC,camera2,256,mult,0.805153,0.0,0.712018,0.0
Encoder,PUC,camera2,256,vote,0.797301,0.0,0.695011,0.0
Encoder,PUC,camera3,256,mean_individual_models,0.76961,0.049666,0.76424,0.047888
Encoder,PUC,camera3,256,sum,0.799781,0.0,0.797235,0.0
Encoder,PUC,camera3,256,mean_probs,0.799781,0.0,0.797235,0.0
Encoder,PUC,camera3,256,max,0.845375,0.0,0.843011,0.0
Encoder,PUC,camera3,256,mult,0.806382,0.0,0.803072,0.0
Encoder,PUC,camera3,256,vote,0.798042,0.0,0.795699,0.0
Encoder,PUC,camera4,256,mean_individual_models,0.820554,0.031487,0.812904,0.030921
Encoder,PUC,camera4,256,sum,0.84895,0.0,0.841431,0.0
Encoder,PUC,camera4,256,mean_probs,0.84895,0.0,0.841431,0.0
Encoder,PUC,camera4,256,max,0.863332,0.0,0.856897,0.0
Encoder,PUC,camera4,256,mult,0.85028,0.0,0.842837,0.0
Encoder,PUC,camera4,256,vote,0.849208,0.0,0.841587,0.0
Encoder,PUC,camera5,256,mean_individual_models,0.792857,0.026014,0.787396,0.02785
Encoder,PUC,camera5,256,sum,0.82855,0.0,0.827844,0.0
Encoder,PUC,camera5,256,mean_probs,0.82855,0.0,0.827844,0.0
Encoder,PUC,camera5,256,max,0.833182,0.0,0.830918,0.0
Encoder,PUC,camera5,256,mult,0.832855,0.0,0.831467,0.0
Encoder,PUC,camera5,256,vote,0.828777,0.0,0.828173,0.0
Encoder,PUC,camera6,256,mean_individual_models,0.841688,0.020037,0.837379,0.020294
Encoder,PUC,camera6,256,sum,0.880355,0.0,0.877711,0.0
Encoder,PUC,camera6,256,mean_probs,0.880355,0.0,0.877711,0.0
Encoder,PUC,camera6,256,max,0.885136,0.0,0.884287,0.0
Encoder,PUC,camera6,256,mult,0.880505,0.0,0.877711,0.0
Encoder,PUC,camera6,256,vote,0.879961,0.0,0.877365,0.0
Encoder,PUC,camera7,256,mean_individual_models,0.816699,0.019445,0.799656,0.022727
Encoder,PUC,camera7,256,sum,0.849976,0.0,0.830634,0.0
Encoder,PUC,camera7,256,mean_probs,0.849976,0.0,0.830634,0.0
Encoder,PUC,camera7,256,max,0.844405,0.0,0.821429,0.0
Encoder,PUC,camera7,256,mult,0.853311,0.0,0.831189,0.0
Encoder,PUC,camera7,256,vote,0.848912,0.0,0.830302,0.0
Encoder,PUC,camera8,256,mean_individual_models,0.80762,0.033594,0.802903,0.032577
Encoder,PUC,camera8,256,sum,0.855819,0.0,0.852913,0.0
Encoder,PUC,camera8,256,mean_probs,0.855819,0.0,0.852913,0.0
Encoder,PUC,camera8,256,max,0.871564,0.0,0.868441,0.0
Encoder,PUC,camera8,256,mult,0.862398,0.0,0.858893,0.0
Encoder,PUC,camera8,256,vote,0.855326,0.0,0.852527,0.0
Encoder,PUC,camera9,256,mean_individual_models,0.790396,0.031065,0.779815,0.028079
Encoder,PUC,camera9,256,sum,0.841248,0.0,0.830658,0.0
Encoder,PUC,camera9,256,mean_probs,0.841248,0.0,0.830658,0.0
Encoder,PUC,camera9,256,max,0.827868,0.0,0.820827,0.0
Encoder,PUC,camera9,256,mult,0.840516,0.0,0.829454,0.0
Encoder,PUC,camera9,256,vote,0.841168,0.0,0.831059,0.0
Encoder,PUC,PUC,256,mean_individual_models,0.949648,0.00881,0.947691,0.010056
Encoder,PUC,PUC,256,sum,0.965311,0.0,0.964181,0.0
Encoder,PUC,PUC,256,mean_probs,0.965311,0.0,0.964181,0.0
Encoder,PUC,PUC,256,max,0.966149,0.0,0.965479,0.0
Encoder,PUC,PUC,256,mult,0.965123,0.0,0.964002,0.0
Encoder,PUC,PUC,256,vote,0.965331,0.0,0.964201,0.0
Encoder,PUC,UFPR04,256,mean_individual_models,0.825787,0.01919,0.803122,0.018843
Encoder,PUC,UFPR04,256,sum,0.847733,0.0,0.821244,0.0
Encoder,PUC,UFPR04,256,mean_probs,0.847733,0.0,0.821244,0.0
Encoder,PUC,UFPR04,256,max,0.866445,0.0,0.849155,0.0
Encoder,PUC,UFPR04,256,mult,0.849627,0.0,0.824741,0.0
Encoder,PUC,UFPR04,256,vote,0.847595,0.0,0.821013,0.0
Encoder,PUC,UFPR05,256,mean_individual_models,0.660764,0.053625,0.654916,0.059726
Encoder,PUC,UFPR05,256,sum,0.688507,0.0,0.688504,0.0
Encoder,PUC,UFPR05,256,mean_probs,0.688507,0.0,0.688504,0.0
Encoder,PUC,UFPR05,256,max,0.697277,0.0,0.701456,0.0
Encoder,PUC,UFPR05,256,mult,0.684953,0.0,0.685436,0.0
Encoder,PUC,UFPR05,256,vote,0.688041,0.0,0.688056,0.0
Encoder,PUC,camera1,512,mean_individual_models,0.787703,0.026834,0.779521,0.026329
Encoder,PUC,camera1,512,sum,0.807181,0.0,0.801156,0.0
Encoder,PUC,camera1,512,mean_probs,0.807181,0.0,0.801156,0.0
Encoder,PUC,camera1,512,max,0.854509,0.0,0.853179,0.0
Encoder,PUC,camera1,512,mult,0.812102,0.0,0.805945,0.0
Encoder,PUC,camera1,512,vote,0.807115,0.0,0.801156,0.0
Encoder,PUC,camera2,512,mean_individual_models,0.741481,0.067151,0.703628,0.063535
Encoder,PUC,camera2,512,sum,0.774172,0.0,0.698413,0.0
Encoder,PUC,camera2,512,mean_probs,0.774172,0.0,0.698413,0.0
Encoder,PUC,camera2,512,max,0.810434,0.0,0.798186,0.0
Encoder,PUC,camera2,512,mult,0.787977,0.0,0.722222,0.0
Encoder,PUC,camera2,512,vote,0.774172,0.0,0.698413,0.0
Encoder,PUC,camera3,512,mean_individual_models,0.764965,0.05173,0.756283,0.055569
Encoder,PUC,camera3,512,sum,0.789381,0.0,0.789555,0.0
Encoder,PUC,camera3,512,mean_probs,0.789381,0.0,0.789555,0.0
Encoder,PUC,camera3,512,max,0.856265,0.0,0.84977,0.0
Encoder,PUC,camera3,512,mult,0.817013,0.0,0.816897,0.0
Encoder,PUC,camera3,512,vote,0.788466,0.0,0.788633,0.0
Encoder,PUC,camera4,512,mean_individual_models,0.823769,0.033297,0.818731,0.03187
Encoder,PUC,camera4,512,sum,0.84881,0.0,0.848617,0.0
Encoder,PUC,camera4,512,mean_probs,0.84881,0.0,0.848617,0.0
Encoder,PUC,camera4,512,max,0.879352,0.0,0.8783,0.0
Encoder,PUC,camera4,512,mult,0.859001,0.0,0.859085,0.0
Encoder,PUC,camera4,512,vote,0.846033,0.0,0.845962,0.0
Encoder,PUC,camera5,512,mean_individual_models,0.80054,0.025418,0.792863,0.029336
Encoder,PUC,camera5,512,sum,0.843345,0.0,0.843215,0.0
Encoder,PUC,camera5,512,mean_probs,0.843345,0.0,0.843215,0.0
Encoder,PUC,camera5,512,max,0.854398,0.0,0.851779,0.0
Encoder,PUC,camera5,512,mult,0.850007,0.0,0.849583,0.0
Encoder,PUC,camera5,512,vote,0.840928,0.0,0.84069,0.0
Encoder,PUC,camera6,512,mean_individual_models,0.833491,0.019615,0.828957,0.020688
Encoder,PUC,camera6,512,sum,0.872727,0.0,0.87275,0.0
Encoder,PUC,camera6,512,mean_probs,0.872727,0.0,0.87275,0.0
Encoder,PUC,camera6,512,max,0.880145,0.0,0.876673,0.0
Encoder,PUC,camera6,512,mult,0.877462,0.0,0.877019,0.0
Encoder,PUC,camera6,512,vote,0.871339,0.0,0.871366,0.0
Encoder,PUC,camera7,512,mean_individual_models,0.821344,0.018231,0.813287,0.018194
Encoder,PUC,camera7,512,sum,0.857132,0.0,0.849933,0.0
Encoder,PUC,camera7,512,mean_probs,0.857132,0.0,0.849933,0.0
Encoder,PUC,camera7,512,max,0.864681,0.0,0.86169,0.0
Encoder,PUC,camera7,512,mult,0.857523,0.0,0.851597,0.0
Encoder,PUC,camera7,512,vote,0.854872,0.0,0.848159,0.0
Encoder,PUC,camera8,512,mean_individual_models,0.803233,0.03288,0.796846,0.040792
Encoder,PUC,camera8,512,sum,0.839226,0.0,0.839313,0.0
Encoder,PUC,camera8,512,mean_probs,0.839226,0.0,0.839313,0.0
Encoder,PUC,camera8,512,max,0.860521,0.0,0.85735,0.0
Encoder,PUC,camera8,512,mult,0.848497,0.0,0.848283,0.0
Encoder,PUC,camera8,512,vote,0.836735,0.0,0.836806,0.0
Encoder,PUC,camera9,512,mean_individual_models,0.780629,0.021177,0.772753,0.017976
Encoder,PUC,camera9,512,sum,0.815814,0.0,0.814205,0.0
Encoder,PUC,camera9,512,mean_probs,0.815814,0.0,0.814205,0.0
Encoder,PUC,camera9,512,max,0.828743,0.0,0.828652,0.0
Encoder,PUC,camera9,512,mult,0.808504,0.0,0.808186,0.0
Encoder,PUC,camera9,512,vote,0.813033,0.0,0.811597,0.0
Encoder,PUC,PUC,512,mean_individual_models,0.962293,0.006437,0.961704,0.006353
Encoder,PUC,PUC,512,sum,0.979674,0.0,0.979505,0.0
Encoder,PUC,PUC,512,mean_probs,0.979674,0.0,0.979505,0.0
Encoder,PUC,PUC,512,max,0.979665,0.0,0.979635,0.0
Encoder,PUC,PUC,512,mult,0.980776,0.0,0.980638,0.0
Encoder,PUC,PUC,512,vote,0.979658,0.0,0.979488,0.0
Encoder,PUC,UFPR04,512,mean_individual_models,0.841633,0.027485,0.832112,0.030219
Encoder,PUC,UFPR04,512,sum,0.879985,0.0,0.873615,0.0
Encoder,PUC,UFPR04,512,mean_probs,0.879985,0.0,0.873615,0.0
Encoder,PUC,UFPR04,512,max,0.897112,0.0,0.894958,0.0
Encoder,PUC,UFPR04,512,mult,0.884311,0.0,0.877159,0.0
Encoder,PUC,UFPR04,512,vote,0.879933,0.0,0.873615,0.0
Encoder,PUC,UFPR05,512,mean_individual_models,0.688671,0.061435,0.689255,0.063358
Encoder,PUC,UFPR05,512,sum,0.72181,0.0,0.726045,0.0
Encoder,PUC,UFPR05,512,mean_probs,0.72181,0.0,0.726045,0.0
Encoder,PUC,UFPR05,512,max,0.747625,0.0,0.738758,0.0
Encoder,PUC,UFPR05,512,mult,0.718472,0.0,0.722417,0.0
Encoder,PUC,UFPR05,512,vote,0.72278,0.0,0.727001,0.0
Encoder,PUC,camera1,1024,mean_individual_models,0.782617,0.036077,0.772568,0.034151
Encoder,PUC,camera1,1024,sum,0.797162,0.0,0.785962,0.0
Encoder,PUC,camera1,1024,mean_probs,0.797162,0.0,0.785962,0.0
Encoder,PUC,camera1,1024,max,0.831167,0.0,0.823452,0.0
Encoder,PUC,camera1,1024,mult,0.800815,0.0,0.78943,0.0
Encoder,PUC,camera1,1024,vote,0.798044,0.0,0.786788,0.0
Encoder,PUC,camera2,1024,mean_individual_models,0.730541,0.073895,0.68288,0.065224
Encoder,PUC,camera2,1024,sum,0.76794,0.0,0.673469,0.0
Encoder,PUC,camera2,1024,mean_probs,0.76794,0.0,0.673469,0.0
Encoder,PUC,camera2,1024,max,0.812232,0.0,0.780045,0.0
Encoder,PUC,camera2,1024,mult,0.76948,0.0,0.683673,0.0
Encoder,PUC,camera2,1024,vote,0.76794,0.0,0.673469,0.0
Encoder,PUC,camera3,1024,mean_individual_models,0.767149,0.058149,0.762888,0.059784
Encoder,PUC,camera3,1024,sum,0.796875,0.0,0.796928,0.0
Encoder,PUC,camera3,1024,mean_probs,0.796875,0.0,0.796928,0.0
Encoder,PUC,camera3,1024,max,0.868627,0.0,0.86851,0.0
Encoder,PUC,camera3,1024,mult,0.814905,0.0,0.814747,0.0
Encoder,PUC,camera3,1024,vote,0.795605,0.0,0.795699,0.0
Encoder,PUC,camera4,1024,mean_individual_models,0.814503,0.03684,0.81242,0.036126
Encoder,PUC,camera4,1024,sum,0.839043,0.0,0.837525,0.0
Encoder,PUC,camera4,1024,mean_probs,0.839043,0.0,0.837525,0.0
Encoder,PUC,camera4,1024,max,0.868987,0.0,0.868771,0.0
Encoder,PUC,camera4,1024,mult,0.846156,0.0,0.844712,0.0
Encoder,PUC,camera4,1024,vote,0.837873,0.0,0.836588,0.0
Encoder,PUC,camera5,1024,mean_individual_models,0.795205,0.026118,0.792567,0.027302
Encoder,PUC,camera5,1024,sum,0.830596,0.0,0.830808,0.0
Encoder,PUC,camera5,1024,mean_probs,0.830596,0.0,0.830808,0.0
Encoder,PUC,camera5,1024,max,0.829438,0.0,0.8296,0.0
Encoder,PUC,camera5,1024,mult,0.835147,0.0,0.83509,0.0
Encoder,PUC,camera5,1024,vote,0.829366,0.0,0.8296,0.0
Encoder,PUC,camera6,1024,mean_individual_models,0.839964,0.023852,0.837967,0.024046
Encoder,PUC,camera6,1024,sum,0.875637,0.0,0.875173,0.0
Encoder,PUC,camera6,1024,mean_probs,0.875637,0.0,0.875173,0.0
Encoder,PUC,camera6,1024,max,0.884226,0.0,0.883479,0.0
Encoder,PUC,camera6,1024,mult,0.878502,0.0,0.878403,0.0
Encoder,PUC,camera6,1024,vote,0.875515,0.0,0.875058,0.0
Encoder,PUC,camera7,1024,mean_individual_models,0.825686,0.019009,0.815927,0.019113
Encoder,PUC,camera7,1024,sum,0.852574,0.0,0.841393,0.0
Encoder,PUC,camera7,1024,mean_probs,0.852574,0.0,0.841393,0.0
Encoder,PUC,camera7,1024,max,0.853414,0.0,0.84339,0.0
Encoder,PUC,camera7,1024,mult,0.851447,0.0,0.839951,0.0
Encoder,PUC,camera7,1024,vote,0.85172,0.0,0.841171,0.0
Encoder,PUC,camera8,1024,mean_individual_models,0.809559,0.038598,0.807388,0.040582
Encoder,PUC,camera8,1024,sum,0.844815,0.0,0.844907,0.0
Encoder,PUC,camera8,1024,mean_probs,0.844815,0.0,0.844907,0.0
Encoder,PUC,camera8,1024,max,0.865494,0.0,0.865644,0.0
Encoder,PUC,camera8,1024,mult,0.848843,0.0,0.848958,0.0
Encoder,PUC,camera8,1024,vote,0.844892,0.0,0.845004,0.0
Encoder,PUC,camera9,1024,mean_individual_models,0.781293,0.02388,0.776364,0.023295
Encoder,PUC,camera9,1024,sum,0.809898,0.0,0.806782,0.0
Encoder,PUC,camera9,1024,mean_probs,0.809898,0.0,0.806782,0.0
Encoder,PUC,camera9,1024,max,0.818631,0.0,0.81862,0.0
Encoder,PUC,camera9,1024,mult,0.801842,0.0,0.800161,0.0
Encoder,PUC,camera9,1024,vote,0.809318,0.0,0.80618,0.0
Encoder,PUC,PUC,1024,mean_individual_models,0.963829,0.008389,0.963019,0.008925
Encoder,PUC,PUC,1024,sum,0.978273,0.0,0.978045,0.0
Encoder,PUC,PUC,1024,mean_probs,0.978273,0.0,0.978045,0.0
Encoder,PUC,PUC,1024,max,0.978076,0.0,0.978077,0.0
Encoder,PUC,PUC,1024,mult,0.977321,0.0,0.977132,0.0
Encoder,PUC,PUC,1024,vote,0.978251,0.0,0.978022,0.0
Encoder,PUC,UFPR04,1024,mean_individual_models,0.858182,0.023264,0.852187,0.023684
Encoder,PUC,UFPR04,1024,sum,0.890896,0.0,0.887316,0.0
Encoder,PUC,UFPR04,1024,mean_probs,0.890896,0.0,0.887316,0.0
Encoder,PUC,UFPR04,1024,max,0.900364,0.0,0.90103,0.0
Encoder,PUC,UFPR04,1024,mult,0.895549,0.0,0.890433,0.0
Encoder,PUC,UFPR04,1024,vote,0.890556,0.0,0.887005,0.0
Encoder,PUC,UFPR05,1024,mean_individual_models,0.724324,0.051374,0.723526,0.053473
Encoder,PUC,UFPR05,1024,sum,0.766162,0.0,0.769573,0.0
Encoder,PUC,UFPR05,1024,mean_probs,0.766162,0.0,0.769573,0.0
Encoder,PUC,UFPR05,1024,max,0.789145,0.0,0.783114,0.0
Encoder,PUC,UFPR05,1024,mult,0.765222,0.0,0.768364,0.0
Encoder,PUC,UFPR05,1024,vote,0.766269,0.0,0.769685,0.0
Encoder,UFPR04,camera1,64,mean_individual_models,0.48878,0.097607,0.52403,0.069732
Encoder,UFPR04,camera1,64,sum,0.483132,0.0,0.516763,0.0
Encoder,UFPR04,camera1,64,mean_probs,0.483132,0.0,0.516763,0.0
Encoder,UFPR04,camera1,64,max,0.528245,0.0,0.547151,0.0
Encoder,UFPR04,camera1,64,mult,0.503658,0.0,0.53014,0.0
Encoder,UFPR04,camera1,64,vote,0.478319,0.0,0.51379,0.0
Encoder,UFPR04,camera2,64,mean_individual_models,0.456471,0.101479,0.480045,0.046742
Encoder,UFPR04,camera2,64,sum,0.47205,0.0,0.49093,0.0
Encoder,UFPR04,camera2,64,mean_probs,0.47205,0.0,0.49093,0.0
Encoder,UFPR04,camera2,64,max,0.462202,0.0,0.487528,0.0
Encoder,UFPR04,camera2,64,mult,0.464941,0.0,0.487528,0.0
Encoder,UFPR04,camera2,64,vote,0.468829,0.0,0.489796,0.0
Encoder,UFPR04,camera3,64,mean_individual_models,0.555655,0.098508,0.515115,0.060751
Encoder,UFPR04,camera3,64,sum,0.570281,0.0,0.517051,0.0
Encoder,UFPR04,camera3,64,mean_probs,0.570281,0.0,0.517051,0.0
Encoder,UFPR04,camera3,64,max,0.583679,0.0,0.519201,0.0
Encoder,UFPR04,camera3,64,mult,0.574208,0.0,0.51828,0.0
Encoder,UFPR04,camera3,64,vote,0.566642,0.0,0.514593,0.0
Encoder,UFPR04,camera4,64,mean_individual_models,0.536884,0.102508,0.523637,0.073443
Encoder,UFPR04,camera4,64,sum,0.550324,0.0,0.539603,0.0
Encoder,UFPR04,camera4,64,mean_probs,0.550324,0.0,0.539603,0.0
Encoder,UFPR04,camera4,64,max,0.550158,0.0,0.539291,0.0
Encoder,UFPR04,camera4,64,mult,0.551978,0.0,0.540228,0.0
Encoder,UFPR04,camera4,64,vote,0.5508,0.0,0.539916,0.0
Encoder,UFPR04,camera5,64,mean_individual_models,0.57343,0.099132,0.544444,0.066588
Encoder,UFPR04,camera5,64,sum,0.607838,0.0,0.562582,0.0
Encoder,UFPR04,camera5,64,mean_probs,0.607838,0.0,0.562582,0.0
Encoder,UFPR04,camera5,64,max,0.604415,0.0,0.561594,0.0
Encoder,UFPR04,camera5,64,mult,0.609895,0.0,0.563131,0.0
Encoder,UFPR04,camera5,64,vote,0.611118,0.0,0.56379,0.0
Encoder,UFPR04,camera6,64,mean_individual_models,0.618718,0.091304,0.555814,0.055162
Encoder,UFPR04,camera6,64,sum,0.662744,0.0,0.571066,0.0
Encoder,UFPR04,camera6,64,mean_probs,0.662744,0.0,0.571066,0.0
Encoder,UFPR04,camera6,64,max,0.66876,0.0,0.571989,0.0
Encoder,UFPR04,camera6,64,mult,0.665839,0.0,0.572335,0.0
Encoder,UFPR04,camera6,64,vote,0.664964,0.0,0.571527,0.0
Encoder,UFPR04,camera7,64,mean_individual_models,0.581037,0.098362,0.532087,0.076573
Encoder,UFPR04,camera7,64,sum,0.61094,0.0,0.533718,0.0
Encoder,UFPR04,camera7,64,mean_probs,0.61094,0.0,0.533718,0.0
Encoder,UFPR04,camera7,64,max,0.635545,0.0,0.554348,0.0
Encoder,UFPR04,camera7,64,mult,0.621633,0.0,0.543146,0.0
Encoder,UFPR04,camera7,64,vote,0.610227,0.0,0.532941,0.0
Encoder,UFPR04,camera8,64,mean_individual_models,0.577941,0.091453,0.530671,0.059554
Encoder,UFPR04,camera8,64,sum,0.619945,0.0,0.548708,0.0
Encoder,UFPR04,camera8,64,mean_probs,0.619945,0.0,0.548708,0.0
Encoder,UFPR04,camera8,64,max,0.61853,0.0,0.546586,0.0
Encoder,UFPR04,camera8,64,mult,0.617658,0.0,0.547261,0.0
Encoder,UFPR04,camera8,64,vote,0.617572,0.0,0.546971,0.0
Encoder,UFPR04,camera9,64,mean_individual_models,0.485288,0.07983,0.493921,0.056443
Encoder,UFPR04,camera9,64,sum,0.500893,0.0,0.509029,0.0
Encoder,UFPR04,camera9,64,mean_probs,0.500893,0.0,0.509029,0.0
Encoder,UFPR04,camera9,64,max,0.511362,0.0,0.515449,0.0
Encoder,UFPR04,camera9,64,mult,0.506738,0.0,0.51264,0.0
Encoder,UFPR04,camera9,64,vote,0.500608,0.0,0.508828,0.0
Encoder,UFPR04,PUC,64,mean_individual_models,0.662545,0.044979,0.661027,0.044504
Encoder,UFPR04,PUC,64,sum,0.670386,0.0,0.670017,0.0
Encoder,UFPR04,PUC,64,mean_probs,0.670386,0.0,0.670017,0.0
Encoder,UFPR04,PUC,64,max,0.667936,0.0,0.666282,0.0
Encoder,UFPR04,PUC,64,mult,0.665988,0.0,0.665557,0.0
Encoder,UFPR04,PUC,64,vote,0.670944,0.0,0.670581,0.0
Encoder,UFPR04,UFPR04,64,mean_individual_models,0.886004,0.013872,0.869298,0.016493
Encoder,UFPR04,UFPR04,64,sum,0.89698,0.0,0.881164,0.0
Encoder,UFPR04,UFPR04,64,mean_probs,0.89698,0.0,0.881164,0.0
Encoder,UFPR04,UFPR04,64,max,0.910671,0.0,0.901791,0.0
Encoder,UFPR04,UFPR04,64,mult,0.900919,0.0,0.885562,0.0
Encoder,UFPR04,UFPR04,64,vote,0.89608,0.0,0.880471,0.0
Encoder,UFPR04,UFPR05,64,mean_individual_models,0.581071,0.097555,0.567649,0.021748
Encoder,UFPR04,UFPR05,64,sum,0.588999,0.0,0.566833,0.0
Encoder,UFPR04,UFPR05,64,mean_probs,0.588999,0.0,0.566833,0.0
Encoder,UFPR04,UFPR05,64,max,0.665928,0.0,0.570976,0.0
Encoder,UFPR04,UFPR05,64,mult,0.602839,0.0,0.567834,0.0
Encoder,UFPR04,UFPR05,64,vote,0.584985,0.0,0.566438,0.0
Encoder,UFPR04,camera1,128,mean_individual_models,0.495578,0.090674,0.527614,0.061999
Encoder,UFPR04,camera1,128,sum,0.49629,0.0,0.527663,0.0
Encoder,UFPR04,camera1,128,mean_probs,0.49629,0.0,0.527663,0.0
Encoder,UFPR04,camera1,128,max,0.521659,0.0,0.544178,0.0
Encoder,UFPR04,camera1,128,mult,0.502323,0.0,0.531627,0.0
Encoder,UFPR04,camera1,128,vote,0.498117,0.0,0.528654,0.0
Encoder,UFPR04,camera2,128,mean_individual_models,0.472565,0.101863,0.487188,0.036833
Encoder,UFPR04,camera2,128,sum,0.484256,0.0,0.496599,0.0
Encoder,UFPR04,camera2,128,mean_probs,0.484256,0.0,0.496599,0.0
Encoder,UFPR04,camera2,128,max,0.440589,0.0,0.479592,0.0
Encoder,UFPR04,camera2,128,mult,0.471327,0.0,0.492063,0.0
Encoder,UFPR04,camera2,128,vote,0.480147,0.0,0.495465,0.0
Encoder,UFPR04,camera3,128,mean_individual_models,0.584284,0.086839,0.524455,0.04967
Encoder,UFPR04,camera3,128,sum,0.591683,0.0,0.517358,0.0
Encoder,UFPR04,camera3,128,mean_probs,0.591683,0.0,0.517358,0.0
Encoder,UFPR04,camera3,128,max,0.612911,0.0,0.523502,0.0
Encoder,UFPR04,camera3,128,mult,0.597559,0.0,0.519508,0.0
Encoder,UFPR04,camera3,128,vote,0.596338,0.0,0.519508,0.0
Encoder,UFPR04,camera4,128,mean_individual_models,0.585468,0.089101,0.551711,0.05726
Encoder,UFPR04,camera4,128,sum,0.616508,0.0,0.569442,0.0
Encoder,UFPR04,camera4,128,mean_probs,0.616508,0.0,0.569442,0.0
Encoder,UFPR04,camera4,128,max,0.590574,0.0,0.555694,0.0
Encoder,UFPR04,camera4,128,mult,0.608214,0.0,0.564756,0.0
Encoder,UFPR04,camera4,128,vote,0.618428,0.0,0.570692,0.0
Encoder,UFPR04,camera5,128,mean_individual_models,0.626209,0.098277,0.563911,0.057001
Encoder,UFPR04,camera5,128,sum,0.672283,0.0,0.576746,0.0
Encoder,UFPR04,camera5,128,mean_probs,0.672283,0.0,0.576746,0.0
Encoder,UFPR04,camera5,128,max,0.648164,0.0,0.568621,0.0
Encoder,UFPR04,camera5,128,mult,0.670431,0.0,0.575428,0.0
Encoder,UFPR04,camera5,128,vote,0.677646,0.0,0.579491,0.0
Encoder,UFPR04,camera6,128,mean_individual_models,0.669151,0.088032,0.570108,0.048333
Encoder,UFPR04,camera6,128,sum,0.722982,0.0,0.583872,0.0
Encoder,UFPR04,camera6,128,mean_probs,0.722982,0.0,0.583872,0.0
Encoder,UFPR04,camera6,128,max,0.714207,0.0,0.576834,0.0
Encoder,UFPR04,camera6,128,mult,0.722275,0.0,0.582372,0.0
Encoder,UFPR04,camera6,128,vote,0.723392,0.0,0.586064,0.0
Encoder,UFPR04,camera7,128,mean_individual_models,0.63749,0.088638,0.555024,0.067668
Encoder,UFPR04,camera7,128,sum,0.674142,0.0,0.552795,0.0
Encoder,UFPR04,camera7,128,mean_probs,0.674142,0.0,0.552795,0.0
Encoder,UFPR04,camera7,128,max,0.682672,0.0,0.559117,0.0
Encoder,UFPR04,camera7,128,mult,0.679226,0.0,0.555901,0.0
Encoder,UFPR04,camera7,128,vote,0.674473,0.0,0.554126,0.0
Encoder,UFPR04,camera8,128,mean_individual_models,0.633945,0.090715,0.551022,0.049105
Encoder,UFPR04,camera8,128,sum,0.677848,0.0,0.559606,0.0
Encoder,UFPR04,camera8,128,mean_probs,0.677848,0.0,0.559606,0.0
Encoder,UFPR04,camera8,128,max,0.675193,0.0,0.553916,0.0
Encoder,UFPR04,camera8,128,mult,0.679013,0.0,0.558546,0.0
Encoder,UFPR04,camera8,128,vote,0.680503,0.0,0.561632,0.0
Encoder,UFPR04,camera9,128,mean_individual_models,0.57065,0.08342,0.541453,0.045456
Encoder,UFPR04,camera9,128,sum,0.60542,0.0,0.55618,0.0
Encoder,UFPR04,camera9,128,mean_probs,0.60542,0.0,0.55618,0.0
Encoder,UFPR04,camera9,128,max,0.577909,0.0,0.542937,0.0
Encoder,UFPR04,camera9,128,mult,0.599476,0.0,0.552769,0.0
Encoder,UFPR04,camera9,128,vote,0.608602,0.0,0.557986,0.0
Encoder,UFPR04,PUC,128,mean_individual_models,0.727724,0.023222,0.722423,0.021973
Encoder,UFPR04,PUC,128,sum,0.748003,0.0,0.741412,0.0
Encoder,UFPR04,PUC,128,mean_probs,0.748003,0.0,0.741412,0.0
Encoder,UFPR04,PUC,128,max,0.754233,0.0,0.745008,0.0
Encoder,UFPR04,PUC,128,mult,0.747133,0.0,0.740218,0.0
Encoder,UFPR04,PUC,128,vote,0.747824,0.0,0.741212,0.0
Encoder,UFPR04,UFPR04,128,mean_individual_models,0.901754,0.013503,0.894366,0.015979
Encoder,UFPR04,UFPR04,128,sum,0.917306,0.0,0.910299,0.0
Encoder,UFPR04,UFPR04,128,mean_probs,0.917306,0.0,0.910299,0.0
Encoder,UFPR04,UFPR04,128,max,0.935404,0.0,0.934331,0.0
Encoder,UFPR04,UFPR04,128,mult,0.922543,0.0,0.917132,0.0
Encoder,UFPR04,UFPR04,128,vote,0.917096,0.0,0.910056,0.0
Encoder,UFPR04,UFPR05,128,mean_individual_models,0.58081,0.062866,0.566401,0.007324
Encoder,UFPR04,UFPR05,128,sum,0.567563,0.0,0.56443,0.0
Encoder,UFPR04,UFPR05,128,mean_probs,0.567563,0.0,0.56443,0.0
Encoder,UFPR04,UFPR05,128,max,0.651741,0.0,0.568334,0.0
Encoder,UFPR04,UFPR05,128,mult,0.610918,0.0,0.566901,0.0
Encoder,UFPR04,UFPR05,128,vote,0.569471,0.0,0.564639,0.0
Encoder,UFPR04,camera1,256,mean_individual_models,0.634084,0.061744,0.621519,0.055569
Encoder,UFPR04,camera1,256,sum,0.666187,0.0,0.662923,0.0
Encoder,UFPR04,camera1,256,mean_probs,0.666187,0.0,0.662923,0.0
Encoder,UFPR04,camera1,256,max,0.736619,0.0,0.723369,0.0
Encoder,UFPR04,camera1,256,mult,0.683355,0.0,0.67597,0.0
Encoder,UFPR04,camera1,256,vote,0.658757,0.0,0.656482,0.0
Encoder,UFPR04,camera2,256,mean_individual_models,0.595049,0.102177,0.586848,0.093021
Encoder,UFPR04,camera2,256,sum,0.578926,0.0,0.57483,0.0
Encoder,UFPR04,camera2,256,mean_probs,0.578926,0.0,0.57483,0.0
Encoder,UFPR04,camera2,256,max,0.620273,0.0,0.620181,0.0
Encoder,UFPR04,camera2,256,mult,0.580038,0.0,0.577098,0.0
Encoder,UFPR04,camera2,256,vote,0.577807,0.0,0.573696,0.0
Encoder,UFPR04,camera3,256,mean_individual_models,0.692945,0.069092,0.659631,0.081514
Encoder,UFPR04,camera3,256,sum,0.74253,0.0,0.708141,0.0
Encoder,UFPR04,camera3,256,mean_probs,0.74253,0.0,0.708141,0.0
Encoder,UFPR04,camera3,256,max,0.783131,0.0,0.762519,0.0
Encoder,UFPR04,camera3,256,mult,0.744711,0.0,0.715207,0.0
Encoder,UFPR04,camera3,256,vote,0.73997,0.0,0.705991,0.0
Encoder,UFPR04,camera4,256,mean_individual_models,0.630471,0.09097,0.609436,0.085048
Encoder,UFPR04,camera4,256,sum,0.680953,0.0,0.658022,0.0
Encoder,UFPR04,camera4,256,mean_probs,0.680953,0.0,0.658022,0.0
Encoder,UFPR04,camera4,256,max,0.685107,0.0,0.678175,0.0
Encoder,UFPR04,camera4,256,mult,0.671601,0.0,0.654585,0.0
Encoder,UFPR04,camera4,256,vote,0.678301,0.0,0.654585,0.0
Encoder,UFPR04,camera5,256,mean_individual_models,0.656354,0.082362,0.622881,0.072368
Encoder,UFPR04,camera5,256,sum,0.711663,0.0,0.683465,0.0
Encoder,UFPR04,camera5,256,mean_probs,0.711663,0.0,0.683465,0.0
Encoder,UFPR04,camera5,256,max,0.710468,0.0,0.701471,0.0
Encoder,UFPR04,camera5,256,mult,0.703851,0.0,0.682038,0.0
Encoder,UFPR04,camera5,256,vote,0.709148,0.0,0.679952,0.0
Encoder,UFPR04,camera6,256,mean_individual_models,0.711209,0.084839,0.664813,0.085508
Encoder,UFPR04,camera6,256,sum,0.773955,0.0,0.712275,0.0
Encoder,UFPR04,camera6,256,mean_probs,0.773955,0.0,0.712275,0.0
Encoder,UFPR04,camera6,256,max,0.795696,0.0,0.762114,0.0
Encoder,UFPR04,camera6,256,mult,0.780634,0.0,0.724158,0.0
Encoder,UFPR04,camera6,256,vote,0.772729,0.0,0.709506,0.0
Encoder,UFPR04,camera7,256,mean_individual_models,0.721851,0.060339,0.692425,0.070017
Encoder,UFPR04,camera7,256,sum,0.779114,0.0,0.772848,0.0
Encoder,UFPR04,camera7,256,mean_probs,0.779114,0.0,0.772848,0.0
Encoder,UFPR04,camera7,256,max,0.798999,0.0,0.800466,0.0
Encoder,UFPR04,camera7,256,mult,0.781023,0.0,0.778505,0.0
Encoder,UFPR04,camera7,256,vote,0.77725,0.0,0.769299,0.0
Encoder,UFPR04,camera8,256,mean_individual_models,0.689729,0.082604,0.645467,0.085536
Encoder,UFPR04,camera8,256,sum,0.740953,0.0,0.67689,0.0
Encoder,UFPR04,camera8,256,mean_probs,0.740953,0.0,0.67689,0.0
Encoder,UFPR04,camera8,256,max,0.765425,0.0,0.732446,0.0
Encoder,UFPR04,camera8,256,mult,0.742753,0.0,0.686632,0.0
Encoder,UFPR04,camera8,256,vote,0.740574,0.0,0.675154,0.0
Encoder,UFPR04,camera9,256,mean_individual_models,0.612386,0.073302,0.593961,0.065759
Encoder,UFPR04,camera9,256,sum,0.652687,0.0,0.619984,0.0
Encoder,UFPR04,camera9,256,mean_probs,0.652687,0.0,0.619984,0.0
Encoder,UFPR04,camera9,256,max,0.674481,0.0,0.654896,0.0
Encoder,UFPR04,camera9,256,mult,0.651778,0.0,0.622994,0.0
Encoder,UFPR04,camera9,256,vote,0.6493,0.0,0.616974,0.0
Encoder,UFPR04,PUC,256,mean_individual_models,0.795349,0.038306,0.793068,0.039593
Encoder,UFPR04,PUC,256,sum,0.845682,0.0,0.845338,0.0
Encoder,UFPR04,PUC,256,mean_probs,0.845682,0.0,0.845338,0.0
Encoder,UFPR04,PUC,256,max,0.865004,0.0,0.863677,0.0
Encoder,UFPR04,PUC,256,mult,0.852849,0.0,0.852383,0.0
Encoder,UFPR04,PUC,256,vote,0.844723,0.0,0.84435,0.0
Encoder,UFPR04,UFPR04,256,mean_individual_models,0.926627,0.012445,0.920965,0.014518
Encoder,UFPR04,UFPR04,256,sum,0.942302,0.0,0.937333,0.0
Encoder,UFPR04,UFPR04,256,mean_probs,0.942302,0.0,0.937333,0.0
Encoder,UFPR04,UFPR04,256,max,0.953383,0.0,0.952419,0.0
Encoder,UFPR04,UFPR04,256,mult,0.945923,0.0,0.942273,0.0
Encoder,UFPR04,UFPR04,256,vote,0.942135,0.0,0.937079,0.0
Encoder,UFPR04,UFPR05,256,mean_individual_models,0.715509,0.053706,0.670632,0.060162
Encoder,UFPR04,UFPR05,256,sum,0.772052,0.0,0.692431,0.0
Encoder,UFPR04,UFPR05,256,mean_probs,0.772052,0.0,0.692431,0.0
Encoder,UFPR04,UFPR05,256,max,0.80056,0.0,0.721596,0.0
Encoder,UFPR04,UFPR05,256,mult,0.779739,0.0,0.700642,0.0
Encoder,UFPR04,UFPR05,256,vote,0.770937,0.0,0.691079,0.0
Encoder,UFPR04,camera1,512,mean_individual_models,0.648362,0.052953,0.640743,0.054397
Encoder,UFPR04,camera1,512,sum,0.705876,0.0,0.708505,0.0
Encoder,UFPR04,camera1,512,mean_probs,0.705876,0.0,0.708505,0.0
Encoder,UFPR04,camera1,512,max,0.785458,0.0,0.782329,0.0
Encoder,UFPR04,camera1,512,mult,0.698911,0.0,0.701404,0.0
Encoder,UFPR04,camera1,512,vote,0.700248,0.0,0.70289,0.0
Encoder,UFPR04,camera2,512,mean_individual_models,0.70025,0.095454,0.64898,0.099481
Encoder,UFPR04,camera2,512,sum,0.73839,0.0,0.666667,0.0
Encoder,UFPR04,camera2,512,mean_probs,0.73839,0.0,0.666667,0.0
Encoder,UFPR04,camera2,512,max,0.823369,0.0,0.807256,0.0
Encoder,UFPR04,camera2,512,mult,0.710054,0.0,0.692744,0.0
Encoder,UFPR04,camera2,512,vote,0.736631,0.0,0.668934,0.0
Encoder,UFPR04,camera3,512,mean_individual_models,0.728149,0.069411,0.675545,0.095865
Encoder,UFPR04,camera3,512,sum,0.782411,0.0,0.730261,0.0
Encoder,UFPR04,camera3,512,mean_probs,0.782411,0.0,0.730261,0.0
Encoder,UFPR04,camera3,512,max,0.811655,0.0,0.78126,0.0
Encoder,UFPR04,camera3,512,mult,0.755311,0.0,0.72596,0.0
Encoder,UFPR04,camera3,512,vote,0.780365,0.0,0.727496,0.0
Encoder,UFPR04,camera4,512,mean_individual_models,0.691593,0.066866,0.652648,0.068449
Encoder,UFPR04,camera4,512,sum,0.749062,0.0,0.706765,0.0
Encoder,UFPR04,camera4,512,mean_probs,0.749062,0.0,0.706765,0.0
Encoder,UFPR04,camera4,512,max,0.780535,0.0,0.763318,0.0
Encoder,UFPR04,camera4,512,mult,0.704249,0.0,0.688174,0.0
Encoder,UFPR04,camera4,512,vote,0.74511,0.0,0.701609,0.0
Encoder,UFPR04,camera5,512,mean_individual_models,0.683431,0.068179,0.636858,0.066684
Encoder,UFPR04,camera5,512,sum,0.747,0.0,0.690272,0.0
Encoder,UFPR04,camera5,512,mean_probs,0.747,0.0,0.690272,0.0
Encoder,UFPR04,camera5,512,max,0.757778,0.0,0.74473,0.0
Encoder,UFPR04,camera5,512,mult,0.736323,0.0,0.704875,0.0
Encoder,UFPR04,camera5,512,vote,0.743826,0.0,0.687088,0.0
Encoder,UFPR04,camera6,512,mean_individual_models,0.74992,0.063624,0.684806,0.08443
Encoder,UFPR04,camera6,512,sum,0.805976,0.0,0.728542,0.0
Encoder,UFPR04,camera6,512,mean_probs,0.805976,0.0,0.728542,0.0
Encoder,UFPR04,camera6,512,max,0.835271,0.0,0.791878,0.0
Encoder,UFPR04,camera6,512,mult,0.796875,0.0,0.741809,0.0
Encoder,UFPR04,camera6,512,vote,0.804604,0.0,0.726581,0.0
Encoder,UFPR04,camera7,512,mean_individual_models,0.735648,0.05569,0.695974,0.080391
Encoder,UFPR04,camera7,512,sum,0.801338,0.0,0.786602,0.0
Encoder,UFPR04,camera7,512,mean_probs,0.801338,0.0,0.786602,0.0
Encoder,UFPR04,camera7,512,max,0.81657,0.0,0.816881,0.0
Encoder,UFPR04,camera7,512,mult,0.800431,0.0,0.794476,0.0
Encoder,UFPR04,camera7,512,vote,0.797565,0.0,0.781832,0.0
Encoder,UFPR04,camera8,512,mean_individual_models,0.725995,0.061141,0.667178,0.084196
Encoder,UFPR04,camera8,512,sum,0.780141,0.0,0.700617,0.0
Encoder,UFPR04,camera8,512,mean_probs,0.780141,0.0,0.700617,0.0
Encoder,UFPR04,camera8,512,max,0.809388,0.0,0.762056,0.0
Encoder,UFPR04,camera8,512,mult,0.759949,0.0,0.704765,0.0
Encoder,UFPR04,camera8,512,vote,0.77983,0.0,0.700328,0.0
Encoder,UFPR04,camera9,512,mean_individual_models,0.651816,0.053176,0.62173,0.056607
Encoder,UFPR04,camera9,512,sum,0.712159,0.0,0.655096,0.0
Encoder,UFPR04,camera9,512,mean_probs,0.712159,0.0,0.655096,0.0
Encoder,UFPR04,camera9,512,max,0.736718,0.0,0.712079,0.0
Encoder,UFPR04,camera9,512,mult,0.699834,0.0,0.664526,0.0
Encoder,UFPR04,camera9,512,vote,0.711934,0.0,0.652889,0.0
Encoder,UFPR04,PUC,512,mean_individual_models,0.820573,0.022545,0.816139,0.024445
Encoder,UFPR04,PUC,512,sum,0.864688,0.0,0.861957,0.0
Encoder,UFPR04,PUC,512,mean_probs,0.864688,0.0,0.861957,0.0
Encoder,UFPR04,PUC,512,max,0.879054,0.0,0.875066,0.0
Encoder,UFPR04,PUC,512,mult,0.86531,0.0,0.86327,0.0
Encoder,UFPR04,PUC,512,vote,0.863371,0.0,0.860463,0.0
Encoder,UFPR04,UFPR04,512,mean_individual_models,0.941798,0.007657,0.938854,0.00758
Encoder,UFPR04,UFPR04,512,sum,0.954516,0.0,0.952015,0.0
Encoder,UFPR04,UFPR04,512,mean_probs,0.954516,0.0,0.952015,0.0
Encoder,UFPR04,UFPR04,512,max,0.960956,0.0,0.960176,0.0
Encoder,UFPR04,UFPR04,512,mult,0.956274,0.0,0.954128,0.0
Encoder,UFPR04,UFPR04,512,vote,0.954253,0.0,0.951738,0.0
Encoder,UFPR04,UFPR05,512,mean_individual_models,0.730949,0.050143,0.650484,0.056609
Encoder,UFPR04,UFPR05,512,sum,0.76914,0.0,0.636645,0.0
Encoder,UFPR04,UFPR05,512,mean_probs,0.76914,0.0,0.636645,0.0
Encoder,UFPR04,UFPR05,512,max,0.807837,0.0,0.696805,0.0
Encoder,UFPR04,UFPR05,512,mult,0.753849,0.0,0.652098,0.0
Encoder,UFPR04,UFPR05,512,vote,0.769226,0.0,0.636615,0.0
Encoder,UFPR04,camera1,1024,mean_individual_models,0.67484,0.064158,0.669959,0.059443
Encoder,UFPR04,camera1,1024,sum,0.719185,0.0,0.714946,0.0
Encoder,UFPR04,camera1,1024,mean_probs,0.719185,0.0,0.714946,0.0
Encoder,UFPR04,camera1,1024,max,0.746161,0.0,0.732453,0.0
Encoder,UFPR04,camera1,1024,mult,0.720652,0.0,0.716102,0.0
Encoder,UFPR04,camera1,1024,vote,0.717491,0.0,0.713295,0.0
Encoder,UFPR04,camera2,1024,mean_individual_models,0.721692,0.109743,0.676077,0.106436
Encoder,UFPR04,camera2,1024,sum,0.792936,0.0,0.671202,0.0
Encoder,UFPR04,camera2,1024,mean_probs,0.792936,0.0,0.671202,0.0
Encoder,UFPR04,camera2,1024,max,0.77958,0.0,0.639456,0.0
Encoder,UFPR04,camera2,1024,mult,0.791024,0.0,0.666667,0.0
Encoder,UFPR04,camera2,1024,vote,0.793894,0.0,0.673469,0.0
Encoder,UFPR04,camera3,1024,mean_individual_models,0.733042,0.064999,0.678249,0.087888
Encoder,UFPR04,camera3,1024,sum,0.772411,0.0,0.695545,0.0
Encoder,UFPR04,camera3,1024,mean_probs,0.772411,0.0,0.695545,0.0
Encoder,UFPR04,camera3,1024,max,0.760037,0.0,0.663594,0.0
Encoder,UFPR04,camera3,1024,mult,0.766543,0.0,0.684178,0.0
Encoder,UFPR04,camera3,1024,vote,0.774474,0.0,0.699232,0.0
Encoder,UFPR04,camera4,1024,mean_individual_models,0.717613,0.064281,0.675285,0.06237
Encoder,UFPR04,camera4,1024,sum,0.780483,0.0,0.713482,0.0
Encoder,UFPR04,camera4,1024,mean_probs,0.780483,0.0,0.713482,0.0
Encoder,UFPR04,camera4,1024,max,0.804138,0.0,0.725199,0.0
Encoder,UFPR04,camera4,1024,mult,0.772281,0.0,0.708796,0.0
Encoder,UFPR04,camera4,1024,vote,0.779671,0.0,0.712545,0.0
Encoder,UFPR04,camera5,1024,mean_individual_models,0.704729,0.062043,0.65684,0.061452
Encoder,UFPR04,camera5,1024,sum,0.751004,0.0,0.674462,0.0
Encoder,UFPR04,camera5,1024,mean_probs,0.751004,0.0,0.674462,0.0
Encoder,UFPR04,camera5,1024,max,0.75829,0.0,0.67018,0.0
Encoder,UFPR04,camera5,1024,mult,0.748119,0.0,0.671388,0.0
Encoder,UFPR04,camera5,1024,vote,0.750702,0.0,0.674572,0.0
Encoder,UFPR04,camera6,1024,mean_individual_models,0.764455,0.055259,0.698408,0.082778
Encoder,UFPR04,camera6,1024,sum,0.800444,0.0,0.704892,0.0
Encoder,UFPR04,camera6,1024,mean_probs,0.800444,0.0,0.704892,0.0
Encoder,UFPR04,camera6,1024,max,0.799803,0.0,0.696239,0.0
Encoder,UFPR04,camera6,1024,mult,0.797839,0.0,0.703161,0.0
Encoder,UFPR04,camera6,1024,vote,0.800927,0.0,0.70593,0.0
Encoder,UFPR04,camera7,1024,mean_individual_models,0.751406,0.059202,0.711435,0.089072
Encoder,UFPR04,camera7,1024,sum,0.798253,0.0,0.759871,0.0
Encoder,UFPR04,camera7,1024,mean_probs,0.798253,0.0,0.759871,0.0
Encoder,UFPR04,camera7,1024,max,0.797603,0.0,0.746229,0.0
Encoder,UFPR04,camera7,1024,mult,0.794247,0.0,0.751331,0.0
Encoder,UFPR04,camera7,1024,vote,0.800347,0.0,0.763088,0.0
Encoder,UFPR04,camera8,1024,mean_individual_models,0.738671,0.055371,0.672473,0.07623
Encoder,UFPR04,camera8,1024,sum,0.778188,0.0,0.682002,0.0
Encoder,UFPR04,camera8,1024,mean_probs,0.778188,0.0,0.682002,0.0
Encoder,UFPR04,camera8,1024,max,0.788445,0.0,0.678144,0.0
Encoder,UFPR04,camera8,1024,mult,0.782478,0.0,0.682292,0.0
Encoder,UFPR04,camera8,1024,vote,0.778101,0.0,0.682195,0.0
Encoder,UFPR04,camera9,1024,mean_individual_models,0.679489,0.058438,0.642917,0.059971
Encoder,UFPR04,camera9,1024,sum,0.722309,0.0,0.650281,0.0
Encoder,UFPR04,camera9,1024,mean_probs,0.722309,0.0,0.650281,0.0
Encoder,UFPR04,camera9,1024,max,0.74875,0.0,0.664526,0.0
Encoder,UFPR04,camera9,1024,mult,0.726903,0.0,0.652488,0.0
Encoder,UFPR04,camera9,1024,vote,0.72599,0.0,0.655096,0.0
Encoder,UFPR04,PUC,1024,mean_individual_models,0.826189,0.025263,0.818614,0.02831
Encoder,UFPR04,PUC,1024,sum,0.85036,0.0,0.842312,0.0
Encoder,UFPR04,PUC,1024,mean_probs,0.85036,0.0,0.842312,0.0
Encoder,UFPR04,PUC,1024,max,0.859085,0.0,0.83758,0.0
Encoder,UFPR04,PUC,1024,mult,0.852617,0.0,0.842043,0.0
Encoder,UFPR04,PUC,1024,vote,0.850402,0.0,0.842396,0.0
Encoder,UFPR04,UFPR04,1024,mean_individual_models,0.948974,0.007543,0.946547,0.008377
Encoder,UFPR04,UFPR04,1024,sum,0.959751,0.0,0.958029,0.0
Encoder,UFPR04,UFPR04,1024,mean_probs,0.959751,0.0,0.958029,0.0
Encoder,UFPR04,UFPR04,1024,max,0.967058,0.0,0.967252,0.0
Encoder,UFPR04,UFPR04,1024,mult,0.962836,0.0,0.961735,0.0
Encoder,UFPR04,UFPR04,1024,vote,0.959698,0.0,0.957972,0.0
Encoder,UFPR04,UFPR05,1024,mean_individual_models,0.732215,0.057708,0.639084,0.056664
Encoder,UFPR04,UFPR05,1024,sum,0.759531,0.0,0.605606,0.0
Encoder,UFPR04,UFPR05,1024,mean_probs,0.759531,0.0,0.605606,0.0
Encoder,UFPR04,UFPR05,1024,max,0.772402,0.0,0.591609,0.0
Encoder,UFPR04,UFPR05,1024,mult,0.753058,0.0,0.595976,0.0
Encoder,UFPR04,UFPR05,1024,vote,0.761509,0.0,0.607353,0.0
Encoder,UFPR05,camera1,64,mean_individual_models,0.655223,0.060943,0.578382,0.040523
Encoder,UFPR05,camera1,64,sum,0.687,0.0,0.593394,0.0
Encoder,UFPR05,camera1,64,mean_probs,0.687,0.0,0.593394,0.0
Encoder,UFPR05,camera1,64,max,0.711373,0.0,0.625434,0.0
Encoder,UFPR05,camera1,64,mult,0.695114,0.0,0.599174,0.0
Encoder,UFPR05,camera1,64,vote,0.685679,0.0,0.591908,0.0
Encoder,UFPR05,camera2,64,mean_individual_models,0.637888,0.091019,0.626644,0.076352
Encoder,UFPR05,camera2,64,sum,0.648519,0.0,0.648526,0.0
Encoder,UFPR05,camera2,64,mean_probs,0.648519,0.0,0.648526,0.0
Encoder,UFPR05,camera2,64,max,0.653509,0.0,0.650794,0.0
Encoder,UFPR05,camera2,64,mult,0.647762,0.0,0.646259,0.0
Encoder,UFPR05,camera2,64,vote,0.651923,0.0,0.651927,0.0
Encoder,UFPR05,camera3,64,mean_individual_models,0.681834,0.082471,0.672135,0.077471
Encoder,UFPR05,camera3,64,sum,0.707593,0.0,0.700154,0.0
Encoder,UFPR05,camera3,64,mean_probs,0.707593,0.0,0.700154,0.0
Encoder,UFPR05,camera3,64,max,0.75209,0.0,0.752074,0.0
Encoder,UFPR05,camera3,64,mult,0.732683,0.0,0.728111,0.0
Encoder,UFPR05,camera3,64,vote,0.706838,0.0,0.699539,0.0
Encoder,UFPR05,camera4,64,mean_individual_models,0.605124,0.088458,0.58997,0.078536
Encoder,UFPR05,camera4,64,sum,0.619869,0.0,0.602718,0.0
Encoder,UFPR05,camera4,64,mean_probs,0.619869,0.0,0.602718,0.0
Encoder,UFPR05,camera4,64,max,0.666959,0.0,0.657397,0.0
Encoder,UFPR05,camera4,64,mult,0.634954,0.0,0.62084,0.0
Encoder,UFPR05,camera4,64,vote,0.617513,0.0,0.600687,0.0
Encoder,UFPR05,camera5,64,mean_individual_models,0.589679,0.06854,0.574133,0.058379
Encoder,UFPR05,camera5,64,sum,0.598267,0.0,0.583443,0.0
Encoder,UFPR05,camera5,64,mean_probs,0.598267,0.0,0.583443,0.0
Encoder,UFPR05,camera5,64,max,0.647843,0.0,0.629996,0.0
Encoder,UFPR05,camera5,64,mult,0.609535,0.0,0.59069,0.0
Encoder,UFPR05,camera5,64,vote,0.596421,0.0,0.582016,0.0
Encoder,UFPR05,camera6,64,mean_individual_models,0.645767,0.074335,0.641474,0.071307
Encoder,UFPR05,camera6,64,sum,0.672614,0.0,0.672473,0.0
Encoder,UFPR05,camera6,64,mean_probs,0.672614,0.0,0.672473,0.0
Encoder,UFPR05,camera6,64,max,0.736243,0.0,0.736271,0.0
Encoder,UFPR05,camera6,64,mult,0.69627,0.0,0.696008,0.0
Encoder,UFPR05,camera6,64,vote,0.670763,0.0,0.670628,0.0
Encoder,UFPR05,camera7,64,mean_individual_models,0.65051,0.068711,0.63526,0.054275
Encoder,UFPR05,camera7,64,sum,0.674994,0.0,0.653616,0.0
Encoder,UFPR05,camera7,64,mean_probs,0.674994,0.0,0.653616,0.0
Encoder,UFPR05,camera7,64,max,0.716759,0.0,0.684672,0.0
Encoder,UFPR05,camera7,64,mult,0.676421,0.0,0.645408,0.0
Encoder,UFPR05,camera7,64,vote,0.676281,0.0,0.655169,0.0
Encoder,UFPR05,camera8,64,mean_individual_models,0.624432,0.075001,0.618432,0.069539
Encoder,UFPR05,camera8,64,sum,0.642952,0.0,0.640046,0.0
Encoder,UFPR05,camera8,64,mean_probs,0.642952,0.0,0.640046,0.0
Encoder,UFPR05,camera8,64,max,0.710938,0.0,0.709684,0.0
Encoder,UFPR05,camera8,64,mult,0.668983,0.0,0.665413,0.0
Encoder,UFPR05,camera8,64,vote,0.641114,0.0,0.638407,0.0
Encoder,UFPR05,camera9,64,mean_individual_models,0.55508,0.077267,0.541533,0.063975
Encoder,UFPR05,camera9,64,sum,0.557968,0.0,0.547552,0.0
Encoder,UFPR05,camera9,64,mean_probs,0.557968,0.0,0.547552,0.0
Encoder,UFPR05,camera9,64,max,0.598325,0.0,0.591693,0.0
Encoder,UFPR05,camera9,64,mult,0.564357,0.0,0.554775,0.0
Encoder,UFPR05,camera9,64,vote,0.559451,0.0,0.548756,0.0
Encoder,UFPR05,PUC,64,mean_individual_models,0.60151,0.039517,0.587229,0.036454
Encoder,UFPR05,PUC,64,sum,0.624207,0.0,0.609893,0.0
Encoder,UFPR05,PUC,64,mean_probs,0.624207,0.0,0.609893,0.0
Encoder,UFPR05,PUC,64,max,0.611004,0.0,0.608118,0.0
Encoder,UFPR05,PUC,64,mult,0.629667,0.0,0.60767,0.0
Encoder,UFPR05,PUC,64,vote,0.62117,0.0,0.607653,0.0
Encoder,UFPR05,UFPR04,64,mean_individual_models,0.745445,0.104213,0.633905,0.085464
Encoder,UFPR05,UFPR04,64,sum,0.78563,0.0,0.633669,0.0
Encoder,UFPR05,UFPR04,64,mean_probs,0.78563,0.0,0.633669,0.0
Encoder,UFPR05,UFPR04,64,max,0.637276,0.0,0.616308,0.0
Encoder,UFPR05,UFPR04,64,mult,0.774861,0.0,0.614403,0.0
Encoder,UFPR05,UFPR04,64,vote,0.785732,0.0,0.634119,0.0
Encoder,UFPR05,UFPR05,64,mean_individual_models,0.809323,0.043001,0.808132,0.043967
Encoder,UFPR05,UFPR05,64,sum,0.852363,0.0,0.854882,0.0
Encoder,UFPR05,UFPR05,64,mean_probs,0.852363,0.0,0.854882,0.0
Encoder,UFPR05,UFPR05,64,max,0.907077,0.0,0.907413,0.0
Encoder,UFPR05,UFPR05,64,mult,0.874932,0.0,0.877299,0.0
Encoder,UFPR05,UFPR05,64,vote,0.850556,0.0,0.853128,0.0
Encoder,UFPR05,camera1,128,mean_individual_models,0.666038,0.050886,0.590702,0.030144
Encoder,UFPR05,camera1,128,sum,0.682402,0.0,0.595706,0.0
Encoder,UFPR05,camera1,128,mean_probs,0.682402,0.0,0.595706,0.0
Encoder,UFPR05,camera1,128,max,0.713692,0.0,0.628737,0.0
Encoder,UFPR05,camera1,128,mult,0.693999,0.0,0.603138,0.0
Encoder,UFPR05,camera1,128,vote,0.680975,0.0,0.593724,0.0
Encoder,UFPR05,camera2,128,mean_individual_models,0.707918,0.082265,0.690249,0.073148
Encoder,UFPR05,camera2,128,sum,0.76348,0.0,0.738095,0.0
Encoder,UFPR05,camera2,128,mean_probs,0.76348,0.0,0.738095,0.0
Encoder,UFPR05,camera2,128,max,0.725923,0.0,0.725624,0.0
Encoder,UFPR05,camera2,128,mult,0.72654,0.0,0.717687,0.0
Encoder,UFPR05,camera2,128,vote,0.765145,0.0,0.739229,0.0
Encoder,UFPR05,camera3,128,mean_individual_models,0.735245,0.068763,0.724055,0.062107
Encoder,UFPR05,camera3,128,sum,0.764499,0.0,0.756682,0.0
Encoder,UFPR05,camera3,128,mean_probs,0.764499,0.0,0.756682,0.0
Encoder,UFPR05,camera3,128,max,0.807726,0.0,0.806144,0.0
Encoder,UFPR05,camera3,128,mult,0.779114,0.0,0.773579,0.0
Encoder,UFPR05,camera3,128,vote,0.765765,0.0,0.757604,0.0
Encoder,UFPR05,camera4,128,mean_individual_models,0.682004,0.062278,0.660569,0.051055
Encoder,UFPR05,camera4,128,sum,0.709241,0.0,0.68708,0.0
Encoder,UFPR05,camera4,128,mean_probs,0.709241,0.0,0.68708,0.0
Encoder,UFPR05,camera4,128,max,0.739726,0.0,0.728167,0.0
Encoder,UFPR05,camera4,128,mult,0.710021,0.0,0.691298,0.0
Encoder,UFPR05,camera4,128,vote,0.707257,0.0,0.685518,0.0
Encoder,UFPR05,camera5,128,mean_individual_models,0.663779,0.061474,0.642424,0.051573
Encoder,UFPR05,camera5,128,sum,0.699232,0.0,0.673584,0.0
Encoder,UFPR05,camera5,128,mean_probs,0.699232,0.0,0.673584,0.0
Encoder,UFPR05,camera5,128,max,0.697877,0.0,0.675121,0.0
Encoder,UFPR05,camera5,128,mult,0.691497,0.0,0.66469,0.0
Encoder,UFPR05,camera5,128,vote,0.698606,0.0,0.673144,0.0
Encoder,UFPR05,camera6,128,mean_individual_models,0.740458,0.05668,0.734368,0.052823
Encoder,UFPR05,camera6,128,sum,0.794574,0.0,0.790263,0.0
Encoder,UFPR05,camera6,128,mean_probs,0.794574,0.0,0.790263,0.0
Encoder,UFPR05,camera6,128,max,0.799019,0.0,0.798454,0.0
Encoder,UFPR05,camera6,128,mult,0.790766,0.0,0.787725,0.0
Encoder,UFPR05,camera6,128,vote,0.79367,0.0,0.789225,0.0
Encoder,UFPR05,camera7,128,mean_individual_models,0.731303,0.058582,0.700044,0.047764
Encoder,UFPR05,camera7,128,sum,0.766154,0.0,0.720164,0.0
Encoder,UFPR05,camera7,128,mean_probs,0.766154,0.0,0.720164,0.0
Encoder,UFPR05,camera7,128,max,0.754455,0.0,0.714729,0.0
Encoder,UFPR05,camera7,128,mult,0.750421,0.0,0.705967,0.0
Encoder,UFPR05,camera7,128,vote,0.767017,0.0,0.720608,0.0
Encoder,UFPR05,camera8,128,mean_individual_models,0.711473,0.068441,0.70053,0.060599
Encoder,UFPR05,camera8,128,sum,0.76093,0.0,0.749807,0.0
Encoder,UFPR05,camera8,128,mean_probs,0.76093,0.0,0.749807,0.0
Encoder,UFPR05,camera8,128,max,0.77031,0.0,0.764757,0.0
Encoder,UFPR05,camera8,128,mult,0.763292,0.0,0.753472,0.0
Encoder,UFPR05,camera8,128,vote,0.759864,0.0,0.748843,0.0
Encoder,UFPR05,camera9,128,mean_individual_models,0.627618,0.064252,0.610494,0.051523
Encoder,UFPR05,camera9,128,sum,0.652202,0.0,0.633628,0.0
Encoder,UFPR05,camera9,128,mean_probs,0.652202,0.0,0.633628,0.0
Encoder,UFPR05,camera9,128,max,0.656973,0.0,0.649278,0.0
Encoder,UFPR05,camera9,128,mult,0.639572,0.0,0.626204,0.0
Encoder,UFPR05,camera9,128,vote,0.652028,0.0,0.633427,0.0
Encoder,UFPR05,PUC,128,mean_individual_models,0.729158,0.050566,0.664912,0.038951
Encoder,UFPR05,PUC,128,sum,0.783214,0.0,0.691775,0.0
Encoder,UFPR05,PUC,128,mean_probs,0.783214,0.0,0.691775,0.0
Encoder,UFPR05,PUC,128,max,0.704929,0.0,0.689668,0.0
Encoder,UFPR05,PUC,128,mult,0.73939,0.0,0.6794,0.0
Encoder,UFPR05,PUC,128,vote,0.782892,0.0,0.691657,0.0
Encoder,UFPR05,UFPR04,128,mean_individual_models,0.770213,0.075064,0.659685,0.058853
Encoder,UFPR05,UFPR04,128,sum,0.798951,0.0,0.645639,0.0
Encoder,UFPR05,UFPR04,128,mean_probs,0.798951,0.0,0.645639,0.0
Encoder,UFPR05,UFPR04,128,max,0.696883,0.0,0.677048,0.0
Encoder,UFPR05,UFPR04,128,mult,0.74876,0.0,0.642107,0.0
Encoder,UFPR05,UFPR04,128,vote,0.798699,0.0,0.645974,0.0
Encoder,UFPR05,UFPR05,128,mean_individual_models,0.894277,0.024534,0.895097,0.025614
Encoder,UFPR05,UFPR05,128,sum,0.940681,0.0,0.942378,0.0
Encoder,UFPR05,UFPR05,128,mean_probs,0.940681,0.0,0.942378,0.0
Encoder,UFPR05,UFPR05,128,max,0.947373,0.0,0.946514,0.0
Encoder,UFPR05,UFPR05,128,mult,0.943916,0.0,0.945297,0.0
Encoder,UFPR05,UFPR05,128,vote,0.94004,0.0,0.941744,0.0
Encoder,UFPR05,camera1,256,mean_individual_models,0.675835,0.032745,0.577093,0.023604
Encoder,UFPR05,camera1,256,sum,0.688964,0.0,0.568456,0.0
Encoder,UFPR05,camera1,256,mean_probs,0.688964,0.0,0.568456,0.0
Encoder,UFPR05,camera1,256,max,0.724174,0.0,0.600495,0.0
Encoder,UFPR05,camera1,256,mult,0.695428,0.0,0.563501,0.0
Encoder,UFPR05,camera1,256,vote,0.68871,0.0,0.568621,0.0
Encoder,UFPR05,camera2,256,mean_individual_models,0.757276,0.079745,0.708957,0.059924
Encoder,UFPR05,camera2,256,sum,0.805322,0.0,0.741497,0.0
Encoder,UFPR05,camera2,256,mean_probs,0.805322,0.0,0.741497,0.0
Encoder,UFPR05,camera2,256,max,0.784632,0.0,0.753968,0.0
Encoder,UFPR05,camera2,256,mult,0.805953,0.0,0.74263,0.0
Encoder,UFPR05,camera2,256,vote,0.805322,0.0,0.741497,0.0
Encoder,UFPR05,camera3,256,mean_individual_models,0.727969,0.061273,0.698003,0.051407
Encoder,UFPR05,camera3,256,sum,0.763766,0.0,0.727496,0.0
Encoder,UFPR05,camera3,256,mean_probs,0.763766,0.0,0.727496,0.0
Encoder,UFPR05,camera3,256,max,0.806959,0.0,0.774194,0.0
Encoder,UFPR05,camera3,256,mult,0.785217,0.0,0.745008,0.0
Encoder,UFPR05,camera3,256,vote,0.764571,0.0,0.727803,0.0
Encoder,UFPR05,camera4,256,mean_individual_models,0.677693,0.05233,0.631917,0.035982
Encoder,UFPR05,camera4,256,sum,0.722742,0.0,0.663803,0.0
Encoder,UFPR05,camera4,256,mean_probs,0.722742,0.0,0.663803,0.0
Encoder,UFPR05,camera4,256,max,0.725919,0.0,0.669895,0.0
Encoder,UFPR05,camera4,256,mult,0.725225,0.0,0.655835,0.0
Encoder,UFPR05,camera4,256,vote,0.722633,0.0,0.663646,0.0
Encoder,UFPR05,camera5,256,mean_individual_models,0.665089,0.041342,0.619499,0.03087
Encoder,UFPR05,camera5,256,sum,0.695457,0.0,0.634936,0.0
Encoder,UFPR05,camera5,256,mean_probs,0.695457,0.0,0.634936,0.0
Encoder,UFPR05,camera5,256,max,0.716436,0.0,0.651954,0.0
Encoder,UFPR05,camera5,256,mult,0.694568,0.0,0.619895,0.0
Encoder,UFPR05,camera5,256,vote,0.694527,0.0,0.634387,0.0
Encoder,UFPR05,camera6,256,mean_individual_models,0.756723,0.046998,0.727942,0.039744
Encoder,UFPR05,camera6,256,sum,0.810813,0.0,0.772266,0.0
Encoder,UFPR05,camera6,256,mean_probs,0.810813,0.0,0.772266,0.0
Encoder,UFPR05,camera6,256,max,0.808195,0.0,0.778034,0.0
Encoder,UFPR05,camera6,256,mult,0.803304,0.0,0.755076,0.0
Encoder,UFPR05,camera6,256,vote,0.810091,0.0,0.771689,0.0
Encoder,UFPR05,camera7,256,mean_individual_models,0.738332,0.04725,0.680157,0.035079
Encoder,UFPR05,camera7,256,sum,0.772827,0.0,0.688886,0.0
Encoder,UFPR05,camera7,256,mean_probs,0.772827,0.0,0.688886,0.0
Encoder,UFPR05,camera7,256,max,0.779938,0.0,0.693101,0.0
Encoder,UFPR05,camera7,256,mult,0.76429,0.0,0.662822,0.0
Encoder,UFPR05,camera7,256,vote,0.771176,0.0,0.68811,0.0
Encoder,UFPR05,camera8,256,mean_individual_models,0.717441,0.05082,0.683063,0.036493
Encoder,UFPR05,camera8,256,sum,0.7652,0.0,0.713349,0.0
Encoder,UFPR05,camera8,256,mean_probs,0.7652,0.0,0.713349,0.0
Encoder,UFPR05,camera8,256,max,0.789256,0.0,0.743152,0.0
Encoder,UFPR05,camera8,256,mult,0.772904,0.0,0.711806,0.0
Encoder,UFPR05,camera8,256,vote,0.765099,0.0,0.713542,0.0
Encoder,UFPR05,camera9,256,mean_individual_models,0.644824,0.055952,0.606059,0.030006
Encoder,UFPR05,camera9,256,sum,0.673056,0.0,0.627006,0.0
Encoder,UFPR05,camera9,256,mean_probs,0.673056,0.0,0.627006,0.0
Encoder,UFPR05,camera9,256,max,0.680139,0.0,0.645465,0.0
Encoder,UFPR05,camera9,256,mult,0.664124,0.0,0.61577,0.0
Encoder,UFPR05,camera9,256,vote,0.673409,0.0,0.627207,0.0
Encoder,UFPR05,PUC,256,mean_individual_models,0.722468,0.065662,0.661417,0.042707
Encoder,UFPR05,PUC,256,sum,0.781958,0.0,0.701647,0.0
Encoder,UFPR05,PUC,256,mean_probs,0.781958,0.0,0.701647,0.0
Encoder,UFPR05,PUC,256,max,0.68765,0.0,0.682404,0.0
Encoder,UFPR05,PUC,256,mult,0.771498,0.0,0.690648,0.0
Encoder,UFPR05,PUC,256,vote,0.781401,0.0,0.701479,0.0
Encoder,UFPR05,UFPR04,256,mean_individual_models,0.781138,0.108861,0.707974,0.102967
Encoder,UFPR05,UFPR04,256,sum,0.839037,0.0,0.753105,0.0
Encoder,UFPR05,UFPR04,256,mean_probs,0.839037,0.0,0.753105,0.0
Encoder,UFPR05,UFPR04,256,max,0.653771,0.0,0.654354,0.0
Encoder,UFPR05,UFPR04,256,mult,0.802712,0.0,0.71439,0.0
Encoder,UFPR05,UFPR04,256,vote,0.839033,0.0,0.753197,0.0
Encoder,UFPR05,UFPR05,256,mean_individual_models,0.907683,0.015726,0.907543,0.01721
Encoder,UFPR05,UFPR05,256,sum,0.94453,0.0,0.946544,0.0
Encoder,UFPR05,UFPR05,256,mean_probs,0.94453,0.0,0.946544,0.0
Encoder,UFPR05,UFPR05,256,max,0.952699,0.0,0.954725,0.0
Encoder,UFPR05,UFPR05,256,mult,0.945728,0.0,0.947663,0.0
Encoder,UFPR05,UFPR05,256,vote,0.944304,0.0,0.94632,0.0
Encoder,UFPR05,camera1,512,mean_individual_models,0.711152,0.026221,0.601552,0.028142
Encoder,UFPR05,camera1,512,sum,0.724331,0.0,0.595871,0.0
Encoder,UFPR05,camera1,512,mean_probs,0.724331,0.0,0.595871,0.0
Encoder,UFPR05,camera1,512,max,0.745081,0.0,0.635673,0.0
Encoder,UFPR05,camera1,512,mult,0.723125,0.0,0.588439,0.0
Encoder,UFPR05,camera1,512,vote,0.724422,0.0,0.596036,0.0
Encoder,UFPR05,camera2,512,mean_individual_models,0.786952,0.06655,0.735261,0.05141
Encoder,UFPR05,camera2,512,sum,0.822576,0.0,0.758503,0.0
Encoder,UFPR05,camera2,512,mean_probs,0.822576,0.0,0.758503,0.0
Encoder,UFPR05,camera2,512,max,0.817971,0.0,0.778912,0.0
Encoder,UFPR05,camera2,512,mult,0.816327,0.0,0.752834,0.0
Encoder,UFPR05,camera2,512,vote,0.822576,0.0,0.758503,0.0
Encoder,UFPR05,camera3,512,mean_individual_models,0.767453,0.053497,0.728664,0.049017
Encoder,UFPR05,camera3,512,sum,0.796787,0.0,0.750845,0.0
Encoder,UFPR05,camera3,512,mean_probs,0.796787,0.0,0.750845,0.0
Encoder,UFPR05,camera3,512,max,0.837122,0.0,0.812596,0.0
Encoder,UFPR05,camera3,512,mult,0.811767,0.0,0.77235,0.0
Encoder,UFPR05,camera3,512,vote,0.796986,0.0,0.751152,0.0
Encoder,UFPR05,camera4,512,mean_individual_models,0.728333,0.0428,0.67616,0.036132
Encoder,UFPR05,camera4,512,sum,0.750841,0.0,0.689892,0.0
Encoder,UFPR05,camera4,512,mean_probs,0.750841,0.0,0.689892,0.0
Encoder,UFPR05,camera4,512,max,0.777393,0.0,0.73301,0.0
Encoder,UFPR05,camera4,512,mult,0.752137,0.0,0.68583,0.0
Encoder,UFPR05,camera4,512,vote,0.751139,0.0,0.690048,0.0
Encoder,UFPR05,camera5,512,mean_individual_models,0.718792,0.042286,0.665744,0.035992
Encoder,UFPR05,camera5,512,sum,0.747438,0.0,0.680061,0.0
Encoder,UFPR05,camera5,512,mean_probs,0.747438,0.0,0.680061,0.0
Encoder,UFPR05,camera5,512,max,0.756337,0.0,0.695652,0.0
Encoder,UFPR05,camera5,512,mult,0.740017,0.0,0.660299,0.0
Encoder,UFPR05,camera5,512,vote,0.746485,0.0,0.679952,0.0
Encoder,UFPR05,camera6,512,mean_individual_models,0.805217,0.042232,0.773523,0.044371
Encoder,UFPR05,camera6,512,sum,0.84401,0.0,0.806991,0.0
Encoder,UFPR05,camera6,512,mean_probs,0.84401,0.0,0.806991,0.0
Encoder,UFPR05,camera6,512,max,0.858206,0.0,0.840332,0.0
Encoder,UFPR05,camera6,512,mult,0.835164,0.0,0.791647,0.0
Encoder,UFPR05,camera6,512,vote,0.844393,0.0,0.807799,0.0
Encoder,UFPR05,camera7,512,mean_individual_models,0.772405,0.042521,0.703483,0.038676
Encoder,UFPR05,camera7,512,sum,0.797914,0.0,0.709073,0.0
Encoder,UFPR05,camera7,512,mean_probs,0.797914,0.0,0.709073,0.0
Encoder,UFPR05,camera7,512,max,0.803689,0.0,0.723713,0.0
Encoder,UFPR05,camera7,512,mult,0.784725,0.0,0.679681,0.0
Encoder,UFPR05,camera7,512,vote,0.798038,0.0,0.709295,0.0
Encoder,UFPR05,camera8,512,mean_individual_models,0.767112,0.04512,0.726032,0.042286
Encoder,UFPR05,camera8,512,sum,0.804079,0.0,0.751254,0.0
Encoder,UFPR05,camera8,512,mean_probs,0.804079,0.0,0.751254,0.0
Encoder,UFPR05,camera8,512,max,0.827353,0.0,0.792921,0.0
Encoder,UFPR05,camera8,512,mult,0.805197,0.0,0.746142,0.0
Encoder,UFPR05,camera8,512,vote,0.804381,0.0,0.75135,0.0
Encoder,UFPR05,camera9,512,mean_individual_models,0.707131,0.050655,0.655277,0.03939
Encoder,UFPR05,camera9,512,sum,0.746378,0.0,0.67817,0.0
Encoder,UFPR05,camera9,512,mean_probs,0.746378,0.0,0.67817,0.0
Encoder,UFPR05,camera9,512,max,0.746186,0.0,0.702247,0.0
Encoder,UFPR05,camera9,512,mult,0.735289,0.0,0.661517,0.0
Encoder,UFPR05,camera9,512,vote,0.745696,0.0,0.67797,0.0
Encoder,UFPR05,PUC,512,mean_individual_models,0.761128,0.044416,0.702794,0.044873
Encoder,UFPR05,PUC,512,sum,0.816312,0.0,0.740426,0.0
Encoder,UFPR05,PUC,512,mean_probs,0.816312,0.0,0.740426,0.0
Encoder,UFPR05,PUC,512,max,0.809236,0.0,0.788707,0.0
Encoder,UFPR05,PUC,512,mult,0.81247,0.0,0.73145,0.0
Encoder,UFPR05,PUC,512,vote,0.816198,0.0,0.740472,0.0
Encoder,UFPR05,UFPR04,512,mean_individual_models,0.795418,0.065585,0.73764,0.064589
Encoder,UFPR05,UFPR04,512,sum,0.850022,0.0,0.776665,0.0
Encoder,UFPR05,UFPR04,512,mean_probs,0.850022,0.0,0.776665,0.0
Encoder,UFPR05,UFPR04,512,max,0.798848,0.0,0.795399,0.0
Encoder,UFPR05,UFPR04,512,mult,0.784349,0.0,0.725529,0.0
Encoder,UFPR05,UFPR04,512,vote,0.85006,0.0,0.776699,0.0
Encoder,UFPR05,UFPR05,512,mean_individual_models,0.930813,0.012159,0.932236,0.013125
Encoder,UFPR05,UFPR05,512,sum,0.957575,0.0,0.95963,0.0
Encoder,UFPR05,UFPR05,512,mean_probs,0.957575,0.0,0.95963,0.0
Encoder,UFPR05,UFPR05,512,max,0.965464,0.0,0.96696,0.0
Encoder,UFPR05,UFPR05,512,mult,0.957918,0.0,0.959973,0.0
Encoder,UFPR05,UFPR05,512,vote,0.957651,0.0,0.959704,0.0
Encoder,UFPR05,camera1,1024,mean_individual_models,0.712349,0.021903,0.612816,0.025832
Encoder,UFPR05,camera1,1024,sum,0.72522,0.0,0.60033,0.0
Encoder,UFPR05,camera1,1024,mean_probs,0.72522,0.0,0.60033,0.0
Encoder,UFPR05,camera1,1024,max,0.763566,0.0,0.682081,0.0
Encoder,UFPR05,camera1,1024,mult,0.731188,0.0,0.607927,0.0
Encoder,UFPR05,camera1,1024,vote,0.72522,0.0,0.60033,0.0
Encoder,UFPR05,camera2,1024,mean_individual_models,0.78166,0.050593,0.731406,0.044277
Encoder,UFPR05,camera2,1024,sum,0.815542,0.0,0.748299,0.0
Encoder,UFPR05,camera2,1024,mean_probs,0.815542,0.0,0.748299,0.0
Encoder,UFPR05,camera2,1024,max,0.840212,0.0,0.811791,0.0
Encoder,UFPR05,camera2,1024,mult,0.817617,0.0,0.760771,0.0
Encoder,UFPR05,camera2,1024,vote,0.815542,0.0,0.748299,0.0
Encoder,UFPR05,camera3,1024,mean_individual_models,0.762233,0.040868,0.729616,0.043037
Encoder,UFPR05,camera3,1024,sum,0.785411,0.0,0.741935,0.0
Encoder,UFPR05,camera3,1024,mean_probs,0.785411,0.0,0.741935,0.0
Encoder,UFPR05,camera3,1024,max,0.838739,0.0,0.825192,0.0
Encoder,UFPR05,camera3,1024,mult,0.817505,0.0,0.780645,0.0
Encoder,UFPR05,camera3,1024,vote,0.78433,0.0,0.741321,0.0
Encoder,UFPR05,camera4,1024,mean_individual_models,0.723787,0.027693,0.681003,0.028765
Encoder,UFPR05,camera4,1024,sum,0.748323,0.0,0.695985,0.0
Encoder,UFPR05,camera4,1024,mean_probs,0.748323,0.0,0.695985,0.0
Encoder,UFPR05,camera4,1024,max,0.788391,0.0,0.767536,0.0
Encoder,UFPR05,camera4,1024,mult,0.7557,0.0,0.703171,0.0
Encoder,UFPR05,camera4,1024,vote,0.748602,0.0,0.696141,0.0
Encoder,UFPR05,camera5,1024,mean_individual_models,0.715732,0.023788,0.668138,0.027269
Encoder,UFPR05,camera5,1024,sum,0.744176,0.0,0.681269,0.0
Encoder,UFPR05,camera5,1024,mean_probs,0.744176,0.0,0.681269,0.0
Encoder,UFPR05,camera5,1024,max,0.778927,0.0,0.741326,0.0
Encoder,UFPR05,camera5,1024,mult,0.749592,0.0,0.679403,0.0
Encoder,UFPR05,camera5,1024,vote,0.744175,0.0,0.68105,0.0
Encoder,UFPR05,camera6,1024,mean_individual_models,0.803543,0.026798,0.778276,0.02738
Encoder,UFPR05,camera6,1024,sum,0.849733,0.0,0.820951,0.0
Encoder,UFPR05,camera6,1024,mean_probs,0.849733,0.0,0.820951,0.0
Encoder,UFPR05,camera6,1024,max,0.869599,0.0,0.864098,0.0
Encoder,UFPR05,camera6,1024,mult,0.851274,0.0,0.822681,0.0
Encoder,UFPR05,camera6,1024,vote,0.84991,0.0,0.821066,0.0
Encoder,UFPR05,camera7,1024,mean_individual_models,0.77206,0.024896,0.710592,0.025663
Encoder,UFPR05,camera7,1024,sum,0.795932,0.0,0.714729,0.0
Encoder,UFPR05,camera7,1024,mean_probs,0.795932,0.0,0.714729,0.0
Encoder,UFPR05,camera7,1024,max,0.816763,0.0,0.767303,0.0
Encoder,UFPR05,camera7,1024,mult,0.795481,0.0,0.704747,0.0
Encoder,UFPR05,camera7,1024,vote,0.795564,0.0,0.71484,0.0
Encoder,UFPR05,camera8,1024,mean_individual_models,0.76542,0.031665,0.732398,0.026315
Encoder,UFPR05,camera8,1024,sum,0.805074,0.0,0.762539,0.0
Encoder,UFPR05,camera8,1024,mean_probs,0.805074,0.0,0.762539,0.0
Encoder,UFPR05,camera8,1024,max,0.839711,0.0,0.824363,0.0
Encoder,UFPR05,camera8,1024,mult,0.816875,0.0,0.774595,0.0
Encoder,UFPR05,camera8,1024,vote,0.804323,0.0,0.762346,0.0
Encoder,UFPR05,camera9,1024,mean_individual_models,0.708832,0.025949,0.664747,0.021832
Encoder,UFPR05,camera9,1024,sum,0.74093,0.0,0.682183,0.0
Encoder,UFPR05,camera9,1024,mean_probs,0.74093,0.0,0.682183,0.0
Encoder,UFPR05,camera9,1024,max,0.768204,0.0,0.747793,0.0
Encoder,UFPR05,camera9,1024,mult,0.734949,0.0,0.676565,0.0
Encoder,UFPR05,camera9,1024,vote,0.740039,0.0,0.681581,0.0
Encoder,UFPR05,PUC,1024,mean_individual_models,0.759961,0.048337,0.699107,0.043887
Encoder,UFPR05,PUC,1024,sum,0.815511,0.0,0.738781,0.0
Encoder,UFPR05,PUC,1024,mean_probs,0.815511,0.0,0.738781,0.0
Encoder,UFPR05,PUC,1024,max,0.734966,0.0,0.734942,0.0
Encoder,UFPR05,PUC,1024,mult,0.729691,0.0,0.709787,0.0
Encoder,UFPR05,PUC,1024,vote,0.815444,0.0,0.738799,0.0
Encoder,UFPR05,UFPR04,1024,mean_individual_models,0.78873,0.084445,0.734405,0.085729
Encoder,UFPR05,UFPR04,1024,sum,0.858565,0.0,0.80042,0.0
Encoder,UFPR05,UFPR04,1024,mean_probs,0.858565,0.0,0.80042,0.0
Encoder,UFPR05,UFPR04,1024,max,0.759148,0.0,0.746006,0.0
Encoder,UFPR05,UFPR04,1024,mult,0.717942,0.0,0.719642,0.0
Encoder,UFPR05,UFPR04,1024,vote,0.858572,0.0,0.800432,0.0
Encoder,UFPR05,UFPR05,1024,mean_individual_models,0.931708,0.013098,0.932973,0.013423
Encoder,UFPR05,UFPR05,1024,sum,0.959326,0.0,0.961317,0.0
Encoder,UFPR05,UFPR05,1024,mean_probs,0.959326,0.0,0.961317,0.0
Encoder,UFPR05,UFPR05,1024,max,0.968901,0.0,0.969237,0.0
Encoder,UFPR05,UFPR05,1024,mult,0.961621,0.0,0.963586,0.0
Encoder,UFPR05,UFPR05,1024,vote,0.959158,0.0,0.961153,0.0
SkipEncoder,camera1,camera1,64,mean_individual_models,0.768084,0.183077,0.75787,0.111959
SkipEncoder,camera1,camera1,64,sum,0.876018,0.0,0.855987,0.0
SkipEncoder,camera1,camera1,64,mean_probs,0.876018,0.0,0.855987,0.0
SkipEncoder,camera1,camera1,64,max,0.868979,0.0,0.844261,0.0
SkipEncoder,camera1,camera1,64,mult,0.876137,0.0,0.854831,0.0
SkipEncoder,camera1,camera1,64,vote,0.859749,0.0,0.831214,0.0
SkipEncoder,camera1,camera2,64,mean_individual_models,0.827679,0.201213,0.84161,0.134431
SkipEncoder,camera1,camera2,64,sum,0.963913,0.0,0.963719,0.0
SkipEncoder,camera1,camera2,64,mean_probs,0.963913,0.0,0.963719,0.0
SkipEncoder,camera1,camera2,64,max,0.975608,0.0,0.975057,0.0
SkipEncoder,camera1,camera2,64,mult,0.970718,0.0,0.970522,0.0
SkipEncoder,camera1,camera2,64,vote,0.957601,0.0,0.956916,0.0
SkipEncoder,camera1,camera3,64,mean_individual_models,0.793542,0.181169,0.804578,0.105249
SkipEncoder,camera1,camera3,64,sum,0.924521,0.0,0.917972,0.0
SkipEncoder,camera1,camera3,64,mean_probs,0.924521,0.0,0.917972,0.0
SkipEncoder,camera1,camera3,64,max,0.92796,0.0,0.919201,0.0
SkipEncoder,camera1,camera3,64,mult,0.930244,0.0,0.922888,0.0
SkipEncoder,camera1,camera3,64,vote,0.914913,0.0,0.905376,0.0
SkipEncoder,camera1,camera4,64,mean_individual_models,0.781209,0.181319,0.769958,0.103662
SkipEncoder,camera1,camera4,64,sum,0.88302,0.0,0.857366,0.0
SkipEncoder,camera1,camera4,64,mean_probs,0.88302,0.0,0.857366,0.0
SkipEncoder,camera1,camera4,64,max,0.867443,0.0,0.836744,0.0
SkipEncoder,camera1,camera4,64,mult,0.877921,0.0,0.848149,0.0
SkipEncoder,camera1,camera4,64,vote,0.87172,0.0,0.837682,0.0
SkipEncoder,camera1,camera5,64,mean_individual_models,0.729173,0.165738,0.702339,0.092348
SkipEncoder,camera1,camera5,64,sum,0.817828,0.0,0.762846,0.0
SkipEncoder,camera1,camera5,64,mean_probs,0.817828,0.0,0.762846,0.0
SkipEncoder,camera1,camera5,64,max,0.807014,0.0,0.731006,0.0
SkipEncoder,camera1,camera5,64,mult,0.812338,0.0,0.747804,0.0
SkipEncoder,camera1,camera5,64,vote,0.810083,0.0,0.745828,0.0
SkipEncoder,camera1,camera6,64,mean_individual_models,0.778994,0.1787,0.77605,0.104333
SkipEncoder,camera1,camera6,64,sum,0.890459,0.0,0.871481,0.0
SkipEncoder,camera1,camera6,64,mean_probs,0.890459,0.0,0.871481,0.0
SkipEncoder,camera1,camera6,64,max,0.872076,0.0,0.844832,0.0
SkipEncoder,camera1,camera6,64,mult,0.885973,0.0,0.864675,0.0
SkipEncoder,camera1,camera6,64,vote,0.879249,0.0,0.854753,0.0
SkipEncoder,camera1,camera7,64,mean_individual_models,0.759326,0.165674,0.732598,0.083267
SkipEncoder,camera1,camera7,64,sum,0.834941,0.0,0.767746,0.0
SkipEncoder,camera1,camera7,64,mean_probs,0.834941,0.0,0.767746,0.0
SkipEncoder,camera1,camera7,64,max,0.824005,0.0,0.736025,0.0
SkipEncoder,camera1,camera7,64,mult,0.829988,0.0,0.753549,0.0
SkipEncoder,camera1,camera7,64,vote,0.827798,0.0,0.753217,0.0
SkipEncoder,camera1,camera8,64,mean_individual_models,0.79383,0.182136,0.795062,0.106537
SkipEncoder,camera1,camera8,64,sum,0.907213,0.0,0.894483,0.0
SkipEncoder,camera1,camera8,64,mean_probs,0.907213,0.0,0.894483,0.0
SkipEncoder,camera1,camera8,64,max,0.890173,0.0,0.869985,0.0
SkipEncoder,camera1,camera8,64,mult,0.903093,0.0,0.887731,0.0
SkipEncoder,camera1,camera8,64,vote,0.898031,0.0,0.881076,0.0
SkipEncoder,camera1,camera9,64,mean_individual_models,0.728068,0.168623,0.708949,0.102942
SkipEncoder,camera1,camera9,64,sum,0.810973,0.0,0.763844,0.0
SkipEncoder,camera1,camera9,64,mean_probs,0.810973,0.0,0.763844,0.0
SkipEncoder,camera1,camera9,64,max,0.822426,0.0,0.7811,0.0
SkipEncoder,camera1,camera9,64,mult,0.817397,0.0,0.773475,0.0
SkipEncoder,camera1,camera9,64,vote,0.801085,0.0,0.745787,0.0
SkipEncoder,camera1,PUC,64,mean_individual_models,0.731202,0.177094,0.724805,0.12506
SkipEncoder,camera1,PUC,64,sum,0.899182,0.0,0.891711,0.0
SkipEncoder,camera1,PUC,64,mean_probs,0.899182,0.0,0.891711,0.0
SkipEncoder,camera1,PUC,64,max,0.834368,0.0,0.819417,0.0
SkipEncoder,camera1,PUC,64,mult,0.875524,0.0,0.864212,0.0
SkipEncoder,camera1,PUC,64,vote,0.893733,0.0,0.881397,0.0
SkipEncoder,camera1,UFPR04,64,mean_individual_models,0.660517,0.180053,0.657392,0.141638
SkipEncoder,camera1,UFPR04,64,sum,0.851956,0.0,0.839113,0.0
SkipEncoder,camera1,UFPR04,64,mean_probs,0.851956,0.0,0.839113,0.0
SkipEncoder,camera1,UFPR04,64,max,0.728036,0.0,0.728322,0.0
SkipEncoder,camera1,UFPR04,64,mult,0.803675,0.0,0.794406,0.0
SkipEncoder,camera1,UFPR04,64,vote,0.85689,0.0,0.829093,0.0
SkipEncoder,camera1,UFPR05,64,mean_individual_models,0.691013,0.19303,0.686983,0.160063
SkipEncoder,camera1,UFPR05,64,sum,0.820341,0.0,0.800956,0.0
SkipEncoder,camera1,UFPR05,64,mean_probs,0.820341,0.0,0.800956,0.0
SkipEncoder,camera1,UFPR05,64,max,0.777108,0.0,0.717065,0.0
SkipEncoder,camera1,UFPR05,64,mult,0.796542,0.0,0.756502,0.0
SkipEncoder,camera1,UFPR05,64,vote,0.819282,0.0,0.795476,0.0
SkipEncoder,camera1,camera1,128,mean_individual_models,0.796864,0.194568,0.807316,0.128514
SkipEncoder,camera1,camera1,128,sum,0.922131,0.0,0.922709,0.0
SkipEncoder,camera1,camera1,128,mean_probs,0.922131,0.0,0.922709,0.0
SkipEncoder,camera1,camera1,128,max,0.912227,0.0,0.909992,0.0
SkipEncoder,camera1,camera1,128,mult,0.920129,0.0,0.919736,0.0
SkipEncoder,camera1,camera1,128,vote,0.910711,0.0,0.909992,0.0
SkipEncoder,camera1,camera2,128,mean_individual_models,0.841429,0.205625,0.864853,0.134935
SkipEncoder,camera1,camera2,128,sum,0.962591,0.0,0.962585,0.0
SkipEncoder,camera1,camera2,128,mean_probs,0.962591,0.0,0.962585,0.0
SkipEncoder,camera1,camera2,128,max,0.968449,0.0,0.968254,0.0
SkipEncoder,camera1,camera2,128,mult,0.966006,0.0,0.965986,0.0
SkipEncoder,camera1,camera2,128,vote,0.960315,0.0,0.960317,0.0
SkipEncoder,camera1,camera3,128,mean_individual_models,0.807013,0.183859,0.827435,0.106205
SkipEncoder,camera1,camera3,128,sum,0.943398,0.0,0.943472,0.0
SkipEncoder,camera1,camera3,128,mean_probs,0.943398,0.0,0.943472,0.0
SkipEncoder,camera1,camera3,128,max,0.932289,0.0,0.929647,0.0
SkipEncoder,camera1,camera3,128,mult,0.94042,0.0,0.939478,0.0
SkipEncoder,camera1,camera3,128,vote,0.941789,0.0,0.941628,0.0
SkipEncoder,camera1,camera4,128,mean_individual_models,0.7988,0.187441,0.80878,0.113678
SkipEncoder,camera1,camera4,128,sum,0.917985,0.0,0.91142,0.0
SkipEncoder,camera1,camera4,128,mean_probs,0.917985,0.0,0.91142,0.0
SkipEncoder,camera1,camera4,128,max,0.892868,0.0,0.878456,0.0
SkipEncoder,camera1,camera4,128,mult,0.906475,0.0,0.89736,0.0
SkipEncoder,camera1,camera4,128,vote,0.911547,0.0,0.90314,0.0
SkipEncoder,camera1,camera5,128,mean_individual_models,0.749791,0.173007,0.746772,0.102432
SkipEncoder,camera1,camera5,128,sum,0.847558,0.0,0.825538,0.0
SkipEncoder,camera1,camera5,128,mean_probs,0.847558,0.0,0.825538,0.0
SkipEncoder,camera1,camera5,128,max,0.832712,0.0,0.790184,0.0
SkipEncoder,camera1,camera5,128,mult,0.837578,0.0,0.806434,0.0
SkipEncoder,camera1,camera5,128,vote,0.841218,0.0,0.814668,0.0
SkipEncoder,camera1,camera6,128,mean_individual_models,0.795827,0.183698,0.809968,0.109323
SkipEncoder,camera1,camera6,128,sum,0.926264,0.0,0.922358,0.0
SkipEncoder,camera1,camera6,128,mean_probs,0.926264,0.0,0.922358,0.0
SkipEncoder,camera1,camera6,128,max,0.895659,0.0,0.884287,0.0
SkipEncoder,camera1,camera6,128,mult,0.919893,0.0,0.913359,0.0
SkipEncoder,camera1,camera6,128,vote,0.920689,0.0,0.915321,0.0
SkipEncoder,camera1,camera7,128,mean_individual_models,0.774965,0.17073,0.768123,0.091091
SkipEncoder,camera1,camera7,128,sum,0.864978,0.0,0.831522,0.0
SkipEncoder,camera1,camera7,128,mean_probs,0.864978,0.0,0.831522,0.0
SkipEncoder,camera1,camera7,128,max,0.855334,0.0,0.803682,0.0
SkipEncoder,camera1,camera7,128,mult,0.856585,0.0,0.812555,0.0
SkipEncoder,camera1,camera7,128,vote,0.86029,0.0,0.823314,0.0
SkipEncoder,camera1,camera8,128,mean_individual_models,0.805245,0.186425,0.819724,0.111769
SkipEncoder,camera1,camera8,128,sum,0.93628,0.0,0.934317,0.0
SkipEncoder,camera1,camera8,128,mean_probs,0.93628,0.0,0.934317,0.0
SkipEncoder,camera1,camera8,128,max,0.913992,0.0,0.905961,0.0
SkipEncoder,camera1,camera8,128,mult,0.929444,0.0,0.92554,0.0
SkipEncoder,camera1,camera8,128,vote,0.932258,0.0,0.929495,0.0
SkipEncoder,camera1,camera9,128,mean_individual_models,0.758535,0.177099,0.766212,0.106999
SkipEncoder,camera1,camera9,128,sum,0.873501,0.0,0.865369,0.0
SkipEncoder,camera1,camera9,128,mean_probs,0.873501,0.0,0.865369,0.0
SkipEncoder,camera1,camera9,128,max,0.847337,0.0,0.833266,0.0
SkipEncoder,camera1,camera9,128,mult,0.860552,0.0,0.848917,0.0
SkipEncoder,camera1,camera9,128,vote,0.865106,0.0,0.854334,0.0
SkipEncoder,camera1,PUC,128,mean_individual_models,0.757392,0.178884,0.751844,0.117667
SkipEncoder,camera1,PUC,128,sum,0.912187,0.0,0.912117,0.0
SkipEncoder,camera1,PUC,128,mean_probs,0.912187,0.0,0.912117,0.0
SkipEncoder,camera1,PUC,128,max,0.863141,0.0,0.860847,0.0
SkipEncoder,camera1,PUC,128,mult,0.893198,0.0,0.888794,0.0
SkipEncoder,camera1,PUC,128,vote,0.914459,0.0,0.914334,0.0
SkipEncoder,camera1,UFPR04,128,mean_individual_models,0.664456,0.146971,0.631657,0.099474
SkipEncoder,camera1,UFPR04,128,sum,0.810875,0.0,0.804968,0.0
SkipEncoder,camera1,UFPR04,128,mean_probs,0.810875,0.0,0.804968,0.0
SkipEncoder,camera1,UFPR04,128,max,0.77815,0.0,0.777138,0.0
SkipEncoder,camera1,UFPR04,128,mult,0.793795,0.0,0.794845,0.0
SkipEncoder,camera1,UFPR04,128,vote,0.818873,0.0,0.81852,0.0
SkipEncoder,camera1,UFPR05,128,mean_individual_models,0.701628,0.191299,0.691979,0.149984
SkipEncoder,camera1,UFPR05,128,sum,0.866273,0.0,0.866841,0.0
SkipEncoder,camera1,UFPR05,128,mean_probs,0.866273,0.0,0.866841,0.0
SkipEncoder,camera1,UFPR05,128,max,0.797492,0.0,0.767662,0.0
SkipEncoder,camera1,UFPR05,128,mult,0.817458,0.0,0.799933,0.0
SkipEncoder,camera1,UFPR05,128,vote,0.8629,0.0,0.861854,0.0
SkipEncoder,camera1,camera1,256,mean_individual_models,0.792309,0.17459,0.799125,0.089397
SkipEncoder,camera1,camera1,256,sum,0.903812,0.0,0.894633,0.0
SkipEncoder,camera1,camera1,256,mean_probs,0.903812,0.0,0.894633,0.0
SkipEncoder,camera1,camera1,256,max,0.912729,0.0,0.906358,0.0
SkipEncoder,camera1,camera1,256,mult,0.90666,0.0,0.898431,0.0
SkipEncoder,camera1,camera1,256,vote,0.905649,0.0,0.898596,0.0
SkipEncoder,camera1,camera2,256,mean_individual_models,0.841161,0.205301,0.862472,0.133964
SkipEncoder,camera1,camera2,256,sum,0.967206,0.0,0.96712,0.0
SkipEncoder,camera1,camera2,256,mean_probs,0.967206,0.0,0.96712,0.0
SkipEncoder,camera1,camera2,256,max,0.976346,0.0,0.97619,0.0
SkipEncoder,camera1,camera2,256,mult,0.971898,0.0,0.971655,0.0
SkipEncoder,camera1,camera2,256,vote,0.967206,0.0,0.96712,0.0
SkipEncoder,camera1,camera3,256,mean_individual_models,0.807984,0.190471,0.823441,0.115785
SkipEncoder,camera1,camera3,256,sum,0.94409,0.0,0.941628,0.0
SkipEncoder,camera1,camera3,256,mean_probs,0.94409,0.0,0.941628,0.0
SkipEncoder,camera1,camera3,256,max,0.935181,0.0,0.930568,0.0
SkipEncoder,camera1,camera3,256,mult,0.941639,0.0,0.938249,0.0
SkipEncoder,camera1,camera3,256,vote,0.945988,0.0,0.944393,0.0
SkipEncoder,camera1,camera4,256,mean_individual_models,0.798072,0.182255,0.802328,0.103895
SkipEncoder,camera1,camera4,256,sum,0.901821,0.0,0.886112,0.0
SkipEncoder,camera1,camera4,256,mean_probs,0.901821,0.0,0.886112,0.0
SkipEncoder,camera1,camera4,256,max,0.880836,0.0,0.861115,0.0
SkipEncoder,camera1,camera4,256,mult,0.890877,0.0,0.872676,0.0
SkipEncoder,camera1,camera4,256,vote,0.906105,0.0,0.893454,0.0
SkipEncoder,camera1,camera5,256,mean_individual_models,0.759766,0.168466,0.7454,0.092211
SkipEncoder,camera1,camera5,256,sum,0.843407,0.0,0.802701,0.0
SkipEncoder,camera1,camera5,256,mean_probs,0.843407,0.0,0.802701,0.0
SkipEncoder,camera1,camera5,256,max,0.837956,0.0,0.780303,0.0
SkipEncoder,camera1,camera5,256,mult,0.843283,0.0,0.794686,0.0
SkipEncoder,camera1,camera5,256,vote,0.850546,0.0,0.817194,0.0
SkipEncoder,camera1,camera6,256,mean_individual_models,0.80121,0.186383,0.809172,0.109796
SkipEncoder,camera1,camera6,256,sum,0.909823,0.0,0.898131,0.0
SkipEncoder,camera1,camera6,256,mean_probs,0.909823,0.0,0.898131,0.0
SkipEncoder,camera1,camera6,256,max,0.90398,0.0,0.890401,0.0
SkipEncoder,camera1,camera6,256,mult,0.909398,0.0,0.89617,0.0
SkipEncoder,camera1,camera6,256,vote,0.91403,0.0,0.904361,0.0
SkipEncoder,camera1,camera7,256,mean_individual_models,0.782174,0.185951,0.765905,0.111367
SkipEncoder,camera1,camera7,256,sum,0.867928,0.0,0.822981,0.0
SkipEncoder,camera1,camera7,256,mean_probs,0.867928,0.0,0.822981,0.0
SkipEncoder,camera1,camera7,256,max,0.859293,0.0,0.799468,0.0
SkipEncoder,camera1,camera7,256,mult,0.865063,0.0,0.813776,0.0
SkipEncoder,camera1,camera7,256,vote,0.873449,0.0,0.834849,0.0
SkipEncoder,camera1,camera8,256,mean_individual_models,0.813216,0.192542,0.825222,0.117755
SkipEncoder,camera1,camera8,256,sum,0.933442,0.0,0.927662,0.0
SkipEncoder,camera1,camera8,256,mean_probs,0.933442,0.0,0.927662,0.0
SkipEncoder,camera1,camera8,256,max,0.920152,0.0,0.909915,0.0
SkipEncoder,camera1,camera8,256,mult,0.928419,0.0,0.920621,0.0
SkipEncoder,camera1,camera8,256,vote,0.935543,0.0,0.931038,0.0
SkipEncoder,camera1,camera9,256,mean_individual_models,0.756422,0.169398,0.760554,0.089975
SkipEncoder,camera1,camera9,256,sum,0.859736,0.0,0.8437,0.0
SkipEncoder,camera1,camera9,256,mean_probs,0.859736,0.0,0.8437,0.0
SkipEncoder,camera1,camera9,256,max,0.84795,0.0,0.828852,0.0
SkipEncoder,camera1,camera9,256,mult,0.854853,0.0,0.836878,0.0
SkipEncoder,camera1,camera9,256,vote,0.861238,0.0,0.847111,0.0
SkipEncoder,camera1,PUC,256,mean_individual_models,0.743331,0.171248,0.751124,0.105803
SkipEncoder,camera1,PUC,256,sum,0.90486,0.0,0.903789,0.0
SkipEncoder,camera1,PUC,256,mean_probs,0.90486,0.0,0.903789,0.0
SkipEncoder,camera1,PUC,256,max,0.874614,0.0,0.873485,0.0
SkipEncoder,camera1,PUC,256,mult,0.893241,0.0,0.888268,0.0
SkipEncoder,camera1,PUC,256,vote,0.900049,0.0,0.899849,0.0
SkipEncoder,camera1,UFPR04,256,mean_individual_models,0.652991,0.158763,0.632602,0.108367
SkipEncoder,camera1,UFPR04,256,sum,0.820729,0.0,0.821948,0.0
SkipEncoder,camera1,UFPR04,256,mean_probs,0.820729,0.0,0.821948,0.0
SkipEncoder,camera1,UFPR04,256,max,0.797932,0.0,0.799208,0.0
SkipEncoder,camera1,UFPR04,256,mult,0.813749,0.0,0.807646,0.0
SkipEncoder,camera1,UFPR04,256,vote,0.812056,0.0,0.813649,0.0
SkipEncoder,camera1,UFPR05,256,mean_individual_models,0.696086,0.162705,0.70894,0.106237
SkipEncoder,camera1,UFPR05,256,sum,0.837275,0.0,0.825523,0.0
SkipEncoder,camera1,UFPR05,256,mean_probs,0.837275,0.0,0.825523,0.0
SkipEncoder,camera1,UFPR05,256,max,0.800218,0.0,0.771798,0.0
SkipEncoder,camera1,UFPR05,256,mult,0.820327,0.0,0.800575,0.0
SkipEncoder,camera1,UFPR05,256,vote,0.837901,0.0,0.829815,0.0
SkipEncoder,camera1,camera1,512,mean_individual_models,0.814522,0.200089,0.829529,0.132873
SkipEncoder,camera1,camera1,512,sum,0.929205,0.0,0.927333,0.0
SkipEncoder,camera1,camera1,512,mean_probs,0.929205,0.0,0.927333,0.0
SkipEncoder,camera1,camera1,512,max,0.940902,0.0,0.940545,0.0
SkipEncoder,camera1,camera1,512,mult,0.934109,0.0,0.932783,0.0
SkipEncoder,camera1,camera1,512,vote,0.922568,0.0,0.919405,0.0
SkipEncoder,camera1,camera2,512,mean_individual_models,0.856989,0.211676,0.880726,0.142143
SkipEncoder,camera1,camera2,512,sum,0.970581,0.0,0.970522,0.0
SkipEncoder,camera1,camera2,512,mean_probs,0.970581,0.0,0.970522,0.0
SkipEncoder,camera1,camera2,512,max,0.973084,0.0,0.972789,0.0
SkipEncoder,camera1,camera2,512,mult,0.969737,0.0,0.969388,0.0
SkipEncoder,camera1,camera2,512,vote,0.969542,0.0,0.969388,0.0
SkipEncoder,camera1,camera3,512,mean_individual_models,0.816008,0.187668,0.839969,0.110397
SkipEncoder,camera1,camera3,512,sum,0.943589,0.0,0.942243,0.0
SkipEncoder,camera1,camera3,512,mean_probs,0.943589,0.0,0.942243,0.0
SkipEncoder,camera1,camera3,512,max,0.933974,0.0,0.932719,0.0
SkipEncoder,camera1,camera3,512,mult,0.940631,0.0,0.938863,0.0
SkipEncoder,camera1,camera3,512,vote,0.941282,0.0,0.939171,0.0
SkipEncoder,camera1,camera4,512,mean_individual_models,0.813841,0.192373,0.828589,0.117603
SkipEncoder,camera1,camera4,512,sum,0.925671,0.0,0.918606,0.0
SkipEncoder,camera1,camera4,512,mean_probs,0.925671,0.0,0.918606,0.0
SkipEncoder,camera1,camera4,512,max,0.911883,0.0,0.903765,0.0
SkipEncoder,camera1,camera4,512,mult,0.917202,0.0,0.909077,0.0
SkipEncoder,camera1,camera4,512,vote,0.921552,0.0,0.913139,0.0
SkipEncoder,camera1,camera5,512,mean_individual_models,0.767622,0.177552,0.768753,0.100738
SkipEncoder,camera1,camera5,512,sum,0.866826,0.0,0.843105,0.0
SkipEncoder,camera1,camera5,512,mean_probs,0.866826,0.0,0.843105,0.0
SkipEncoder,camera1,camera5,512,max,0.87046,0.0,0.841897,0.0
SkipEncoder,camera1,camera5,512,mult,0.866103,0.0,0.837725,0.0
SkipEncoder,camera1,camera5,512,vote,0.86174,0.0,0.83487,0.0
SkipEncoder,camera1,camera6,512,mean_individual_models,0.817327,0.189617,0.836352,0.11262
SkipEncoder,camera1,camera6,512,sum,0.930838,0.0,0.925934,0.0
SkipEncoder,camera1,camera6,512,mean_probs,0.930838,0.0,0.925934,0.0
SkipEncoder,camera1,camera6,512,max,0.929975,0.0,0.924781,0.0
SkipEncoder,camera1,camera6,512,mult,0.930005,0.0,0.924204,0.0
SkipEncoder,camera1,camera6,512,vote,0.926351,0.0,0.920281,0.0
SkipEncoder,camera1,camera7,512,mean_individual_models,0.793088,0.175872,0.791271,0.088677
SkipEncoder,camera1,camera7,512,sum,0.879352,0.0,0.845719,0.0
SkipEncoder,camera1,camera7,512,mean_probs,0.879352,0.0,0.845719,0.0
SkipEncoder,camera1,camera7,512,max,0.877249,0.0,0.840728,0.0
SkipEncoder,camera1,camera7,512,mult,0.8795,0.0,0.842613,0.0
SkipEncoder,camera1,camera7,512,vote,0.875488,0.0,0.838842,0.0
SkipEncoder,camera1,camera8,512,mean_individual_models,0.827521,0.1934,0.848939,0.116883
SkipEncoder,camera1,camera8,512,sum,0.941499,0.0,0.938561,0.0
SkipEncoder,camera1,camera8,512,mean_probs,0.941499,0.0,0.938561,0.0
SkipEncoder,camera1,camera8,512,max,0.941077,0.0,0.936921,0.0
SkipEncoder,camera1,camera8,512,mult,0.939857,0.0,0.935667,0.0
SkipEncoder,camera1,camera8,512,vote,0.940035,0.0,0.936535,0.0
SkipEncoder,camera1,camera9,512,mean_individual_models,0.769338,0.17898,0.783608,0.105534
SkipEncoder,camera1,camera9,512,sum,0.886346,0.0,0.880016,0.0
SkipEncoder,camera1,camera9,512,mean_probs,0.886346,0.0,0.880016,0.0
SkipEncoder,camera1,camera9,512,max,0.893558,0.0,0.883828,0.0
SkipEncoder,camera1,camera9,512,mult,0.88003,0.0,0.871188,0.0
SkipEncoder,camera1,camera9,512,vote,0.880734,0.0,0.872793,0.0
SkipEncoder,camera1,PUC,512,mean_individual_models,0.748373,0.171668,0.753364,0.107305
SkipEncoder,camera1,PUC,512,sum,0.889925,0.0,0.88558,0.0
SkipEncoder,camera1,PUC,512,mean_probs,0.889925,0.0,0.88558,0.0
SkipEncoder,camera1,PUC,512,max,0.848304,0.0,0.836562,0.0
SkipEncoder,camera1,PUC,512,mult,0.867715,0.0,0.866383,0.0
SkipEncoder,camera1,PUC,512,vote,0.888222,0.0,0.88525,0.0
SkipEncoder,camera1,UFPR04,512,mean_individual_models,0.645919,0.132725,0.611675,0.08838
SkipEncoder,camera1,UFPR04,512,sum,0.770809,0.0,0.73728,0.0
SkipEncoder,camera1,UFPR04,512,mean_probs,0.770809,0.0,0.73728,0.0
SkipEncoder,camera1,UFPR04,512,max,0.687992,0.0,0.575803,0.0
SkipEncoder,camera1,UFPR04,512,mult,0.73782,0.0,0.722654,0.0
SkipEncoder,camera1,UFPR04,512,vote,0.770785,0.0,0.745013,0.0
SkipEncoder,camera1,UFPR05,512,mean_individual_models,0.698997,0.177337,0.713053,0.125105
SkipEncoder,camera1,UFPR05,512,sum,0.851281,0.0,0.850679,0.0
SkipEncoder,camera1,UFPR05,512,mean_probs,0.851281,0.0,0.850679,0.0
SkipEncoder,camera1,UFPR05,512,max,0.8176,0.0,0.810242,0.0
SkipEncoder,camera1,UFPR05,512,mult,0.822614,0.0,0.814168,0.0
SkipEncoder,camera1,UFPR05,512,vote,0.846895,0.0,0.8442,0.0
SkipEncoder,camera1,camera1,1024,mean_individual_models,0.822829,0.185971,0.838893,0.105647
SkipEncoder,camera1,camera1,1024,sum,0.925529,0.0,0.922213,0.0
SkipEncoder,camera1,camera1,1024,mean_probs,0.925529,0.0,0.922213,0.0
SkipEncoder,camera1,camera1,1024,max,0.913907,0.0,0.90768,0.0
SkipEncoder,camera1,camera1,1024,mult,0.918849,0.0,0.913955,0.0
SkipEncoder,camera1,camera1,1024,vote,0.93059,0.0,0.928489,0.0
SkipEncoder,camera1,camera2,1024,mean_individual_models,0.862927,0.211525,0.886395,0.139822
SkipEncoder,camera1,camera2,1024,sum,0.97181,0.0,0.971655,0.0
SkipEncoder,camera1,camera2,1024,mean_probs,0.97181,0.0,0.971655,0.0
SkipEncoder,camera1,camera2,1024,max,0.976987,0.0,0.97619,0.0
SkipEncoder,camera1,camera2,1024,mult,0.966857,0.0,0.965986,0.0
SkipEncoder,camera1,camera2,1024,vote,0.969474,0.0,0.969388,0.0
SkipEncoder,camera1,camera3,1024,mean_individual_models,0.820412,0.194901,0.838157,0.122203
SkipEncoder,camera1,camera3,1024,sum,0.937195,0.0,0.932719,0.0
SkipEncoder,camera1,camera3,1024,mean_probs,0.937195,0.0,0.932719,0.0
SkipEncoder,camera1,camera3,1024,max,0.916181,0.0,0.906605,0.0
SkipEncoder,camera1,camera3,1024,mult,0.930694,0.0,0.92381,0.0
SkipEncoder,camera1,camera3,1024,vote,0.936829,0.0,0.933641,0.0
SkipEncoder,camera1,camera4,1024,mean_individual_models,0.816015,0.189018,0.82659,0.111157
SkipEncoder,camera1,camera4,1024,sum,0.926228,0.0,0.916888,0.0
SkipEncoder,camera1,camera4,1024,mean_probs,0.926228,0.0,0.916888,0.0
SkipEncoder,camera1,camera4,1024,max,0.89455,0.0,0.879706,0.0
SkipEncoder,camera1,camera4,1024,mult,0.912486,0.0,0.900172,0.0
SkipEncoder,camera1,camera4,1024,vote,0.930581,0.0,0.923137,0.0
SkipEncoder,camera1,camera5,1024,mean_individual_models,0.769955,0.1724,0.765382,0.090253
SkipEncoder,camera1,camera5,1024,sum,0.859761,0.0,0.825977,0.0
SkipEncoder,camera1,camera5,1024,mean_probs,0.859761,0.0,0.825977,0.0
SkipEncoder,camera1,camera5,1024,max,0.8507,0.0,0.802591,0.0
SkipEncoder,camera1,camera5,1024,mult,0.854488,0.0,0.811924,0.0
SkipEncoder,camera1,camera5,1024,vote,0.863939,0.0,0.837286,0.0
SkipEncoder,camera1,camera6,1024,mean_individual_models,0.81767,0.192761,0.831472,0.118697
SkipEncoder,camera1,camera6,1024,sum,0.927152,0.0,0.920166,0.0
SkipEncoder,camera1,camera6,1024,mean_probs,0.927152,0.0,0.920166,0.0
SkipEncoder,camera1,camera6,1024,max,0.916436,0.0,0.907707,0.0
SkipEncoder,camera1,camera6,1024,mult,0.923646,0.0,0.913936,0.0
SkipEncoder,camera1,camera6,1024,vote,0.931202,0.0,0.926165,0.0
SkipEncoder,camera1,camera7,1024,mean_individual_models,0.787428,0.187983,0.774213,0.110944
SkipEncoder,camera1,camera7,1024,sum,0.873616,0.0,0.833185,0.0
SkipEncoder,camera1,camera7,1024,mean_probs,0.873616,0.0,0.833185,0.0
SkipEncoder,camera1,camera7,1024,max,0.864751,0.0,0.815106,0.0
SkipEncoder,camera1,camera7,1024,mult,0.871383,0.0,0.82276,0.0
SkipEncoder,camera1,camera7,1024,vote,0.87638,0.0,0.840506,0.0
SkipEncoder,camera1,camera8,1024,mean_individual_models,0.829092,0.199383,0.845004,0.127556
SkipEncoder,camera1,camera8,1024,sum,0.942405,0.0,0.938657,0.0
SkipEncoder,camera1,camera8,1024,mean_probs,0.942405,0.0,0.938657,0.0
SkipEncoder,camera1,camera8,1024,max,0.931593,0.0,0.9239,0.0
SkipEncoder,camera1,camera8,1024,mult,0.934741,0.0,0.928819,0.0
SkipEncoder,camera1,camera8,1024,vote,0.945313,0.0,0.942323,0.0
SkipEncoder,camera1,camera9,1024,mean_individual_models,0.770083,0.174481,0.778331,0.098026
SkipEncoder,camera1,camera9,1024,sum,0.873632,0.0,0.862761,0.0
SkipEncoder,camera1,camera9,1024,mean_probs,0.873632,0.0,0.862761,0.0
SkipEncoder,camera1,camera9,1024,max,0.868245,0.0,0.852327,0.0
SkipEncoder,camera1,camera9,1024,mult,0.86724,0.0,0.852327,0.0
SkipEncoder,camera1,camera9,1024,vote,0.876979,0.0,0.868379,0.0
SkipEncoder,camera1,PUC,1024,mean_individual_models,0.757582,0.175235,0.761787,0.110223
SkipEncoder,camera1,PUC,1024,sum,0.88874,0.0,0.886297,0.0
SkipEncoder,camera1,PUC,1024,mean_probs,0.88874,0.0,0.886297,0.0
SkipEncoder,camera1,PUC,1024,max,0.85683,0.0,0.852481,0.0
SkipEncoder,camera1,PUC,1024,mult,0.896411,0.0,0.896238,0.0
SkipEncoder,camera1,PUC,1024,vote,0.886842,0.0,0.883348,0.0
SkipEncoder,camera1,UFPR04,1024,mean_individual_models,0.638786,0.147458,0.588904,0.080548
SkipEncoder,camera1,UFPR04,1024,sum,0.732157,0.0,0.654412,0.0
SkipEncoder,camera1,UFPR04,1024,mean_probs,0.732157,0.0,0.654412,0.0
SkipEncoder,camera1,UFPR04,1024,max,0.773952,0.0,0.717506,0.0
SkipEncoder,camera1,UFPR04,1024,mult,0.772686,0.0,0.76182,0.0
SkipEncoder,camera1,UFPR04,1024,vote,0.722379,0.0,0.631857,0.0
SkipEncoder,camera1,UFPR05,1024,mean_individual_models,0.715692,0.164867,0.725939,0.111719
SkipEncoder,camera1,UFPR05,1024,sum,0.865174,0.0,0.864885,0.0
SkipEncoder,camera1,UFPR05,1024,mean_probs,0.865174,0.0,0.864885,0.0
SkipEncoder,camera1,UFPR05,1024,max,0.822208,0.0,0.810742,0.0
SkipEncoder,camera1,UFPR05,1024,mult,0.829862,0.0,0.816863,0.0
SkipEncoder,camera1,UFPR05,1024,vote,0.866011,0.0,0.867207,0.0
SkipEncoder,camera2,camera1,64,mean_individual_models,0.744725,0.164718,0.725087,0.111941
SkipEncoder,camera2,camera1,64,sum,0.822847,0.0,0.766969,0.0
SkipEncoder,camera2,camera1,64,mean_probs,0.822847,0.0,0.766969,0.0
SkipEncoder,camera2,camera1,64,max,0.791968,0.0,0.68687,0.0
SkipEncoder,camera2,camera1,64,mult,0.805399,0.0,0.719736,0.0
SkipEncoder,camera2,camera1,64,vote,0.832929,0.0,0.791247,0.0
SkipEncoder,camera2,camera2,64,mean_individual_models,0.835208,0.200814,0.854649,0.126922
SkipEncoder,camera2,camera2,64,sum,0.957885,0.0,0.954649,0.0
SkipEncoder,camera2,camera2,64,mean_probs,0.957885,0.0,0.954649,0.0
SkipEncoder,camera2,camera2,64,max,0.921547,0.0,0.909297,0.0
SkipEncoder,camera2,camera2,64,mult,0.928915,0.0,0.918367,0.0
SkipEncoder,camera2,camera2,64,vote,0.957637,0.0,0.955782,0.0
SkipEncoder,camera2,camera3,64,mean_individual_models,0.767057,0.180794,0.771951,0.109193
SkipEncoder,camera2,camera3,64,sum,0.922459,0.0,0.910599,0.0
SkipEncoder,camera2,camera3,64,mean_probs,0.922459,0.0,0.910599,0.0
SkipEncoder,camera2,camera3,64,max,0.846942,0.0,0.811982,0.0
SkipEncoder,camera2,camera3,64,mult,0.892971,0.0,0.868203,0.0
SkipEncoder,camera2,camera3,64,vote,0.922661,0.0,0.915822,0.0
SkipEncoder,camera2,camera4,64,mean_individual_models,0.775741,0.178379,0.771692,0.105964
SkipEncoder,camera2,camera4,64,sum,0.87773,0.0,0.846899,0.0
SkipEncoder,camera2,camera4,64,mean_probs,0.87773,0.0,0.846899,0.0
SkipEncoder,camera2,camera4,64,max,0.834943,0.0,0.776754,0.0
SkipEncoder,camera2,camera4,64,mult,0.862309,0.0,0.819091,0.0
SkipEncoder,camera2,camera4,64,vote,0.887339,0.0,0.862678,0.0
SkipEncoder,camera2,camera5,64,mean_individual_models,0.74338,0.168399,0.729095,0.101171
SkipEncoder,camera2,camera5,64,sum,0.844719,0.0,0.791392,0.0
SkipEncoder,camera2,camera5,64,mean_probs,0.844719,0.0,0.791392,0.0
SkipEncoder,camera2,camera5,64,max,0.80453,0.0,0.711902,0.0
SkipEncoder,camera2,camera5,64,mult,0.830788,0.0,0.762297,0.0
SkipEncoder,camera2,camera5,64,vote,0.85455,0.0,0.812033,0.0
SkipEncoder,camera2,camera6,64,mean_individual_models,0.761388,0.178871,0.759599,0.108808
SkipEncoder,camera2,camera6,64,sum,0.883681,0.0,0.851407,0.0
SkipEncoder,camera2,camera6,64,mean_probs,0.883681,0.0,0.851407,0.0
SkipEncoder,camera2,camera6,64,max,0.846232,0.0,0.787494,0.0
SkipEncoder,camera2,camera6,64,mult,0.869977,0.0,0.825796,0.0
SkipEncoder,camera2,camera6,64,vote,0.890095,0.0,0.865713,0.0
SkipEncoder,camera2,camera7,64,mean_individual_models,0.760516,0.18425,0.744942,0.121139
SkipEncoder,camera2,camera7,64,sum,0.874467,0.0,0.828527,0.0
SkipEncoder,camera2,camera7,64,mean_probs,0.874467,0.0,0.828527,0.0
SkipEncoder,camera2,camera7,64,max,0.824435,0.0,0.731477,0.0
SkipEncoder,camera2,camera7,64,mult,0.853741,0.0,0.786602,0.0
SkipEncoder,camera2,camera7,64,vote,0.883932,0.0,0.847715,0.0
SkipEncoder,camera2,camera8,64,mean_individual_models,0.778802,0.184323,0.779495,0.116583
SkipEncoder,camera2,camera8,64,sum,0.911302,0.0,0.892361,0.0
SkipEncoder,camera2,camera8,64,mean_probs,0.911302,0.0,0.892361,0.0
SkipEncoder,camera2,camera8,64,max,0.852379,0.0,0.797068,0.0
SkipEncoder,camera2,camera8,64,mult,0.890536,0.0,0.859086,0.0
SkipEncoder,camera2,camera8,64,vote,0.919972,0.0,0.906636,0.0
SkipEncoder,camera2,camera9,64,mean_individual_models,0.74183,0.167356,0.730899,0.094707
SkipEncoder,camera2,camera9,64,sum,0.850214,0.0,0.814205,0.0
SkipEncoder,camera2,camera9,64,mean_probs,0.850214,0.0,0.814205,0.0
SkipEncoder,camera2,camera9,64,max,0.820603,0.0,0.744783,0.0
SkipEncoder,camera2,camera9,64,mult,0.835017,0.0,0.775482,0.0
SkipEncoder,camera2,camera9,64,vote,0.859268,0.0,0.832464,0.0
SkipEncoder,camera2,PUC,64,mean_individual_models,0.69461,0.163324,0.681003,0.104767
SkipEncoder,camera2,PUC,64,sum,0.835859,0.0,0.833807,0.0
SkipEncoder,camera2,PUC,64,mean_probs,0.835859,0.0,0.833807,0.0
SkipEncoder,camera2,PUC,64,max,0.806864,0.0,0.80077,0.0
SkipEncoder,camera2,PUC,64,mult,0.835129,0.0,0.834334,0.0
SkipEncoder,camera2,PUC,64,vote,0.840291,0.0,0.836487,0.0
SkipEncoder,camera2,UFPR04,64,mean_individual_models,0.602211,0.186348,0.583056,0.094399
SkipEncoder,camera2,UFPR04,64,sum,0.759858,0.0,0.761381,0.0
SkipEncoder,camera2,UFPR04,64,mean_probs,0.759858,0.0,0.761381,0.0
SkipEncoder,camera2,UFPR04,64,max,0.643893,0.0,0.64101,0.0
SkipEncoder,camera2,UFPR04,64,mult,0.711232,0.0,0.709553,0.0
SkipEncoder,camera2,UFPR04,64,vote,0.759666,0.0,0.76167,0.0
SkipEncoder,camera2,UFPR05,64,mean_individual_models,0.658119,0.149348,0.647325,0.106197
SkipEncoder,camera2,UFPR05,64,sum,0.749645,0.0,0.707689,0.0
SkipEncoder,camera2,UFPR05,64,mean_probs,0.749645,0.0,0.707689,0.0
SkipEncoder,camera2,UFPR05,64,max,0.679363,0.0,0.594371,0.0
SkipEncoder,camera2,UFPR05,64,mult,0.709216,0.0,0.641214,0.0
SkipEncoder,camera2,UFPR05,64,vote,0.757134,0.0,0.725403,0.0
SkipEncoder,camera2,camera1,128,mean_individual_models,0.761398,0.168372,0.73924,0.119342
SkipEncoder,camera2,camera1,128,sum,0.834835,0.0,0.793394,0.0
SkipEncoder,camera2,camera1,128,mean_probs,0.834835,0.0,0.793394,0.0
SkipEncoder,camera2,camera1,128,max,0.812216,0.0,0.75673,0.0
SkipEncoder,camera2,camera1,128,mult,0.820313,0.0,0.761189,0.0
SkipEncoder,camera2,camera1,128,vote,0.846456,0.0,0.81569,0.0
SkipEncoder,camera2,camera2,128,mean_individual_models,0.860539,0.210235,0.881633,0.138103
SkipEncoder,camera2,camera2,128,sum,0.974082,0.0,0.972789,0.0
SkipEncoder,camera2,camera2,128,mean_probs,0.974082,0.0,0.972789,0.0
SkipEncoder,camera2,camera2,128,max,0.964059,0.0,0.961451,0.0
SkipEncoder,camera2,camera2,128,mult,0.96603,0.0,0.963719,0.0
SkipEncoder,camera2,camera2,128,vote,0.972835,0.0,0.971655,0.0
SkipEncoder,camera2,camera3,128,mean_individual_models,0.795602,0.188769,0.80765,0.120595
SkipEncoder,camera2,camera3,128,sum,0.939947,0.0,0.935484,0.0
SkipEncoder,camera2,camera3,128,mean_probs,0.939947,0.0,0.935484,0.0
SkipEncoder,camera2,camera3,128,max,0.908111,0.0,0.890323,0.0
SkipEncoder,camera2,camera3,128,mult,0.934071,0.0,0.926267,0.0
SkipEncoder,camera2,camera3,128,vote,0.936564,0.0,0.934255,0.0
SkipEncoder,camera2,camera4,128,mean_individual_models,0.810397,0.187146,0.813842,0.11344
SkipEncoder,camera2,camera4,128,sum,0.918057,0.0,0.90689,0.0
SkipEncoder,camera2,camera4,128,mean_probs,0.918057,0.0,0.90689,0.0
SkipEncoder,camera2,camera4,128,max,0.886401,0.0,0.860803,0.0
SkipEncoder,camera2,camera4,128,mult,0.908053,0.0,0.891736,0.0
SkipEncoder,camera2,camera4,128,vote,0.923808,0.0,0.91517,0.0
SkipEncoder,camera2,camera5,128,mean_individual_models,0.768197,0.171974,0.759354,0.097436
SkipEncoder,camera2,camera5,128,sum,0.867084,0.0,0.834102,0.0
SkipEncoder,camera2,camera5,128,mean_probs,0.867084,0.0,0.834102,0.0
SkipEncoder,camera2,camera5,128,max,0.841918,0.0,0.78711,0.0
SkipEncoder,camera2,camera5,128,mult,0.859876,0.0,0.818072,0.0
SkipEncoder,camera2,camera5,128,vote,0.873487,0.0,0.847716,0.0
SkipEncoder,camera2,camera6,128,mean_individual_models,0.805273,0.189355,0.810037,0.11847
SkipEncoder,camera2,camera6,128,sum,0.920889,0.0,0.90736,0.0
SkipEncoder,camera2,camera6,128,mean_probs,0.920889,0.0,0.90736,0.0
SkipEncoder,camera2,camera6,128,max,0.887655,0.0,0.86006,0.0
SkipEncoder,camera2,camera6,128,mult,0.909826,0.0,0.891671,0.0
SkipEncoder,camera2,camera6,128,vote,0.927694,0.0,0.917397,0.0
SkipEncoder,camera2,camera7,128,mean_individual_models,0.781657,0.186971,0.764142,0.116307
SkipEncoder,camera2,camera7,128,sum,0.882812,0.0,0.843057,0.0
SkipEncoder,camera2,camera7,128,mean_probs,0.882812,0.0,0.843057,0.0
SkipEncoder,camera2,camera7,128,max,0.850488,0.0,0.78272,0.0
SkipEncoder,camera2,camera7,128,mult,0.869403,0.0,0.816659,0.0
SkipEncoder,camera2,camera7,128,vote,0.888938,0.0,0.854592,0.0
SkipEncoder,camera2,camera8,128,mean_individual_models,0.812327,0.194519,0.818422,0.126413
SkipEncoder,camera2,camera8,128,sum,0.940581,0.0,0.934124,0.0
SkipEncoder,camera2,camera8,128,mean_probs,0.940581,0.0,0.934124,0.0
SkipEncoder,camera2,camera8,128,max,0.901537,0.0,0.878954,0.0
SkipEncoder,camera2,camera8,128,mult,0.927705,0.0,0.915509,0.0
SkipEncoder,camera2,camera8,128,vote,0.9414,0.0,0.936632,0.0
SkipEncoder,camera2,camera9,128,mean_individual_models,0.762088,0.171298,0.752067,0.093787
SkipEncoder,camera2,camera9,128,sum,0.859847,0.0,0.825241,0.0
SkipEncoder,camera2,camera9,128,mean_probs,0.859847,0.0,0.825241,0.0
SkipEncoder,camera2,camera9,128,max,0.851597,0.0,0.803772,0.0
SkipEncoder,camera2,camera9,128,mult,0.853108,0.0,0.809791,0.0
SkipEncoder,camera2,camera9,128,vote,0.867202,0.0,0.838082,0.0
SkipEncoder,camera2,PUC,128,mean_individual_models,0.742009,0.184638,0.738709,0.126145
SkipEncoder,camera2,PUC,128,sum,0.925578,0.0,0.921945,0.0
SkipEncoder,camera2,PUC,128,mean_probs,0.925578,0.0,0.921945,0.0
SkipEncoder,camera2,PUC,128,max,0.859325,0.0,0.859324,0.0
SkipEncoder,camera2,PUC,128,mult,0.910044,0.0,0.907295,0.0
SkipEncoder,camera2,PUC,128,vote,0.926717,0.0,0.924209,0.0
SkipEncoder,camera2,UFPR04,128,mean_individual_models,0.698145,0.169872,0.639741,0.108741
SkipEncoder,camera2,UFPR04,128,sum,0.854547,0.0,0.817608,0.0
SkipEncoder,camera2,UFPR04,128,mean_probs,0.854547,0.0,0.817608,0.0
SkipEncoder,camera2,UFPR04,128,max,0.719444,0.0,0.721419,0.0
SkipEncoder,camera2,UFPR04,128,mult,0.838175,0.0,0.811675,0.0
SkipEncoder,camera2,UFPR04,128,vote,0.854063,0.0,0.822375,0.0
SkipEncoder,camera2,UFPR05,128,mean_individual_models,0.662161,0.147692,0.660544,0.10124
SkipEncoder,camera2,UFPR05,128,sum,0.764969,0.0,0.743565,0.0
SkipEncoder,camera2,UFPR05,128,mean_probs,0.764969,0.0,0.743565,0.0
SkipEncoder,camera2,UFPR05,128,max,0.706903,0.0,0.68092,0.0
SkipEncoder,camera2,UFPR05,128,mult,0.729151,0.0,0.699164,0.0
SkipEncoder,camera2,UFPR05,128,vote,0.769555,0.0,0.75433,0.0
SkipEncoder,camera2,camera1,256,mean_individual_models,0.765361,0.185663,0.759174,0.128048
SkipEncoder,camera2,camera1,256,sum,0.871043,0.0,0.854831,0.0
SkipEncoder,camera2,camera1,256,mean_probs,0.871043,0.0,0.854831,0.0
SkipEncoder,camera2,camera1,256,max,0.868842,0.0,0.855161,0.0
SkipEncoder,camera2,camera1,256,mult,0.869045,0.0,0.853675,0.0
SkipEncoder,camera2,camera1,256,vote,0.86435,0.0,0.844261,0.0
SkipEncoder,camera2,camera2,256,mean_individual_models,0.861683,0.213069,0.883673,0.142468
SkipEncoder,camera2,camera2,256,sum,0.979089,0.0,0.978458,0.0
SkipEncoder,camera2,camera2,256,mean_probs,0.979089,0.0,0.978458,0.0
SkipEncoder,camera2,camera2,256,max,0.982418,0.0,0.981859,0.0
SkipEncoder,camera2,camera2,256,mult,0.980306,0.0,0.979592,0.0
SkipEncoder,camera2,camera2,256,vote,0.976819,0.0,0.97619,0.0
SkipEncoder,camera2,camera3,256,mean_individual_models,0.803795,0.185521,0.820061,0.109198
SkipEncoder,camera2,camera3,256,sum,0.941548,0.0,0.940399,0.0
SkipEncoder,camera2,camera3,256,mean_probs,0.941548,0.0,0.940399,0.0
SkipEncoder,camera2,camera3,256,max,0.942018,0.0,0.940092,0.0
SkipEncoder,camera2,camera3,256,mult,0.944476,0.0,0.942857,0.0
SkipEncoder,camera2,camera3,256,vote,0.939813,0.0,0.937942,0.0
SkipEncoder,camera2,camera4,256,mean_individual_models,0.821441,0.19622,0.831636,0.124574
SkipEncoder,camera2,camera4,256,sum,0.936456,0.0,0.930792,0.0
SkipEncoder,camera2,camera4,256,mean_probs,0.936456,0.0,0.930792,0.0
SkipEncoder,camera2,camera4,256,max,0.930588,0.0,0.925012,0.0
SkipEncoder,camera2,camera4,256,mult,0.938735,0.0,0.933604,0.0
SkipEncoder,camera2,camera4,256,vote,0.930928,0.0,0.923762,0.0
SkipEncoder,camera2,camera5,256,mean_individual_models,0.775111,0.181817,0.775549,0.10967
SkipEncoder,camera2,camera5,256,sum,0.886178,0.0,0.866711,0.0
SkipEncoder,camera2,camera5,256,mean_probs,0.886178,0.0,0.866711,0.0
SkipEncoder,camera2,camera5,256,max,0.878315,0.0,0.860782,0.0
SkipEncoder,camera2,camera5,256,mult,0.887328,0.0,0.867699,0.0
SkipEncoder,camera2,camera5,256,vote,0.881255,0.0,0.858586,0.0
SkipEncoder,camera2,camera6,256,mean_individual_models,0.812105,0.190447,0.826096,0.115222
SkipEncoder,camera2,camera6,256,sum,0.937696,0.0,0.931587,0.0
SkipEncoder,camera2,camera6,256,mean_probs,0.937696,0.0,0.931587,0.0
SkipEncoder,camera2,camera6,256,max,0.931271,0.0,0.925588,0.0
SkipEncoder,camera2,camera6,256,mult,0.938018,0.0,0.932164,0.0
SkipEncoder,camera2,camera6,256,vote,0.933416,0.0,0.925819,0.0
SkipEncoder,camera2,camera7,256,mean_individual_models,0.791734,0.177904,0.790949,0.095977
SkipEncoder,camera2,camera7,256,sum,0.897524,0.0,0.871451,0.0
SkipEncoder,camera2,camera7,256,mean_probs,0.897524,0.0,0.871451,0.0
SkipEncoder,camera2,camera7,256,max,0.887108,0.0,0.85559,0.0
SkipEncoder,camera2,camera7,256,mult,0.895091,0.0,0.866681,0.0
SkipEncoder,camera2,camera7,256,vote,0.894984,0.0,0.866681,0.0
SkipEncoder,camera2,camera8,256,mean_individual_models,0.8229,0.193929,0.838995,0.119067
SkipEncoder,camera2,camera8,256,sum,0.950373,0.0,0.947049,0.0
SkipEncoder,camera2,camera8,256,mean_probs,0.950373,0.0,0.947049,0.0
SkipEncoder,camera2,camera8,256,max,0.935994,0.0,0.931906,0.0
SkipEncoder,camera2,camera8,256,mult,0.946931,0.0,0.942612,0.0
SkipEncoder,camera2,camera8,256,vote,0.947938,0.0,0.944059,0.0
SkipEncoder,camera2,camera9,256,mean_individual_models,0.774986,0.182069,0.772873,0.111369
SkipEncoder,camera2,camera9,256,sum,0.885786,0.0,0.870185,0.0
SkipEncoder,camera2,camera9,256,mean_probs,0.885786,0.0,0.870185,0.0
SkipEncoder,camera2,camera9,256,max,0.877785,0.0,0.865369,0.0
SkipEncoder,camera2,camera9,256,mult,0.883037,0.0,0.867777,0.0
SkipEncoder,camera2,camera9,256,vote,0.879315,0.0,0.859952,0.0
SkipEncoder,camera2,PUC,256,mean_individual_models,0.770803,0.194068,0.770564,0.141364
SkipEncoder,camera2,PUC,256,sum,0.933218,0.0,0.932881,0.0
SkipEncoder,camera2,PUC,256,mean_probs,0.933218,0.0,0.932881,0.0
SkipEncoder,camera2,PUC,256,max,0.852996,0.0,0.839433,0.0
SkipEncoder,camera2,PUC,256,mult,0.922849,0.0,0.922671,0.0
SkipEncoder,camera2,PUC,256,vote,0.935599,0.0,0.935583,0.0
SkipEncoder,camera2,UFPR04,256,mean_individual_models,0.695527,0.16712,0.664212,0.112553
SkipEncoder,camera2,UFPR04,256,sum,0.819031,0.0,0.819732,0.0
SkipEncoder,camera2,UFPR04,256,mean_probs,0.819031,0.0,0.819732,0.0
SkipEncoder,camera2,UFPR04,256,max,0.7052,0.0,0.681746,0.0
SkipEncoder,camera2,UFPR04,256,mult,0.756077,0.0,0.754998,0.0
SkipEncoder,camera2,UFPR04,256,vote,0.827987,0.0,0.829578,0.0
SkipEncoder,camera2,UFPR05,256,mean_individual_models,0.67623,0.174742,0.671388,0.125735
SkipEncoder,camera2,UFPR05,256,sum,0.79769,0.0,0.787653,0.0
SkipEncoder,camera2,UFPR05,256,mean_probs,0.79769,0.0,0.787653,0.0
SkipEncoder,camera2,UFPR05,256,max,0.732619,0.0,0.73024,0.0
SkipEncoder,camera2,UFPR05,256,mult,0.762113,0.0,0.751874,0.0
SkipEncoder,camera2,UFPR05,256,vote,0.798408,0.0,0.783898,0.0
SkipEncoder,camera2,camera1,512,mean_individual_models,0.767925,0.187254,0.762742,0.130689
SkipEncoder,camera2,camera1,512,sum,0.879993,0.0,0.868208,0.0
SkipEncoder,camera2,camera1,512,mean_probs,0.879993,0.0,0.868208,0.0
SkipEncoder,camera2,camera1,512,max,0.836261,0.0,0.794385,0.0
SkipEncoder,camera2,camera1,512,mult,0.848266,0.0,0.819818,0.0
SkipEncoder,camera2,camera1,512,vote,0.87616,0.0,0.862593,0.0
SkipEncoder,camera2,camera2,512,mean_individual_models,0.866581,0.213446,0.889569,0.142292
SkipEncoder,camera2,camera2,512,sum,0.971663,0.0,0.971655,0.0
SkipEncoder,camera2,camera2,512,mean_probs,0.971663,0.0,0.971655,0.0
SkipEncoder,camera2,camera2,512,max,0.978941,0.0,0.978458,0.0
SkipEncoder,camera2,camera2,512,mult,0.978941,0.0,0.978458,0.0
SkipEncoder,camera2,camera2,512,vote,0.969395,0.0,0.969388,0.0
SkipEncoder,camera2,camera3,512,mean_individual_models,0.811357,0.189587,0.828479,0.112668
SkipEncoder,camera2,camera3,512,sum,0.950702,0.0,0.949923,0.0
SkipEncoder,camera2,camera3,512,mean_probs,0.950702,0.0,0.949923,0.0
SkipEncoder,camera2,camera3,512,max,0.940363,0.0,0.933333,0.0
SkipEncoder,camera2,camera3,512,mult,0.957124,0.0,0.954224,0.0
SkipEncoder,camera2,camera3,512,vote,0.949403,0.0,0.948387,0.0
SkipEncoder,camera2,camera4,512,mean_individual_models,0.832968,0.200121,0.847852,0.128676
SkipEncoder,camera2,camera4,512,sum,0.949814,0.0,0.94704,0.0
SkipEncoder,camera2,camera4,512,mean_probs,0.949814,0.0,0.94704,0.0
SkipEncoder,camera2,camera4,512,max,0.923774,0.0,0.915326,0.0
SkipEncoder,camera2,camera4,512,mult,0.941632,0.0,0.936416,0.0
SkipEncoder,camera2,camera4,512,vote,0.94883,0.0,0.945946,0.0
SkipEncoder,camera2,camera5,512,mean_individual_models,0.77899,0.183357,0.781675,0.113536
SkipEncoder,camera2,camera5,512,sum,0.888947,0.0,0.873628,0.0
SkipEncoder,camera2,camera5,512,mean_probs,0.888947,0.0,0.873628,0.0
SkipEncoder,camera2,camera5,512,max,0.859009,0.0,0.820048,0.0
SkipEncoder,camera2,camera5,512,mult,0.878116,0.0,0.852218,0.0
SkipEncoder,camera2,camera5,512,vote,0.886312,0.0,0.869895,0.0
SkipEncoder,camera2,camera6,512,mean_individual_models,0.825679,0.194151,0.841382,0.119129
SkipEncoder,camera2,camera6,512,sum,0.94258,0.0,0.939086,0.0
SkipEncoder,camera2,camera6,512,mean_probs,0.94258,0.0,0.939086,0.0
SkipEncoder,camera2,camera6,512,max,0.923797,0.0,0.915205,0.0
SkipEncoder,camera2,camera6,512,mult,0.938303,0.0,0.93228,0.0
SkipEncoder,camera2,camera6,512,vote,0.941034,0.0,0.937125,0.0
SkipEncoder,camera2,camera7,512,mean_individual_models,0.796474,0.178237,0.79472,0.097975
SkipEncoder,camera2,camera7,512,sum,0.892055,0.0,0.86524,0.0
SkipEncoder,camera2,camera7,512,mean_probs,0.892055,0.0,0.86524,0.0
SkipEncoder,camera2,camera7,512,max,0.864797,0.0,0.81189,0.0
SkipEncoder,camera2,camera7,512,mult,0.882877,0.0,0.84339,0.0
SkipEncoder,camera2,camera7,512,vote,0.890334,0.0,0.862245,0.0
SkipEncoder,camera2,camera8,512,mean_individual_models,0.828271,0.195944,0.845997,0.121191
SkipEncoder,camera2,camera8,512,sum,0.955359,0.0,0.953607,0.0
SkipEncoder,camera2,camera8,512,mean_probs,0.955359,0.0,0.953607,0.0
SkipEncoder,camera2,camera8,512,max,0.932344,0.0,0.925251,0.0
SkipEncoder,camera2,camera8,512,mult,0.950054,0.0,0.946181,0.0
SkipEncoder,camera2,camera8,512,vote,0.954674,0.0,0.952836,0.0
SkipEncoder,camera2,camera9,512,mean_individual_models,0.777866,0.181945,0.783166,0.108978
SkipEncoder,camera2,camera9,512,sum,0.878994,0.0,0.867576,0.0
SkipEncoder,camera2,camera9,512,mean_probs,0.878994,0.0,0.867576,0.0
SkipEncoder,camera2,camera9,512,max,0.865382,0.0,0.844502,0.0
SkipEncoder,camera2,camera9,512,mult,0.872044,0.0,0.852929,0.0
SkipEncoder,camera2,camera9,512,vote,0.876179,0.0,0.863363,0.0
SkipEncoder,camera2,PUC,512,mean_individual_models,0.76971,0.185865,0.77294,0.124998
SkipEncoder,camera2,PUC,512,sum,0.92446,0.0,0.922598,0.0
SkipEncoder,camera2,PUC,512,mean_probs,0.92446,0.0,0.922598,0.0
SkipEncoder,camera2,PUC,512,max,0.857207,0.0,0.851715,0.0
SkipEncoder,camera2,PUC,512,mult,0.913627,0.0,0.913484,0.0
SkipEncoder,camera2,PUC,512,vote,0.924744,0.0,0.923483,0.0
SkipEncoder,camera2,UFPR04,512,mean_individual_models,0.680571,0.146464,0.655283,0.081715
SkipEncoder,camera2,UFPR04,512,sum,0.788177,0.0,0.7782,0.0
SkipEncoder,camera2,UFPR04,512,mean_probs,0.788177,0.0,0.7782,0.0
SkipEncoder,camera2,UFPR04,512,max,0.735448,0.0,0.728865,0.0
SkipEncoder,camera2,UFPR04,512,mult,0.758553,0.0,0.756799,0.0
SkipEncoder,camera2,UFPR04,512,vote,0.791737,0.0,0.785045,0.0
SkipEncoder,camera2,UFPR05,512,mean_individual_models,0.696868,0.176177,0.683654,0.121597
SkipEncoder,camera2,UFPR05,512,sum,0.836811,0.0,0.838093,0.0
SkipEncoder,camera2,UFPR05,512,mean_probs,0.836811,0.0,0.838093,0.0
SkipEncoder,camera2,UFPR05,512,max,0.779871,0.0,0.766341,0.0
SkipEncoder,camera2,UFPR05,512,mult,0.803917,0.0,0.792192,0.0
SkipEncoder,camera2,UFPR05,512,vote,0.833344,0.0,0.833465,0.0
SkipEncoder,camera2,camera1,1024,mean_individual_models,0.769966,0.168596,0.765169,0.091355
SkipEncoder,camera2,camera1,1024,sum,0.857755,0.0,0.835178,0.0
SkipEncoder,camera2,camera1,1024,mean_probs,0.857755,0.0,0.835178,0.0
SkipEncoder,camera2,camera1,1024,max,0.857842,0.0,0.835508,0.0
SkipEncoder,camera2,camera1,1024,mult,0.852208,0.0,0.822461,0.0
SkipEncoder,camera2,camera1,1024,vote,0.866291,0.0,0.84872,0.0
SkipEncoder,camera2,camera2,1024,mean_individual_models,0.879656,0.216855,0.902834,0.145488
SkipEncoder,camera2,camera2,1024,sum,0.985619,0.0,0.985261,0.0
SkipEncoder,camera2,camera2,1024,mean_probs,0.985619,0.0,0.985261,0.0
SkipEncoder,camera2,camera2,1024,max,0.986696,0.0,0.986395,0.0
SkipEncoder,camera2,camera2,1024,mult,0.984547,0.0,0.984127,0.0
SkipEncoder,camera2,camera2,1024,vote,0.985509,0.0,0.985261,0.0
SkipEncoder,camera2,camera3,1024,mean_individual_models,0.823608,0.197336,0.839416,0.125936
SkipEncoder,camera2,camera3,1024,sum,0.960255,0.0,0.956989,0.0
SkipEncoder,camera2,camera3,1024,mean_probs,0.960255,0.0,0.956989,0.0
SkipEncoder,camera2,camera3,1024,max,0.93066,0.0,0.921045,0.0
SkipEncoder,camera2,camera3,1024,mult,0.953151,0.0,0.947773,0.0
SkipEncoder,camera2,camera3,1024,vote,0.961031,0.0,0.958833,0.0
SkipEncoder,camera2,camera4,1024,mean_individual_models,0.827667,0.193847,0.839728,0.118482
SkipEncoder,camera2,camera4,1024,sum,0.941481,0.0,0.936885,0.0
SkipEncoder,camera2,camera4,1024,mean_probs,0.941481,0.0,0.936885,0.0
SkipEncoder,camera2,camera4,1024,max,0.929582,0.0,0.922043,0.0
SkipEncoder,camera2,camera4,1024,mult,0.937549,0.0,0.931261,0.0
SkipEncoder,camera2,camera4,1024,vote,0.945625,0.0,0.942353,0.0
SkipEncoder,camera2,camera5,1024,mean_individual_models,0.778892,0.176028,0.779491,0.096686
SkipEncoder,camera2,camera5,1024,sum,0.885421,0.0,0.862429,0.0
SkipEncoder,camera2,camera5,1024,mean_probs,0.885421,0.0,0.862429,0.0
SkipEncoder,camera2,camera5,1024,max,0.864029,0.0,0.831467,0.0
SkipEncoder,camera2,camera5,1024,mult,0.881203,0.0,0.853206,0.0
SkipEncoder,camera2,camera5,1024,vote,0.890994,0.0,0.873079,0.0
SkipEncoder,camera2,camera6,1024,mean_individual_models,0.825915,0.196875,0.837067,0.123937
SkipEncoder,camera2,camera6,1024,sum,0.942939,0.0,0.935741,0.0
SkipEncoder,camera2,camera6,1024,mean_probs,0.942939,0.0,0.935741,0.0
SkipEncoder,camera2,camera6,1024,max,0.925502,0.0,0.916128,0.0
SkipEncoder,camera2,camera6,1024,mult,0.93457,0.0,0.925242,0.0
SkipEncoder,camera2,camera6,1024,vote,0.948458,0.0,0.943009,0.0
SkipEncoder,camera2,camera7,1024,mean_individual_models,0.792763,0.190557,0.779248,0.115016
SkipEncoder,camera2,camera7,1024,sum,0.890167,0.0,0.853594,0.0
SkipEncoder,camera2,camera7,1024,mean_probs,0.890167,0.0,0.853594,0.0
SkipEncoder,camera2,camera7,1024,max,0.881255,0.0,0.840839,0.0
SkipEncoder,camera2,camera7,1024,mult,0.886002,0.0,0.845386,0.0
SkipEncoder,camera2,camera7,1024,vote,0.89487,0.0,0.862578,0.0
SkipEncoder,camera2,camera8,1024,mean_individual_models,0.829208,0.201845,0.842863,0.131908
SkipEncoder,camera2,camera8,1024,sum,0.95691,0.0,0.952836,0.0
SkipEncoder,camera2,camera8,1024,mean_probs,0.95691,0.0,0.952836,0.0
SkipEncoder,camera2,camera8,1024,max,0.93427,0.0,0.925444,0.0
SkipEncoder,camera2,camera8,1024,mult,0.950537,0.0,0.944348,0.0
SkipEncoder,camera2,camera8,1024,vote,0.957608,0.0,0.954282,0.0
SkipEncoder,camera2,camera9,1024,mean_individual_models,0.786442,0.181172,0.790108,0.103424
SkipEncoder,camera2,camera9,1024,sum,0.89322,0.0,0.875401,0.0
SkipEncoder,camera2,camera9,1024,mean_probs,0.89322,0.0,0.875401,0.0
SkipEncoder,camera2,camera9,1024,max,0.88377,0.0,0.864767,0.0
SkipEncoder,camera2,camera9,1024,mult,0.89255,0.0,0.873596,0.0
SkipEncoder,camera2,camera9,1024,vote,0.899159,0.0,0.88443,0.0
SkipEncoder,camera2,PUC,1024,mean_individual_models,0.789817,0.197536,0.805413,0.13919
SkipEncoder,camera2,PUC,1024,sum,0.951135,0.0,0.951089,0.0
SkipEncoder,camera2,PUC,1024,mean_probs,0.951135,0.0,0.951089,0.0
SkipEncoder,camera2,PUC,1024,max,0.874857,0.0,0.867256,0.0
SkipEncoder,camera2,PUC,1024,mult,0.924486,0.0,0.924359,0.0
SkipEncoder,camera2,PUC,1024,vote,0.951228,0.0,0.951228,0.0
SkipEncoder,camera2,UFPR04,1024,mean_individual_models,0.727237,0.173786,0.717611,0.113666
SkipEncoder,camera2,UFPR04,1024,sum,0.875855,0.0,0.876143,0.0
SkipEncoder,camera2,UFPR04,1024,mean_probs,0.875855,0.0,0.876143,0.0
SkipEncoder,camera2,UFPR04,1024,max,0.782122,0.0,0.767372,0.0
SkipEncoder,camera2,UFPR04,1024,mult,0.833448,0.0,0.834853,0.0
SkipEncoder,camera2,UFPR04,1024,vote,0.86821,0.0,0.869586,0.0
SkipEncoder,camera2,UFPR05,1024,mean_individual_models,0.682135,0.154215,0.696609,0.093785
SkipEncoder,camera2,UFPR05,1024,sum,0.795082,0.0,0.78784,0.0
SkipEncoder,camera2,UFPR05,1024,mean_probs,0.795082,0.0,0.78784,0.0
SkipEncoder,camera2,UFPR05,1024,max,0.745363,0.0,0.740288,0.0
SkipEncoder,camera2,UFPR05,1024,mult,0.763524,0.0,0.750881,0.0
SkipEncoder,camera2,UFPR05,1024,vote,0.800015,0.0,0.796887,0.0
SkipEncoder,camera3,camera1,64,mean_individual_models,0.720203,0.169137,0.683435,0.095754
SkipEncoder,camera3,camera1,64,sum,0.810473,0.0,0.745004,0.0
SkipEncoder,camera3,camera1,64,mean_probs,0.810473,0.0,0.745004,0.0
SkipEncoder,camera3,camera1,64,max,0.820442,0.0,0.783485,0.0
SkipEncoder,camera3,camera1,64,mult,0.816481,0.0,0.758216,0.0
SkipEncoder,camera3,camera1,64,vote,0.801606,0.0,0.725681,0.0
SkipEncoder,camera3,camera2,64,mean_individual_models,0.778733,0.186221,0.786054,0.120215
SkipEncoder,camera3,camera2,64,sum,0.927946,0.0,0.924036,0.0
SkipEncoder,camera3,camera2,64,mean_probs,0.927946,0.0,0.924036,0.0
SkipEncoder,camera3,camera2,64,max,0.904781,0.0,0.904762,0.0
SkipEncoder,camera3,camera2,64,mult,0.930169,0.0,0.927438,0.0
SkipEncoder,camera3,camera2,64,vote,0.921338,0.0,0.9161,0.0
SkipEncoder,camera3,camera3,64,mean_individual_models,0.811709,0.187705,0.8247,0.110035
SkipEncoder,camera3,camera3,64,sum,0.94365,0.0,0.937942,0.0
SkipEncoder,camera3,camera3,64,mean_probs,0.94365,0.0,0.937942,0.0
SkipEncoder,camera3,camera3,64,max,0.957744,0.0,0.956068,0.0
SkipEncoder,camera3,camera3,64,mult,0.95356,0.0,0.949923,0.0
SkipEncoder,camera3,camera3,64,vote,0.932778,0.0,0.92381,0.0
SkipEncoder,camera3,camera4,64,mean_individual_models,0.790966,0.187293,0.792845,0.121613
SkipEncoder,camera3,camera4,64,sum,0.908524,0.0,0.898141,0.0
SkipEncoder,camera3,camera4,64,mean_probs,0.908524,0.0,0.898141,0.0
SkipEncoder,camera3,camera4,64,max,0.910502,0.0,0.907671,0.0
SkipEncoder,camera3,camera4,64,mult,0.915841,0.0,0.908452,0.0
SkipEncoder,camera3,camera4,64,vote,0.901927,0.0,0.888611,0.0
SkipEncoder,camera3,camera5,64,mean_individual_models,0.751313,0.176579,0.738691,0.115756
SkipEncoder,camera3,camera5,64,sum,0.865937,0.0,0.841348,0.0
SkipEncoder,camera3,camera5,64,mean_probs,0.865937,0.0,0.841348,0.0
SkipEncoder,camera3,camera5,64,max,0.878576,0.0,0.865942,0.0
SkipEncoder,camera3,camera5,64,mult,0.878238,0.0,0.859684,0.0
SkipEncoder,camera3,camera5,64,vote,0.851334,0.0,0.817633,0.0
SkipEncoder,camera3,camera6,64,mean_individual_models,0.782907,0.18297,0.790321,0.111983
SkipEncoder,camera3,camera6,64,sum,0.91035,0.0,0.901707,0.0
SkipEncoder,camera3,camera6,64,mean_probs,0.91035,0.0,0.901707,0.0
SkipEncoder,camera3,camera6,64,max,0.905567,0.0,0.899631,0.0
SkipEncoder,camera3,camera6,64,mult,0.914027,0.0,0.906322,0.0
SkipEncoder,camera3,camera6,64,vote,0.900258,0.0,0.887517,0.0
SkipEncoder,camera3,camera7,64,mean_individual_models,0.777342,0.174376,0.770186,0.098847
SkipEncoder,camera3,camera7,64,sum,0.881596,0.0,0.850932,0.0
SkipEncoder,camera3,camera7,64,mean_probs,0.881596,0.0,0.850932,0.0
SkipEncoder,camera3,camera7,64,max,0.889536,0.0,0.869343,0.0
SkipEncoder,camera3,camera7,64,mult,0.891912,0.0,0.865018,0.0
SkipEncoder,camera3,camera7,64,vote,0.867461,0.0,0.827862,0.0
SkipEncoder,camera3,camera8,64,mean_individual_models,0.799475,0.186045,0.811555,0.112255
SkipEncoder,camera3,camera8,64,sum,0.929844,0.0,0.92554,0.0
SkipEncoder,camera3,camera8,64,mean_probs,0.929844,0.0,0.92554,0.0
SkipEncoder,camera3,camera8,64,max,0.917733,0.0,0.916184,0.0
SkipEncoder,camera3,camera8,64,mult,0.931469,0.0,0.927855,0.0
SkipEncoder,camera3,camera8,64,vote,0.921529,0.0,0.914834,0.0
SkipEncoder,camera3,camera9,64,mean_individual_models,0.738074,0.174556,0.732925,0.113006
SkipEncoder,camera3,camera9,64,sum,0.865026,0.0,0.848917,0.0
SkipEncoder,camera3,camera9,64,mean_probs,0.865026,0.0,0.848917,0.0
SkipEncoder,camera3,camera9,64,max,0.88576,0.0,0.880618,0.0
SkipEncoder,camera3,camera9,64,mult,0.877933,0.0,0.867576,0.0
SkipEncoder,camera3,camera9,64,vote,0.850504,0.0,0.827047,0.0
SkipEncoder,camera3,PUC,64,mean_individual_models,0.709736,0.169959,0.714218,0.106606
SkipEncoder,camera3,PUC,64,sum,0.850286,0.0,0.838551,0.0
SkipEncoder,camera3,PUC,64,mean_probs,0.850286,0.0,0.838551,0.0
SkipEncoder,camera3,PUC,64,max,0.87887,0.0,0.875818,0.0
SkipEncoder,camera3,PUC,64,mult,0.86967,0.0,0.85671,0.0
SkipEncoder,camera3,PUC,64,vote,0.841138,0.0,0.822028,0.0
SkipEncoder,camera3,UFPR04,64,mean_individual_models,0.696018,0.159462,0.669074,0.091462
SkipEncoder,camera3,UFPR04,64,sum,0.808205,0.0,0.712589,0.0
SkipEncoder,camera3,UFPR04,64,mean_probs,0.808205,0.0,0.712589,0.0
SkipEncoder,camera3,UFPR04,64,max,0.815075,0.0,0.766391,0.0
SkipEncoder,camera3,UFPR04,64,mult,0.813103,0.0,0.714632,0.0
SkipEncoder,camera3,UFPR04,64,vote,0.803873,0.0,0.698876,0.0
SkipEncoder,camera3,UFPR05,64,mean_individual_models,0.661771,0.167411,0.628135,0.111373
SkipEncoder,camera3,UFPR05,64,sum,0.761357,0.0,0.661085,0.0
SkipEncoder,camera3,UFPR05,64,mean_probs,0.761357,0.0,0.661085,0.0
SkipEncoder,camera3,UFPR05,64,max,0.746649,0.0,0.656181,0.0
SkipEncoder,camera3,UFPR05,64,mult,0.755637,0.0,0.646193,0.0
SkipEncoder,camera3,UFPR05,64,vote,0.755484,0.0,0.644573,0.0
SkipEncoder,camera3,camera1,128,mean_individual_models,0.735187,0.156601,0.703765,0.081444
SkipEncoder,camera3,camera1,128,sum,0.81308,0.0,0.74616,0.0
SkipEncoder,camera3,camera1,128,mean_probs,0.81308,0.0,0.74616,0.0
SkipEncoder,camera3,camera1,128,max,0.814332,0.0,0.756069,0.0
SkipEncoder,camera3,camera1,128,mult,0.812413,0.0,0.746656,0.0
SkipEncoder,camera3,camera1,128,vote,0.818969,0.0,0.759372,0.0
SkipEncoder,camera3,camera2,128,mean_individual_models,0.811025,0.193432,0.824603,0.121395
SkipEncoder,camera3,camera2,128,sum,0.954055,0.0,0.950113,0.0
SkipEncoder,camera3,camera2,128,mean_probs,0.954055,0.0,0.950113,0.0
SkipEncoder,camera3,camera2,128,max,0.947959,0.0,0.942177,0.0
SkipEncoder,camera3,camera2,128,mult,0.951223,0.0,0.946712,0.0
SkipEncoder,camera3,camera2,128,vote,0.956571,0.0,0.953515,0.0
SkipEncoder,camera3,camera3,128,mean_individual_models,0.832004,0.199341,0.843594,0.125605
SkipEncoder,camera3,camera3,128,sum,0.954291,0.0,0.948387,0.0
SkipEncoder,camera3,camera3,128,mean_probs,0.954291,0.0,0.948387,0.0
SkipEncoder,camera3,camera3,128,max,0.953039,0.0,0.947158,0.0
SkipEncoder,camera3,camera3,128,mult,0.955403,0.0,0.949923,0.0
SkipEncoder,camera3,camera3,128,vote,0.956659,0.0,0.951767,0.0
SkipEncoder,camera3,camera4,128,mean_individual_models,0.807382,0.186938,0.812701,0.113357
SkipEncoder,camera3,camera4,128,sum,0.914732,0.0,0.90439,0.0
SkipEncoder,camera3,camera4,128,mean_probs,0.914732,0.0,0.90439,0.0
SkipEncoder,camera3,camera4,128,max,0.914789,0.0,0.905015,0.0
SkipEncoder,camera3,camera4,128,mult,0.917048,0.0,0.907671,0.0
SkipEncoder,camera3,camera4,128,vote,0.921223,0.0,0.913295,0.0
SkipEncoder,camera3,camera5,128,mean_individual_models,0.763535,0.170986,0.749671,0.095987
SkipEncoder,camera3,camera5,128,sum,0.866194,0.0,0.830259,0.0
SkipEncoder,camera3,camera5,128,mean_probs,0.866194,0.0,0.830259,0.0
SkipEncoder,camera3,camera5,128,max,0.867994,0.0,0.836957,0.0
SkipEncoder,camera3,camera5,128,mult,0.8708,0.0,0.837835,0.0
SkipEncoder,camera3,camera5,128,vote,0.871263,0.0,0.840141,0.0
SkipEncoder,camera3,camera6,128,mean_individual_models,0.808623,0.190658,0.816682,0.11679
SkipEncoder,camera3,camera6,128,sum,0.926659,0.0,0.916359,0.0
SkipEncoder,camera3,camera6,128,mean_probs,0.926659,0.0,0.916359,0.0
SkipEncoder,camera3,camera6,128,max,0.928144,0.0,0.91832,0.0
SkipEncoder,camera3,camera6,128,mult,0.929583,0.0,0.920051,0.0
SkipEncoder,camera3,camera6,128,vote,0.928843,0.0,0.920166,0.0
SkipEncoder,camera3,camera7,128,mean_individual_models,0.784455,0.187144,0.767003,0.110276
SkipEncoder,camera3,camera7,128,sum,0.882373,0.0,0.838066,0.0
SkipEncoder,camera3,camera7,128,mean_probs,0.882373,0.0,0.838066,0.0
SkipEncoder,camera3,camera7,128,max,0.880014,0.0,0.837067,0.0
SkipEncoder,camera3,camera7,128,mult,0.882233,0.0,0.838066,0.0
SkipEncoder,camera3,camera7,128,vote,0.887155,0.0,0.847604,0.0
SkipEncoder,camera3,camera8,128,mean_individual_models,0.814334,0.19427,0.824489,0.120106
SkipEncoder,camera3,camera8,128,sum,0.937685,0.0,0.929784,0.0
SkipEncoder,camera3,camera8,128,mean_probs,0.937685,0.0,0.929784,0.0
SkipEncoder,camera3,camera8,128,max,0.934271,0.0,0.925637,0.0
SkipEncoder,camera3,camera8,128,mult,0.937451,0.0,0.929302,0.0
SkipEncoder,camera3,camera8,128,vote,0.941545,0.0,0.935378,0.0
SkipEncoder,camera3,camera9,128,mean_individual_models,0.763435,0.173605,0.754896,0.100863
SkipEncoder,camera3,camera9,128,sum,0.88137,0.0,0.855738,0.0
SkipEncoder,camera3,camera9,128,mean_probs,0.88137,0.0,0.855738,0.0
SkipEncoder,camera3,camera9,128,max,0.90064,0.0,0.887841,0.0
SkipEncoder,camera3,camera9,128,mult,0.894916,0.0,0.876003,0.0
SkipEncoder,camera3,camera9,128,vote,0.882243,0.0,0.85935,0.0
SkipEncoder,camera3,PUC,128,mean_individual_models,0.75752,0.181675,0.758538,0.119072
SkipEncoder,camera3,PUC,128,sum,0.918266,0.0,0.908552,0.0
SkipEncoder,camera3,PUC,128,mean_probs,0.918266,0.0,0.908552,0.0
SkipEncoder,camera3,PUC,128,max,0.890505,0.0,0.887063,0.0
SkipEncoder,camera3,PUC,128,mult,0.908531,0.0,0.898504,0.0
SkipEncoder,camera3,PUC,128,vote,0.921505,0.0,0.913646,0.0
SkipEncoder,camera3,UFPR04,128,mean_individual_models,0.714232,0.185733,0.682349,0.134088
SkipEncoder,camera3,UFPR04,128,sum,0.852735,0.0,0.789731,0.0
SkipEncoder,camera3,UFPR04,128,mean_probs,0.852735,0.0,0.789731,0.0
SkipEncoder,camera3,UFPR04,128,max,0.840929,0.0,0.803352,0.0
SkipEncoder,camera3,UFPR04,128,mult,0.843277,0.0,0.771609,0.0
SkipEncoder,camera3,UFPR04,128,vote,0.858333,0.0,0.805938,0.0
SkipEncoder,camera3,UFPR05,128,mean_individual_models,0.681395,0.154835,0.661238,0.10012
SkipEncoder,camera3,UFPR05,128,sum,0.786729,0.0,0.704994,0.0
SkipEncoder,camera3,UFPR05,128,mean_probs,0.786729,0.0,0.704994,0.0
SkipEncoder,camera3,UFPR05,128,max,0.76776,0.0,0.689564,0.0
SkipEncoder,camera3,UFPR05,128,mult,0.77662,0.0,0.684869,0.0
SkipEncoder,camera3,UFPR05,128,vote,0.792738,0.0,0.723731,0.0
SkipEncoder,camera3,camera1,256,mean_individual_models,0.754614,0.16266,0.74621,0.07999
SkipEncoder,camera3,camera1,256,sum,0.83669,0.0,0.799835,0.0
SkipEncoder,camera3,camera1,256,mean_probs,0.83669,0.0,0.799835,0.0
SkipEncoder,camera3,camera1,256,max,0.831956,0.0,0.787614,0.0
SkipEncoder,camera3,camera1,256,mult,0.832303,0.0,0.790751,0.0
SkipEncoder,camera3,camera1,256,vote,0.845123,0.0,0.815194,0.0
SkipEncoder,camera3,camera2,256,mean_individual_models,0.8384,0.203257,0.860658,0.131694
SkipEncoder,camera3,camera2,256,sum,0.972043,0.0,0.970522,0.0
SkipEncoder,camera3,camera2,256,mean_probs,0.972043,0.0,0.970522,0.0
SkipEncoder,camera3,camera2,256,max,0.964465,0.0,0.962585,0.0
SkipEncoder,camera3,camera2,256,mult,0.969017,0.0,0.96712,0.0
SkipEncoder,camera3,camera2,256,vote,0.970359,0.0,0.969388,0.0
SkipEncoder,camera3,camera3,256,mean_individual_models,0.844989,0.203773,0.863441,0.13097
SkipEncoder,camera3,camera3,256,sum,0.965458,0.0,0.962519,0.0
SkipEncoder,camera3,camera3,256,mean_probs,0.965458,0.0,0.962519,0.0
SkipEncoder,camera3,camera3,256,max,0.960983,0.0,0.956989,0.0
SkipEncoder,camera3,camera3,256,mult,0.962424,0.0,0.958833,0.0
SkipEncoder,camera3,camera3,256,vote,0.969086,0.0,0.96682,0.0
SkipEncoder,camera3,camera4,256,mean_individual_models,0.829042,0.19325,0.846243,0.115893
SkipEncoder,camera3,camera4,256,sum,0.937348,0.0,0.932979,0.0
SkipEncoder,camera3,camera4,256,mean_probs,0.937348,0.0,0.932979,0.0
SkipEncoder,camera3,camera4,256,max,0.935629,0.0,0.931105,0.0
SkipEncoder,camera3,camera4,256,mult,0.933941,0.0,0.928761,0.0
SkipEncoder,camera3,camera4,256,vote,0.943815,0.0,0.940791,0.0
SkipEncoder,camera3,camera5,256,mean_individual_models,0.784316,0.176891,0.789229,0.097452
SkipEncoder,camera3,camera5,256,sum,0.888342,0.0,0.870114,0.0
SkipEncoder,camera3,camera5,256,mean_probs,0.888342,0.0,0.870114,0.0
SkipEncoder,camera3,camera5,256,max,0.879014,0.0,0.859794,0.0
SkipEncoder,camera3,camera5,256,mult,0.886837,0.0,0.868028,0.0
SkipEncoder,camera3,camera5,256,vote,0.896396,0.0,0.882411,0.0
SkipEncoder,camera3,camera6,256,mean_individual_models,0.83156,0.197767,0.847831,0.123348
SkipEncoder,camera3,camera6,256,sum,0.94387,0.0,0.938279,0.0
SkipEncoder,camera3,camera6,256,mean_probs,0.94387,0.0,0.938279,0.0
SkipEncoder,camera3,camera6,256,max,0.935017,0.0,0.928242,0.0
SkipEncoder,camera3,camera6,256,mult,0.941318,0.0,0.934933,0.0
SkipEncoder,camera3,camera6,256,vote,0.948188,0.0,0.944047,0.0
SkipEncoder,camera3,camera7,256,mean_individual_models,0.801115,0.192806,0.797449,0.116964
SkipEncoder,camera3,camera7,256,sum,0.902095,0.0,0.874002,0.0
SkipEncoder,camera3,camera7,256,mean_probs,0.902095,0.0,0.874002,0.0
SkipEncoder,camera3,camera7,256,max,0.893609,0.0,0.862023,0.0
SkipEncoder,camera3,camera7,256,mult,0.900581,0.0,0.870896,0.0
SkipEncoder,camera3,camera7,256,vote,0.904245,0.0,0.880213,0.0
SkipEncoder,camera3,camera8,256,mean_individual_models,0.831359,0.200207,0.85026,0.127536
SkipEncoder,camera3,camera8,256,sum,0.950866,0.0,0.947145,0.0
SkipEncoder,camera3,camera8,256,mean_probs,0.950866,0.0,0.947145,0.0
SkipEncoder,camera3,camera8,256,max,0.937379,0.0,0.932292,0.0
SkipEncoder,camera3,camera8,256,mult,0.94629,0.0,0.941358,0.0
SkipEncoder,camera3,camera8,256,vote,0.950681,0.0,0.948206,0.0
SkipEncoder,camera3,camera9,256,mean_individual_models,0.781745,0.179323,0.792396,0.103055
SkipEncoder,camera3,camera9,256,sum,0.905576,0.0,0.894663,0.0
SkipEncoder,camera3,camera9,256,mean_probs,0.905576,0.0,0.894663,0.0
SkipEncoder,camera3,camera9,256,max,0.908771,0.0,0.902287,0.0
SkipEncoder,camera3,camera9,256,mult,0.909771,0.0,0.900482,0.0
SkipEncoder,camera3,camera9,256,vote,0.903379,0.0,0.896067,0.0
SkipEncoder,camera3,PUC,256,mean_individual_models,0.753899,0.191932,0.76367,0.135194
SkipEncoder,camera3,PUC,256,sum,0.926241,0.0,0.922971,0.0
SkipEncoder,camera3,PUC,256,mean_probs,0.926241,0.0,0.922971,0.0
SkipEncoder,camera3,PUC,256,max,0.835669,0.0,0.832599,0.0
SkipEncoder,camera3,PUC,256,mult,0.909401,0.0,0.906538,0.0
SkipEncoder,camera3,PUC,256,vote,0.927026,0.0,0.92457,0.0
SkipEncoder,camera3,UFPR04,256,mean_individual_models,0.688365,0.183367,0.671737,0.131592
SkipEncoder,camera3,UFPR04,256,sum,0.831892,0.0,0.804264,0.0
SkipEncoder,camera3,UFPR04,256,mean_probs,0.831892,0.0,0.804264,0.0
SkipEncoder,camera3,UFPR04,256,max,0.745962,0.0,0.747437,0.0
SkipEncoder,camera3,UFPR04,256,mult,0.829361,0.0,0.800917,0.0
SkipEncoder,camera3,UFPR04,256,vote,0.829845,0.0,0.807762,0.0
SkipEncoder,camera3,UFPR05,256,mean_individual_models,0.675525,0.153838,0.682557,0.099025
SkipEncoder,camera3,UFPR05,256,sum,0.795614,0.0,0.771917,0.0
SkipEncoder,camera3,UFPR05,256,mean_probs,0.795614,0.0,0.771917,0.0
SkipEncoder,camera3,UFPR05,256,max,0.752569,0.0,0.718319,0.0
SkipEncoder,camera3,UFPR05,256,mult,0.779517,0.0,0.747133,0.0
SkipEncoder,camera3,UFPR05,256,vote,0.797769,0.0,0.779927,0.0
SkipEncoder,camera3,camera1,512,mean_individual_models,0.744283,0.174832,0.721982,0.102446
SkipEncoder,camera3,camera1,512,sum,0.828867,0.0,0.78431,0.0
SkipEncoder,camera3,camera1,512,mean_probs,0.828867,0.0,0.78431,0.0
SkipEncoder,camera3,camera1,512,max,0.847216,0.0,0.817176,0.0
SkipEncoder,camera3,camera1,512,mult,0.831476,0.0,0.789595,0.0
SkipEncoder,camera3,camera1,512,vote,0.822154,0.0,0.770603,0.0
SkipEncoder,camera3,camera2,512,mean_individual_models,0.842063,0.207162,0.859864,0.137752
SkipEncoder,camera3,camera2,512,sum,0.98348,0.0,0.982993,0.0
SkipEncoder,camera3,camera2,512,mean_probs,0.98348,0.0,0.982993,0.0
SkipEncoder,camera3,camera2,512,max,0.993258,0.0,0.993197,0.0
SkipEncoder,camera3,camera2,512,mult,0.987778,0.0,0.987528,0.0
SkipEncoder,camera3,camera2,512,vote,0.978214,0.0,0.977324,0.0
SkipEncoder,camera3,camera3,512,mean_individual_models,0.852789,0.201053,0.870968,0.124069
SkipEncoder,camera3,camera3,512,sum,0.97023,0.0,0.967742,0.0
SkipEncoder,camera3,camera3,512,mean_probs,0.97023,0.0,0.967742,0.0
SkipEncoder,camera3,camera3,512,max,0.966157,0.0,0.963441,0.0
SkipEncoder,camera3,camera3,512,mult,0.96749,0.0,0.96467,0.0
SkipEncoder,camera3,camera3,512,vote,0.967057,0.0,0.964055,0.0
SkipEncoder,camera3,camera4,512,mean_individual_models,0.821212,0.196496,0.831901,0.124
SkipEncoder,camera3,camera4,512,sum,0.9306,0.0,0.924387,0.0
SkipEncoder,camera3,camera4,512,mean_probs,0.9306,0.0,0.924387,0.0
SkipEncoder,camera3,camera4,512,max,0.934921,0.0,0.931105,0.0
SkipEncoder,camera3,camera4,512,mult,0.931788,0.0,0.925949,0.0
SkipEncoder,camera3,camera4,512,vote,0.926682,0.0,0.919075,0.0
SkipEncoder,camera3,camera5,512,mean_individual_models,0.775406,0.181776,0.768511,0.109106
SkipEncoder,camera3,camera5,512,sum,0.881147,0.0,0.856939,0.0
SkipEncoder,camera3,camera5,512,mean_probs,0.881147,0.0,0.856939,0.0
SkipEncoder,camera3,camera5,512,max,0.87992,0.0,0.862868,0.0
SkipEncoder,camera3,camera5,512,mult,0.882522,0.0,0.860892,0.0
SkipEncoder,camera3,camera5,512,vote,0.875898,0.0,0.848265,0.0
SkipEncoder,camera3,camera6,512,mean_individual_models,0.828956,0.195376,0.842974,0.119547
SkipEncoder,camera3,camera6,512,sum,0.941031,0.0,0.934126,0.0
SkipEncoder,camera3,camera6,512,mean_probs,0.941031,0.0,0.934126,0.0
SkipEncoder,camera3,camera6,512,max,0.941951,0.0,0.936317,0.0
SkipEncoder,camera3,camera6,512,mult,0.94255,0.0,0.935971,0.0
SkipEncoder,camera3,camera6,512,vote,0.936348,0.0,0.928011,0.0
SkipEncoder,camera3,camera7,512,mean_individual_models,0.797614,0.177906,0.789308,0.090114
SkipEncoder,camera3,camera7,512,sum,0.891016,0.0,0.854814,0.0
SkipEncoder,camera3,camera7,512,mean_probs,0.891016,0.0,0.854814,0.0
SkipEncoder,camera3,camera7,512,max,0.891895,0.0,0.860359,0.0
SkipEncoder,camera3,camera7,512,mult,0.893165,0.0,0.858807,0.0
SkipEncoder,camera3,camera7,512,vote,0.886381,0.0,0.846495,0.0
SkipEncoder,camera3,camera8,512,mean_individual_models,0.832185,0.196279,0.848891,0.119075
SkipEncoder,camera3,camera8,512,sum,0.949838,0.0,0.945216,0.0
SkipEncoder,camera3,camera8,512,mean_probs,0.949838,0.0,0.945216,0.0
SkipEncoder,camera3,camera8,512,max,0.939417,0.0,0.936343,0.0
SkipEncoder,camera3,camera8,512,mult,0.950425,0.0,0.945795,0.0
SkipEncoder,camera3,camera8,512,vote,0.944912,0.0,0.938947,0.0
SkipEncoder,camera3,camera9,512,mean_individual_models,0.776537,0.184242,0.775221,0.11689
SkipEncoder,camera3,camera9,512,sum,0.908378,0.0,0.895666,0.0
SkipEncoder,camera3,camera9,512,mean_probs,0.908378,0.0,0.895666,0.0
SkipEncoder,camera3,camera9,512,max,0.917117,0.0,0.91252,0.0
SkipEncoder,camera3,camera9,512,mult,0.917349,0.0,0.908909,0.0
SkipEncoder,camera3,camera9,512,vote,0.901711,0.0,0.885634,0.0
SkipEncoder,camera3,PUC,512,mean_individual_models,0.766329,0.18845,0.771652,0.127905
SkipEncoder,camera3,PUC,512,sum,0.929335,0.0,0.923015,0.0
SkipEncoder,camera3,PUC,512,mean_probs,0.929335,0.0,0.923015,0.0
SkipEncoder,camera3,PUC,512,max,0.822946,0.0,0.819284,0.0
SkipEncoder,camera3,PUC,512,mult,0.900962,0.0,0.896588,0.0
SkipEncoder,camera3,PUC,512,vote,0.926788,0.0,0.918979,0.0
SkipEncoder,camera3,UFPR04,512,mean_individual_models,0.712842,0.17381,0.69641,0.111368
SkipEncoder,camera3,UFPR04,512,sum,0.861492,0.0,0.811594,0.0
SkipEncoder,camera3,UFPR04,512,mean_probs,0.861492,0.0,0.811594,0.0
SkipEncoder,camera3,UFPR04,512,max,0.780302,0.0,0.780474,0.0
SkipEncoder,camera3,UFPR04,512,mult,0.839458,0.0,0.796126,0.0
SkipEncoder,camera3,UFPR04,512,vote,0.85964,0.0,0.805107,0.0
SkipEncoder,camera3,UFPR05,512,mean_individual_models,0.677019,0.176119,0.678739,0.124209
SkipEncoder,camera3,UFPR05,512,sum,0.802494,0.0,0.774664,0.0
SkipEncoder,camera3,UFPR05,512,mean_probs,0.802494,0.0,0.774664,0.0
SkipEncoder,camera3,UFPR05,512,max,0.757872,0.0,0.721745,0.0
SkipEncoder,camera3,UFPR05,512,mult,0.783599,0.0,0.744819,0.0
SkipEncoder,camera3,UFPR05,512,vote,0.798328,0.0,0.76596,0.0
SkipEncoder,camera3,camera1,1024,mean_individual_models,0.765639,0.183999,0.760892,0.119567
SkipEncoder,camera3,camera1,1024,sum,0.867421,0.0,0.849876,0.0
SkipEncoder,camera3,camera1,1024,mean_probs,0.867421,0.0,0.849876,0.0
SkipEncoder,camera3,camera1,1024,max,0.839337,0.0,0.803799,0.0
SkipEncoder,camera3,camera1,1024,mult,0.852437,0.0,0.826259,0.0
SkipEncoder,camera3,camera1,1024,vote,0.861987,0.0,0.841618,0.0
SkipEncoder,camera3,camera2,1024,mean_individual_models,0.847332,0.20769,0.86712,0.138931
SkipEncoder,camera3,camera2,1024,sum,0.978941,0.0,0.978458,0.0
SkipEncoder,camera3,camera2,1024,mean_probs,0.978941,0.0,0.978458,0.0
SkipEncoder,camera3,camera2,1024,max,0.978214,0.0,0.977324,0.0
SkipEncoder,camera3,camera2,1024,mult,0.982418,0.0,0.981859,0.0
SkipEncoder,camera3,camera2,1024,vote,0.972445,0.0,0.971655,0.0
SkipEncoder,camera3,camera3,1024,mean_individual_models,0.864152,0.204749,0.886144,0.127812
SkipEncoder,camera3,camera3,1024,sum,0.975193,0.0,0.973886,0.0
SkipEncoder,camera3,camera3,1024,mean_probs,0.975193,0.0,0.973886,0.0
SkipEncoder,camera3,camera3,1024,max,0.964311,0.0,0.96129,0.0
SkipEncoder,camera3,camera3,1024,mult,0.972051,0.0,0.9702,0.0
SkipEncoder,camera3,camera3,1024,vote,0.971555,0.0,0.969892,0.0
SkipEncoder,camera3,camera4,1024,mean_individual_models,0.837305,0.202083,0.854851,0.129729
SkipEncoder,camera3,camera4,1024,sum,0.947784,0.0,0.945633,0.0
SkipEncoder,camera3,camera4,1024,mean_probs,0.947784,0.0,0.945633,0.0
SkipEncoder,camera3,camera4,1024,max,0.931044,0.0,0.925949,0.0
SkipEncoder,camera3,camera4,1024,mult,0.938852,0.0,0.935166,0.0
SkipEncoder,camera3,camera4,1024,vote,0.943944,0.0,0.941103,0.0
SkipEncoder,camera3,camera5,1024,mean_individual_models,0.792241,0.188981,0.797705,0.117535
SkipEncoder,camera3,camera5,1024,sum,0.901104,0.0,0.889987,0.0
SkipEncoder,camera3,camera5,1024,mean_probs,0.901104,0.0,0.889987,0.0
SkipEncoder,camera3,camera5,1024,max,0.87867,0.0,0.858586,0.0
SkipEncoder,camera3,camera5,1024,mult,0.893702,0.0,0.878239,0.0
SkipEncoder,camera3,camera5,1024,vote,0.897069,0.0,0.884168,0.0
SkipEncoder,camera3,camera6,1024,mean_individual_models,0.839784,0.199313,0.858087,0.124154
SkipEncoder,camera3,camera6,1024,sum,0.954653,0.0,0.951084,0.0
SkipEncoder,camera3,camera6,1024,mean_probs,0.954653,0.0,0.951084,0.0
SkipEncoder,camera3,camera6,1024,max,0.946895,0.0,0.942086,0.0
SkipEncoder,camera3,camera6,1024,mult,0.950641,0.0,0.945893,0.0
SkipEncoder,camera3,camera6,1024,vote,0.951864,0.0,0.947623,0.0
SkipEncoder,camera3,camera7,1024,mean_individual_models,0.813492,0.184468,0.816216,0.100339
SkipEncoder,camera3,camera7,1024,sum,0.911156,0.0,0.887755,0.0
SkipEncoder,camera3,camera7,1024,mean_probs,0.911156,0.0,0.887755,0.0
SkipEncoder,camera3,camera7,1024,max,0.892577,0.0,0.85803,0.0
SkipEncoder,camera3,camera7,1024,mult,0.903706,0.0,0.874667,0.0
SkipEncoder,camera3,camera7,1024,vote,0.90812,0.0,0.883097,0.0
SkipEncoder,camera3,camera8,1024,mean_individual_models,0.843757,0.201011,0.86466,0.125544
SkipEncoder,camera3,camera8,1024,sum,0.959139,0.0,0.95679,0.0
SkipEncoder,camera3,camera8,1024,mean_probs,0.959139,0.0,0.95679,0.0
SkipEncoder,camera3,camera8,1024,max,0.943345,0.0,0.93885,0.0
SkipEncoder,camera3,camera8,1024,mult,0.954331,0.0,0.950714,0.0
SkipEncoder,camera3,camera8,1024,vote,0.95699,0.0,0.954186,0.0
SkipEncoder,camera3,camera9,1024,mean_individual_models,0.788703,0.187219,0.797713,0.114663
SkipEncoder,camera3,camera9,1024,sum,0.919889,0.0,0.913523,0.0
SkipEncoder,camera3,camera9,1024,mean_probs,0.919889,0.0,0.913523,0.0
SkipEncoder,camera3,camera9,1024,max,0.906573,0.0,0.900281,0.0
SkipEncoder,camera3,camera9,1024,mult,0.921045,0.0,0.914326,0.0
SkipEncoder,camera3,camera9,1024,vote,0.915742,0.0,0.907705,0.0
SkipEncoder,camera3,PUC,1024,mean_individual_models,0.784876,0.195599,0.79621,0.136616
SkipEncoder,camera3,PUC,1024,sum,0.936749,0.0,0.934621,0.0
SkipEncoder,camera3,PUC,1024,mean_probs,0.936749,0.0,0.934621,0.0
SkipEncoder,camera3,PUC,1024,max,0.881137,0.0,0.88044,0.0
SkipEncoder,camera3,PUC,1024,mult,0.915767,0.0,0.91192,0.0
SkipEncoder,camera3,PUC,1024,vote,0.936965,0.0,0.933832,0.0
SkipEncoder,camera3,UFPR04,1024,mean_individual_models,0.719171,0.170735,0.711706,0.10995
SkipEncoder,camera3,UFPR04,1024,sum,0.843752,0.0,0.814491,0.0
SkipEncoder,camera3,UFPR04,1024,mean_probs,0.843752,0.0,0.814491,0.0
SkipEncoder,camera3,UFPR04,1024,max,0.817789,0.0,0.816246,0.0
SkipEncoder,camera3,UFPR04,1024,mult,0.832659,0.0,0.790054,0.0
SkipEncoder,camera3,UFPR04,1024,vote,0.844954,0.0,0.811917,0.0
SkipEncoder,camera3,UFPR05,1024,mean_individual_models,0.677545,0.177686,0.674015,0.123852
SkipEncoder,camera3,UFPR05,1024,sum,0.808155,0.0,0.797925,0.0
SkipEncoder,camera3,UFPR05,1024,mean_probs,0.808155,0.0,0.797925,0.0
SkipEncoder,camera3,UFPR05,1024,max,0.797633,0.0,0.774507,0.0
SkipEncoder,camera3,UFPR05,1024,mult,0.789819,0.0,0.762481,0.0
SkipEncoder,camera3,UFPR05,1024,vote,0.79913,0.0,0.783712,0.0
SkipEncoder,camera4,camera1,64,mean_individual_models,0.715802,0.149648,0.669397,0.079397
SkipEncoder,camera4,camera1,64,sum,0.777622,0.0,0.673823,0.0
SkipEncoder,camera4,camera1,64,mean_probs,0.777622,0.0,0.673823,0.0
SkipEncoder,camera4,camera1,64,max,0.742545,0.0,0.598183,0.0
SkipEncoder,camera4,camera1,64,mult,0.755959,0.0,0.624938,0.0
SkipEncoder,camera4,camera1,64,vote,0.789554,0.0,0.704872,0.0
SkipEncoder,camera4,camera2,64,mean_individual_models,0.776491,0.180268,0.776984,0.105061
SkipEncoder,camera4,camera2,64,sum,0.911049,0.0,0.89229,0.0
SkipEncoder,camera4,camera2,64,mean_probs,0.911049,0.0,0.89229,0.0
SkipEncoder,camera4,camera2,64,max,0.894784,0.0,0.867347,0.0
SkipEncoder,camera4,camera2,64,mult,0.91182,0.0,0.893424,0.0
SkipEncoder,camera4,camera2,64,vote,0.921406,0.0,0.908163,0.0
SkipEncoder,camera4,camera3,64,mean_individual_models,0.79233,0.184891,0.804516,0.110488
SkipEncoder,camera4,camera3,64,sum,0.9195,0.0,0.907834,0.0
SkipEncoder,camera4,camera3,64,mean_probs,0.9195,0.0,0.907834,0.0
SkipEncoder,camera4,camera3,64,max,0.898796,0.0,0.875883,0.0
SkipEncoder,camera4,camera3,64,mult,0.910039,0.0,0.893088,0.0
SkipEncoder,camera4,camera3,64,vote,0.919595,0.0,0.911214,0.0
SkipEncoder,camera4,camera4,64,mean_individual_models,0.810899,0.186917,0.818169,0.110003
SkipEncoder,camera4,camera4,64,sum,0.925995,0.0,0.917513,0.0
SkipEncoder,camera4,camera4,64,mean_probs,0.925995,0.0,0.917513,0.0
SkipEncoder,camera4,camera4,64,max,0.899094,0.0,0.881269,0.0
SkipEncoder,camera4,camera4,64,mult,0.915641,0.0,0.903609,0.0
SkipEncoder,camera4,camera4,64,vote,0.931166,0.0,0.925012,0.0
SkipEncoder,camera4,camera5,64,mean_individual_models,0.775828,0.176467,0.769203,0.105545
SkipEncoder,camera4,camera5,64,sum,0.884935,0.0,0.861001,0.0
SkipEncoder,camera4,camera5,64,mean_probs,0.884935,0.0,0.861001,0.0
SkipEncoder,camera4,camera5,64,max,0.839679,0.0,0.781401,0.0
SkipEncoder,camera4,camera5,64,mult,0.863579,0.0,0.824989,0.0
SkipEncoder,camera4,camera5,64,vote,0.892531,0.0,0.873847,0.0
SkipEncoder,camera4,camera6,64,mean_individual_models,0.803925,0.187872,0.810533,0.111523
SkipEncoder,camera4,camera6,64,sum,0.9185,0.0,0.902746,0.0
SkipEncoder,camera4,camera6,64,mean_probs,0.9185,0.0,0.902746,0.0
SkipEncoder,camera4,camera6,64,max,0.88792,0.0,0.861906,0.0
SkipEncoder,camera4,camera6,64,mult,0.904748,0.0,0.882557,0.0
SkipEncoder,camera4,camera6,64,vote,0.923968,0.0,0.911398,0.0
SkipEncoder,camera4,camera7,64,mean_individual_models,0.782364,0.187475,0.76504,0.116049
SkipEncoder,camera4,camera7,64,sum,0.883674,0.0,0.842502,0.0
SkipEncoder,camera4,camera7,64,mean_probs,0.883674,0.0,0.842502,0.0
SkipEncoder,camera4,camera7,64,max,0.850062,0.0,0.782609,0.0
SkipEncoder,camera4,camera7,64,mult,0.865654,0.0,0.811446,0.0
SkipEncoder,camera4,camera7,64,vote,0.888804,0.0,0.853372,0.0
SkipEncoder,camera4,camera8,64,mean_individual_models,0.811128,0.192831,0.820959,0.119249
SkipEncoder,camera4,camera8,64,sum,0.933752,0.0,0.924576,0.0
SkipEncoder,camera4,camera8,64,mean_probs,0.933752,0.0,0.924576,0.0
SkipEncoder,camera4,camera8,64,max,0.899031,0.0,0.877411,0.0
SkipEncoder,camera4,camera8,64,mult,0.919668,0.0,0.905189,0.0
SkipEncoder,camera4,camera8,64,vote,0.939339,0.0,0.932292,0.0
SkipEncoder,camera4,camera9,64,mean_individual_models,0.739431,0.166296,0.717155,0.092307
SkipEncoder,camera4,camera9,64,sum,0.845229,0.0,0.794743,0.0
SkipEncoder,camera4,camera9,64,mean_probs,0.845229,0.0,0.794743,0.0
SkipEncoder,camera4,camera9,64,max,0.850077,0.0,0.807584,0.0
SkipEncoder,camera4,camera9,64,mult,0.850968,0.0,0.805177,0.0
SkipEncoder,camera4,camera9,64,vote,0.851083,0.0,0.808186,0.0
SkipEncoder,camera4,PUC,64,mean_individual_models,0.777047,0.185763,0.761805,0.119009
SkipEncoder,camera4,PUC,64,sum,0.875884,0.0,0.838892,0.0
SkipEncoder,camera4,PUC,64,mean_probs,0.875884,0.0,0.838892,0.0
SkipEncoder,camera4,PUC,64,max,0.840365,0.0,0.769264,0.0
SkipEncoder,camera4,PUC,64,mult,0.855707,0.0,0.800778,0.0
SkipEncoder,camera4,PUC,64,vote,0.881244,0.0,0.850183,0.0
SkipEncoder,camera4,UFPR04,64,mean_individual_models,0.734408,0.173974,0.646605,0.107872
SkipEncoder,camera4,UFPR04,64,sum,0.780299,0.0,0.606035,0.0
SkipEncoder,camera4,UFPR04,64,mean_probs,0.780299,0.0,0.606035,0.0
SkipEncoder,camera4,UFPR04,64,max,0.774221,0.0,0.588836,0.0
SkipEncoder,camera4,UFPR04,64,mult,0.778965,0.0,0.59216,0.0
SkipEncoder,camera4,UFPR04,64,vote,0.780755,0.0,0.61647,0.0
SkipEncoder,camera4,UFPR05,64,mean_individual_models,0.695828,0.166669,0.655331,0.132229
SkipEncoder,camera4,UFPR05,64,sum,0.766473,0.0,0.656898,0.0
SkipEncoder,camera4,UFPR05,64,mean_probs,0.766473,0.0,0.656898,0.0
SkipEncoder,camera4,UFPR05,64,max,0.74287,0.0,0.564825,0.0
SkipEncoder,camera4,UFPR05,64,mult,0.74341,0.0,0.577381,0.0
SkipEncoder,camera4,UFPR05,64,vote,0.777958,0.0,0.692976,0.0
SkipEncoder,camera4,camera1,128,mean_individual_models,0.723494,0.167709,0.675029,0.088263
SkipEncoder,camera4,camera1,128,sum,0.784166,0.0,0.686705,0.0
SkipEncoder,camera4,camera1,128,mean_probs,0.784166,0.0,0.686705,0.0
SkipEncoder,camera4,camera1,128,max,0.774989,0.0,0.670685,0.0
SkipEncoder,camera4,camera1,128,mult,0.774362,0.0,0.667052,0.0
SkipEncoder,camera4,camera1,128,vote,0.783883,0.0,0.679604,0.0
SkipEncoder,camera4,camera2,128,mean_individual_models,0.780724,0.181971,0.786054,0.103498
SkipEncoder,camera4,camera2,128,sum,0.908676,0.0,0.890023,0.0
SkipEncoder,camera4,camera2,128,mean_probs,0.908676,0.0,0.890023,0.0
SkipEncoder,camera4,camera2,128,max,0.908641,0.0,0.89229,0.0
SkipEncoder,camera4,camera2,128,mult,0.914151,0.0,0.896825,0.0
SkipEncoder,camera4,camera2,128,vote,0.90334,0.0,0.882086,0.0
SkipEncoder,camera4,camera3,128,mean_individual_models,0.800547,0.183449,0.812811,0.103016
SkipEncoder,camera4,camera3,128,sum,0.917836,0.0,0.902919,0.0
SkipEncoder,camera4,camera3,128,mean_probs,0.917836,0.0,0.902919,0.0
SkipEncoder,camera4,camera3,128,max,0.909436,0.0,0.890937,0.0
SkipEncoder,camera4,camera3,128,mult,0.918248,0.0,0.902919,0.0
SkipEncoder,camera4,camera3,128,vote,0.913081,0.0,0.895238,0.0
SkipEncoder,camera4,camera4,128,mean_individual_models,0.818437,0.193779,0.82709,0.11803
SkipEncoder,camera4,camera4,128,sum,0.928983,0.0,0.920794,0.0
SkipEncoder,camera4,camera4,128,mean_probs,0.928983,0.0,0.920794,0.0
SkipEncoder,camera4,camera4,128,max,0.92267,0.0,0.914388,0.0
SkipEncoder,camera4,camera4,128,mult,0.929617,0.0,0.921419,0.0
SkipEncoder,camera4,camera4,128,vote,0.920354,0.0,0.90892,0.0
SkipEncoder,camera4,camera5,128,mean_individual_models,0.771683,0.179645,0.763603,0.100924
SkipEncoder,camera4,camera5,128,sum,0.869945,0.0,0.836408,0.0
SkipEncoder,camera4,camera5,128,mean_probs,0.869945,0.0,0.836408,0.0
SkipEncoder,camera4,camera5,128,max,0.86567,0.0,0.833992,0.0
SkipEncoder,camera4,camera5,128,mult,0.870579,0.0,0.838164,0.0
SkipEncoder,camera4,camera5,128,vote,0.862109,0.0,0.823232,0.0
SkipEncoder,camera4,camera6,128,mean_individual_models,0.809872,0.188111,0.818586,0.108927
SkipEncoder,camera4,camera6,128,sum,0.91841,0.0,0.902169,0.0
SkipEncoder,camera4,camera6,128,mean_probs,0.91841,0.0,0.902169,0.0
SkipEncoder,camera4,camera6,128,max,0.906543,0.0,0.891094,0.0
SkipEncoder,camera4,camera6,128,mult,0.917284,0.0,0.900784,0.0
SkipEncoder,camera4,camera6,128,vote,0.913308,0.0,0.894785,0.0
SkipEncoder,camera4,camera7,128,mean_individual_models,0.787491,0.174051,0.77226,0.083163
SkipEncoder,camera4,camera7,128,sum,0.870767,0.0,0.82165,0.0
SkipEncoder,camera4,camera7,128,mean_probs,0.870767,0.0,0.82165,0.0
SkipEncoder,camera4,camera7,128,max,0.871039,0.0,0.824978,0.0
SkipEncoder,camera4,camera7,128,mult,0.870348,0.0,0.821429,0.0
SkipEncoder,camera4,camera7,128,vote,0.867044,0.0,0.813443,0.0
SkipEncoder,camera4,camera8,128,mean_individual_models,0.820427,0.191215,0.835407,0.112704
SkipEncoder,camera4,camera8,128,sum,0.936538,0.0,0.928434,0.0
SkipEncoder,camera4,camera8,128,mean_probs,0.936538,0.0,0.928434,0.0
SkipEncoder,camera4,camera8,128,max,0.9231,0.0,0.911748,0.0
SkipEncoder,camera4,camera8,128,mult,0.931232,0.0,0.9212,0.0
SkipEncoder,camera4,camera8,128,vote,0.931744,0.0,0.921875,0.0
SkipEncoder,camera4,camera9,128,mean_individual_models,0.751339,0.173504,0.7312,0.098012
SkipEncoder,camera4,camera9,128,sum,0.857864,0.0,0.816212,0.0
SkipEncoder,camera4,camera9,128,mean_probs,0.857864,0.0,0.816212,0.0
SkipEncoder,camera4,camera9,128,max,0.874488,0.0,0.847913,0.0
SkipEncoder,camera4,camera9,128,mult,0.865868,0.0,0.830658,0.0
SkipEncoder,camera4,camera9,128,vote,0.847703,0.0,0.797953,0.0
SkipEncoder,camera4,PUC,128,mean_individual_models,0.787724,0.193362,0.784028,0.131394
SkipEncoder,camera4,PUC,128,sum,0.903063,0.0,0.882562,0.0
SkipEncoder,camera4,PUC,128,mean_probs,0.903063,0.0,0.882562,0.0
SkipEncoder,camera4,PUC,128,max,0.887489,0.0,0.860477,0.0
SkipEncoder,camera4,PUC,128,mult,0.885316,0.0,0.854664,0.0
SkipEncoder,camera4,PUC,128,vote,0.895526,0.0,0.871072,0.0
SkipEncoder,camera4,UFPR04,128,mean_individual_models,0.744502,0.167637,0.686692,0.103744
SkipEncoder,camera4,UFPR04,128,sum,0.800077,0.0,0.665759,0.0
SkipEncoder,camera4,UFPR04,128,mean_probs,0.800077,0.0,0.665759,0.0
SkipEncoder,camera4,UFPR04,128,max,0.788702,0.0,0.667444,0.0
SkipEncoder,camera4,UFPR04,128,mult,0.795098,0.0,0.654585,0.0
SkipEncoder,camera4,UFPR04,128,vote,0.797022,0.0,0.656836,0.0
SkipEncoder,camera4,UFPR05,128,mean_individual_models,0.678183,0.173487,0.634102,0.122068
SkipEncoder,camera4,UFPR05,128,sum,0.763664,0.0,0.649194,0.0
SkipEncoder,camera4,UFPR05,128,mean_probs,0.763664,0.0,0.649194,0.0
SkipEncoder,camera4,UFPR05,128,max,0.751079,0.0,0.627859,0.0
SkipEncoder,camera4,UFPR05,128,mult,0.754993,0.0,0.625075,0.0
SkipEncoder,camera4,UFPR05,128,vote,0.759584,0.0,0.636048,0.0
SkipEncoder,camera4,camera1,256,mean_individual_models,0.748412,0.160426,0.720017,0.091519
SkipEncoder,camera4,camera1,256,sum,0.811173,0.0,0.738728,0.0
SkipEncoder,camera4,camera1,256,mean_probs,0.811173,0.0,0.738728,0.0
SkipEncoder,camera4,camera1,256,max,0.791714,0.0,0.687036,0.0
SkipEncoder,camera4,camera1,256,mult,0.796296,0.0,0.698266,0.0
SkipEncoder,camera4,camera1,256,vote,0.82111,0.0,0.765979,0.0
SkipEncoder,camera4,camera2,256,mean_individual_models,0.820171,0.197213,0.835828,0.125211
SkipEncoder,camera4,camera2,256,sum,0.95082,0.0,0.946712,0.0
SkipEncoder,camera4,camera2,256,mean_probs,0.95082,0.0,0.946712,0.0
SkipEncoder,camera4,camera2,256,max,0.947501,0.0,0.942177,0.0
SkipEncoder,camera4,camera2,256,mult,0.952577,0.0,0.947846,0.0
SkipEncoder,camera4,camera2,256,vote,0.953319,0.0,0.950113,0.0
SkipEncoder,camera4,camera3,256,mean_individual_models,0.808736,0.192524,0.824793,0.119036
SkipEncoder,camera4,camera3,256,sum,0.938699,0.0,0.930261,0.0
SkipEncoder,camera4,camera3,256,mean_probs,0.938699,0.0,0.930261,0.0
SkipEncoder,camera4,camera3,256,max,0.926556,0.0,0.9149,0.0
SkipEncoder,camera4,camera3,256,mult,0.933928,0.0,0.92381,0.0
SkipEncoder,camera4,camera3,256,vote,0.941445,0.0,0.934869,0.0
SkipEncoder,camera4,camera4,256,mean_individual_models,0.839558,0.196357,0.857054,0.117886
SkipEncoder,camera4,camera4,256,sum,0.946379,0.0,0.942197,0.0
SkipEncoder,camera4,camera4,256,mean_probs,0.946379,0.0,0.942197,0.0
SkipEncoder,camera4,camera4,256,max,0.942704,0.0,0.93751,0.0
SkipEncoder,camera4,camera4,256,mult,0.94443,0.0,0.939697,0.0
SkipEncoder,camera4,camera4,256,vote,0.951843,0.0,0.948758,0.0
SkipEncoder,camera4,camera5,256,mean_individual_models,0.785659,0.177408,0.788603,0.096564
SkipEncoder,camera4,camera5,256,sum,0.885789,0.0,0.86177,0.0
SkipEncoder,camera4,camera5,256,mean_probs,0.885789,0.0,0.86177,0.0
SkipEncoder,camera4,camera5,256,max,0.877179,0.0,0.846838,0.0
SkipEncoder,camera4,camera5,256,mult,0.883347,0.0,0.857378,0.0
SkipEncoder,camera4,camera5,256,vote,0.893502,0.0,0.875384,0.0
SkipEncoder,camera4,camera6,256,mean_individual_models,0.826468,0.195678,0.842224,0.119978
SkipEncoder,camera4,camera6,256,sum,0.940631,0.0,0.93251,0.0
SkipEncoder,camera4,camera6,256,mean_probs,0.940631,0.0,0.93251,0.0
SkipEncoder,camera4,camera6,256,max,0.926742,0.0,0.915436,0.0
SkipEncoder,camera4,camera6,256,mult,0.934787,0.0,0.92455,0.0
SkipEncoder,camera4,camera6,256,vote,0.946452,0.0,0.940471,0.0
SkipEncoder,camera4,camera7,256,mean_individual_models,0.791341,0.189856,0.781378,0.113697
SkipEncoder,camera4,camera7,256,sum,0.884826,0.0,0.846051,0.0
SkipEncoder,camera4,camera7,256,mean_probs,0.884826,0.0,0.846051,0.0
SkipEncoder,camera4,camera7,256,max,0.879994,0.0,0.836069,0.0
SkipEncoder,camera4,camera7,256,mult,0.88055,0.0,0.837289,0.0
SkipEncoder,camera4,camera7,256,vote,0.89127,0.0,0.85803,0.0
SkipEncoder,camera4,camera8,256,mean_individual_models,0.830673,0.200834,0.847251,0.128325
SkipEncoder,camera4,camera8,256,sum,0.951461,0.0,0.94647,0.0
SkipEncoder,camera4,camera8,256,mean_probs,0.951461,0.0,0.94647,0.0
SkipEncoder,camera4,camera8,256,max,0.939888,0.0,0.930941,0.0
SkipEncoder,camera4,camera8,256,mult,0.948679,0.0,0.94213,0.0
SkipEncoder,camera4,camera8,256,vote,0.953084,0.0,0.949074,0.0
SkipEncoder,camera4,camera9,256,mean_individual_models,0.76414,0.17388,0.759912,0.09443
SkipEncoder,camera4,camera9,256,sum,0.864684,0.0,0.830658,0.0
SkipEncoder,camera4,camera9,256,mean_probs,0.864684,0.0,0.830658,0.0
SkipEncoder,camera4,camera9,256,max,0.873732,0.0,0.845907,0.0
SkipEncoder,camera4,camera9,256,mult,0.867549,0.0,0.833467,0.0
SkipEncoder,camera4,camera9,256,vote,0.873848,0.0,0.84691,0.0
SkipEncoder,camera4,PUC,256,mean_individual_models,0.795406,0.198926,0.805926,0.139232
SkipEncoder,camera4,PUC,256,sum,0.936412,0.0,0.930276,0.0
SkipEncoder,camera4,PUC,256,mean_probs,0.936412,0.0,0.930276,0.0
SkipEncoder,camera4,PUC,256,max,0.908678,0.0,0.904092,0.0
SkipEncoder,camera4,PUC,256,mult,0.909405,0.0,0.894715,0.0
SkipEncoder,camera4,PUC,256,vote,0.940838,0.0,0.936506,0.0
SkipEncoder,camera4,UFPR04,256,mean_individual_models,0.735898,0.178615,0.703326,0.125928
SkipEncoder,camera4,UFPR04,256,sum,0.82891,0.0,0.750646,0.0
SkipEncoder,camera4,UFPR04,256,mean_probs,0.82891,0.0,0.750646,0.0
SkipEncoder,camera4,UFPR04,256,max,0.818834,0.0,0.764971,0.0
SkipEncoder,camera4,UFPR04,256,mult,0.81886,0.0,0.723913,0.0
SkipEncoder,camera4,UFPR04,256,vote,0.82674,0.0,0.75703,0.0
SkipEncoder,camera4,UFPR05,256,mean_individual_models,0.696665,0.165004,0.679798,0.119779
SkipEncoder,camera4,UFPR05,256,sum,0.796806,0.0,0.744603,0.0
SkipEncoder,camera4,UFPR05,256,mean_probs,0.796806,0.0,0.744603,0.0
SkipEncoder,camera4,UFPR05,256,max,0.760556,0.0,0.688056,0.0
SkipEncoder,camera4,UFPR05,256,mult,0.771389,0.0,0.698022,0.0
SkipEncoder,camera4,UFPR05,256,vote,0.807256,0.0,0.76976,0.0
SkipEncoder,camera4,camera1,512,mean_individual_models,0.750079,0.177771,0.732684,0.107674
SkipEncoder,camera4,camera1,512,sum,0.83268,0.0,0.786953,0.0
SkipEncoder,camera4,camera1,512,mean_probs,0.83268,0.0,0.786953,0.0
SkipEncoder,camera4,camera1,512,max,0.812594,0.0,0.740215,0.0
SkipEncoder,camera4,camera1,512,mult,0.813052,0.0,0.741701,0.0
SkipEncoder,camera4,camera1,512,vote,0.830809,0.0,0.782824,0.0
SkipEncoder,camera4,camera2,512,mean_individual_models,0.829817,0.200233,0.849546,0.128921
SkipEncoder,camera4,camera2,512,sum,0.961472,0.0,0.960317,0.0
SkipEncoder,camera4,camera2,512,mean_probs,0.961472,0.0,0.960317,0.0
SkipEncoder,camera4,camera2,512,max,0.972043,0.0,0.970522,0.0
SkipEncoder,camera4,camera2,512,mult,0.967746,0.0,0.965986,0.0
SkipEncoder,camera4,camera2,512,vote,0.956369,0.0,0.954649,0.0
SkipEncoder,camera4,camera3,512,mean_individual_models,0.822619,0.191705,0.841813,0.114772
SkipEncoder,camera4,camera3,512,sum,0.946154,0.0,0.940399,0.0
SkipEncoder,camera4,camera3,512,mean_probs,0.946154,0.0,0.940399,0.0
SkipEncoder,camera4,camera3,512,max,0.93224,0.0,0.924117,0.0
SkipEncoder,camera4,camera3,512,mult,0.94046,0.0,0.932719,0.0
SkipEncoder,camera4,camera3,512,vote,0.945674,0.0,0.939478,0.0
SkipEncoder,camera4,camera4,512,mean_individual_models,0.852818,0.207078,0.871036,0.135612
SkipEncoder,camera4,camera4,512,sum,0.960041,0.0,0.958132,0.0
SkipEncoder,camera4,camera4,512,mean_probs,0.960041,0.0,0.958132,0.0
SkipEncoder,camera4,camera4,512,max,0.957622,0.0,0.955319,0.0
SkipEncoder,camera4,camera4,512,mult,0.958905,0.0,0.956882,0.0
SkipEncoder,camera4,camera4,512,vote,0.958398,0.0,0.956257,0.0
SkipEncoder,camera4,camera5,512,mean_individual_models,0.799582,0.190062,0.807773,0.117412
SkipEncoder,camera4,camera5,512,sum,0.909341,0.0,0.896465,0.0
SkipEncoder,camera4,camera5,512,mean_probs,0.909341,0.0,0.896465,0.0
SkipEncoder,camera4,camera5,512,max,0.895371,0.0,0.876043,0.0
SkipEncoder,camera4,camera5,512,mult,0.904493,0.0,0.888669,0.0
SkipEncoder,camera4,camera5,512,vote,0.90517,0.0,0.890646,0.0
SkipEncoder,camera4,camera6,512,mean_individual_models,0.839396,0.199236,0.858376,0.123947
SkipEncoder,camera4,camera6,512,sum,0.955611,0.0,0.951431,0.0
SkipEncoder,camera4,camera6,512,mean_probs,0.955611,0.0,0.951431,0.0
SkipEncoder,camera4,camera6,512,max,0.948272,0.0,0.942547,0.0
SkipEncoder,camera4,camera6,512,mult,0.952111,0.0,0.946816,0.0
SkipEncoder,camera4,camera6,512,vote,0.952743,0.0,0.94797,0.0
SkipEncoder,camera4,camera7,512,mean_individual_models,0.809583,0.182703,0.812855,0.097107
SkipEncoder,camera4,camera7,512,sum,0.906251,0.0,0.880989,0.0
SkipEncoder,camera4,camera7,512,mean_probs,0.906251,0.0,0.880989,0.0
SkipEncoder,camera4,camera7,512,max,0.895809,0.0,0.863354,0.0
SkipEncoder,camera4,camera7,512,mult,0.902317,0.0,0.873669,0.0
SkipEncoder,camera4,camera7,512,vote,0.902196,0.0,0.874667,0.0
SkipEncoder,camera4,camera8,512,mean_individual_models,0.845492,0.20156,0.866532,0.126244
SkipEncoder,camera4,camera8,512,sum,0.965614,0.0,0.963252,0.0
SkipEncoder,camera4,camera8,512,mean_probs,0.965614,0.0,0.963252,0.0
SkipEncoder,camera4,camera8,512,max,0.955875,0.0,0.951292,0.0
SkipEncoder,camera4,camera8,512,mult,0.961671,0.0,0.958333,0.0
SkipEncoder,camera4,camera8,512,vote,0.963772,0.0,0.96113,0.0
SkipEncoder,camera4,camera9,512,mean_individual_models,0.776491,0.182658,0.779213,0.110508
SkipEncoder,camera4,camera9,512,sum,0.885183,0.0,0.86878,0.0
SkipEncoder,camera4,camera9,512,mean_probs,0.885183,0.0,0.86878,0.0
SkipEncoder,camera4,camera9,512,max,0.887745,0.0,0.867376,0.0
SkipEncoder,camera4,camera9,512,mult,0.88268,0.0,0.862961,0.0
SkipEncoder,camera4,camera9,512,vote,0.881671,0.0,0.862961,0.0
SkipEncoder,camera4,PUC,512,mean_individual_models,0.798408,0.19996,0.816191,0.14143
SkipEncoder,camera4,PUC,512,sum,0.947104,0.0,0.946487,0.0
SkipEncoder,camera4,PUC,512,mean_probs,0.947104,0.0,0.946487,0.0
SkipEncoder,camera4,PUC,512,max,0.916172,0.0,0.915649,0.0
SkipEncoder,camera4,PUC,512,mult,0.927925,0.0,0.92535,0.0
SkipEncoder,camera4,PUC,512,vote,0.946317,0.0,0.945403,0.0
SkipEncoder,camera4,UFPR04,512,mean_individual_models,0.757318,0.17184,0.759552,0.113976
SkipEncoder,camera4,UFPR04,512,sum,0.867683,0.0,0.849698,0.0
SkipEncoder,camera4,UFPR04,512,mean_probs,0.867683,0.0,0.849698,0.0
SkipEncoder,camera4,UFPR04,512,max,0.874499,0.0,0.870683,0.0
SkipEncoder,camera4,UFPR04,512,mult,0.839183,0.0,0.809135,0.0
SkipEncoder,camera4,UFPR04,512,vote,0.867687,0.0,0.84695,0.0
SkipEncoder,camera4,UFPR05,512,mean_individual_models,0.704656,0.185292,0.708335,0.128919
SkipEncoder,camera4,UFPR05,512,sum,0.839588,0.0,0.828785,0.0
SkipEncoder,camera4,UFPR05,512,mean_probs,0.839588,0.0,0.828785,0.0
SkipEncoder,camera4,UFPR05,512,max,0.812771,0.0,0.78719,0.0
SkipEncoder,camera4,UFPR05,512,mult,0.818174,0.0,0.794021,0.0
SkipEncoder,camera4,UFPR05,512,vote,0.836348,0.0,0.822775,0.0
SkipEncoder,camera4,camera1,1024,mean_individual_models,0.752301,0.180569,0.742659,0.114917
SkipEncoder,camera4,camera1,1024,sum,0.841852,0.0,0.809579,0.0
SkipEncoder,camera4,camera1,1024,mean_probs,0.841852,0.0,0.809579,0.0
SkipEncoder,camera4,camera1,1024,max,0.821856,0.0,0.767795,0.0
SkipEncoder,camera4,camera1,1024,mult,0.820773,0.0,0.76763,0.0
SkipEncoder,camera4,camera1,1024,vote,0.839331,0.0,0.80512,0.0
SkipEncoder,camera4,camera2,1024,mean_individual_models,0.830482,0.203876,0.846259,0.139836
SkipEncoder,camera4,camera2,1024,sum,0.96705,0.0,0.965986,0.0
SkipEncoder,camera4,camera2,1024,mean_probs,0.96705,0.0,0.965986,0.0
SkipEncoder,camera4,camera2,1024,max,0.956239,0.0,0.953515,0.0
SkipEncoder,camera4,camera2,1024,mult,0.962189,0.0,0.960317,0.0
SkipEncoder,camera4,camera2,1024,vote,0.964989,0.0,0.963719,0.0
SkipEncoder,camera4,camera3,1024,mean_individual_models,0.827138,0.193411,0.848848,0.117092
SkipEncoder,camera4,camera3,1024,sum,0.949859,0.0,0.946851,0.0
SkipEncoder,camera4,camera3,1024,mean_probs,0.949859,0.0,0.946851,0.0
SkipEncoder,camera4,camera3,1024,max,0.946146,0.0,0.942243,0.0
SkipEncoder,camera4,camera3,1024,mult,0.946253,0.0,0.942243,0.0
SkipEncoder,camera4,camera3,1024,vote,0.949465,0.0,0.945929,0.0
SkipEncoder,camera4,camera4,1024,mean_individual_models,0.860279,0.210216,0.881425,0.139006
SkipEncoder,camera4,camera4,1024,sum,0.96924,0.0,0.968442,0.0
SkipEncoder,camera4,camera4,1024,mean_probs,0.96924,0.0,0.968442,0.0
SkipEncoder,camera4,camera4,1024,max,0.970558,0.0,0.969848,0.0
SkipEncoder,camera4,camera4,1024,mult,0.969865,0.0,0.969067,0.0
SkipEncoder,camera4,camera4,1024,vote,0.967016,0.0,0.965943,0.0
SkipEncoder,camera4,camera5,1024,mean_individual_models,0.808762,0.194127,0.820059,0.123612
SkipEncoder,camera4,camera5,1024,sum,0.925696,0.0,0.918423,0.0
SkipEncoder,camera4,camera5,1024,mean_probs,0.925696,0.0,0.918423,0.0
SkipEncoder,camera4,camera5,1024,max,0.91614,0.0,0.906566,0.0
SkipEncoder,camera4,camera5,1024,mult,0.921014,0.0,0.911946,0.0
SkipEncoder,camera4,camera5,1024,vote,0.923369,0.0,0.915569,0.0
SkipEncoder,camera4,camera6,1024,mean_individual_models,0.847326,0.20203,0.869243,0.127434
SkipEncoder,camera4,camera6,1024,sum,0.963648,0.0,0.961583,0.0
SkipEncoder,camera4,camera6,1024,mean_probs,0.963648,0.0,0.961583,0.0
SkipEncoder,camera4,camera6,1024,max,0.961458,0.0,0.959391,0.0
SkipEncoder,camera4,camera6,1024,mult,0.96191,0.0,0.959275,0.0
SkipEncoder,camera4,camera6,1024,vote,0.962252,0.0,0.959852,0.0
SkipEncoder,camera4,camera7,1024,mean_individual_models,0.816986,0.186927,0.827396,0.104171
SkipEncoder,camera4,camera7,1024,sum,0.922077,0.0,0.904503,0.0
SkipEncoder,camera4,camera7,1024,mean_probs,0.922077,0.0,0.904503,0.0
SkipEncoder,camera4,camera7,1024,max,0.915748,0.0,0.896295,0.0
SkipEncoder,camera4,camera7,1024,mult,0.918043,0.0,0.898625,0.0
SkipEncoder,camera4,camera7,1024,vote,0.91985,0.0,0.901398,0.0
SkipEncoder,camera4,camera8,1024,mean_individual_models,0.850462,0.205287,0.873023,0.132239
SkipEncoder,camera4,camera8,1024,sum,0.972197,0.0,0.970872,0.0
SkipEncoder,camera4,camera8,1024,mean_probs,0.972197,0.0,0.970872,0.0
SkipEncoder,camera4,camera8,1024,max,0.968189,0.0,0.966435,0.0
SkipEncoder,camera4,camera8,1024,mult,0.970987,0.0,0.969039,0.0
SkipEncoder,camera4,camera8,1024,vote,0.971265,0.0,0.969811,0.0
SkipEncoder,camera4,camera9,1024,mean_individual_models,0.784361,0.187598,0.794924,0.117182
SkipEncoder,camera4,camera9,1024,sum,0.903555,0.0,0.894864,0.0
SkipEncoder,camera4,camera9,1024,mean_probs,0.903555,0.0,0.894864,0.0
SkipEncoder,camera4,camera9,1024,max,0.896574,0.0,0.885433,0.0
SkipEncoder,camera4,camera9,1024,mult,0.895001,0.0,0.883026,0.0
SkipEncoder,camera4,camera9,1024,vote,0.900469,0.0,0.890449,0.0
SkipEncoder,camera4,PUC,1024,mean_individual_models,0.814811,0.203041,0.834168,0.141281
SkipEncoder,camera4,PUC,1024,sum,0.967225,0.0,0.967011,0.0
SkipEncoder,camera4,PUC,1024,mean_probs,0.967225,0.0,0.967011,0.0
SkipEncoder,camera4,PUC,1024,max,0.951226,0.0,0.950421,0.0
SkipEncoder,camera4,PUC,1024,mult,0.955804,0.0,0.955313,0.0
SkipEncoder,camera4,PUC,1024,vote,0.96648,0.0,0.966112,0.0
SkipEncoder,camera4,UFPR04,1024,mean_individual_models,0.764484,0.17492,0.760148,0.113409
SkipEncoder,camera4,UFPR04,1024,sum,0.884956,0.0,0.868547,0.0
SkipEncoder,camera4,UFPR04,1024,mean_probs,0.884956,0.0,0.868547,0.0
SkipEncoder,camera4,UFPR04,1024,max,0.901416,0.0,0.898963,0.0
SkipEncoder,camera4,UFPR04,1024,mult,0.866794,0.0,0.838339,0.0
SkipEncoder,camera4,UFPR04,1024,vote,0.882842,0.0,0.86445,0.0
SkipEncoder,camera4,UFPR05,1024,mean_individual_models,0.714739,0.193684,0.727451,0.138728
SkipEncoder,camera4,UFPR05,1024,sum,0.869145,0.0,0.868715,0.0
SkipEncoder,camera4,UFPR05,1024,mean_probs,0.869145,0.0,0.868715,0.0
SkipEncoder,camera4,UFPR05,1024,max,0.849103,0.0,0.841288,0.0
SkipEncoder,camera4,UFPR05,1024,mult,0.846566,0.0,0.83713,0.0
SkipEncoder,camera4,UFPR05,1024,vote,0.867454,0.0,0.866176,0.0
SkipEncoder,camera5,camera1,64,mean_individual_models,0.716645,0.160852,0.709942,0.086548
SkipEncoder,camera5,camera1,64,sum,0.816803,0.0,0.776218,0.0
SkipEncoder,camera5,camera1,64,mean_probs,0.816803,0.0,0.776218,0.0
SkipEncoder,camera5,camera1,64,max,0.832908,0.0,0.812221,0.0
SkipEncoder,camera5,camera1,64,mult,0.821278,0.0,0.783815,0.0
SkipEncoder,camera5,camera1,64,vote,0.818443,0.0,0.781998,0.0
SkipEncoder,camera5,camera2,64,mean_individual_models,0.747397,0.173022,0.754308,0.105623
SkipEncoder,camera5,camera2,64,sum,0.881909,0.0,0.873016,0.0
SkipEncoder,camera5,camera2,64,mean_probs,0.881909,0.0,0.873016,0.0
SkipEncoder,camera5,camera2,64,max,0.885195,0.0,0.880952,0.0
SkipEncoder,camera5,camera2,64,mult,0.89325,0.0,0.886621,0.0
SkipEncoder,camera5,camera2,64,vote,0.8828,0.0,0.87415,0.0
SkipEncoder,camera5,camera3,64,mean_individual_models,0.774656,0.18568,0.793057,0.116246
SkipEncoder,camera5,camera3,64,sum,0.909115,0.0,0.905069,0.0
SkipEncoder,camera5,camera3,64,mean_probs,0.909115,0.0,0.905069,0.0
SkipEncoder,camera5,camera3,64,max,0.912907,0.0,0.911214,0.0
SkipEncoder,camera5,camera3,64,mult,0.913805,0.0,0.90937,0.0
SkipEncoder,camera5,camera3,64,vote,0.908419,0.0,0.905069,0.0
SkipEncoder,camera5,camera4,64,mean_individual_models,0.801072,0.183082,0.813904,0.106379
SkipEncoder,camera5,camera4,64,sum,0.917263,0.0,0.912514,0.0
SkipEncoder,camera5,camera4,64,mean_probs,0.917263,0.0,0.912514,0.0
SkipEncoder,camera5,camera4,64,max,0.927438,0.0,0.92548,0.0
SkipEncoder,camera5,camera4,64,mult,0.922187,0.0,0.918294,0.0
SkipEncoder,camera5,camera4,64,vote,0.920461,0.0,0.916732,0.0
SkipEncoder,camera5,camera5,64,mean_individual_models,0.759234,0.169605,0.768808,0.093892
SkipEncoder,camera5,camera5,64,sum,0.87284,0.0,0.863856,0.0
SkipEncoder,camera5,camera5,64,mean_probs,0.87284,0.0,0.863856,0.0
SkipEncoder,camera5,camera5,64,max,0.882291,0.0,0.880325,0.0
SkipEncoder,camera5,camera5,64,mult,0.878457,0.0,0.871651,0.0
SkipEncoder,camera5,camera5,64,vote,0.873323,0.0,0.866052,0.0
SkipEncoder,camera5,camera6,64,mean_individual_models,0.799964,0.188869,0.815009,0.118115
SkipEncoder,camera5,camera6,64,sum,0.927442,0.0,0.924089,0.0
SkipEncoder,camera5,camera6,64,mean_probs,0.927442,0.0,0.924089,0.0
SkipEncoder,camera5,camera6,64,max,0.925207,0.0,0.924665,0.0
SkipEncoder,camera5,camera6,64,mult,0.932151,0.0,0.929395,0.0
SkipEncoder,camera5,camera6,64,vote,0.927042,0.0,0.924435,0.0
SkipEncoder,camera5,camera7,64,mean_individual_models,0.763859,0.181435,0.756821,0.109779
SkipEncoder,camera5,camera7,64,sum,0.861482,0.0,0.830967,0.0
SkipEncoder,camera5,camera7,64,mean_probs,0.861482,0.0,0.830967,0.0
SkipEncoder,camera5,camera7,64,max,0.880324,0.0,0.860027,0.0
SkipEncoder,camera5,camera7,64,mult,0.871527,0.0,0.84461,0.0
SkipEncoder,camera5,camera7,64,vote,0.864016,0.0,0.835626,0.0
SkipEncoder,camera5,camera8,64,mean_individual_models,0.802699,0.191299,0.821576,0.120073
SkipEncoder,camera5,camera8,64,sum,0.927331,0.0,0.924576,0.0
SkipEncoder,camera5,camera8,64,mean_probs,0.927331,0.0,0.924576,0.0
SkipEncoder,camera5,camera8,64,max,0.924501,0.0,0.924383,0.0
SkipEncoder,camera5,camera8,64,mult,0.928966,0.0,0.926601,0.0
SkipEncoder,camera5,camera8,64,vote,0.928781,0.0,0.926505,0.0
SkipEncoder,camera5,camera9,64,mean_individual_models,0.72085,0.158635,0.711798,0.088624
SkipEncoder,camera5,camera9,64,sum,0.815337,0.0,0.782504,0.0
SkipEncoder,camera5,camera9,64,mean_probs,0.815337,0.0,0.782504,0.0
SkipEncoder,camera5,camera9,64,max,0.848458,0.0,0.836677,0.0
SkipEncoder,camera5,camera9,64,mult,0.835485,0.0,0.810594,0.0
SkipEncoder,camera5,camera9,64,vote,0.819288,0.0,0.789326,0.0
SkipEncoder,camera5,PUC,64,mean_individual_models,0.765415,0.192,0.763351,0.132
SkipEncoder,camera5,PUC,64,sum,0.901195,0.0,0.884863,0.0
SkipEncoder,camera5,PUC,64,mean_probs,0.901195,0.0,0.884863,0.0
SkipEncoder,camera5,PUC,64,max,0.921573,0.0,0.921373,0.0
SkipEncoder,camera5,PUC,64,mult,0.915136,0.0,0.904849,0.0
SkipEncoder,camera5,PUC,64,vote,0.903343,0.0,0.888696,0.0
SkipEncoder,camera5,UFPR04,64,mean_individual_models,0.721853,0.18704,0.674295,0.124524
SkipEncoder,camera5,UFPR04,64,sum,0.8075,0.0,0.691557,0.0
SkipEncoder,camera5,UFPR04,64,mean_probs,0.8075,0.0,0.691557,0.0
SkipEncoder,camera5,UFPR04,64,max,0.740518,0.0,0.713697,0.0
SkipEncoder,camera5,UFPR04,64,mult,0.804427,0.0,0.696128,0.0
SkipEncoder,camera5,UFPR04,64,vote,0.809307,0.0,0.697525,0.0
SkipEncoder,camera5,UFPR05,64,mean_individual_models,0.683443,0.178128,0.68501,0.135343
SkipEncoder,camera5,UFPR05,64,sum,0.776622,0.0,0.755061,0.0
SkipEncoder,camera5,UFPR05,64,mean_probs,0.776622,0.0,0.755061,0.0
SkipEncoder,camera5,UFPR05,64,max,0.81954,0.0,0.822313,0.0
SkipEncoder,camera5,UFPR05,64,mult,0.743856,0.0,0.717423,0.0
SkipEncoder,camera5,UFPR05,64,vote,0.776213,0.0,0.75957,0.0
SkipEncoder,camera5,camera1,128,mean_individual_models,0.737214,0.169299,0.735343,0.105104
SkipEncoder,camera5,camera1,128,sum,0.84077,0.0,0.814533,0.0
SkipEncoder,camera5,camera1,128,mean_probs,0.84077,0.0,0.814533,0.0
SkipEncoder,camera5,camera1,128,max,0.833515,0.0,0.812056,0.0
SkipEncoder,camera5,camera1,128,mult,0.838362,0.0,0.810074,0.0
SkipEncoder,camera5,camera1,128,vote,0.841378,0.0,0.818497,0.0
SkipEncoder,camera5,camera2,128,mean_individual_models,0.788393,0.187487,0.805669,0.115602
SkipEncoder,camera5,camera2,128,sum,0.91192,0.0,0.909297,0.0
SkipEncoder,camera5,camera2,128,mean_probs,0.91192,0.0,0.909297,0.0
SkipEncoder,camera5,camera2,128,max,0.894955,0.0,0.891156,0.0
SkipEncoder,camera5,camera2,128,mult,0.902189,0.0,0.897959,0.0
SkipEncoder,camera5,camera2,128,vote,0.914908,0.0,0.912698,0.0
SkipEncoder,camera5,camera3,128,mean_individual_models,0.798903,0.193588,0.820307,0.124399
SkipEncoder,camera5,camera3,128,sum,0.925367,0.0,0.923502,0.0
SkipEncoder,camera5,camera3,128,mean_probs,0.925367,0.0,0.923502,0.0
SkipEncoder,camera5,camera3,128,max,0.925714,0.0,0.92381,0.0
SkipEncoder,camera5,camera3,128,mult,0.919358,0.0,0.915207,0.0
SkipEncoder,camera5,camera3,128,vote,0.926835,0.0,0.925653,0.0
SkipEncoder,camera5,camera4,128,mean_individual_models,0.827115,0.192324,0.847868,0.115714
SkipEncoder,camera5,camera4,128,sum,0.946996,0.0,0.945946,0.0
SkipEncoder,camera5,camera4,128,mean_probs,0.946996,0.0,0.945946,0.0
SkipEncoder,camera5,camera4,128,max,0.948648,0.0,0.947977,0.0
SkipEncoder,camera5,camera4,128,mult,0.948335,0.0,0.947196,0.0
SkipEncoder,camera5,camera4,128,vote,0.949346,0.0,0.948602,0.0
SkipEncoder,camera5,camera5,128,mean_individual_models,0.778302,0.175404,0.793753,0.095959
SkipEncoder,camera5,camera5,128,sum,0.888265,0.0,0.88318,0.0
SkipEncoder,camera5,camera5,128,mean_probs,0.888265,0.0,0.88318,0.0
SkipEncoder,camera5,camera5,128,max,0.894684,0.0,0.893171,0.0
SkipEncoder,camera5,camera5,128,mult,0.893076,0.0,0.88856,0.0
SkipEncoder,camera5,camera5,128,vote,0.890865,0.0,0.887022,0.0
SkipEncoder,camera5,camera6,128,mean_individual_models,0.824498,0.196864,0.844924,0.12512
SkipEncoder,camera5,camera6,128,sum,0.944435,0.0,0.943124,0.0
SkipEncoder,camera5,camera6,128,mean_probs,0.944435,0.0,0.943124,0.0
SkipEncoder,camera5,camera6,128,max,0.940681,0.0,0.940125,0.0
SkipEncoder,camera5,camera6,128,mult,0.941914,0.0,0.940355,0.0
SkipEncoder,camera5,camera6,128,vote,0.945449,0.0,0.944509,0.0
SkipEncoder,camera5,camera7,128,mean_individual_models,0.785185,0.188023,0.787578,0.114161
SkipEncoder,camera5,camera7,128,sum,0.892274,0.0,0.872782,0.0
SkipEncoder,camera5,camera7,128,mean_probs,0.892274,0.0,0.872782,0.0
SkipEncoder,camera5,camera7,128,max,0.904862,0.0,0.892524,0.0
SkipEncoder,camera5,camera7,128,mult,0.895613,0.0,0.877551,0.0
SkipEncoder,camera5,camera7,128,vote,0.893118,0.0,0.875776,0.0
SkipEncoder,camera5,camera8,128,mean_individual_models,0.823696,0.199199,0.845573,0.128794
SkipEncoder,camera5,camera8,128,sum,0.946814,0.0,0.945891,0.0
SkipEncoder,camera5,camera8,128,mean_probs,0.946814,0.0,0.945891,0.0
SkipEncoder,camera5,camera8,128,max,0.942169,0.0,0.942033,0.0
SkipEncoder,camera5,camera8,128,mult,0.94462,0.0,0.943191,0.0
SkipEncoder,camera5,camera8,128,vote,0.945746,0.0,0.94512,0.0
SkipEncoder,camera5,camera9,128,mean_individual_models,0.747572,0.166514,0.749559,0.086962
SkipEncoder,camera5,camera9,128,sum,0.850192,0.0,0.830257,0.0
SkipEncoder,camera5,camera9,128,mean_probs,0.850192,0.0,0.830257,0.0
SkipEncoder,camera5,camera9,128,max,0.864448,0.0,0.854535,0.0
SkipEncoder,camera5,camera9,128,mult,0.850473,0.0,0.831059,0.0
SkipEncoder,camera5,camera9,128,vote,0.851767,0.0,0.833668,0.0
SkipEncoder,camera5,PUC,128,mean_individual_models,0.786765,0.202587,0.794266,0.148057
SkipEncoder,camera5,PUC,128,sum,0.955208,0.0,0.952951,0.0
SkipEncoder,camera5,PUC,128,mean_probs,0.955208,0.0,0.952951,0.0
SkipEncoder,camera5,PUC,128,max,0.91222,0.0,0.908229,0.0
SkipEncoder,camera5,PUC,128,mult,0.951869,0.0,0.94943,0.0
SkipEncoder,camera5,PUC,128,vote,0.954615,0.0,0.952722,0.0
SkipEncoder,camera5,UFPR04,128,mean_individual_models,0.722634,0.193406,0.701453,0.138959
SkipEncoder,camera5,UFPR04,128,sum,0.871924,0.0,0.833491,0.0
SkipEncoder,camera5,UFPR04,128,mean_probs,0.871924,0.0,0.833491,0.0
SkipEncoder,camera5,UFPR04,128,max,0.751387,0.0,0.753128,0.0
SkipEncoder,camera5,UFPR04,128,mult,0.853597,0.0,0.818808,0.0
SkipEncoder,camera5,UFPR04,128,vote,0.872223,0.0,0.837473,0.0
SkipEncoder,camera5,UFPR05,128,mean_individual_models,0.711676,0.178773,0.716033,0.123006
SkipEncoder,camera5,UFPR05,128,sum,0.8316,0.0,0.826717,0.0
SkipEncoder,camera5,UFPR05,128,mean_probs,0.8316,0.0,0.826717,0.0
SkipEncoder,camera5,UFPR05,128,max,0.866889,0.0,0.868841,0.0
SkipEncoder,camera5,UFPR05,128,mult,0.826745,0.0,0.822268,0.0
SkipEncoder,camera5,UFPR05,128,vote,0.82702,0.0,0.824522,0.0
SkipEncoder,camera5,camera1,256,mean_individual_models,0.736055,0.178224,0.712651,0.124977
SkipEncoder,camera5,camera1,256,sum,0.826675,0.0,0.780677,0.0
SkipEncoder,camera5,camera1,256,mean_probs,0.826675,0.0,0.780677,0.0
SkipEncoder,camera5,camera1,256,max,0.822477,0.0,0.776053,0.0
SkipEncoder,camera5,camera1,256,mult,0.821779,0.0,0.763666,0.0
SkipEncoder,camera5,camera1,256,vote,0.823787,0.0,0.775062,0.0
SkipEncoder,camera5,camera2,256,mean_individual_models,0.795547,0.189309,0.80873,0.117259
SkipEncoder,camera5,camera2,256,sum,0.905218,0.0,0.899093,0.0
SkipEncoder,camera5,camera2,256,mean_probs,0.905218,0.0,0.899093,0.0
SkipEncoder,camera5,camera2,256,max,0.912655,0.0,0.902494,0.0
SkipEncoder,camera5,camera2,256,mult,0.905687,0.0,0.895692,0.0
SkipEncoder,camera5,camera2,256,vote,0.904299,0.0,0.897959,0.0
SkipEncoder,camera5,camera3,256,mean_individual_models,0.811496,0.187856,0.830046,0.109633
SkipEncoder,camera5,camera3,256,sum,0.932827,0.0,0.928418,0.0
SkipEncoder,camera5,camera3,256,mean_probs,0.932827,0.0,0.928418,0.0
SkipEncoder,camera5,camera3,256,max,0.933831,0.0,0.92596,0.0
SkipEncoder,camera5,camera3,256,mult,0.92923,0.0,0.919816,0.0
SkipEncoder,camera5,camera3,256,vote,0.930009,0.0,0.924731,0.0
SkipEncoder,camera5,camera4,256,mean_individual_models,0.826537,0.197702,0.841759,0.125068
SkipEncoder,camera5,camera4,256,sum,0.944142,0.0,0.940478,0.0
SkipEncoder,camera5,camera4,256,mean_probs,0.944142,0.0,0.940478,0.0
SkipEncoder,camera5,camera4,256,max,0.948073,0.0,0.945633,0.0
SkipEncoder,camera5,camera4,256,mult,0.946708,0.0,0.942978,0.0
SkipEncoder,camera5,camera4,256,vote,0.940164,0.0,0.935635,0.0
SkipEncoder,camera5,camera5,256,mean_individual_models,0.78602,0.185897,0.791337,0.115423
SkipEncoder,camera5,camera5,256,sum,0.8869,0.0,0.876043,0.0
SkipEncoder,camera5,camera5,256,mean_probs,0.8869,0.0,0.876043,0.0
SkipEncoder,camera5,camera5,256,max,0.902841,0.0,0.891085,0.0
SkipEncoder,camera5,camera5,256,mult,0.891781,0.0,0.878788,0.0
SkipEncoder,camera5,camera5,256,vote,0.88317,0.0,0.870883,0.0
SkipEncoder,camera5,camera6,256,mean_individual_models,0.833748,0.195894,0.853207,0.119951
SkipEncoder,camera5,camera6,256,sum,0.940438,0.0,0.937125,0.0
SkipEncoder,camera5,camera6,256,mean_probs,0.940438,0.0,0.937125,0.0
SkipEncoder,camera5,camera6,256,max,0.946258,0.0,0.944162,0.0
SkipEncoder,camera5,camera6,256,mult,0.942482,0.0,0.938971,0.0
SkipEncoder,camera5,camera6,256,vote,0.938062,0.0,0.934241,0.0
SkipEncoder,camera5,camera7,256,mean_individual_models,0.795876,0.177398,0.795563,0.092949
SkipEncoder,camera5,camera7,256,sum,0.889768,0.0,0.863465,0.0
SkipEncoder,camera5,camera7,256,mean_probs,0.889768,0.0,0.863465,0.0
SkipEncoder,camera5,camera7,256,max,0.900231,0.0,0.878217,0.0
SkipEncoder,camera5,camera7,256,mult,0.89201,0.0,0.863021,0.0
SkipEncoder,camera5,camera7,256,vote,0.885636,0.0,0.856921,0.0
SkipEncoder,camera5,camera8,256,mean_individual_models,0.832063,0.195997,0.852836,0.11997
SkipEncoder,camera5,camera8,256,sum,0.948917,0.0,0.946663,0.0
SkipEncoder,camera5,camera8,256,mean_probs,0.948917,0.0,0.946663,0.0
SkipEncoder,camera5,camera8,256,max,0.954668,0.0,0.953607,0.0
SkipEncoder,camera5,camera8,256,mult,0.951622,0.0,0.948881,0.0
SkipEncoder,camera5,camera8,256,vote,0.946813,0.0,0.944252,0.0
SkipEncoder,camera5,camera9,256,mean_individual_models,0.749681,0.172684,0.740349,0.100284
SkipEncoder,camera5,camera9,256,sum,0.839604,0.0,0.810594,0.0
SkipEncoder,camera5,camera9,256,mean_probs,0.839604,0.0,0.810594,0.0
SkipEncoder,camera5,camera9,256,max,0.854279,0.0,0.833668,0.0
SkipEncoder,camera5,camera9,256,mult,0.842729,0.0,0.813002,0.0
SkipEncoder,camera5,camera9,256,vote,0.832891,0.0,0.800161,0.0
SkipEncoder,camera5,PUC,256,mean_individual_models,0.799129,0.201086,0.801514,0.143263
SkipEncoder,camera5,PUC,256,sum,0.942108,0.0,0.936219,0.0
SkipEncoder,camera5,PUC,256,mean_probs,0.942108,0.0,0.936219,0.0
SkipEncoder,camera5,PUC,256,max,0.940704,0.0,0.940555,0.0
SkipEncoder,camera5,PUC,256,mult,0.938075,0.0,0.931117,0.0
SkipEncoder,camera5,PUC,256,vote,0.938816,0.0,0.93206,0.0
SkipEncoder,camera5,UFPR04,256,mean_individual_models,0.75412,0.181007,0.72447,0.131333
SkipEncoder,camera5,UFPR04,256,sum,0.851234,0.0,0.792652,0.0
SkipEncoder,camera5,UFPR04,256,mean_probs,0.851234,0.0,0.792652,0.0
SkipEncoder,camera5,UFPR04,256,max,0.857357,0.0,0.848728,0.0
SkipEncoder,camera5,UFPR04,256,mult,0.831803,0.0,0.769658,0.0
SkipEncoder,camera5,UFPR04,256,vote,0.847937,0.0,0.785507,0.0
SkipEncoder,camera5,UFPR05,256,mean_individual_models,0.726241,0.196957,0.722107,0.147324
SkipEncoder,camera5,UFPR05,256,sum,0.858998,0.0,0.854053,0.0
SkipEncoder,camera5,UFPR05,256,mean_probs,0.858998,0.0,0.854053,0.0
SkipEncoder,camera5,UFPR05,256,max,0.883473,0.0,0.883249,0.0
SkipEncoder,camera5,UFPR05,256,mult,0.850555,0.0,0.840818,0.0
SkipEncoder,camera5,UFPR05,256,vote,0.854138,0.0,0.846992,0.0
SkipEncoder,camera5,camera1,512,mean_individual_models,0.751447,0.179119,0.745962,0.11278
SkipEncoder,camera5,camera1,512,sum,0.847071,0.0,0.819488,0.0
SkipEncoder,camera5,camera1,512,mean_probs,0.847071,0.0,0.819488,0.0
SkipEncoder,camera5,camera1,512,max,0.848301,0.0,0.823782,0.0
SkipEncoder,camera5,camera1,512,mult,0.838647,0.0,0.80578,0.0
SkipEncoder,camera5,camera1,512,vote,0.843614,0.0,0.813212,0.0
SkipEncoder,camera5,camera2,512,mean_individual_models,0.81324,0.196013,0.832313,0.126054
SkipEncoder,camera5,camera2,512,sum,0.921694,0.0,0.918367,0.0
SkipEncoder,camera5,camera2,512,mean_probs,0.921694,0.0,0.918367,0.0
SkipEncoder,camera5,camera2,512,max,0.917639,0.0,0.911565,0.0
SkipEncoder,camera5,camera2,512,mult,0.917684,0.0,0.912698,0.0
SkipEncoder,camera5,camera2,512,vote,0.919759,0.0,0.9161,0.0
SkipEncoder,camera5,camera3,512,mean_individual_models,0.83112,0.193315,0.853487,0.116097
SkipEncoder,camera5,camera3,512,sum,0.942314,0.0,0.939785,0.0
SkipEncoder,camera5,camera3,512,mean_probs,0.942314,0.0,0.939785,0.0
SkipEncoder,camera5,camera3,512,max,0.953223,0.0,0.950845,0.0
SkipEncoder,camera5,camera3,512,mult,0.942622,0.0,0.939171,0.0
SkipEncoder,camera5,camera3,512,vote,0.939655,0.0,0.936713,0.0
SkipEncoder,camera5,camera4,512,mean_individual_models,0.846665,0.205674,0.867271,0.134529
SkipEncoder,camera5,camera4,512,sum,0.95869,0.0,0.957507,0.0
SkipEncoder,camera5,camera4,512,mean_probs,0.95869,0.0,0.957507,0.0
SkipEncoder,camera5,camera4,512,max,0.958939,0.0,0.957975,0.0
SkipEncoder,camera5,camera4,512,mult,0.961441,0.0,0.960475,0.0
SkipEncoder,camera5,camera4,512,vote,0.955745,0.0,0.954226,0.0
SkipEncoder,camera5,camera5,512,mean_individual_models,0.807962,0.194702,0.821695,0.124624
SkipEncoder,camera5,camera5,512,sum,0.912529,0.0,0.908432,0.0
SkipEncoder,camera5,camera5,512,mean_probs,0.912529,0.0,0.908432,0.0
SkipEncoder,camera5,camera5,512,max,0.921343,0.0,0.917545,0.0
SkipEncoder,camera5,camera5,512,mult,0.917811,0.0,0.913812,0.0
SkipEncoder,camera5,camera5,512,vote,0.907618,0.0,0.902394,0.0
SkipEncoder,camera5,camera6,512,mean_individual_models,0.848993,0.201778,0.871447,0.127206
SkipEncoder,camera5,camera6,512,sum,0.95326,0.0,0.951892,0.0
SkipEncoder,camera5,camera6,512,mean_probs,0.95326,0.0,0.951892,0.0
SkipEncoder,camera5,camera6,512,max,0.9534,0.0,0.9527,0.0
SkipEncoder,camera5,camera6,512,mult,0.954581,0.0,0.953276,0.0
SkipEncoder,camera5,camera6,512,vote,0.952757,0.0,0.9512,0.0
SkipEncoder,camera5,camera7,512,mean_individual_models,0.816082,0.184948,0.822782,0.102519
SkipEncoder,camera5,camera7,512,sum,0.907718,0.0,0.891083,0.0
SkipEncoder,camera5,camera7,512,mean_probs,0.907718,0.0,0.891083,0.0
SkipEncoder,camera5,camera7,512,max,0.918999,0.0,0.907054,0.0
SkipEncoder,camera5,camera7,512,mult,0.913167,0.0,0.897294,0.0
SkipEncoder,camera5,camera7,512,vote,0.904394,0.0,0.88587,0.0
SkipEncoder,camera5,camera8,512,mean_individual_models,0.850336,0.202151,0.873843,0.126982
SkipEncoder,camera5,camera8,512,sum,0.959199,0.0,0.958333,0.0
SkipEncoder,camera5,camera8,512,mean_probs,0.959199,0.0,0.958333,0.0
SkipEncoder,camera5,camera8,512,max,0.962894,0.0,0.962481,0.0
SkipEncoder,camera5,camera8,512,mult,0.962226,0.0,0.961323,0.0
SkipEncoder,camera5,camera8,512,vote,0.956998,0.0,0.955826,0.0
SkipEncoder,camera5,camera9,512,mean_individual_models,0.774982,0.182284,0.781942,0.110615
SkipEncoder,camera5,camera9,512,sum,0.882546,0.0,0.872392,0.0
SkipEncoder,camera5,camera9,512,mean_probs,0.882546,0.0,0.872392,0.0
SkipEncoder,camera5,camera9,512,max,0.900932,0.0,0.89687,0.0
SkipEncoder,camera5,camera9,512,mult,0.887583,0.0,0.878411,0.0
SkipEncoder,camera5,camera9,512,vote,0.876172,0.0,0.863965,0.0
SkipEncoder,camera5,PUC,512,mean_individual_models,0.809823,0.202476,0.820081,0.144294
SkipEncoder,camera5,PUC,512,sum,0.955749,0.0,0.953087,0.0
SkipEncoder,camera5,PUC,512,mean_probs,0.955749,0.0,0.953087,0.0
SkipEncoder,camera5,PUC,512,max,0.932283,0.0,0.931513,0.0
SkipEncoder,camera5,PUC,512,mult,0.945986,0.0,0.942134,0.0
SkipEncoder,camera5,PUC,512,vote,0.953395,0.0,0.950288,0.0
SkipEncoder,camera5,UFPR04,512,mean_individual_models,0.756194,0.177779,0.740079,0.121455
SkipEncoder,camera5,UFPR04,512,sum,0.864088,0.0,0.82069,0.0
SkipEncoder,camera5,UFPR04,512,mean_probs,0.864088,0.0,0.82069,0.0
SkipEncoder,camera5,UFPR04,512,max,0.845765,0.0,0.839736,0.0
SkipEncoder,camera5,UFPR04,512,mult,0.840804,0.0,0.793841,0.0
SkipEncoder,camera5,UFPR04,512,vote,0.861261,0.0,0.815091,0.0
SkipEncoder,camera5,UFPR05,512,mean_individual_models,0.726008,0.203941,0.731648,0.156411
SkipEncoder,camera5,UFPR05,512,sum,0.881146,0.0,0.883294,0.0
SkipEncoder,camera5,UFPR05,512,mean_probs,0.881146,0.0,0.883294,0.0
SkipEncoder,camera5,UFPR05,512,max,0.888617,0.0,0.89087,0.0
SkipEncoder,camera5,UFPR05,512,mult,0.840747,0.0,0.837429,0.0
SkipEncoder,camera5,UFPR05,512,vote,0.878185,0.0,0.879897,0.0
SkipEncoder,camera5,camera1,1024,mean_individual_models,0.763448,0.170603,0.774765,0.093109
SkipEncoder,camera5,camera1,1024,sum,0.869199,0.0,0.85962,0.0
SkipEncoder,camera5,camera1,1024,mean_probs,0.869199,0.0,0.85962,0.0
SkipEncoder,camera5,camera1,1024,max,0.858354,0.0,0.844426,0.0
SkipEncoder,camera5,camera1,1024,mult,0.852878,0.0,0.833031,0.0
SkipEncoder,camera5,camera1,1024,vote,0.874529,0.0,0.867052,0.0
SkipEncoder,camera5,camera2,1024,mean_individual_models,0.82186,0.201455,0.840476,0.135514
SkipEncoder,camera5,camera2,1024,sum,0.943368,0.0,0.943311,0.0
SkipEncoder,camera5,camera2,1024,mean_probs,0.943368,0.0,0.943311,0.0
SkipEncoder,camera5,camera2,1024,max,0.951481,0.0,0.951247,0.0
SkipEncoder,camera5,camera2,1024,mult,0.949213,0.0,0.94898,0.0
SkipEncoder,camera5,camera2,1024,vote,0.944452,0.0,0.944444,0.0
SkipEncoder,camera5,camera3,1024,mean_individual_models,0.830064,0.201134,0.850814,0.131141
SkipEncoder,camera5,camera3,1024,sum,0.94635,0.0,0.945929,0.0
SkipEncoder,camera5,camera3,1024,mean_probs,0.94635,0.0,0.945929,0.0
SkipEncoder,camera5,camera3,1024,max,0.953788,0.0,0.952995,0.0
SkipEncoder,camera5,camera3,1024,mult,0.947365,0.0,0.945929,0.0
SkipEncoder,camera5,camera3,1024,vote,0.943525,0.0,0.943472,0.0
SkipEncoder,camera5,camera4,1024,mean_individual_models,0.852721,0.203691,0.875394,0.129307
SkipEncoder,camera5,camera4,1024,sum,0.964398,0.0,0.964224,0.0
SkipEncoder,camera5,camera4,1024,mean_probs,0.964398,0.0,0.964224,0.0
SkipEncoder,camera5,camera4,1024,max,0.963979,0.0,0.963912,0.0
SkipEncoder,camera5,camera4,1024,mult,0.966124,0.0,0.965943,0.0
SkipEncoder,camera5,camera4,1024,vote,0.96596,0.0,0.965943,0.0
SkipEncoder,camera5,camera5,1024,mean_individual_models,0.814099,0.190019,0.8333,0.115105
SkipEncoder,camera5,camera5,1024,sum,0.926016,0.0,0.92545,0.0
SkipEncoder,camera5,camera5,1024,mean_probs,0.926016,0.0,0.92545,0.0
SkipEncoder,camera5,camera5,1024,max,0.929071,0.0,0.927536,0.0
SkipEncoder,camera5,camera5,1024,mult,0.928215,0.0,0.927207,0.0
SkipEncoder,camera5,camera5,1024,vote,0.928569,0.0,0.928415,0.0
SkipEncoder,camera5,camera6,1024,mean_individual_models,0.848397,0.204211,0.871401,0.131786
SkipEncoder,camera5,camera6,1024,sum,0.959016,0.0,0.958583,0.0
SkipEncoder,camera5,camera6,1024,mean_probs,0.959016,0.0,0.958583,0.0
SkipEncoder,camera5,camera6,1024,max,0.956062,0.0,0.955468,0.0
SkipEncoder,camera5,camera6,1024,mult,0.956335,0.0,0.955468,0.0
SkipEncoder,camera5,camera6,1024,vote,0.957924,0.0,0.95766,0.0
SkipEncoder,camera5,camera7,1024,mean_individual_models,0.810967,0.197958,0.817935,0.127987
SkipEncoder,camera5,camera7,1024,sum,0.914183,0.0,0.903061,0.0
SkipEncoder,camera5,camera7,1024,mean_probs,0.914183,0.0,0.903061,0.0
SkipEncoder,camera5,camera7,1024,max,0.933194,0.0,0.924689,0.0
SkipEncoder,camera5,camera7,1024,mult,0.92014,0.0,0.908496,0.0
SkipEncoder,camera5,camera7,1024,vote,0.917038,0.0,0.907165,0.0
SkipEncoder,camera5,camera8,1024,mean_individual_models,0.846088,0.206741,0.8682,0.136489
SkipEncoder,camera5,camera8,1024,sum,0.961441,0.0,0.961323,0.0
SkipEncoder,camera5,camera8,1024,mean_probs,0.961441,0.0,0.961323,0.0
SkipEncoder,camera5,camera8,1024,max,0.9643,0.0,0.964217,0.0
SkipEncoder,camera5,camera8,1024,mult,0.960211,0.0,0.959684,0.0
SkipEncoder,camera5,camera8,1024,vote,0.961081,0.0,0.961034,0.0
SkipEncoder,camera5,camera9,1024,mean_individual_models,0.784927,0.183787,0.798596,0.11266
SkipEncoder,camera5,camera9,1024,sum,0.901038,0.0,0.898074,0.0
SkipEncoder,camera5,camera9,1024,mean_probs,0.901038,0.0,0.898074,0.0
SkipEncoder,camera5,camera9,1024,max,0.910261,0.0,0.907504,0.0
SkipEncoder,camera5,camera9,1024,mult,0.898788,0.0,0.894061,0.0
SkipEncoder,camera5,camera9,1024,vote,0.904451,0.0,0.902287,0.0
SkipEncoder,camera5,PUC,1024,mean_individual_models,0.804611,0.202068,0.812791,0.143684
SkipEncoder,camera5,PUC,1024,sum,0.963885,0.0,0.963031,0.0
SkipEncoder,camera5,PUC,1024,mean_probs,0.963885,0.0,0.963031,0.0
SkipEncoder,camera5,PUC,1024,max,0.908743,0.0,0.905774,0.0
SkipEncoder,camera5,PUC,1024,mult,0.946844,0.0,0.944944,0.0
SkipEncoder,camera5,PUC,1024,vote,0.962884,0.0,0.962346,0.0
SkipEncoder,camera5,UFPR04,1024,mean_individual_models,0.747976,0.199465,0.732059,0.154887
SkipEncoder,camera5,UFPR04,1024,sum,0.89247,0.0,0.867035,0.0
SkipEncoder,camera5,UFPR04,1024,mean_probs,0.89247,0.0,0.867035,0.0
SkipEncoder,camera5,UFPR04,1024,max,0.800158,0.0,0.797015,0.0
SkipEncoder,camera5,UFPR04,1024,mult,0.848915,0.0,0.811317,0.0
SkipEncoder,camera5,UFPR04,1024,vote,0.895675,0.0,0.872714,0.0
SkipEncoder,camera5,UFPR05,1024,mean_individual_models,0.720062,0.184231,0.734427,0.127627
SkipEncoder,camera5,UFPR05,1024,sum,0.86959,0.0,0.872126,0.0
SkipEncoder,camera5,UFPR05,1024,mean_probs,0.86959,0.0,0.872126,0.0
SkipEncoder,camera5,UFPR05,1024,max,0.842816,0.0,0.843983,0.0
SkipEncoder,camera5,UFPR05,1024,mult,0.779075,0.0,0.760966,0.0
SkipEncoder,camera5,UFPR05,1024,vote,0.86714,0.0,0.869267,0.0
SkipEncoder,camera6,camera1,64,mean_individual_models,0.736989,0.172649,0.712007,0.103266
SkipEncoder,camera6,camera1,64,sum,0.814103,0.0,0.761024,0.0
SkipEncoder,camera6,camera1,64,mean_probs,0.814103,0.0,0.761024,0.0
SkipEncoder,camera6,camera1,64,max,0.815927,0.0,0.76185,0.0
SkipEncoder,camera6,camera1,64,mult,0.811214,0.0,0.753262,0.0
SkipEncoder,camera6,camera1,64,vote,0.80987,0.0,0.752271,0.0
SkipEncoder,camera6,camera2,64,mean_individual_models,0.818569,0.198816,0.837302,0.1301
SkipEncoder,camera6,camera2,64,sum,0.946709,0.0,0.946712,0.0
SkipEncoder,camera6,camera2,64,mean_probs,0.946709,0.0,0.946712,0.0
SkipEncoder,camera6,camera2,64,max,0.959719,0.0,0.959184,0.0
SkipEncoder,camera6,camera2,64,mult,0.955819,0.0,0.955782,0.0
SkipEncoder,camera6,camera2,64,vote,0.94448,0.0,0.944444,0.0
SkipEncoder,camera6,camera3,64,mean_individual_models,0.8212,0.190519,0.843472,0.113602
SkipEncoder,camera6,camera3,64,sum,0.945657,0.0,0.944393,0.0
SkipEncoder,camera6,camera3,64,mean_probs,0.945657,0.0,0.944393,0.0
SkipEncoder,camera6,camera3,64,max,0.953928,0.0,0.951152,0.0
SkipEncoder,camera6,camera3,64,mult,0.948099,0.0,0.945929,0.0
SkipEncoder,camera6,camera3,64,vote,0.944693,0.0,0.942857,0.0
SkipEncoder,camera6,camera4,64,mean_individual_models,0.812791,0.192518,0.827449,0.120087
SkipEncoder,camera6,camera4,64,sum,0.936724,0.0,0.934854,0.0
SkipEncoder,camera6,camera4,64,mean_probs,0.936724,0.0,0.934854,0.0
SkipEncoder,camera6,camera4,64,max,0.93268,0.0,0.92923,0.0
SkipEncoder,camera6,camera4,64,mult,0.936718,0.0,0.934541,0.0
SkipEncoder,camera6,camera4,64,vote,0.93247,0.0,0.929698,0.0
SkipEncoder,camera6,camera5,64,mean_individual_models,0.772723,0.180002,0.776845,0.104249
SkipEncoder,camera6,camera5,64,sum,0.88103,0.0,0.871102,0.0
SkipEncoder,camera6,camera5,64,mean_probs,0.88103,0.0,0.871102,0.0
SkipEncoder,camera6,camera5,64,max,0.885696,0.0,0.871212,0.0
SkipEncoder,camera6,camera5,64,mult,0.883148,0.0,0.87231,0.0
SkipEncoder,camera6,camera5,64,vote,0.875649,0.0,0.863087,0.0
SkipEncoder,camera6,camera6,64,mean_individual_models,0.823397,0.192578,0.843528,0.11667
SkipEncoder,camera6,camera6,64,sum,0.942605,0.0,0.941278,0.0
SkipEncoder,camera6,camera6,64,mean_probs,0.942605,0.0,0.941278,0.0
SkipEncoder,camera6,camera6,64,max,0.940265,0.0,0.937702,0.0
SkipEncoder,camera6,camera6,64,mult,0.939823,0.0,0.938048,0.0
SkipEncoder,camera6,camera6,64,vote,0.939314,0.0,0.937356,0.0
SkipEncoder,camera6,camera7,64,mean_individual_models,0.787787,0.174736,0.784472,0.087475
SkipEncoder,camera6,camera7,64,sum,0.882421,0.0,0.851708,0.0
SkipEncoder,camera6,camera7,64,mean_probs,0.882421,0.0,0.851708,0.0
SkipEncoder,camera6,camera7,64,max,0.884791,0.0,0.851486,0.0
SkipEncoder,camera6,camera7,64,mult,0.883066,0.0,0.851486,0.0
SkipEncoder,camera6,camera7,64,vote,0.877762,0.0,0.843722,0.0
SkipEncoder,camera6,camera8,64,mean_individual_models,0.820394,0.192324,0.839313,0.115718
SkipEncoder,camera6,camera8,64,sum,0.94824,0.0,0.946759,0.0
SkipEncoder,camera6,camera8,64,mean_probs,0.94824,0.0,0.946759,0.0
SkipEncoder,camera6,camera8,64,max,0.939505,0.0,0.936343,0.0
SkipEncoder,camera6,camera8,64,mult,0.947869,0.0,0.945891,0.0
SkipEncoder,camera6,camera8,64,vote,0.943658,0.0,0.941358,0.0
SkipEncoder,camera6,camera9,64,mean_individual_models,0.7504,0.176635,0.755658,0.108543
SkipEncoder,camera6,camera9,64,sum,0.87586,0.0,0.867777,0.0
SkipEncoder,camera6,camera9,64,mean_probs,0.87586,0.0,0.867777,0.0
SkipEncoder,camera6,camera9,64,max,0.878,0.0,0.868579,0.0
SkipEncoder,camera6,camera9,64,mult,0.875662,0.0,0.866573,0.0
SkipEncoder,camera6,camera9,64,vote,0.868346,0.0,0.857343,0.0
SkipEncoder,camera6,PUC,64,mean_individual_models,0.765083,0.186099,0.7586,0.119196
SkipEncoder,camera6,PUC,64,sum,0.930014,0.0,0.923347,0.0
SkipEncoder,camera6,PUC,64,mean_probs,0.930014,0.0,0.923347,0.0
SkipEncoder,camera6,PUC,64,max,0.888547,0.0,0.880374,0.0
SkipEncoder,camera6,PUC,64,mult,0.912455,0.0,0.899594,0.0
SkipEncoder,camera6,PUC,64,vote,0.924899,0.0,0.9161,0.0
SkipEncoder,camera6,UFPR04,64,mean_individual_models,0.693898,0.190669,0.654122,0.121599
SkipEncoder,camera6,UFPR04,64,sum,0.857313,0.0,0.792063,0.0
SkipEncoder,camera6,UFPR04,64,mean_probs,0.857313,0.0,0.792063,0.0
SkipEncoder,camera6,UFPR04,64,max,0.769924,0.0,0.734752,0.0
SkipEncoder,camera6,UFPR04,64,mult,0.839876,0.0,0.758842,0.0
SkipEncoder,camera6,UFPR04,64,vote,0.849743,0.0,0.775406,0.0
SkipEncoder,camera6,UFPR05,64,mean_individual_models,0.687152,0.183073,0.667526,0.129746
SkipEncoder,camera6,UFPR05,64,sum,0.802724,0.0,0.757413,0.0
SkipEncoder,camera6,UFPR05,64,mean_probs,0.802724,0.0,0.757413,0.0
SkipEncoder,camera6,UFPR05,64,max,0.781751,0.0,0.707092,0.0
SkipEncoder,camera6,UFPR05,64,mult,0.785316,0.0,0.718938,0.0
SkipEncoder,camera6,UFPR05,64,vote,0.794472,0.0,0.74049,0.0
SkipEncoder,camera6,camera1,128,mean_individual_models,0.75566,0.163177,0.746028,0.089991
SkipEncoder,camera6,camera1,128,sum,0.8419,0.0,0.809909,0.0
SkipEncoder,camera6,camera1,128,mean_probs,0.8419,0.0,0.809909,0.0
SkipEncoder,camera6,camera1,128,max,0.850131,0.0,0.820974,0.0
SkipEncoder,camera6,camera1,128,mult,0.847007,0.0,0.81635,0.0
SkipEncoder,camera6,camera1,128,vote,0.849358,0.0,0.823121,0.0
SkipEncoder,camera6,camera2,128,mean_individual_models,0.830825,0.204799,0.846939,0.138466
SkipEncoder,camera6,camera2,128,sum,0.983031,0.0,0.982993,0.0
SkipEncoder,camera6,camera2,128,mean_probs,0.983031,0.0,0.982993,0.0
SkipEncoder,camera6,camera2,128,max,0.985299,0.0,0.985261,0.0
SkipEncoder,camera6,camera2,128,mult,0.985268,0.0,0.985261,0.0
SkipEncoder,camera6,camera2,128,vote,0.977324,0.0,0.977324,0.0
SkipEncoder,camera6,camera3,128,mean_individual_models,0.81743,0.194328,0.836313,0.122407
SkipEncoder,camera6,camera3,128,sum,0.947845,0.0,0.946237,0.0
SkipEncoder,camera6,camera3,128,mean_probs,0.947845,0.0,0.946237,0.0
SkipEncoder,camera6,camera3,128,max,0.952176,0.0,0.949002,0.0
SkipEncoder,camera6,camera3,128,mult,0.952277,0.0,0.95023,0.0
SkipEncoder,camera6,camera3,128,vote,0.944071,0.0,0.943164,0.0
SkipEncoder,camera6,camera4,128,mean_individual_models,0.819281,0.190067,0.83437,0.115216
SkipEncoder,camera6,camera4,128,sum,0.93829,0.0,0.936416,0.0
SkipEncoder,camera6,camera4,128,mean_probs,0.93829,0.0,0.936416,0.0
SkipEncoder,camera6,camera4,128,max,0.933779,0.0,0.930636,0.0
SkipEncoder,camera6,camera4,128,mult,0.940302,0.0,0.938135,0.0
SkipEncoder,camera6,camera4,128,vote,0.941565,0.0,0.940478,0.0
SkipEncoder,camera6,camera5,128,mean_individual_models,0.78768,0.1783,0.795103,0.099145
SkipEncoder,camera6,camera5,128,sum,0.8997,0.0,0.889987,0.0
SkipEncoder,camera6,camera5,128,mean_probs,0.8997,0.0,0.889987,0.0
SkipEncoder,camera6,camera5,128,max,0.901655,0.0,0.891963,0.0
SkipEncoder,camera6,camera5,128,mult,0.90237,0.0,0.892073,0.0
SkipEncoder,camera6,camera5,128,vote,0.904522,0.0,0.897782,0.0
SkipEncoder,camera6,camera6,128,mean_individual_models,0.830049,0.197276,0.847243,0.123749
SkipEncoder,camera6,camera6,128,sum,0.954555,0.0,0.951315,0.0
SkipEncoder,camera6,camera6,128,mean_probs,0.954555,0.0,0.951315,0.0
SkipEncoder,camera6,camera6,128,max,0.949388,0.0,0.945662,0.0
SkipEncoder,camera6,camera6,128,mult,0.953873,0.0,0.950162,0.0
SkipEncoder,camera6,camera6,128,vote,0.954512,0.0,0.952007,0.0
SkipEncoder,camera6,camera7,128,mean_individual_models,0.798501,0.192143,0.795941,0.118422
SkipEncoder,camera6,camera7,128,sum,0.904379,0.0,0.879658,0.0
SkipEncoder,camera6,camera7,128,mean_probs,0.904379,0.0,0.879658,0.0
SkipEncoder,camera6,camera7,128,max,0.906198,0.0,0.881988,0.0
SkipEncoder,camera6,camera7,128,mult,0.907347,0.0,0.882986,0.0
SkipEncoder,camera6,camera7,128,vote,0.907501,0.0,0.88598,0.0
SkipEncoder,camera6,camera8,128,mean_individual_models,0.826183,0.198728,0.844059,0.12652
SkipEncoder,camera6,camera8,128,sum,0.952553,0.0,0.950231,0.0
SkipEncoder,camera6,camera8,128,mean_probs,0.952553,0.0,0.950231,0.0
SkipEncoder,camera6,camera8,128,max,0.947935,0.0,0.94483,0.0
SkipEncoder,camera6,camera8,128,mult,0.952764,0.0,0.949942,0.0
SkipEncoder,camera6,camera8,128,vote,0.95212,0.0,0.950521,0.0
SkipEncoder,camera6,camera9,128,mean_individual_models,0.770586,0.177523,0.776886,0.106022
SkipEncoder,camera6,camera9,128,sum,0.899144,0.0,0.890048,0.0
SkipEncoder,camera6,camera9,128,mean_probs,0.899144,0.0,0.890048,0.0
SkipEncoder,camera6,camera9,128,max,0.905484,0.0,0.898274,0.0
SkipEncoder,camera6,camera9,128,mult,0.90502,0.0,0.89687,0.0
SkipEncoder,camera6,camera9,128,vote,0.902476,0.0,0.895265,0.0
SkipEncoder,camera6,PUC,128,mean_individual_models,0.759682,0.188677,0.757006,0.131239
SkipEncoder,camera6,PUC,128,sum,0.928944,0.0,0.927183,0.0
SkipEncoder,camera6,PUC,128,mean_probs,0.928944,0.0,0.927183,0.0
SkipEncoder,camera6,PUC,128,max,0.861021,0.0,0.860243,0.0
SkipEncoder,camera6,PUC,128,mult,0.912321,0.0,0.910102,0.0
SkipEncoder,camera6,PUC,128,vote,0.925044,0.0,0.924211,0.0
SkipEncoder,camera6,UFPR04,128,mean_individual_models,0.67525,0.203187,0.646464,0.157035
SkipEncoder,camera6,UFPR04,128,sum,0.837844,0.0,0.83296,0.0
SkipEncoder,camera6,UFPR04,128,mean_probs,0.837844,0.0,0.83296,0.0
SkipEncoder,camera6,UFPR04,128,max,0.712642,0.0,0.709022,0.0
SkipEncoder,camera6,UFPR04,128,mult,0.821755,0.0,0.817354,0.0
SkipEncoder,camera6,UFPR04,128,vote,0.837683,0.0,0.83498,0.0
SkipEncoder,camera6,UFPR05,128,mean_individual_models,0.679878,0.163008,0.67818,0.103662
SkipEncoder,camera6,UFPR05,128,sum,0.799211,0.0,0.760705,0.0
SkipEncoder,camera6,UFPR05,128,mean_probs,0.799211,0.0,0.760705,0.0
SkipEncoder,camera6,UFPR05,128,max,0.744413,0.0,0.701627,0.0
SkipEncoder,camera6,UFPR05,128,mult,0.778433,0.0,0.72915,0.0
SkipEncoder,camera6,UFPR05,128,vote,0.79654,0.0,0.77023,0.0
SkipEncoder,camera6,camera1,256,mean_individual_models,0.728838,0.152225,0.67531,0.072047
SkipEncoder,camera6,camera1,256,sum,0.779323,0.0,0.658134,0.0
SkipEncoder,camera6,camera1,256,mean_probs,0.779323,0.0,0.658134,0.0
SkipEncoder,camera6,camera1,256,max,0.786769,0.0,0.671016,0.0
SkipEncoder,camera6,camera1,256,mult,0.779756,0.0,0.651197,0.0
SkipEncoder,camera6,camera1,256,vote,0.787739,0.0,0.68654,0.0
SkipEncoder,camera6,camera2,256,mean_individual_models,0.797272,0.187897,0.795578,0.115432
SkipEncoder,camera6,camera2,256,sum,0.923052,0.0,0.910431,0.0
SkipEncoder,camera6,camera2,256,mean_probs,0.923052,0.0,0.910431,0.0
SkipEncoder,camera6,camera2,256,max,0.938124,0.0,0.929705,0.0
SkipEncoder,camera6,camera2,256,mult,0.927875,0.0,0.9161,0.0
SkipEncoder,camera6,camera2,256,vote,0.926383,0.0,0.914966,0.0
SkipEncoder,camera6,camera3,256,mean_individual_models,0.79781,0.188768,0.801659,0.114063
SkipEncoder,camera6,camera3,256,sum,0.911221,0.0,0.891859,0.0
SkipEncoder,camera6,camera3,256,mean_probs,0.911221,0.0,0.891859,0.0
SkipEncoder,camera6,camera3,256,max,0.905651,0.0,0.880799,0.0
SkipEncoder,camera6,camera3,256,mult,0.90618,0.0,0.882028,0.0
SkipEncoder,camera6,camera3,256,vote,0.919547,0.0,0.904455,0.0
SkipEncoder,camera6,camera4,256,mean_individual_models,0.795997,0.182355,0.793189,0.105147
SkipEncoder,camera6,camera4,256,sum,0.898024,0.0,0.879706,0.0
SkipEncoder,camera6,camera4,256,mean_probs,0.898024,0.0,0.879706,0.0
SkipEncoder,camera6,camera4,256,max,0.908217,0.0,0.893298,0.0
SkipEncoder,camera6,camera4,256,mult,0.905154,0.0,0.889236,0.0
SkipEncoder,camera6,camera4,256,vote,0.904908,0.0,0.89033,0.0
SkipEncoder,camera6,camera5,256,mean_individual_models,0.760071,0.168884,0.737934,0.091961
SkipEncoder,camera6,camera5,256,sum,0.844011,0.0,0.787879,0.0
SkipEncoder,camera6,camera5,256,mean_probs,0.844011,0.0,0.787879,0.0
SkipEncoder,camera6,camera5,256,max,0.858826,0.0,0.815986,0.0
SkipEncoder,camera6,camera5,256,mult,0.84776,0.0,0.795345,0.0
SkipEncoder,camera6,camera5,256,vote,0.852153,0.0,0.807093,0.0
SkipEncoder,camera6,camera6,256,mean_individual_models,0.822933,0.194485,0.830861,0.118909
SkipEncoder,camera6,camera6,256,sum,0.929624,0.0,0.917974,0.0
SkipEncoder,camera6,camera6,256,mean_probs,0.929624,0.0,0.917974,0.0
SkipEncoder,camera6,camera6,256,max,0.932239,0.0,0.921666,0.0
SkipEncoder,camera6,camera6,256,mult,0.930925,0.0,0.91982,0.0
SkipEncoder,camera6,camera6,256,vote,0.937311,0.0,0.928357,0.0
SkipEncoder,camera6,camera7,256,mean_individual_models,0.775297,0.184034,0.74197,0.105022
SkipEncoder,camera6,camera7,256,sum,0.853472,0.0,0.779836,0.0
SkipEncoder,camera6,camera7,256,mean_probs,0.853472,0.0,0.779836,0.0
SkipEncoder,camera6,camera7,256,max,0.862492,0.0,0.800688,0.0
SkipEncoder,camera6,camera7,256,mult,0.857742,0.0,0.787489,0.0
SkipEncoder,camera6,camera7,256,vote,0.859313,0.0,0.7937,0.0
SkipEncoder,camera6,camera8,256,mean_individual_models,0.810316,0.192423,0.814207,0.117048
SkipEncoder,camera6,camera8,256,sum,0.919946,0.0,0.904032,0.0
SkipEncoder,camera6,camera8,256,mean_probs,0.919946,0.0,0.904032,0.0
SkipEncoder,camera6,camera8,256,max,0.922862,0.0,0.907697,0.0
SkipEncoder,camera6,camera8,256,mult,0.919946,0.0,0.904032,0.0
SkipEncoder,camera6,camera8,256,vote,0.926031,0.0,0.913387,0.0
SkipEncoder,camera6,camera9,256,mean_individual_models,0.747675,0.168247,0.723856,0.089448
SkipEncoder,camera6,camera9,256,sum,0.840036,0.0,0.77488,0.0
SkipEncoder,camera6,camera9,256,mean_probs,0.840036,0.0,0.77488,0.0
SkipEncoder,camera6,camera9,256,max,0.857843,0.0,0.809992,0.0
SkipEncoder,camera6,camera9,256,mult,0.847186,0.0,0.789727,0.0
SkipEncoder,camera6,camera9,256,vote,0.847582,0.0,0.792536,0.0
SkipEncoder,camera6,PUC,256,mean_individual_models,0.754254,0.186878,0.734326,0.120818
SkipEncoder,camera6,PUC,256,sum,0.876818,0.0,0.836802,0.0
SkipEncoder,camera6,PUC,256,mean_probs,0.876818,0.0,0.836802,0.0
SkipEncoder,camera6,PUC,256,max,0.854928,0.0,0.826529,0.0
SkipEncoder,camera6,PUC,256,mult,0.875096,0.0,0.833585,0.0
SkipEncoder,camera6,PUC,256,vote,0.887248,0.0,0.854774,0.0
SkipEncoder,camera6,UFPR04,256,mean_individual_models,0.729674,0.187527,0.673312,0.122715
SkipEncoder,camera6,UFPR04,256,sum,0.825928,0.0,0.711908,0.0
SkipEncoder,camera6,UFPR04,256,mean_probs,0.825928,0.0,0.711908,0.0
SkipEncoder,camera6,UFPR04,256,max,0.820473,0.0,0.757445,0.0
SkipEncoder,camera6,UFPR04,256,mult,0.83451,0.0,0.731589,0.0
SkipEncoder,camera6,UFPR04,256,vote,0.832787,0.0,0.730792,0.0
SkipEncoder,camera6,UFPR05,256,mean_individual_models,0.702906,0.16929,0.681138,0.108629
SkipEncoder,camera6,UFPR05,256,sum,0.798977,0.0,0.726194,0.0
SkipEncoder,camera6,UFPR05,256,mean_probs,0.798977,0.0,0.726194,0.0
SkipEncoder,camera6,UFPR05,256,max,0.776408,0.0,0.680263,0.0
SkipEncoder,camera6,UFPR05,256,mult,0.785759,0.0,0.695469,0.0
SkipEncoder,camera6,UFPR05,256,vote,0.805735,0.0,0.745536,0.0
SkipEncoder,camera6,camera1,512,mean_individual_models,0.726002,0.167798,0.682246,0.092052
SkipEncoder,camera6,camera1,512,sum,0.794786,0.0,0.714946,0.0
SkipEncoder,camera6,camera1,512,mean_probs,0.794786,0.0,0.714946,0.0
SkipEncoder,camera6,camera1,512,max,0.802337,0.0,0.711974,0.0
SkipEncoder,camera6,camera1,512,mult,0.795737,0.0,0.70256,0.0
SkipEncoder,camera6,camera1,512,vote,0.791919,0.0,0.70768,0.0
SkipEncoder,camera6,camera2,512,mean_individual_models,0.806777,0.194776,0.801927,0.134456
SkipEncoder,camera6,camera2,512,sum,0.932087,0.0,0.921769,0.0
SkipEncoder,camera6,camera2,512,mean_probs,0.932087,0.0,0.921769,0.0
SkipEncoder,camera6,camera2,512,max,0.94165,0.0,0.93424,0.0
SkipEncoder,camera6,camera2,512,mult,0.932087,0.0,0.921769,0.0
SkipEncoder,camera6,camera2,512,vote,0.927875,0.0,0.9161,0.0
SkipEncoder,camera6,camera3,512,mean_individual_models,0.803448,0.186643,0.809677,0.110213
SkipEncoder,camera6,camera3,512,sum,0.922683,0.0,0.90937,0.0
SkipEncoder,camera6,camera3,512,mean_probs,0.922683,0.0,0.90937,0.0
SkipEncoder,camera6,camera3,512,max,0.916961,0.0,0.899232,0.0
SkipEncoder,camera6,camera3,512,mult,0.917799,0.0,0.901075,0.0
SkipEncoder,camera6,camera3,512,vote,0.920461,0.0,0.906298,0.0
SkipEncoder,camera6,camera4,512,mean_individual_models,0.806343,0.192207,0.804718,0.122883
SkipEncoder,camera6,camera4,512,sum,0.919328,0.0,0.909389,0.0
SkipEncoder,camera6,camera4,512,mean_probs,0.919328,0.0,0.909389,0.0
SkipEncoder,camera6,camera4,512,max,0.932737,0.0,0.925793,0.0
SkipEncoder,camera6,camera4,512,mult,0.929509,0.0,0.922043,0.0
SkipEncoder,camera6,camera4,512,vote,0.913492,0.0,0.901422,0.0
SkipEncoder,camera6,camera5,512,mean_individual_models,0.77478,0.183306,0.755545,0.118013
SkipEncoder,camera6,camera5,512,sum,0.876037,0.0,0.84596,0.0
SkipEncoder,camera6,camera5,512,mean_probs,0.876037,0.0,0.84596,0.0
SkipEncoder,camera6,camera5,512,max,0.88156,0.0,0.85617,0.0
SkipEncoder,camera6,camera5,512,mult,0.875836,0.0,0.84596,0.0
SkipEncoder,camera6,camera5,512,vote,0.87089,0.0,0.836737,0.0
SkipEncoder,camera6,camera6,512,mean_individual_models,0.83172,0.197051,0.841728,0.122642
SkipEncoder,camera6,camera6,512,sum,0.947248,0.0,0.941278,0.0
SkipEncoder,camera6,camera6,512,mean_probs,0.947248,0.0,0.941278,0.0
SkipEncoder,camera6,camera6,512,max,0.947771,0.0,0.941624,0.0
SkipEncoder,camera6,camera6,512,mult,0.947074,0.0,0.940817,0.0
SkipEncoder,camera6,camera6,512,vote,0.942538,0.0,0.935164,0.0
SkipEncoder,camera6,camera7,512,mean_individual_models,0.788299,0.176554,0.766282,0.098247
SkipEncoder,camera6,camera7,512,sum,0.870067,0.0,0.81555,0.0
SkipEncoder,camera6,camera7,512,mean_probs,0.870067,0.0,0.81555,0.0
SkipEncoder,camera6,camera7,512,max,0.878967,0.0,0.831965,0.0
SkipEncoder,camera6,camera7,512,mult,0.87292,0.0,0.819432,0.0
SkipEncoder,camera6,camera7,512,vote,0.865869,0.0,0.807564,0.0
SkipEncoder,camera6,camera8,512,mean_individual_models,0.818618,0.193035,0.825955,0.118198
SkipEncoder,camera6,camera8,512,sum,0.937316,0.0,0.928241,0.0
SkipEncoder,camera6,camera8,512,mean_probs,0.937316,0.0,0.928241,0.0
SkipEncoder,camera6,camera8,512,max,0.937961,0.0,0.928819,0.0
SkipEncoder,camera6,camera8,512,mult,0.936658,0.0,0.92718,0.0
SkipEncoder,camera6,camera8,512,vote,0.933285,0.0,0.922647,0.0
SkipEncoder,camera6,camera9,512,mean_individual_models,0.761198,0.180578,0.73435,0.124767
SkipEncoder,camera6,camera9,512,sum,0.868548,0.0,0.831059,0.0
SkipEncoder,camera6,camera9,512,mean_probs,0.868548,0.0,0.831059,0.0
SkipEncoder,camera6,camera9,512,max,0.883931,0.0,0.857343,0.0
SkipEncoder,camera6,camera9,512,mult,0.869314,0.0,0.831661,0.0
SkipEncoder,camera6,camera9,512,vote,0.863018,0.0,0.821027,0.0
SkipEncoder,camera6,PUC,512,mean_individual_models,0.754059,0.187288,0.737144,0.119645
SkipEncoder,camera6,PUC,512,sum,0.885094,0.0,0.851189,0.0
SkipEncoder,camera6,PUC,512,mean_probs,0.885094,0.0,0.851189,0.0
SkipEncoder,camera6,PUC,512,max,0.779221,0.0,0.775837,0.0
SkipEncoder,camera6,PUC,512,mult,0.856574,0.0,0.826789,0.0
SkipEncoder,camera6,PUC,512,vote,0.879624,0.0,0.841832,0.0
SkipEncoder,camera6,UFPR04,512,mean_individual_models,0.725482,0.175976,0.66683,0.104241
SkipEncoder,camera6,UFPR04,512,sum,0.815136,0.0,0.685901,0.0
SkipEncoder,camera6,UFPR04,512,mean_probs,0.815136,0.0,0.685901,0.0
SkipEncoder,camera6,UFPR04,512,max,0.702743,0.0,0.701138,0.0
SkipEncoder,camera6,UFPR04,512,mult,0.823807,0.0,0.729834,0.0
SkipEncoder,camera6,UFPR04,512,vote,0.810679,0.0,0.67392,0.0
SkipEncoder,camera6,UFPR05,512,mean_individual_models,0.697159,0.195099,0.697219,0.141968
SkipEncoder,camera6,UFPR05,512,sum,0.849721,0.0,0.829531,0.0
SkipEncoder,camera6,UFPR05,512,mean_probs,0.849721,0.0,0.829531,0.0
SkipEncoder,camera6,UFPR05,512,max,0.804238,0.0,0.772753,0.0
SkipEncoder,camera6,UFPR05,512,mult,0.830472,0.0,0.799388,0.0
SkipEncoder,camera6,UFPR05,512,vote,0.844225,0.0,0.820073,0.0
SkipEncoder,camera6,camera1,1024,mean_individual_models,0.738459,0.156676,0.721784,0.068523
SkipEncoder,camera6,camera1,1024,sum,0.816294,0.0,0.761024,0.0
SkipEncoder,camera6,camera1,1024,mean_probs,0.816294,0.0,0.761024,0.0
SkipEncoder,camera6,camera1,1024,max,0.838882,0.0,0.797192,0.0
SkipEncoder,camera6,camera1,1024,mult,0.821954,0.0,0.769116,0.0
SkipEncoder,camera6,camera1,1024,vote,0.823847,0.0,0.777539,0.0
SkipEncoder,camera6,camera2,1024,mean_individual_models,0.831463,0.203112,0.843311,0.135586
SkipEncoder,camera6,camera2,1024,sum,0.969769,0.0,0.968254,0.0
SkipEncoder,camera6,camera2,1024,mean_probs,0.969769,0.0,0.968254,0.0
SkipEncoder,camera6,camera2,1024,max,0.970787,0.0,0.969388,0.0
SkipEncoder,camera6,camera2,1024,mult,0.969769,0.0,0.968254,0.0
SkipEncoder,camera6,camera2,1024,vote,0.97263,0.0,0.971655,0.0
SkipEncoder,camera6,camera3,1024,mean_individual_models,0.811508,0.194701,0.82679,0.122062
SkipEncoder,camera6,camera3,1024,sum,0.938424,0.0,0.930876,0.0
SkipEncoder,camera6,camera3,1024,mean_probs,0.938424,0.0,0.930876,0.0
SkipEncoder,camera6,camera3,1024,max,0.939249,0.0,0.930568,0.0
SkipEncoder,camera6,camera3,1024,mult,0.93854,0.0,0.929647,0.0
SkipEncoder,camera6,camera3,1024,vote,0.941396,0.0,0.935791,0.0
SkipEncoder,camera6,camera4,1024,mean_individual_models,0.820986,0.192211,0.832636,0.117672
SkipEncoder,camera6,camera4,1024,sum,0.936724,0.0,0.931729,0.0
SkipEncoder,camera6,camera4,1024,mean_probs,0.936724,0.0,0.931729,0.0
SkipEncoder,camera6,camera4,1024,max,0.951196,0.0,0.949383,0.0
SkipEncoder,camera6,camera4,1024,mult,0.944699,0.0,0.941259,0.0
SkipEncoder,camera6,camera4,1024,vote,0.941112,0.0,0.937666,0.0
SkipEncoder,camera6,camera5,1024,mean_individual_models,0.788217,0.180604,0.786451,0.106503
SkipEncoder,camera6,camera5,1024,sum,0.888524,0.0,0.86715,0.0
SkipEncoder,camera6,camera5,1024,mean_probs,0.888524,0.0,0.86715,0.0
SkipEncoder,camera6,camera5,1024,max,0.904829,0.0,0.891963,0.0
SkipEncoder,camera6,camera5,1024,mult,0.894297,0.0,0.875165,0.0
SkipEncoder,camera6,camera5,1024,vote,0.898784,0.0,0.883619,0.0
SkipEncoder,camera6,camera6,1024,mean_individual_models,0.844584,0.202744,0.861756,0.129076
SkipEncoder,camera6,camera6,1024,sum,0.960936,0.0,0.95766,0.0
SkipEncoder,camera6,camera6,1024,mean_probs,0.960936,0.0,0.95766,0.0
SkipEncoder,camera6,camera6,1024,max,0.965288,0.0,0.963083,0.0
SkipEncoder,camera6,camera6,1024,mult,0.962745,0.0,0.959737,0.0
SkipEncoder,camera6,camera6,1024,vote,0.962972,0.0,0.960314,0.0
SkipEncoder,camera6,camera7,1024,mean_individual_models,0.793914,0.191292,0.778383,0.119195
SkipEncoder,camera6,camera7,1024,sum,0.882659,0.0,0.839064,0.0
SkipEncoder,camera6,camera7,1024,mean_probs,0.882659,0.0,0.839064,0.0
SkipEncoder,camera6,camera7,1024,max,0.89758,0.0,0.866238,0.0
SkipEncoder,camera6,camera7,1024,mult,0.889352,0.0,0.850266,0.0
SkipEncoder,camera6,camera7,1024,vote,0.888787,0.0,0.851264,0.0
SkipEncoder,camera6,camera8,1024,mean_individual_models,0.831101,0.200422,0.845216,0.12717
SkipEncoder,camera6,camera8,1024,sum,0.948169,0.0,0.942226,0.0
SkipEncoder,camera6,camera8,1024,mean_probs,0.948169,0.0,0.942226,0.0
SkipEncoder,camera6,camera8,1024,max,0.958055,0.0,0.955054,0.0
SkipEncoder,camera6,camera8,1024,mult,0.955447,0.0,0.950907,0.0
SkipEncoder,camera6,camera8,1024,vote,0.951955,0.0,0.947338,0.0
SkipEncoder,camera6,camera9,1024,mean_individual_models,0.773964,0.1804,0.763042,0.118661
SkipEncoder,camera6,camera9,1024,sum,0.884532,0.0,0.857745,0.0
SkipEncoder,camera6,camera9,1024,mean_probs,0.884532,0.0,0.857745,0.0
SkipEncoder,camera6,camera9,1024,max,0.914545,0.0,0.904294,0.0
SkipEncoder,camera6,camera9,1024,mult,0.896079,0.0,0.874599,0.0
SkipEncoder,camera6,camera9,1024,vote,0.89346,0.0,0.873194,0.0
SkipEncoder,camera6,PUC,1024,mean_individual_models,0.764378,0.196825,0.751989,0.13911
SkipEncoder,camera6,PUC,1024,sum,0.922423,0.0,0.908469,0.0
SkipEncoder,camera6,PUC,1024,mean_probs,0.922423,0.0,0.908469,0.0
SkipEncoder,camera6,PUC,1024,max,0.791803,0.0,0.76733,0.0
SkipEncoder,camera6,PUC,1024,mult,0.871621,0.0,0.871514,0.0
SkipEncoder,camera6,PUC,1024,vote,0.930626,0.0,0.919823,0.0
SkipEncoder,camera6,UFPR04,1024,mean_individual_models,0.711678,0.208067,0.670817,0.15063
SkipEncoder,camera6,UFPR04,1024,sum,0.870681,0.0,0.813891,0.0
SkipEncoder,camera6,UFPR04,1024,mean_probs,0.870681,0.0,0.813891,0.0
SkipEncoder,camera6,UFPR04,1024,max,0.587383,0.0,0.549266,0.0
SkipEncoder,camera6,UFPR04,1024,mult,0.79851,0.0,0.794395,0.0
SkipEncoder,camera6,UFPR04,1024,vote,0.877025,0.0,0.827062,0.0
SkipEncoder,camera6,UFPR05,1024,mean_individual_models,0.707298,0.1865,0.723188,0.13039
SkipEncoder,camera6,UFPR05,1024,sum,0.852198,0.0,0.837354,0.0
SkipEncoder,camera6,UFPR05,1024,mean_probs,0.852198,0.0,0.837354,0.0
SkipEncoder,camera6,UFPR05,1024,max,0.78488,0.0,0.765191,0.0
SkipEncoder,camera6,UFPR05,1024,mult,0.828848,0.0,0.807562,0.0
SkipEncoder,camera6,UFPR05,1024,vote,0.857632,0.0,0.848776,0.0
SkipEncoder,camera7,camera1,64,mean_individual_models,0.668468,0.159144,0.689067,0.092673
SkipEncoder,camera7,camera1,64,sum,0.746883,0.0,0.748968,0.0
SkipEncoder,camera7,camera1,64,mean_probs,0.746883,0.0,0.748968,0.0
SkipEncoder,camera7,camera1,64,max,0.654505,0.0,0.657803,0.0
SkipEncoder,camera7,camera1,64,mult,0.68772,0.0,0.690999,0.0
SkipEncoder,camera7,camera1,64,vote,0.75101,0.0,0.753427,0.0
SkipEncoder,camera7,camera2,64,mean_individual_models,0.763417,0.180286,0.7822,0.111677
SkipEncoder,camera7,camera2,64,sum,0.862467,0.0,0.861678,0.0
SkipEncoder,camera7,camera2,64,mean_probs,0.862467,0.0,0.861678,0.0
SkipEncoder,camera7,camera2,64,max,0.820323,0.0,0.818594,0.0
SkipEncoder,camera7,camera2,64,mult,0.841747,0.0,0.84127,0.0
SkipEncoder,camera7,camera2,64,vote,0.86859,0.0,0.867347,0.0
SkipEncoder,camera7,camera3,64,mean_individual_models,0.710442,0.165219,0.726329,0.100925
SkipEncoder,camera7,camera3,64,sum,0.80221,0.0,0.793856,0.0
SkipEncoder,camera7,camera3,64,mean_probs,0.80221,0.0,0.793856,0.0
SkipEncoder,camera7,camera3,64,max,0.758044,0.0,0.745008,0.0
SkipEncoder,camera7,camera3,64,mult,0.773074,0.0,0.76682,0.0
SkipEncoder,camera7,camera3,64,vote,0.8024,0.0,0.791705,0.0
SkipEncoder,camera7,camera4,64,mean_individual_models,0.780222,0.176615,0.799547,0.100196
SkipEncoder,camera7,camera4,64,sum,0.893786,0.0,0.893923,0.0
SkipEncoder,camera7,camera4,64,mean_probs,0.893786,0.0,0.893923,0.0
SkipEncoder,camera7,camera4,64,max,0.854045,0.0,0.852992,0.0
SkipEncoder,camera7,camera4,64,mult,0.882072,0.0,0.882206,0.0
SkipEncoder,camera7,camera4,64,vote,0.892798,0.0,0.892829,0.0
SkipEncoder,camera7,camera5,64,mean_individual_models,0.749709,0.166541,0.767567,0.088768
SkipEncoder,camera7,camera5,64,sum,0.849436,0.0,0.848814,0.0
SkipEncoder,camera7,camera5,64,mean_probs,0.849436,0.0,0.848814,0.0
SkipEncoder,camera7,camera5,64,max,0.814667,0.0,0.813022,0.0
SkipEncoder,camera7,camera5,64,mult,0.83367,0.0,0.833224,0.0
SkipEncoder,camera7,camera5,64,vote,0.850906,0.0,0.849583,0.0
SkipEncoder,camera7,camera6,64,mean_individual_models,0.7492,0.175271,0.769843,0.10514
SkipEncoder,camera7,camera6,64,sum,0.847181,0.0,0.847139,0.0
SkipEncoder,camera7,camera6,64,mean_probs,0.847181,0.0,0.847139,0.0
SkipEncoder,camera7,camera6,64,max,0.794553,0.0,0.792916,0.0
SkipEncoder,camera7,camera6,64,mult,0.82611,0.0,0.826142,0.0
SkipEncoder,camera7,camera6,64,vote,0.84584,0.0,0.84587,0.0
SkipEncoder,camera7,camera7,64,mean_individual_models,0.753322,0.180536,0.767957,0.112954
SkipEncoder,camera7,camera7,64,sum,0.858362,0.0,0.859583,0.0
SkipEncoder,camera7,camera7,64,mean_probs,0.858362,0.0,0.859583,0.0
SkipEncoder,camera7,camera7,64,max,0.805403,0.0,0.801686,0.0
SkipEncoder,camera7,camera7,64,mult,0.832812,0.0,0.833629,0.0
SkipEncoder,camera7,camera7,64,vote,0.859542,0.0,0.860803,0.0
SkipEncoder,camera7,camera8,64,mean_individual_models,0.765014,0.180461,0.783854,0.111889
SkipEncoder,camera7,camera8,64,sum,0.859482,0.0,0.856578,0.0
SkipEncoder,camera7,camera8,64,mean_probs,0.859482,0.0,0.856578,0.0
SkipEncoder,camera7,camera8,64,max,0.828564,0.0,0.822338,0.0
SkipEncoder,camera7,camera8,64,mult,0.844054,0.0,0.841435,0.0
SkipEncoder,camera7,camera8,64,vote,0.858584,0.0,0.854842,0.0
SkipEncoder,camera7,camera9,64,mean_individual_models,0.741665,0.164416,0.755237,0.084643
SkipEncoder,camera7,camera9,64,sum,0.834711,0.0,0.825843,0.0
SkipEncoder,camera7,camera9,64,mean_probs,0.834711,0.0,0.825843,0.0
SkipEncoder,camera7,camera9,64,max,0.805547,0.0,0.799157,0.0
SkipEncoder,camera7,camera9,64,mult,0.821444,0.0,0.810594,0.0
SkipEncoder,camera7,camera9,64,vote,0.83963,0.0,0.833066,0.0
SkipEncoder,camera7,PUC,64,mean_individual_models,0.73712,0.181922,0.745266,0.124564
SkipEncoder,camera7,PUC,64,sum,0.861746,0.0,0.854586,0.0
SkipEncoder,camera7,PUC,64,mean_probs,0.861746,0.0,0.854586,0.0
SkipEncoder,camera7,PUC,64,max,0.857588,0.0,0.856465,0.0
SkipEncoder,camera7,PUC,64,mult,0.850068,0.0,0.843618,0.0
SkipEncoder,camera7,PUC,64,vote,0.860919,0.0,0.855028,0.0
SkipEncoder,camera7,UFPR04,64,mean_individual_models,0.670413,0.211576,0.653954,0.122721
SkipEncoder,camera7,UFPR04,64,sum,0.810183,0.0,0.738769,0.0
SkipEncoder,camera7,UFPR04,64,mean_probs,0.810183,0.0,0.738769,0.0
SkipEncoder,camera7,UFPR04,64,max,0.784182,0.0,0.747126,0.0
SkipEncoder,camera7,UFPR04,64,mult,0.799336,0.0,0.728068,0.0
SkipEncoder,camera7,UFPR04,64,vote,0.811721,0.0,0.743859,0.0
SkipEncoder,camera7,UFPR05,64,mean_individual_models,0.582896,0.12086,0.595583,0.060094
SkipEncoder,camera7,UFPR05,64,sum,0.641957,0.0,0.628718,0.0
SkipEncoder,camera7,UFPR05,64,mean_probs,0.641957,0.0,0.628718,0.0
SkipEncoder,camera7,UFPR05,64,max,0.636262,0.0,0.630128,0.0
SkipEncoder,camera7,UFPR05,64,mult,0.633036,0.0,0.620476,0.0
SkipEncoder,camera7,UFPR05,64,vote,0.641045,0.0,0.631114,0.0
SkipEncoder,camera7,camera1,128,mean_individual_models,0.723372,0.1745,0.719092,0.113558
SkipEncoder,camera7,camera1,128,sum,0.821585,0.0,0.795541,0.0
SkipEncoder,camera7,camera1,128,mean_probs,0.821585,0.0,0.795541,0.0
SkipEncoder,camera7,camera1,128,max,0.79521,0.0,0.762015,0.0
SkipEncoder,camera7,camera1,128,mult,0.807558,0.0,0.774897,0.0
SkipEncoder,camera7,camera1,128,vote,0.822319,0.0,0.791742,0.0
SkipEncoder,camera7,camera2,128,mean_individual_models,0.808405,0.192214,0.826984,0.119363
SkipEncoder,camera7,camera2,128,sum,0.905699,0.0,0.904762,0.0
SkipEncoder,camera7,camera2,128,mean_probs,0.905699,0.0,0.904762,0.0
SkipEncoder,camera7,camera2,128,max,0.909295,0.0,0.909297,0.0
SkipEncoder,camera7,camera2,128,mult,0.909919,0.0,0.909297,0.0
SkipEncoder,camera7,camera2,128,vote,0.912629,0.0,0.910431,0.0
SkipEncoder,camera7,camera3,128,mean_individual_models,0.779182,0.17552,0.801997,0.098274
SkipEncoder,camera7,camera3,128,sum,0.884945,0.0,0.8851,0.0
SkipEncoder,camera7,camera3,128,mean_probs,0.884945,0.0,0.8851,0.0
SkipEncoder,camera7,camera3,128,max,0.89812,0.0,0.89831,0.0
SkipEncoder,camera7,camera3,128,mult,0.88803,0.0,0.888172,0.0
SkipEncoder,camera7,camera3,128,vote,0.883046,0.0,0.883257,0.0
SkipEncoder,camera7,camera4,128,mean_individual_models,0.815263,0.194339,0.83351,0.122635
SkipEncoder,camera7,camera4,128,sum,0.92251,0.0,0.921419,0.0
SkipEncoder,camera7,camera4,128,mean_probs,0.92251,0.0,0.921419,0.0
SkipEncoder,camera7,camera4,128,max,0.920483,0.0,0.920012,0.0
SkipEncoder,camera7,camera4,128,mult,0.921204,0.0,0.920012,0.0
SkipEncoder,camera7,camera4,128,vote,0.92092,0.0,0.919231,0.0
SkipEncoder,camera7,camera5,128,mean_individual_models,0.797027,0.189085,0.81368,0.117936
SkipEncoder,camera7,camera5,128,sum,0.91293,0.0,0.911946,0.0
SkipEncoder,camera7,camera5,128,mean_probs,0.91293,0.0,0.911946,0.0
SkipEncoder,camera7,camera5,128,max,0.908764,0.0,0.908213,0.0
SkipEncoder,camera7,camera5,128,mult,0.913809,0.0,0.912824,0.0
SkipEncoder,camera7,camera5,128,vote,0.907499,0.0,0.905578,0.0
SkipEncoder,camera7,camera6,128,mean_individual_models,0.81455,0.190233,0.834737,0.115069
SkipEncoder,camera7,camera6,128,sum,0.918422,0.0,0.916013,0.0
SkipEncoder,camera7,camera6,128,mean_probs,0.918422,0.0,0.916013,0.0
SkipEncoder,camera7,camera6,128,max,0.911103,0.0,0.909783,0.0
SkipEncoder,camera7,camera6,128,mult,0.91355,0.0,0.910937,0.0
SkipEncoder,camera7,camera6,128,vote,0.918113,0.0,0.914513,0.0
SkipEncoder,camera7,camera7,128,mean_individual_models,0.821177,0.185536,0.837045,0.103167
SkipEncoder,camera7,camera7,128,sum,0.91719,0.0,0.908163,0.0
SkipEncoder,camera7,camera7,128,mean_probs,0.91719,0.0,0.908163,0.0
SkipEncoder,camera7,camera7,128,max,0.920848,0.0,0.913709,0.0
SkipEncoder,camera7,camera7,128,mult,0.919919,0.0,0.911823,0.0
SkipEncoder,camera7,camera7,128,vote,0.914721,0.0,0.903949,0.0
SkipEncoder,camera7,camera8,128,mean_individual_models,0.82467,0.192759,0.847897,0.116918
SkipEncoder,camera7,camera8,128,sum,0.930824,0.0,0.930748,0.0
SkipEncoder,camera7,camera8,128,mean_probs,0.930824,0.0,0.930748,0.0
SkipEncoder,camera7,camera8,128,max,0.924671,0.0,0.924576,0.0
SkipEncoder,camera7,camera8,128,mult,0.928931,0.0,0.928723,0.0
SkipEncoder,camera7,camera8,128,vote,0.933114,0.0,0.932677,0.0
SkipEncoder,camera7,camera9,128,mean_individual_models,0.774899,0.17878,0.778591,0.102747
SkipEncoder,camera7,camera9,128,sum,0.883472,0.0,0.869583,0.0
SkipEncoder,camera7,camera9,128,mean_probs,0.883472,0.0,0.869583,0.0
SkipEncoder,camera7,camera9,128,max,0.87625,0.0,0.865369,0.0
SkipEncoder,camera7,camera9,128,mult,0.878948,0.0,0.865369,0.0
SkipEncoder,camera7,camera9,128,vote,0.880152,0.0,0.863162,0.0
SkipEncoder,camera7,PUC,128,mean_individual_models,0.756806,0.180252,0.752468,0.110053
SkipEncoder,camera7,PUC,128,sum,0.858408,0.0,0.833955,0.0
SkipEncoder,camera7,PUC,128,mean_probs,0.858408,0.0,0.833955,0.0
SkipEncoder,camera7,PUC,128,max,0.884588,0.0,0.875708,0.0
SkipEncoder,camera7,PUC,128,mult,0.8515,0.0,0.824537,0.0
SkipEncoder,camera7,PUC,128,vote,0.859595,0.0,0.830639,0.0
SkipEncoder,camera7,UFPR04,128,mean_individual_models,0.739439,0.15887,0.676401,0.081951
SkipEncoder,camera7,UFPR04,128,sum,0.799869,0.0,0.674497,0.0
SkipEncoder,camera7,UFPR04,128,mean_probs,0.799869,0.0,0.674497,0.0
SkipEncoder,camera7,UFPR04,128,max,0.827526,0.0,0.779135,0.0
SkipEncoder,camera7,UFPR04,128,mult,0.796219,0.0,0.663138,0.0
SkipEncoder,camera7,UFPR04,128,vote,0.797682,0.0,0.668529,0.0
SkipEncoder,camera7,UFPR05,128,mean_individual_models,0.632577,0.164028,0.632904,0.107619
SkipEncoder,camera7,UFPR05,128,sum,0.726828,0.0,0.710817,0.0
SkipEncoder,camera7,UFPR05,128,mean_probs,0.726828,0.0,0.710817,0.0
SkipEncoder,camera7,UFPR05,128,max,0.687,0.0,0.66964,0.0
SkipEncoder,camera7,UFPR05,128,mult,0.702097,0.0,0.679583,0.0
SkipEncoder,camera7,UFPR05,128,vote,0.729091,0.0,0.708226,0.0
SkipEncoder,camera7,camera1,256,mean_individual_models,0.728874,0.166237,0.726986,0.107876
SkipEncoder,camera7,camera1,256,sum,0.838913,0.0,0.814533,0.0
SkipEncoder,camera7,camera1,256,mean_probs,0.838913,0.0,0.814533,0.0
SkipEncoder,camera7,camera1,256,max,0.80763,0.0,0.733774,0.0
SkipEncoder,camera7,camera1,256,mult,0.819001,0.0,0.772419,0.0
SkipEncoder,camera7,camera1,256,vote,0.843769,0.0,0.825268,0.0
SkipEncoder,camera7,camera2,256,mean_individual_models,0.813793,0.194461,0.826984,0.123396
SkipEncoder,camera7,camera2,256,sum,0.946134,0.0,0.941043,0.0
SkipEncoder,camera7,camera2,256,mean_probs,0.946134,0.0,0.941043,0.0
SkipEncoder,camera7,camera2,256,max,0.924711,0.0,0.912698,0.0
SkipEncoder,camera7,camera2,256,mult,0.932337,0.0,0.922902,0.0
SkipEncoder,camera7,camera2,256,vote,0.946471,0.0,0.943311,0.0
SkipEncoder,camera7,camera3,256,mean_individual_models,0.787188,0.186324,0.805868,0.114954
SkipEncoder,camera7,camera3,256,sum,0.907952,0.0,0.908141,0.0
SkipEncoder,camera7,camera3,256,mean_probs,0.907952,0.0,0.908141,0.0
SkipEncoder,camera7,camera3,256,max,0.912652,0.0,0.908756,0.0
SkipEncoder,camera7,camera3,256,mult,0.917186,0.0,0.915822,0.0
SkipEncoder,camera7,camera3,256,vote,0.903231,0.0,0.903226,0.0
SkipEncoder,camera7,camera4,256,mean_individual_models,0.826643,0.194042,0.846071,0.118684
SkipEncoder,camera7,camera4,256,sum,0.944572,0.0,0.944071,0.0
SkipEncoder,camera7,camera4,256,mean_probs,0.944572,0.0,0.944071,0.0
SkipEncoder,camera7,camera4,256,max,0.919969,0.0,0.91517,0.0
SkipEncoder,camera7,camera4,256,mult,0.929197,0.0,0.926418,0.0
SkipEncoder,camera7,camera4,256,vote,0.943869,0.0,0.943759,0.0
SkipEncoder,camera7,camera5,256,mean_individual_models,0.806422,0.186638,0.819993,0.112621
SkipEncoder,camera7,camera5,256,sum,0.925519,0.0,0.922815,0.0
SkipEncoder,camera7,camera5,256,mean_probs,0.925519,0.0,0.922815,0.0
SkipEncoder,camera7,camera5,256,max,0.887443,0.0,0.868687,0.0
SkipEncoder,camera7,camera5,256,mult,0.918682,0.0,0.913043,0.0
SkipEncoder,camera7,camera5,256,vote,0.927409,0.0,0.925889,0.0
SkipEncoder,camera7,camera6,256,mean_individual_models,0.823653,0.196416,0.842086,0.123216
SkipEncoder,camera7,camera6,256,sum,0.930817,0.0,0.926511,0.0
SkipEncoder,camera7,camera6,256,mean_probs,0.930817,0.0,0.926511,0.0
SkipEncoder,camera7,camera6,256,max,0.921691,0.0,0.91209,0.0
SkipEncoder,camera7,camera6,256,mult,0.928588,0.0,0.92132,0.0
SkipEncoder,camera7,camera6,256,vote,0.930591,0.0,0.927434,0.0
SkipEncoder,camera7,camera7,256,mean_individual_models,0.821378,0.200879,0.830856,0.130364
SkipEncoder,camera7,camera7,256,sum,0.929935,0.0,0.920364,0.0
SkipEncoder,camera7,camera7,256,mean_probs,0.929935,0.0,0.920364,0.0
SkipEncoder,camera7,camera7,256,max,0.90668,0.0,0.883319,0.0
SkipEncoder,camera7,camera7,256,mult,0.92114,0.0,0.906167,0.0
SkipEncoder,camera7,camera7,256,vote,0.930888,0.0,0.923358,0.0
SkipEncoder,camera7,camera8,256,mean_individual_models,0.831725,0.201738,0.851524,0.130742
SkipEncoder,camera7,camera8,256,sum,0.946433,0.0,0.945602,0.0
SkipEncoder,camera7,camera8,256,mean_probs,0.946433,0.0,0.945602,0.0
SkipEncoder,camera7,camera8,256,max,0.945258,0.0,0.940683,0.0
SkipEncoder,camera7,camera8,256,mult,0.947937,0.0,0.945602,0.0
SkipEncoder,camera7,camera8,256,vote,0.943898,0.0,0.943576,0.0
SkipEncoder,camera7,camera9,256,mean_individual_models,0.778313,0.176149,0.783066,0.095639
SkipEncoder,camera7,camera9,256,sum,0.889513,0.0,0.873596,0.0
SkipEncoder,camera7,camera9,256,mean_probs,0.889513,0.0,0.873596,0.0
SkipEncoder,camera7,camera9,256,max,0.863692,0.0,0.838483,0.0
SkipEncoder,camera7,camera9,256,mult,0.877542,0.0,0.855337,0.0
SkipEncoder,camera7,camera9,256,vote,0.893191,0.0,0.880417,0.0
SkipEncoder,camera7,PUC,256,mean_individual_models,0.780955,0.191803,0.783704,0.126633
SkipEncoder,camera7,PUC,256,sum,0.896123,0.0,0.882357,0.0
SkipEncoder,camera7,PUC,256,mean_probs,0.896123,0.0,0.882357,0.0
SkipEncoder,camera7,PUC,256,max,0.922439,0.0,0.918132,0.0
SkipEncoder,camera7,PUC,256,mult,0.877444,0.0,0.85393,0.0
SkipEncoder,camera7,PUC,256,vote,0.898819,0.0,0.887132,0.0
SkipEncoder,camera7,UFPR04,256,mean_individual_models,0.750784,0.178857,0.697958,0.112466
SkipEncoder,camera7,UFPR04,256,sum,0.821143,0.0,0.72786,0.0
SkipEncoder,camera7,UFPR04,256,mean_probs,0.821143,0.0,0.72786,0.0
SkipEncoder,camera7,UFPR04,256,max,0.866999,0.0,0.847758,0.0
SkipEncoder,camera7,UFPR04,256,mult,0.801877,0.0,0.689133,0.0
SkipEncoder,camera7,UFPR04,256,vote,0.825358,0.0,0.739761,0.0
SkipEncoder,camera7,UFPR05,256,mean_individual_models,0.669943,0.164505,0.66691,0.108559
SkipEncoder,camera7,UFPR05,256,sum,0.764433,0.0,0.754248,0.0
SkipEncoder,camera7,UFPR05,256,mean_probs,0.764433,0.0,0.754248,0.0
SkipEncoder,camera7,UFPR05,256,max,0.775999,0.0,0.721887,0.0
SkipEncoder,camera7,UFPR05,256,mult,0.763109,0.0,0.719946,0.0
SkipEncoder,camera7,UFPR05,256,vote,0.765095,0.0,0.760451,0.0
SkipEncoder,camera7,camera1,512,mean_individual_models,0.750271,0.1654,0.745219,0.105995
SkipEncoder,camera7,camera1,512,sum,0.857595,0.0,0.840793,0.0
SkipEncoder,camera7,camera1,512,mean_probs,0.857595,0.0,0.840793,0.0
SkipEncoder,camera7,camera1,512,max,0.813311,0.0,0.765813,0.0
SkipEncoder,camera7,camera1,512,mult,0.839889,0.0,0.812717,0.0
SkipEncoder,camera7,camera1,512,vote,0.861896,0.0,0.849216,0.0
SkipEncoder,camera7,camera2,512,mean_individual_models,0.827653,0.198898,0.840476,0.133405
SkipEncoder,camera7,camera2,512,sum,0.960233,0.0,0.959184,0.0
SkipEncoder,camera7,camera2,512,mean_probs,0.960233,0.0,0.959184,0.0
SkipEncoder,camera7,camera2,512,max,0.962189,0.0,0.960317,0.0
SkipEncoder,camera7,camera2,512,mult,0.961472,0.0,0.960317,0.0
SkipEncoder,camera7,camera2,512,vote,0.960233,0.0,0.959184,0.0
SkipEncoder,camera7,camera3,512,mean_individual_models,0.817676,0.196516,0.835822,0.126048
SkipEncoder,camera7,camera3,512,sum,0.936262,0.0,0.936406,0.0
SkipEncoder,camera7,camera3,512,mean_probs,0.936262,0.0,0.936406,0.0
SkipEncoder,camera7,camera3,512,max,0.943801,0.0,0.941935,0.0
SkipEncoder,camera7,camera3,512,mult,0.940912,0.0,0.940707,0.0
SkipEncoder,camera7,camera3,512,vote,0.935612,0.0,0.935791,0.0
SkipEncoder,camera7,camera4,512,mean_individual_models,0.839787,0.198912,0.860256,0.124181
SkipEncoder,camera7,camera4,512,sum,0.965661,0.0,0.965787,0.0
SkipEncoder,camera7,camera4,512,mean_probs,0.965661,0.0,0.965787,0.0
SkipEncoder,camera7,camera4,512,max,0.953272,0.0,0.953289,0.0
SkipEncoder,camera7,camera4,512,mult,0.962075,0.0,0.962193,0.0
SkipEncoder,camera7,camera4,512,vote,0.965822,0.0,0.965943,0.0
SkipEncoder,camera7,camera5,512,mean_individual_models,0.820902,0.193121,0.835826,0.121203
SkipEncoder,camera7,camera5,512,sum,0.94084,0.0,0.940492,0.0
SkipEncoder,camera7,camera5,512,mean_probs,0.94084,0.0,0.940492,0.0
SkipEncoder,camera7,camera5,512,max,0.934245,0.0,0.931818,0.0
SkipEncoder,camera7,camera5,512,mult,0.944068,0.0,0.943347,0.0
SkipEncoder,camera7,camera5,512,vote,0.941361,0.0,0.94137,0.0
SkipEncoder,camera7,camera6,512,mean_individual_models,0.842186,0.202218,0.862217,0.129574
SkipEncoder,camera7,camera6,512,sum,0.955626,0.0,0.954545,0.0
SkipEncoder,camera7,camera6,512,mean_probs,0.955626,0.0,0.954545,0.0
SkipEncoder,camera7,camera6,512,max,0.955824,0.0,0.954315,0.0
SkipEncoder,camera7,camera6,512,mult,0.955879,0.0,0.95443,0.0
SkipEncoder,camera7,camera6,512,vote,0.955197,0.0,0.954315,0.0
SkipEncoder,camera7,camera7,512,mean_individual_models,0.827185,0.204319,0.835725,0.136424
SkipEncoder,camera7,camera7,512,sum,0.93651,0.0,0.929237,0.0
SkipEncoder,camera7,camera7,512,mean_probs,0.93651,0.0,0.929237,0.0
SkipEncoder,camera7,camera7,512,max,0.939403,0.0,0.930568,0.0
SkipEncoder,camera7,camera7,512,mult,0.939263,0.0,0.931677,0.0
SkipEncoder,camera7,camera7,512,vote,0.937883,0.0,0.931899,0.0
SkipEncoder,camera7,camera8,512,mean_individual_models,0.843185,0.205646,0.863098,0.135487
SkipEncoder,camera7,camera8,512,sum,0.959047,0.0,0.958912,0.0
SkipEncoder,camera7,camera8,512,mean_probs,0.959047,0.0,0.958912,0.0
SkipEncoder,camera7,camera8,512,max,0.961063,0.0,0.959973,0.0
SkipEncoder,camera7,camera8,512,mult,0.960401,0.0,0.960069,0.0
SkipEncoder,camera7,camera8,512,vote,0.958457,0.0,0.95843,0.0
SkipEncoder,camera7,camera9,512,mean_individual_models,0.789603,0.181801,0.797171,0.106877
SkipEncoder,camera7,camera9,512,sum,0.913453,0.0,0.905498,0.0
SkipEncoder,camera7,camera9,512,mean_probs,0.913453,0.0,0.905498,0.0
SkipEncoder,camera7,camera9,512,max,0.897076,0.0,0.891252,0.0
SkipEncoder,camera7,camera9,512,mult,0.908881,0.0,0.900482,0.0
SkipEncoder,camera7,camera9,512,vote,0.917038,0.0,0.911116,0.0
SkipEncoder,camera7,PUC,512,mean_individual_models,0.782247,0.192703,0.788751,0.126983
SkipEncoder,camera7,PUC,512,sum,0.928296,0.0,0.925989,0.0
SkipEncoder,camera7,PUC,512,mean_probs,0.928296,0.0,0.925989,0.0
SkipEncoder,camera7,PUC,512,max,0.931602,0.0,0.931271,0.0
SkipEncoder,camera7,PUC,512,mult,0.926427,0.0,0.923804,0.0
SkipEncoder,camera7,PUC,512,vote,0.928539,0.0,0.927111,0.0
SkipEncoder,camera7,UFPR04,512,mean_individual_models,0.751091,0.181634,0.723457,0.118682
SkipEncoder,camera7,UFPR04,512,sum,0.861569,0.0,0.81852,0.0
SkipEncoder,camera7,UFPR04,512,mean_probs,0.861569,0.0,0.81852,0.0
SkipEncoder,camera7,UFPR04,512,max,0.910789,0.0,0.908313,0.0
SkipEncoder,camera7,UFPR04,512,mult,0.866023,0.0,0.82645,0.0
SkipEncoder,camera7,UFPR04,512,vote,0.864412,0.0,0.826138,0.0
SkipEncoder,camera7,UFPR05,512,mean_individual_models,0.692592,0.161024,0.702395,0.101855
SkipEncoder,camera7,UFPR05,512,sum,0.813741,0.0,0.814027,0.0
SkipEncoder,camera7,UFPR05,512,mean_probs,0.813741,0.0,0.814027,0.0
SkipEncoder,camera7,UFPR05,512,max,0.810524,0.0,0.799216,0.0
SkipEncoder,camera7,UFPR05,512,mult,0.80739,0.0,0.803285,0.0
SkipEncoder,camera7,UFPR05,512,vote,0.814495,0.0,0.816378,0.0
SkipEncoder,camera7,camera1,1024,mean_individual_models,0.735702,0.179704,0.730454,0.120169
SkipEncoder,camera7,camera1,1024,sum,0.850286,0.0,0.830058,0.0
SkipEncoder,camera7,camera1,1024,mean_probs,0.850286,0.0,0.830058,0.0
SkipEncoder,camera7,camera1,1024,max,0.841832,0.0,0.814038,0.0
SkipEncoder,camera7,camera1,1024,mult,0.839957,0.0,0.812386,0.0
SkipEncoder,camera7,camera1,1024,vote,0.846638,0.0,0.823617,0.0
SkipEncoder,camera7,camera2,1024,mean_individual_models,0.82525,0.201137,0.838209,0.141695
SkipEncoder,camera7,camera2,1024,sum,0.965815,0.0,0.964853,0.0
SkipEncoder,camera7,camera2,1024,mean_probs,0.965815,0.0,0.964853,0.0
SkipEncoder,camera7,camera2,1024,max,0.959199,0.0,0.95805,0.0
SkipEncoder,camera7,camera2,1024,mult,0.957381,0.0,0.955782,0.0
SkipEncoder,camera7,camera2,1024,vote,0.966017,0.0,0.964853,0.0
SkipEncoder,camera7,camera3,1024,mean_individual_models,0.824403,0.194445,0.843748,0.121881
SkipEncoder,camera7,camera3,1024,sum,0.957722,0.0,0.956989,0.0
SkipEncoder,camera7,camera3,1024,mean_probs,0.957722,0.0,0.956989,0.0
SkipEncoder,camera7,camera3,1024,max,0.946304,0.0,0.943472,0.0
SkipEncoder,camera7,camera3,1024,mult,0.955342,0.0,0.95361,0.0
SkipEncoder,camera7,camera3,1024,vote,0.956477,0.0,0.955453,0.0
SkipEncoder,camera7,camera4,1024,mean_individual_models,0.841817,0.204432,0.860537,0.133984
SkipEncoder,camera7,camera4,1024,sum,0.96707,0.0,0.967036,0.0
SkipEncoder,camera7,camera4,1024,mean_probs,0.96707,0.0,0.967036,0.0
SkipEncoder,camera7,camera4,1024,max,0.955586,0.0,0.955632,0.0
SkipEncoder,camera7,camera4,1024,mult,0.96596,0.0,0.965943,0.0
SkipEncoder,camera7,camera4,1024,vote,0.965605,0.0,0.965474,0.0
SkipEncoder,camera7,camera5,1024,mean_individual_models,0.819168,0.198691,0.831203,0.130502
SkipEncoder,camera7,camera5,1024,sum,0.941247,0.0,0.939943,0.0
SkipEncoder,camera7,camera5,1024,mean_probs,0.941247,0.0,0.939943,0.0
SkipEncoder,camera7,camera5,1024,max,0.935822,0.0,0.933465,0.0
SkipEncoder,camera7,camera5,1024,mult,0.941714,0.0,0.939943,0.0
SkipEncoder,camera7,camera5,1024,vote,0.93808,0.0,0.93621,0.0
SkipEncoder,camera7,camera6,1024,mean_individual_models,0.848492,0.203756,0.869555,0.130375
SkipEncoder,camera7,camera6,1024,sum,0.964242,0.0,0.962621,0.0
SkipEncoder,camera7,camera6,1024,mean_probs,0.964242,0.0,0.962621,0.0
SkipEncoder,camera7,camera6,1024,max,0.958114,0.0,0.956853,0.0
SkipEncoder,camera7,camera6,1024,mult,0.962594,0.0,0.960891,0.0
SkipEncoder,camera7,camera6,1024,vote,0.960313,0.0,0.958122,0.0
SkipEncoder,camera7,camera7,1024,mean_individual_models,0.832618,0.192939,0.845397,0.113315
SkipEncoder,camera7,camera7,1024,sum,0.935791,0.0,0.926242,0.0
SkipEncoder,camera7,camera7,1024,mean_probs,0.935791,0.0,0.926242,0.0
SkipEncoder,camera7,camera7,1024,max,0.938152,0.0,0.92957,0.0
SkipEncoder,camera7,camera7,1024,mult,0.938554,0.0,0.929459,0.0
SkipEncoder,camera7,camera7,1024,vote,0.932806,0.0,0.922028,0.0
SkipEncoder,camera7,camera8,1024,mean_individual_models,0.849973,0.203816,0.871219,0.130908
SkipEncoder,camera7,camera8,1024,sum,0.966726,0.0,0.966146,0.0
SkipEncoder,camera7,camera8,1024,mean_probs,0.966726,0.0,0.966146,0.0
SkipEncoder,camera7,camera8,1024,max,0.96254,0.0,0.961806,0.0
SkipEncoder,camera7,camera8,1024,mult,0.967646,0.0,0.967014,0.0
SkipEncoder,camera7,camera8,1024,vote,0.965294,0.0,0.964603,0.0
SkipEncoder,camera7,camera9,1024,mean_individual_models,0.794609,0.189664,0.80313,0.118639
SkipEncoder,camera7,camera9,1024,sum,0.926973,0.0,0.922151,0.0
SkipEncoder,camera7,camera9,1024,mean_probs,0.926973,0.0,0.922151,0.0
SkipEncoder,camera7,camera9,1024,max,0.914465,0.0,0.911717,0.0
SkipEncoder,camera7,camera9,1024,mult,0.922266,0.0,0.917335,0.0
SkipEncoder,camera7,camera9,1024,vote,0.921666,0.0,0.91553,0.0
SkipEncoder,camera7,PUC,1024,mean_individual_models,0.781731,0.191,0.791687,0.123482
SkipEncoder,camera7,PUC,1024,sum,0.940199,0.0,0.938737,0.0
SkipEncoder,camera7,PUC,1024,mean_probs,0.940199,0.0,0.938737,0.0
SkipEncoder,camera7,PUC,1024,max,0.882844,0.0,0.876818,0.0
SkipEncoder,camera7,PUC,1024,mult,0.925963,0.0,0.925243,0.0
SkipEncoder,camera7,PUC,1024,vote,0.937777,0.0,0.935809,0.0
SkipEncoder,camera7,UFPR04,1024,mean_individual_models,0.736673,0.165614,0.722473,0.090935
SkipEncoder,camera7,UFPR04,1024,sum,0.875901,0.0,0.849501,0.0
SkipEncoder,camera7,UFPR04,1024,mean_probs,0.875901,0.0,0.849501,0.0
SkipEncoder,camera7,UFPR04,1024,max,0.846309,0.0,0.846881,0.0
SkipEncoder,camera7,UFPR04,1024,mult,0.863022,0.0,0.84538,0.0
SkipEncoder,camera7,UFPR04,1024,vote,0.871797,0.0,0.84149,0.0
SkipEncoder,camera7,UFPR05,1024,mean_individual_models,0.68231,0.178535,0.688794,0.120111
SkipEncoder,camera7,UFPR05,1024,sum,0.816955,0.0,0.814721,0.0
SkipEncoder,camera7,UFPR05,1024,mean_probs,0.816955,0.0,0.814721,0.0
SkipEncoder,camera7,UFPR05,1024,max,0.770048,0.0,0.765176,0.0
SkipEncoder,camera7,UFPR05,1024,mult,0.795156,0.0,0.790184,0.0
SkipEncoder,camera7,UFPR05,1024,vote,0.817005,0.0,0.812145,0.0
SkipEncoder,camera8,camera1,64,mean_individual_models,0.731753,0.15509,0.712122,0.075277
SkipEncoder,camera8,camera1,64,sum,0.807048,0.0,0.759207,0.0
SkipEncoder,camera8,camera1,64,mean_probs,0.807048,0.0,0.759207,0.0
SkipEncoder,camera8,camera1,64,max,0.799785,0.0,0.732618,0.0
SkipEncoder,camera8,camera1,64,mult,0.802791,0.0,0.743518,0.0
SkipEncoder,camera8,camera1,64,vote,0.814048,0.0,0.774071,0.0
SkipEncoder,camera8,camera2,64,mean_individual_models,0.78389,0.181965,0.793084,0.108116
SkipEncoder,camera8,camera2,64,sum,0.894742,0.0,0.886621,0.0
SkipEncoder,camera8,camera2,64,mean_probs,0.894742,0.0,0.886621,0.0
SkipEncoder,camera8,camera2,64,max,0.905779,0.0,0.897959,0.0
SkipEncoder,camera8,camera2,64,mult,0.909365,0.0,0.903628,0.0
SkipEncoder,camera8,camera2,64,vote,0.892788,0.0,0.886621,0.0
SkipEncoder,camera8,camera3,64,mean_individual_models,0.798085,0.188614,0.809585,0.115998
SkipEncoder,camera8,camera3,64,sum,0.918955,0.0,0.911521,0.0
SkipEncoder,camera8,camera3,64,mean_probs,0.918955,0.0,0.911521,0.0
SkipEncoder,camera8,camera3,64,max,0.920527,0.0,0.909677,0.0
SkipEncoder,camera8,camera3,64,mult,0.921324,0.0,0.911828,0.0
SkipEncoder,camera8,camera3,64,vote,0.919257,0.0,0.914286,0.0
SkipEncoder,camera8,camera4,64,mean_individual_models,0.80712,0.186532,0.811264,0.112033
SkipEncoder,camera8,camera4,64,sum,0.918005,0.0,0.910014,0.0
SkipEncoder,camera8,camera4,64,mean_probs,0.918005,0.0,0.910014,0.0
SkipEncoder,camera8,camera4,64,max,0.898469,0.0,0.884081,0.0
SkipEncoder,camera8,camera4,64,mult,0.912099,0.0,0.90189,0.0
SkipEncoder,camera8,camera4,64,vote,0.922198,0.0,0.916107,0.0
SkipEncoder,camera8,camera5,64,mean_individual_models,0.767868,0.175469,0.762637,0.107086
SkipEncoder,camera8,camera5,64,sum,0.857818,0.0,0.839262,0.0
SkipEncoder,camera8,camera5,64,mean_probs,0.857818,0.0,0.839262,0.0
SkipEncoder,camera8,camera5,64,max,0.841707,0.0,0.809838,0.0
SkipEncoder,camera8,camera5,64,mult,0.849223,0.0,0.824111,0.0
SkipEncoder,camera8,camera5,64,vote,0.866994,0.0,0.854194,0.0
SkipEncoder,camera8,camera6,64,mean_individual_models,0.811642,0.191101,0.822254,0.117501
SkipEncoder,camera8,camera6,64,sum,0.928326,0.0,0.922935,0.0
SkipEncoder,camera8,camera6,64,mean_probs,0.928326,0.0,0.922935,0.0
SkipEncoder,camera8,camera6,64,max,0.917819,0.0,0.910706,0.0
SkipEncoder,camera8,camera6,64,mult,0.924947,0.0,0.918782,0.0
SkipEncoder,camera8,camera6,64,vote,0.930499,0.0,0.925934,0.0
SkipEncoder,camera8,camera7,64,mean_individual_models,0.778826,0.187069,0.762289,0.116938
SkipEncoder,camera8,camera7,64,sum,0.864596,0.0,0.825865,0.0
SkipEncoder,camera8,camera7,64,mean_probs,0.864596,0.0,0.825865,0.0
SkipEncoder,camera8,camera7,64,max,0.857038,0.0,0.805901,0.0
SkipEncoder,camera8,camera7,64,mult,0.861777,0.0,0.816216,0.0
SkipEncoder,camera8,camera7,64,vote,0.87059,0.0,0.836735,0.0
SkipEncoder,camera8,camera8,64,mean_individual_models,0.81329,0.193369,0.82582,0.119579
SkipEncoder,camera8,camera8,64,sum,0.927608,0.0,0.92255,0.0
SkipEncoder,camera8,camera8,64,mean_probs,0.927608,0.0,0.92255,0.0
SkipEncoder,camera8,camera8,64,max,0.922453,0.0,0.915123,0.0
SkipEncoder,camera8,camera8,64,mult,0.929009,0.0,0.922936,0.0
SkipEncoder,camera8,camera8,64,vote,0.931448,0.0,0.927566,0.0
SkipEncoder,camera8,camera9,64,mean_individual_models,0.734508,0.166538,0.722953,0.106236
SkipEncoder,camera8,camera9,64,sum,0.833296,0.0,0.80638,0.0
SkipEncoder,camera8,camera9,64,mean_probs,0.833296,0.0,0.80638,0.0
SkipEncoder,camera8,camera9,64,max,0.83979,0.0,0.81862,0.0
SkipEncoder,camera8,camera9,64,mult,0.83932,0.0,0.814406,0.0
SkipEncoder,camera8,camera9,64,vote,0.837191,0.0,0.814005,0.0
SkipEncoder,camera8,PUC,64,mean_individual_models,0.760952,0.181103,0.746475,0.111931
SkipEncoder,camera8,PUC,64,sum,0.870771,0.0,0.834394,0.0
SkipEncoder,camera8,PUC,64,mean_probs,0.870771,0.0,0.834394,0.0
SkipEncoder,camera8,PUC,64,max,0.871201,0.0,0.829214,0.0
SkipEncoder,camera8,PUC,64,mult,0.87073,0.0,0.829243,0.0
SkipEncoder,camera8,PUC,64,vote,0.873995,0.0,0.842141,0.0
SkipEncoder,camera8,UFPR04,64,mean_individual_models,0.737109,0.175236,0.668843,0.103903
SkipEncoder,camera8,UFPR04,64,sum,0.797211,0.0,0.667167,0.0
SkipEncoder,camera8,UFPR04,64,mean_probs,0.797211,0.0,0.667167,0.0
SkipEncoder,camera8,UFPR04,64,max,0.789578,0.0,0.662099,0.0
SkipEncoder,camera8,UFPR04,64,mult,0.799725,0.0,0.658717,0.0
SkipEncoder,camera8,UFPR04,64,vote,0.801324,0.0,0.679379,0.0
SkipEncoder,camera8,UFPR05,64,mean_individual_models,0.716585,0.174805,0.72072,0.120721
SkipEncoder,camera8,UFPR05,64,sum,0.847802,0.0,0.839706,0.0
SkipEncoder,camera8,UFPR05,64,mean_probs,0.847802,0.0,0.839706,0.0
SkipEncoder,camera8,UFPR05,64,max,0.803539,0.0,0.750679,0.0
SkipEncoder,camera8,UFPR05,64,mult,0.823761,0.0,0.793416,0.0
SkipEncoder,camera8,UFPR05,64,vote,0.853806,0.0,0.850224,0.0
SkipEncoder,camera8,camera1,128,mean_individual_models,0.744799,0.158179,0.723237,0.073077
SkipEncoder,camera8,camera1,128,sum,0.81796,0.0,0.767465,0.0
SkipEncoder,camera8,camera1,128,mean_probs,0.81796,0.0,0.767465,0.0
SkipEncoder,camera8,camera1,128,max,0.814477,0.0,0.761354,0.0
SkipEncoder,camera8,camera1,128,mult,0.814173,0.0,0.761519,0.0
SkipEncoder,camera8,camera1,128,vote,0.825209,0.0,0.782824,0.0
SkipEncoder,camera8,camera2,128,mean_individual_models,0.81183,0.190271,0.825624,0.113848
SkipEncoder,camera8,camera2,128,sum,0.924565,0.0,0.919501,0.0
SkipEncoder,camera8,camera2,128,mean_probs,0.924565,0.0,0.919501,0.0
SkipEncoder,camera8,camera2,128,max,0.936145,0.0,0.931973,0.0
SkipEncoder,camera8,camera2,128,mult,0.931023,0.0,0.926304,0.0
SkipEncoder,camera8,camera2,128,vote,0.921857,0.0,0.917234,0.0
SkipEncoder,camera8,camera3,128,mean_individual_models,0.818128,0.195148,0.835822,0.122434
SkipEncoder,camera8,camera3,128,sum,0.937309,0.0,0.932719,0.0
SkipEncoder,camera8,camera3,128,mean_probs,0.937309,0.0,0.932719,0.0
SkipEncoder,camera8,camera3,128,max,0.938896,0.0,0.933641,0.0
SkipEncoder,camera8,camera3,128,mult,0.940971,0.0,0.936713,0.0
SkipEncoder,camera8,camera3,128,vote,0.933799,0.0,0.930876,0.0
SkipEncoder,camera8,camera4,128,mean_individual_models,0.81897,0.189262,0.831401,0.110754
SkipEncoder,camera8,camera4,128,sum,0.920398,0.0,0.912982,0.0
SkipEncoder,camera8,camera4,128,mean_probs,0.920398,0.0,0.912982,0.0
SkipEncoder,camera8,camera4,128,max,0.932688,0.0,0.927668,0.0
SkipEncoder,camera8,camera4,128,mult,0.923676,0.0,0.917044,0.0
SkipEncoder,camera8,camera4,128,vote,0.922287,0.0,0.915638,0.0
SkipEncoder,camera8,camera5,128,mean_individual_models,0.781393,0.176694,0.782554,0.097011
SkipEncoder,camera8,camera5,128,sum,0.87215,0.0,0.853535,0.0
SkipEncoder,camera8,camera5,128,mean_probs,0.87215,0.0,0.853535,0.0
SkipEncoder,camera8,camera5,128,max,0.882177,0.0,0.869016,0.0
SkipEncoder,camera8,camera5,128,mult,0.878827,0.0,0.863746,0.0
SkipEncoder,camera8,camera5,128,vote,0.875351,0.0,0.859464,0.0
SkipEncoder,camera8,camera6,128,mean_individual_models,0.827526,0.195671,0.843724,0.120492
SkipEncoder,camera8,camera6,128,sum,0.935543,0.0,0.930895,0.0
SkipEncoder,camera8,camera6,128,mean_probs,0.935543,0.0,0.930895,0.0
SkipEncoder,camera8,camera6,128,max,0.936566,0.0,0.93251,0.0
SkipEncoder,camera8,camera6,128,mult,0.938384,0.0,0.93401,0.0
SkipEncoder,camera8,camera6,128,vote,0.936176,0.0,0.93228,0.0
SkipEncoder,camera8,camera7,128,mean_individual_models,0.791007,0.189308,0.778693,0.113788
SkipEncoder,camera8,camera7,128,sum,0.878542,0.0,0.843833,0.0
SkipEncoder,camera8,camera7,128,mean_probs,0.878542,0.0,0.843833,0.0
SkipEncoder,camera8,camera7,128,max,0.888488,0.0,0.860692,0.0
SkipEncoder,camera8,camera7,128,mult,0.883912,0.0,0.85193,0.0
SkipEncoder,camera8,camera7,128,vote,0.879519,0.0,0.847826,0.0
SkipEncoder,camera8,camera8,128,mean_individual_models,0.831635,0.199339,0.849566,0.125933
SkipEncoder,camera8,camera8,128,sum,0.943809,0.0,0.940876,0.0
SkipEncoder,camera8,camera8,128,mean_probs,0.943809,0.0,0.940876,0.0
SkipEncoder,camera8,camera8,128,max,0.943425,0.0,0.940972,0.0
SkipEncoder,camera8,camera8,128,mult,0.944502,0.0,0.941647,0.0
SkipEncoder,camera8,camera8,128,vote,0.944792,0.0,0.942419,0.0
SkipEncoder,camera8,camera9,128,mean_individual_models,0.758807,0.172396,0.756982,0.102153
SkipEncoder,camera8,camera9,128,sum,0.864391,0.0,0.848917,0.0
SkipEncoder,camera8,camera9,128,mean_probs,0.864391,0.0,0.848917,0.0
SkipEncoder,camera8,camera9,128,max,0.878763,0.0,0.869181,0.0
SkipEncoder,camera8,camera9,128,mult,0.870381,0.0,0.856942,0.0
SkipEncoder,camera8,camera9,128,vote,0.868,0.0,0.855136,0.0
SkipEncoder,camera8,PUC,128,mean_individual_models,0.773071,0.189838,0.770239,0.123477
SkipEncoder,camera8,PUC,128,sum,0.906704,0.0,0.890538,0.0
SkipEncoder,camera8,PUC,128,mean_probs,0.906704,0.0,0.890538,0.0
SkipEncoder,camera8,PUC,128,max,0.889024,0.0,0.882527,0.0
SkipEncoder,camera8,PUC,128,mult,0.911117,0.0,0.896573,0.0
SkipEncoder,camera8,PUC,128,vote,0.908319,0.0,0.893957,0.0
SkipEncoder,camera8,UFPR04,128,mean_individual_models,0.730137,0.180061,0.680556,0.108481
SkipEncoder,camera8,UFPR04,128,sum,0.826396,0.0,0.730123,0.0
SkipEncoder,camera8,UFPR04,128,mean_probs,0.826396,0.0,0.730123,0.0
SkipEncoder,camera8,UFPR04,128,max,0.777138,0.0,0.720115,0.0
SkipEncoder,camera8,UFPR04,128,mult,0.815934,0.0,0.725356,0.0
SkipEncoder,camera8,UFPR04,128,vote,0.828695,0.0,0.736691,0.0
SkipEncoder,camera8,UFPR05,128,mean_individual_models,0.712108,0.172447,0.708352,0.114015
SkipEncoder,camera8,UFPR05,128,sum,0.818784,0.0,0.789624,0.0
SkipEncoder,camera8,UFPR05,128,mean_probs,0.818784,0.0,0.789624,0.0
SkipEncoder,camera8,UFPR05,128,max,0.791217,0.0,0.746372,0.0
SkipEncoder,camera8,UFPR05,128,mult,0.803316,0.0,0.763877,0.0
SkipEncoder,camera8,UFPR05,128,vote,0.823459,0.0,0.799358,0.0
SkipEncoder,camera8,camera1,256,mean_individual_models,0.737329,0.173228,0.704839,0.096722
SkipEncoder,camera8,camera1,256,sum,0.813103,0.0,0.750289,0.0
SkipEncoder,camera8,camera1,256,mean_probs,0.813103,0.0,0.750289,0.0
SkipEncoder,camera8,camera1,256,max,0.813108,0.0,0.739224,0.0
SkipEncoder,camera8,camera1,256,mult,0.812048,0.0,0.744509,0.0
SkipEncoder,camera8,camera1,256,vote,0.80904,0.0,0.740215,0.0
SkipEncoder,camera8,camera2,256,mean_individual_models,0.820074,0.194439,0.832993,0.120378
SkipEncoder,camera8,camera2,256,sum,0.933327,0.0,0.926304,0.0
SkipEncoder,camera8,camera2,256,mean_probs,0.933327,0.0,0.926304,0.0
SkipEncoder,camera8,camera2,256,max,0.937251,0.0,0.928571,0.0
SkipEncoder,camera8,camera2,256,mult,0.935265,0.0,0.927438,0.0
SkipEncoder,camera8,camera2,256,vote,0.934736,0.0,0.927438,0.0
SkipEncoder,camera8,camera3,256,mean_individual_models,0.822265,0.190413,0.83745,0.11195
SkipEncoder,camera8,camera3,256,sum,0.944582,0.0,0.937942,0.0
SkipEncoder,camera8,camera3,256,mean_probs,0.944582,0.0,0.937942,0.0
SkipEncoder,camera8,camera3,256,max,0.936425,0.0,0.926882,0.0
SkipEncoder,camera8,camera3,256,mult,0.940609,0.0,0.932719,0.0
SkipEncoder,camera8,camera3,256,vote,0.941089,0.0,0.933333,0.0
SkipEncoder,camera8,camera4,256,mean_individual_models,0.821085,0.196378,0.828464,0.124965
SkipEncoder,camera8,camera4,256,sum,0.927346,0.0,0.920637,0.0
SkipEncoder,camera8,camera4,256,mean_probs,0.927346,0.0,0.920637,0.0
SkipEncoder,camera8,camera4,256,max,0.932437,0.0,0.926105,0.0
SkipEncoder,camera8,camera4,256,mult,0.927044,0.0,0.920169,0.0
SkipEncoder,camera8,camera4,256,vote,0.923274,0.0,0.91517,0.0
SkipEncoder,camera8,camera5,256,mean_individual_models,0.790894,0.188499,0.787615,0.121654
SkipEncoder,camera8,camera5,256,sum,0.890097,0.0,0.871542,0.0
SkipEncoder,camera8,camera5,256,mean_probs,0.890097,0.0,0.871542,0.0
SkipEncoder,camera8,camera5,256,max,0.895391,0.0,0.87769,0.0
SkipEncoder,camera8,camera5,256,mult,0.891934,0.0,0.872969,0.0
SkipEncoder,camera8,camera5,256,vote,0.886618,0.0,0.866162,0.0
SkipEncoder,camera8,camera6,256,mean_individual_models,0.83386,0.197124,0.847012,0.122413
SkipEncoder,camera8,camera6,256,sum,0.944389,0.0,0.939086,0.0
SkipEncoder,camera8,camera6,256,mean_probs,0.944389,0.0,0.939086,0.0
SkipEncoder,camera8,camera6,256,max,0.948275,0.0,0.943009,0.0
SkipEncoder,camera8,camera6,256,mult,0.945887,0.0,0.940586,0.0
SkipEncoder,camera8,camera6,256,vote,0.939642,0.0,0.933087,0.0
SkipEncoder,camera8,camera7,256,mean_individual_models,0.807875,0.181621,0.800455,0.097497
SkipEncoder,camera8,camera7,256,sum,0.895503,0.0,0.86169,0.0
SkipEncoder,camera8,camera7,256,mean_probs,0.895503,0.0,0.86169,0.0
SkipEncoder,camera8,camera7,256,max,0.901383,0.0,0.872005,0.0
SkipEncoder,camera8,camera7,256,mult,0.898635,0.0,0.86646,0.0
SkipEncoder,camera8,camera7,256,vote,0.890469,0.0,0.853261,0.0
SkipEncoder,camera8,camera8,256,mean_individual_models,0.839996,0.197934,0.858218,0.121129
SkipEncoder,camera8,camera8,256,sum,0.951391,0.0,0.948206,0.0
SkipEncoder,camera8,camera8,256,mean_probs,0.951391,0.0,0.948206,0.0
SkipEncoder,camera8,camera8,256,max,0.952153,0.0,0.948592,0.0
SkipEncoder,camera8,camera8,256,mult,0.952015,0.0,0.948688,0.0
SkipEncoder,camera8,camera8,256,vote,0.948005,0.0,0.944059,0.0
SkipEncoder,camera8,camera9,256,mean_individual_models,0.771891,0.182807,0.764687,0.121163
SkipEncoder,camera8,camera9,256,sum,0.876846,0.0,0.860554,0.0
SkipEncoder,camera8,camera9,256,mean_probs,0.876846,0.0,0.860554,0.0
SkipEncoder,camera8,camera9,256,max,0.889892,0.0,0.877207,0.0
SkipEncoder,camera8,camera9,256,mult,0.882243,0.0,0.867376,0.0
SkipEncoder,camera8,camera9,256,vote,0.870522,0.0,0.850722,0.0
SkipEncoder,camera8,PUC,256,mean_individual_models,0.781339,0.195712,0.785919,0.134897
SkipEncoder,camera8,PUC,256,sum,0.924693,0.0,0.914296,0.0
SkipEncoder,camera8,PUC,256,mean_probs,0.924693,0.0,0.914296,0.0
SkipEncoder,camera8,PUC,256,max,0.877861,0.0,0.875084,0.0
SkipEncoder,camera8,PUC,256,mult,0.919852,0.0,0.909431,0.0
SkipEncoder,camera8,PUC,256,vote,0.919367,0.0,0.906864,0.0
SkipEncoder,camera8,UFPR04,256,mean_individual_models,0.739322,0.181424,0.710882,0.118177
SkipEncoder,camera8,UFPR04,256,sum,0.840816,0.0,0.761208,0.0
SkipEncoder,camera8,UFPR04,256,mean_probs,0.840816,0.0,0.761208,0.0
SkipEncoder,camera8,UFPR04,256,max,0.789687,0.0,0.746722,0.0
SkipEncoder,camera8,UFPR04,256,mult,0.832509,0.0,0.755506,0.0
SkipEncoder,camera8,UFPR04,256,vote,0.836127,0.0,0.750092,0.0
SkipEncoder,camera8,UFPR05,256,mean_individual_models,0.699966,0.182242,0.692965,0.127644
SkipEncoder,camera8,UFPR05,256,sum,0.81723,0.0,0.781554,0.0
SkipEncoder,camera8,UFPR05,256,mean_probs,0.81723,0.0,0.781554,0.0
SkipEncoder,camera8,UFPR05,256,max,0.794333,0.0,0.744364,0.0
SkipEncoder,camera8,UFPR05,256,mult,0.806975,0.0,0.763377,0.0
SkipEncoder,camera8,UFPR05,256,vote,0.812618,0.0,0.770723,0.0
SkipEncoder,camera8,camera1,512,mean_individual_models,0.743753,0.157972,0.715739,0.077805
SkipEncoder,camera8,camera1,512,sum,0.811047,0.0,0.748803,0.0
SkipEncoder,camera8,camera1,512,mean_probs,0.811047,0.0,0.748803,0.0
SkipEncoder,camera8,camera1,512,max,0.816534,0.0,0.754088,0.0
SkipEncoder,camera8,camera1,512,mult,0.808944,0.0,0.744178,0.0
SkipEncoder,camera8,camera1,512,vote,0.819195,0.0,0.766144,0.0
SkipEncoder,camera8,camera2,512,mean_individual_models,0.822353,0.195902,0.831179,0.120978
SkipEncoder,camera8,camera2,512,sum,0.93988,0.0,0.931973,0.0
SkipEncoder,camera8,camera2,512,mean_probs,0.93988,0.0,0.931973,0.0
SkipEncoder,camera8,camera2,512,max,0.932957,0.0,0.92517,0.0
SkipEncoder,camera8,camera2,512,mult,0.937251,0.0,0.928571,0.0
SkipEncoder,camera8,camera2,512,vote,0.940763,0.0,0.933107,0.0
SkipEncoder,camera8,camera3,512,mean_individual_models,0.822483,0.196084,0.837204,0.121986
SkipEncoder,camera8,camera3,512,sum,0.935721,0.0,0.927803,0.0
SkipEncoder,camera8,camera3,512,mean_probs,0.935721,0.0,0.927803,0.0
SkipEncoder,camera8,camera3,512,max,0.936044,0.0,0.929647,0.0
SkipEncoder,camera8,camera3,512,mult,0.934046,0.0,0.925653,0.0
SkipEncoder,camera8,camera3,512,vote,0.940151,0.0,0.934255,0.0
SkipEncoder,camera8,camera4,512,mean_individual_models,0.828805,0.192849,0.842056,0.114675
SkipEncoder,camera8,camera4,512,sum,0.930542,0.0,0.924231,0.0
SkipEncoder,camera8,camera4,512,mean_probs,0.930542,0.0,0.924231,0.0
SkipEncoder,camera8,camera4,512,max,0.942297,0.0,0.937666,0.0
SkipEncoder,camera8,camera4,512,mult,0.9345,0.0,0.928761,0.0
SkipEncoder,camera8,camera4,512,vote,0.932418,0.0,0.926886,0.0
SkipEncoder,camera8,camera5,512,mean_individual_models,0.794486,0.181544,0.793764,0.105049
SkipEncoder,camera8,camera5,512,sum,0.894427,0.0,0.874396,0.0
SkipEncoder,camera8,camera5,512,mean_probs,0.894427,0.0,0.874396,0.0
SkipEncoder,camera8,camera5,512,max,0.902028,0.0,0.886803,0.0
SkipEncoder,camera8,camera5,512,mult,0.900162,0.0,0.88285,0.0
SkipEncoder,camera8,camera5,512,vote,0.901149,0.0,0.884607,0.0
SkipEncoder,camera8,camera6,512,mean_individual_models,0.842569,0.20134,0.857291,0.126708
SkipEncoder,camera8,camera6,512,sum,0.952769,0.0,0.947623,0.0
SkipEncoder,camera8,camera6,512,mean_probs,0.952769,0.0,0.947623,0.0
SkipEncoder,camera8,camera6,512,max,0.953717,0.0,0.949354,0.0
SkipEncoder,camera8,camera6,512,mult,0.953614,0.0,0.948546,0.0
SkipEncoder,camera8,camera6,512,vote,0.955638,0.0,0.951315,0.0
SkipEncoder,camera8,camera7,512,mean_individual_models,0.805595,0.19468,0.794399,0.1202
SkipEncoder,camera8,camera7,512,sum,0.895076,0.0,0.859361,0.0
SkipEncoder,camera8,camera7,512,mean_probs,0.895076,0.0,0.859361,0.0
SkipEncoder,camera8,camera7,512,max,0.898838,0.0,0.866792,0.0
SkipEncoder,camera8,camera7,512,mult,0.898062,0.0,0.864352,0.0
SkipEncoder,camera8,camera7,512,vote,0.899815,0.0,0.868012,0.0
SkipEncoder,camera8,camera8,512,mean_individual_models,0.845438,0.204715,0.863021,0.131625
SkipEncoder,camera8,camera8,512,sum,0.962604,0.0,0.959394,0.0
SkipEncoder,camera8,camera8,512,mean_probs,0.962604,0.0,0.959394,0.0
SkipEncoder,camera8,camera8,512,max,0.963942,0.0,0.96113,0.0
SkipEncoder,camera8,camera8,512,mult,0.962492,0.0,0.959298,0.0
SkipEncoder,camera8,camera8,512,vote,0.96444,0.0,0.961806,0.0
SkipEncoder,camera8,camera9,512,mean_individual_models,0.781917,0.180044,0.779093,0.107385
SkipEncoder,camera8,camera9,512,sum,0.88883,0.0,0.867175,0.0
SkipEncoder,camera8,camera9,512,mean_probs,0.88883,0.0,0.867175,0.0
SkipEncoder,camera8,camera9,512,max,0.901584,0.0,0.888644,0.0
SkipEncoder,camera8,camera9,512,mult,0.893407,0.0,0.873997,0.0
SkipEncoder,camera8,camera9,512,vote,0.894615,0.0,0.877809,0.0
SkipEncoder,camera8,PUC,512,mean_individual_models,0.788045,0.197617,0.795924,0.137456
SkipEncoder,camera8,PUC,512,sum,0.935798,0.0,0.929218,0.0
SkipEncoder,camera8,PUC,512,mean_probs,0.935798,0.0,0.929218,0.0
SkipEncoder,camera8,PUC,512,max,0.875789,0.0,0.875223,0.0
SkipEncoder,camera8,PUC,512,mult,0.919939,0.0,0.916262,0.0
SkipEncoder,camera8,PUC,512,vote,0.937998,0.0,0.93256,0.0
SkipEncoder,camera8,UFPR04,512,mean_individual_models,0.739372,0.190944,0.707452,0.130637
SkipEncoder,camera8,UFPR04,512,sum,0.85352,0.0,0.783648,0.0
SkipEncoder,camera8,UFPR04,512,mean_probs,0.85352,0.0,0.783648,0.0
SkipEncoder,camera8,UFPR04,512,max,0.787101,0.0,0.766853,0.0
SkipEncoder,camera8,UFPR04,512,mult,0.840949,0.0,0.779977,0.0
SkipEncoder,camera8,UFPR04,512,vote,0.857901,0.0,0.793991,0.0
SkipEncoder,camera8,UFPR05,512,mean_individual_models,0.706542,0.168514,0.712984,0.106234
SkipEncoder,camera8,UFPR05,512,sum,0.83288,0.0,0.807569,0.0
SkipEncoder,camera8,UFPR05,512,mean_probs,0.83288,0.0,0.807569,0.0
SkipEncoder,camera8,UFPR05,512,max,0.783951,0.0,0.76225,0.0
SkipEncoder,camera8,UFPR05,512,mult,0.823575,0.0,0.794521,0.0
SkipEncoder,camera8,UFPR05,512,vote,0.837885,0.0,0.817647,0.0
SkipEncoder,camera8,camera1,1024,mean_individual_models,0.745742,0.162413,0.731313,0.08058
SkipEncoder,camera8,camera1,1024,sum,0.824214,0.0,0.77853,0.0
SkipEncoder,camera8,camera1,1024,mean_probs,0.824214,0.0,0.77853,0.0
SkipEncoder,camera8,camera1,1024,max,0.824047,0.0,0.7673,0.0
SkipEncoder,camera8,camera1,1024,mult,0.814945,0.0,0.758051,0.0
SkipEncoder,camera8,camera1,1024,vote,0.828628,0.0,0.787614,0.0
SkipEncoder,camera8,camera2,1024,mean_individual_models,0.837044,0.206127,0.853855,0.136741
SkipEncoder,camera8,camera2,1024,sum,0.953512,0.0,0.94898,0.0
SkipEncoder,camera8,camera2,1024,mean_probs,0.953512,0.0,0.94898,0.0
SkipEncoder,camera8,camera2,1024,max,0.953107,0.0,0.94898,0.0
SkipEncoder,camera8,camera2,1024,mult,0.952577,0.0,0.947846,0.0
SkipEncoder,camera8,camera2,1024,vote,0.955394,0.0,0.951247,0.0
SkipEncoder,camera8,camera3,1024,mean_individual_models,0.829772,0.199243,0.846943,0.126077
SkipEncoder,camera8,camera3,1024,sum,0.944337,0.0,0.937634,0.0
SkipEncoder,camera8,camera3,1024,mean_probs,0.944337,0.0,0.937634,0.0
SkipEncoder,camera8,camera3,1024,max,0.932092,0.0,0.922273,0.0
SkipEncoder,camera8,camera3,1024,mult,0.933001,0.0,0.922581,0.0
SkipEncoder,camera8,camera3,1024,vote,0.947028,0.0,0.941321,0.0
SkipEncoder,camera8,camera4,1024,mean_individual_models,0.837546,0.197217,0.854898,0.120107
SkipEncoder,camera8,camera4,1024,sum,0.945456,0.0,0.941415,0.0
SkipEncoder,camera8,camera4,1024,mean_probs,0.945456,0.0,0.941415,0.0
SkipEncoder,camera8,camera4,1024,max,0.938415,0.0,0.933135,0.0
SkipEncoder,camera8,camera4,1024,mult,0.944271,0.0,0.939853,0.0
SkipEncoder,camera8,camera4,1024,vote,0.947658,0.0,0.944227,0.0
SkipEncoder,camera8,camera5,1024,mean_individual_models,0.797714,0.183033,0.801735,0.10303
SkipEncoder,camera8,camera5,1024,sum,0.898282,0.0,0.880105,0.0
SkipEncoder,camera8,camera5,1024,mean_probs,0.898282,0.0,0.880105,0.0
SkipEncoder,camera8,camera5,1024,max,0.88982,0.0,0.866491,0.0
SkipEncoder,camera8,camera5,1024,mult,0.896755,0.0,0.877141,0.0
SkipEncoder,camera8,camera5,1024,vote,0.903856,0.0,0.888889,0.0
SkipEncoder,camera8,camera6,1024,mean_individual_models,0.850986,0.204587,0.869509,0.130164
SkipEncoder,camera8,camera6,1024,sum,0.958593,0.0,0.954661,0.0
SkipEncoder,camera8,camera6,1024,mean_probs,0.958593,0.0,0.954661,0.0
SkipEncoder,camera8,camera6,1024,max,0.953203,0.0,0.948316,0.0
SkipEncoder,camera8,camera6,1024,mult,0.954699,0.0,0.949815,0.0
SkipEncoder,camera8,camera6,1024,vote,0.960715,0.0,0.957314,0.0
SkipEncoder,camera8,camera7,1024,mean_individual_models,0.806078,0.195915,0.798303,0.119858
SkipEncoder,camera8,camera7,1024,sum,0.897341,0.0,0.863354,0.0
SkipEncoder,camera8,camera7,1024,mean_probs,0.897341,0.0,0.863354,0.0
SkipEncoder,camera8,camera7,1024,max,0.893945,0.0,0.858696,0.0
SkipEncoder,camera8,camera7,1024,mult,0.895227,0.0,0.860027,0.0
SkipEncoder,camera8,camera7,1024,vote,0.903183,0.0,0.873114,0.0
SkipEncoder,camera8,camera8,1024,mean_individual_models,0.851621,0.208308,0.871026,0.13638
SkipEncoder,camera8,camera8,1024,sum,0.964692,0.0,0.961902,0.0
SkipEncoder,camera8,camera8,1024,mean_probs,0.964692,0.0,0.961902,0.0
SkipEncoder,camera8,camera8,1024,max,0.956859,0.0,0.953511,0.0
SkipEncoder,camera8,camera8,1024,mult,0.96108,0.0,0.957369,0.0
SkipEncoder,camera8,camera8,1024,vote,0.966507,0.0,0.964217,0.0
SkipEncoder,camera8,camera9,1024,mean_individual_models,0.78897,0.185444,0.7936,0.111816
SkipEncoder,camera8,camera9,1024,sum,0.904445,0.0,0.891252,0.0
SkipEncoder,camera8,camera9,1024,mean_probs,0.904445,0.0,0.891252,0.0
SkipEncoder,camera8,camera9,1024,max,0.910729,0.0,0.90008,0.0
SkipEncoder,camera8,camera9,1024,mult,0.904827,0.0,0.890048,0.0
SkipEncoder,camera8,camera9,1024,vote,0.90965,0.0,0.899077,0.0
SkipEncoder,camera8,PUC,1024,mean_individual_models,0.797804,0.205055,0.808659,0.147903
SkipEncoder,camera8,PUC,1024,sum,0.949634,0.0,0.947646,0.0
SkipEncoder,camera8,PUC,1024,mean_probs,0.949634,0.0,0.947646,0.0
SkipEncoder,camera8,PUC,1024,max,0.839788,0.0,0.827754,0.0
SkipEncoder,camera8,PUC,1024,mult,0.899506,0.0,0.899444,0.0
SkipEncoder,camera8,PUC,1024,vote,0.951036,0.0,0.949421,0.0
SkipEncoder,camera8,UFPR04,1024,mean_individual_models,0.741252,0.200013,0.729518,0.147631
SkipEncoder,camera8,UFPR04,1024,sum,0.886981,0.0,0.853264,0.0
SkipEncoder,camera8,UFPR04,1024,mean_probs,0.886981,0.0,0.853264,0.0
SkipEncoder,camera8,UFPR04,1024,max,0.723493,0.0,0.719861,0.0
SkipEncoder,camera8,UFPR04,1024,mult,0.791422,0.0,0.779019,0.0
SkipEncoder,camera8,UFPR04,1024,vote,0.890187,0.0,0.859832,0.0
SkipEncoder,camera8,UFPR05,1024,mean_individual_models,0.718245,0.177101,0.727234,0.116753
SkipEncoder,camera8,UFPR05,1024,sum,0.846395,0.0,0.835652,0.0
SkipEncoder,camera8,UFPR05,1024,mean_probs,0.846395,0.0,0.835652,0.0
SkipEncoder,camera8,UFPR05,1024,max,0.786529,0.0,0.765751,0.0
SkipEncoder,camera8,UFPR05,1024,mult,0.817063,0.0,0.795215,0.0
SkipEncoder,camera8,UFPR05,1024,vote,0.852475,0.0,0.846514,0.0
SkipEncoder,camera9,camera1,64,mean_individual_models,0.73981,0.177754,0.742593,0.114949
SkipEncoder,camera9,camera1,64,sum,0.863376,0.0,0.850041,0.0
SkipEncoder,camera9,camera1,64,mean_probs,0.863376,0.0,0.850041,0.0
SkipEncoder,camera9,camera1,64,max,0.850233,0.0,0.836994,0.0
SkipEncoder,camera9,camera1,64,mult,0.866981,0.0,0.8545,0.0
SkipEncoder,camera9,camera1,64,vote,0.858441,0.0,0.84294,0.0
SkipEncoder,camera9,camera2,64,mean_individual_models,0.78066,0.187413,0.793878,0.11993
SkipEncoder,camera9,camera2,64,sum,0.928305,0.0,0.926304,0.0
SkipEncoder,camera9,camera2,64,mean_probs,0.928305,0.0,0.926304,0.0
SkipEncoder,camera9,camera2,64,max,0.912777,0.0,0.912698,0.0
SkipEncoder,camera9,camera2,64,mult,0.926028,0.0,0.924036,0.0
SkipEncoder,camera9,camera2,64,vote,0.933139,0.0,0.930839,0.0
SkipEncoder,camera9,camera3,64,mean_individual_models,0.789721,0.181539,0.807865,0.108107
SkipEncoder,camera9,camera3,64,sum,0.931147,0.0,0.927189,0.0
SkipEncoder,camera9,camera3,64,mean_probs,0.931147,0.0,0.927189,0.0
SkipEncoder,camera9,camera3,64,max,0.921486,0.0,0.915515,0.0
SkipEncoder,camera9,camera3,64,mult,0.931039,0.0,0.926267,0.0
SkipEncoder,camera9,camera3,64,vote,0.928002,0.0,0.922581,0.0
SkipEncoder,camera9,camera4,64,mean_individual_models,0.817562,0.195159,0.833214,0.123558
SkipEncoder,camera9,camera4,64,sum,0.944532,0.0,0.942509,0.0
SkipEncoder,camera9,camera4,64,mean_probs,0.944532,0.0,0.942509,0.0
SkipEncoder,camera9,camera4,64,max,0.932516,0.0,0.928917,0.0
SkipEncoder,camera9,camera4,64,mult,0.942379,0.0,0.939853,0.0
SkipEncoder,camera9,camera4,64,vote,0.942879,0.0,0.940478,0.0
SkipEncoder,camera9,camera5,64,mean_individual_models,0.785292,0.185362,0.798869,0.114055
SkipEncoder,camera9,camera5,64,sum,0.915202,0.0,0.910628,0.0
SkipEncoder,camera9,camera5,64,mean_probs,0.915202,0.0,0.910628,0.0
SkipEncoder,camera9,camera5,64,max,0.908517,0.0,0.903491,0.0
SkipEncoder,camera9,camera5,64,mult,0.914473,0.0,0.910079,0.0
SkipEncoder,camera9,camera5,64,vote,0.908885,0.0,0.903052,0.0
SkipEncoder,camera9,camera6,64,mean_individual_models,0.815612,0.191695,0.835014,0.118579
SkipEncoder,camera9,camera6,64,sum,0.94842,0.0,0.946354,0.0
SkipEncoder,camera9,camera6,64,mean_probs,0.94842,0.0,0.946354,0.0
SkipEncoder,camera9,camera6,64,max,0.934674,0.0,0.931703,0.0
SkipEncoder,camera9,camera6,64,mult,0.946361,0.0,0.944047,0.0
SkipEncoder,camera9,camera6,64,vote,0.947041,0.0,0.944509,0.0
SkipEncoder,camera9,camera7,64,mean_individual_models,0.796693,0.179271,0.806012,0.095405
SkipEncoder,camera9,camera7,64,sum,0.911486,0.0,0.893744,0.0
SkipEncoder,camera9,camera7,64,mean_probs,0.911486,0.0,0.893744,0.0
SkipEncoder,camera9,camera7,64,max,0.905199,0.0,0.886535,0.0
SkipEncoder,camera9,camera7,64,mult,0.91097,0.0,0.892635,0.0
SkipEncoder,camera9,camera7,64,vote,0.906511,0.0,0.886535,0.0
SkipEncoder,camera9,camera8,64,mean_individual_models,0.812566,0.191886,0.832186,0.118219
SkipEncoder,camera9,camera8,64,sum,0.948609,0.0,0.946566,0.0
SkipEncoder,camera9,camera8,64,mean_probs,0.948609,0.0,0.946566,0.0
SkipEncoder,camera9,camera8,64,max,0.937493,0.0,0.93451,0.0
SkipEncoder,camera9,camera8,64,mult,0.947535,0.0,0.944927,0.0
SkipEncoder,camera9,camera8,64,vote,0.945088,0.0,0.942515,0.0
SkipEncoder,camera9,camera9,64,mean_individual_models,0.771005,0.184293,0.784109,0.112747
SkipEncoder,camera9,camera9,64,sum,0.902774,0.0,0.892657,0.0
SkipEncoder,camera9,camera9,64,mean_probs,0.902774,0.0,0.892657,0.0
SkipEncoder,camera9,camera9,64,max,0.904849,0.0,0.897472,0.0
SkipEncoder,camera9,camera9,64,mult,0.906257,0.0,0.897472,0.0
SkipEncoder,camera9,camera9,64,vote,0.896465,0.0,0.88423,0.0
SkipEncoder,camera9,PUC,64,mean_individual_models,0.787293,0.18947,0.793836,0.125441
SkipEncoder,camera9,PUC,64,sum,0.925097,0.0,0.917372,0.0
SkipEncoder,camera9,PUC,64,mean_probs,0.925097,0.0,0.917372,0.0
SkipEncoder,camera9,PUC,64,max,0.906803,0.0,0.897545,0.0
SkipEncoder,camera9,PUC,64,mult,0.917327,0.0,0.908217,0.0
SkipEncoder,camera9,PUC,64,vote,0.922397,0.0,0.913039,0.0
SkipEncoder,camera9,UFPR04,64,mean_individual_models,0.755752,0.171,0.730889,0.119338
SkipEncoder,camera9,UFPR04,64,sum,0.834626,0.0,0.765629,0.0
SkipEncoder,camera9,UFPR04,64,mean_probs,0.834626,0.0,0.765629,0.0
SkipEncoder,camera9,UFPR04,64,max,0.815775,0.0,0.72786,0.0
SkipEncoder,camera9,UFPR04,64,mult,0.823855,0.0,0.743132,0.0
SkipEncoder,camera9,UFPR04,64,vote,0.83469,0.0,0.762605,0.0
SkipEncoder,camera9,UFPR05,64,mean_individual_models,0.680162,0.172034,0.679611,0.119888
SkipEncoder,camera9,UFPR05,64,sum,0.804812,0.0,0.800709,0.0
SkipEncoder,camera9,UFPR05,64,mean_probs,0.804812,0.0,0.800709,0.0
SkipEncoder,camera9,UFPR05,64,max,0.765178,0.0,0.751553,0.0
SkipEncoder,camera9,UFPR05,64,mult,0.793207,0.0,0.785929,0.0
SkipEncoder,camera9,UFPR05,64,vote,0.796842,0.0,0.791535,0.0
SkipEncoder,camera9,camera1,128,mean_individual_models,0.751764,0.172901,0.764624,0.098383
SkipEncoder,camera9,camera1,128,sum,0.864167,0.0,0.850867,0.0
SkipEncoder,camera9,camera1,128,mean_probs,0.864167,0.0,0.850867,0.0
SkipEncoder,camera9,camera1,128,max,0.853895,0.0,0.831214,0.0
SkipEncoder,camera9,camera1,128,mult,0.8611,0.0,0.844426,0.0
SkipEncoder,camera9,camera1,128,vote,0.870673,0.0,0.860776,0.0
SkipEncoder,camera9,camera2,128,mean_individual_models,0.81367,0.201646,0.829932,0.136752
SkipEncoder,camera9,camera2,128,sum,0.9593,0.0,0.959184,0.0
SkipEncoder,camera9,camera2,128,mean_probs,0.9593,0.0,0.959184,0.0
SkipEncoder,camera9,camera2,128,max,0.935602,0.0,0.935374,0.0
SkipEncoder,camera9,camera2,128,mult,0.955933,0.0,0.955782,0.0
SkipEncoder,camera9,camera2,128,vote,0.968253,0.0,0.968254,0.0
SkipEncoder,camera9,camera3,128,mean_individual_models,0.797994,0.193811,0.819293,0.124716
SkipEncoder,camera9,camera3,128,sum,0.941427,0.0,0.938863,0.0
SkipEncoder,camera9,camera3,128,mean_probs,0.941427,0.0,0.938863,0.0
SkipEncoder,camera9,camera3,128,max,0.930013,0.0,0.921045,0.0
SkipEncoder,camera9,camera3,128,mult,0.942673,0.0,0.937942,0.0
SkipEncoder,camera9,camera3,128,vote,0.936661,0.0,0.935791,0.0
SkipEncoder,camera9,camera4,128,mean_individual_models,0.824297,0.192989,0.842665,0.116569
SkipEncoder,camera9,camera4,128,sum,0.944795,0.0,0.94204,0.0
SkipEncoder,camera9,camera4,128,mean_probs,0.944795,0.0,0.94204,0.0
SkipEncoder,camera9,camera4,128,max,0.927449,0.0,0.921106,0.0
SkipEncoder,camera9,camera4,128,mult,0.942074,0.0,0.938447,0.0
SkipEncoder,camera9,camera4,128,vote,0.948552,0.0,0.946727,0.0
SkipEncoder,camera9,camera5,128,mean_individual_models,0.787642,0.179973,0.801274,0.101101
SkipEncoder,camera9,camera5,128,sum,0.906597,0.0,0.897563,0.0
SkipEncoder,camera9,camera5,128,mean_probs,0.906597,0.0,0.897563,0.0
SkipEncoder,camera9,camera5,128,max,0.890765,0.0,0.873408,0.0
SkipEncoder,camera9,camera5,128,mult,0.902551,0.0,0.891195,0.0
SkipEncoder,camera9,camera5,128,vote,0.912742,0.0,0.906895,0.0
SkipEncoder,camera9,camera6,128,mean_individual_models,0.825816,0.197564,0.847404,0.125081
SkipEncoder,camera9,camera6,128,sum,0.949743,0.0,0.947393,0.0
SkipEncoder,camera9,camera6,128,mean_probs,0.949743,0.0,0.947393,0.0
SkipEncoder,camera9,camera6,128,max,0.936144,0.0,0.930318,0.0
SkipEncoder,camera9,camera6,128,mult,0.94761,0.0,0.944393,0.0
SkipEncoder,camera9,camera6,128,vote,0.94803,0.0,0.946816,0.0
SkipEncoder,camera9,camera7,128,mean_individual_models,0.791619,0.191594,0.792713,0.117535
SkipEncoder,camera9,camera7,128,sum,0.901198,0.0,0.876775,0.0
SkipEncoder,camera9,camera7,128,mean_probs,0.901198,0.0,0.876775,0.0
SkipEncoder,camera9,camera7,128,max,0.892503,0.0,0.859472,0.0
SkipEncoder,camera9,camera7,128,mult,0.899904,0.0,0.872893,0.0
SkipEncoder,camera9,camera7,128,vote,0.902583,0.0,0.882875,0.0
SkipEncoder,camera9,camera8,128,mean_individual_models,0.82531,0.201115,0.845264,0.130459
SkipEncoder,camera9,camera8,128,sum,0.951853,0.0,0.94946,0.0
SkipEncoder,camera9,camera8,128,mean_probs,0.951853,0.0,0.94946,0.0
SkipEncoder,camera9,camera8,128,max,0.942122,0.0,0.936246,0.0
SkipEncoder,camera9,camera8,128,mult,0.949925,0.0,0.946373,0.0
SkipEncoder,camera9,camera8,128,vote,0.950229,0.0,0.949171,0.0
SkipEncoder,camera9,camera9,128,mean_individual_models,0.782667,0.183625,0.794061,0.108306
SkipEncoder,camera9,camera9,128,sum,0.907367,0.0,0.896469,0.0
SkipEncoder,camera9,camera9,128,mean_probs,0.907367,0.0,0.896469,0.0
SkipEncoder,camera9,camera9,128,max,0.901837,0.0,0.88764,0.0
SkipEncoder,camera9,camera9,128,mult,0.906788,0.0,0.894462,0.0
SkipEncoder,camera9,camera9,128,vote,0.900888,0.0,0.894663,0.0
SkipEncoder,camera9,PUC,128,mean_individual_models,0.787343,0.194785,0.782493,0.1357
SkipEncoder,camera9,PUC,128,sum,0.916486,0.0,0.904081,0.0
SkipEncoder,camera9,PUC,128,mean_probs,0.916486,0.0,0.904081,0.0
SkipEncoder,camera9,PUC,128,max,0.914106,0.0,0.902329,0.0
SkipEncoder,camera9,PUC,128,mult,0.905933,0.0,0.889315,0.0
SkipEncoder,camera9,PUC,128,vote,0.923495,0.0,0.914097,0.0
SkipEncoder,camera9,UFPR04,128,mean_individual_models,0.739445,0.186906,0.682131,0.149635
SkipEncoder,camera9,UFPR04,128,sum,0.833899,0.0,0.752366,0.0
SkipEncoder,camera9,UFPR04,128,mean_probs,0.833899,0.0,0.752366,0.0
SkipEncoder,camera9,UFPR04,128,max,0.828205,0.0,0.742728,0.0
SkipEncoder,camera9,UFPR04,128,mult,0.817935,0.0,0.71671,0.0
SkipEncoder,camera9,UFPR04,128,vote,0.843197,0.0,0.773456,0.0
SkipEncoder,camera9,UFPR05,128,mean_individual_models,0.698823,0.171101,0.713579,0.115802
SkipEncoder,camera9,UFPR05,128,sum,0.836815,0.0,0.835175,0.0
SkipEncoder,camera9,UFPR05,128,mean_probs,0.836815,0.0,0.835175,0.0
SkipEncoder,camera9,UFPR05,128,max,0.788189,0.0,0.749067,0.0
SkipEncoder,camera9,UFPR05,128,mult,0.821655,0.0,0.808196,0.0
SkipEncoder,camera9,UFPR05,128,vote,0.844552,0.0,0.847089,0.0
SkipEncoder,camera9,camera1,256,mean_individual_models,0.75896,0.170003,0.768786,0.096165
SkipEncoder,camera9,camera1,256,sum,0.870697,0.0,0.861272,0.0
SkipEncoder,camera9,camera1,256,mean_probs,0.870697,0.0,0.861272,0.0
SkipEncoder,camera9,camera1,256,max,0.881881,0.0,0.875805,0.0
SkipEncoder,camera9,camera1,256,mult,0.87289,0.0,0.862923,0.0
SkipEncoder,camera9,camera1,256,vote,0.874605,0.0,0.867547,0.0
SkipEncoder,camera9,camera2,256,mean_individual_models,0.829931,0.204502,0.846825,0.137573
SkipEncoder,camera9,camera2,256,sum,0.97054,0.0,0.970522,0.0
SkipEncoder,camera9,camera2,256,mean_probs,0.97054,0.0,0.970522,0.0
SkipEncoder,camera9,camera2,256,max,0.94044,0.0,0.938776,0.0
SkipEncoder,camera9,camera2,256,mult,0.965986,0.0,0.965986,0.0
SkipEncoder,camera9,camera2,256,vote,0.970712,0.0,0.970522,0.0
SkipEncoder,camera9,camera3,256,mean_individual_models,0.808516,0.194547,0.82894,0.124842
SkipEncoder,camera9,camera3,256,sum,0.94042,0.0,0.939478,0.0
SkipEncoder,camera9,camera3,256,mean_probs,0.94042,0.0,0.939478,0.0
SkipEncoder,camera9,camera3,256,max,0.934352,0.0,0.932104,0.0
SkipEncoder,camera9,camera3,256,mult,0.938703,0.0,0.93702,0.0
SkipEncoder,camera9,camera3,256,vote,0.942447,0.0,0.941935,0.0
SkipEncoder,camera9,camera4,256,mean_individual_models,0.826388,0.194259,0.846133,0.119164
SkipEncoder,camera9,camera4,256,sum,0.946875,0.0,0.945321,0.0
SkipEncoder,camera9,camera4,256,mean_probs,0.946875,0.0,0.945321,0.0
SkipEncoder,camera9,camera4,256,max,0.93588,0.0,0.933292,0.0
SkipEncoder,camera9,camera4,256,mult,0.946323,0.0,0.94454,0.0
SkipEncoder,camera9,camera4,256,vote,0.949953,0.0,0.948914,0.0
SkipEncoder,camera9,camera5,256,mean_individual_models,0.78575,0.179349,0.798309,0.10066
SkipEncoder,camera9,camera5,256,sum,0.901137,0.0,0.895696,0.0
SkipEncoder,camera9,camera5,256,mean_probs,0.901137,0.0,0.895696,0.0
SkipEncoder,camera9,camera5,256,max,0.904034,0.0,0.89888,0.0
SkipEncoder,camera9,camera5,256,mult,0.902013,0.0,0.896135,0.0
SkipEncoder,camera9,camera5,256,vote,0.903896,0.0,0.899978,0.0
SkipEncoder,camera9,camera6,256,mean_individual_models,0.830349,0.198933,0.851581,0.126807
SkipEncoder,camera9,camera6,256,sum,0.952009,0.0,0.9512,0.0
SkipEncoder,camera9,camera6,256,mean_probs,0.952009,0.0,0.9512,0.0
SkipEncoder,camera9,camera6,256,max,0.93961,0.0,0.938509,0.0
SkipEncoder,camera9,camera6,256,mult,0.950197,0.0,0.949123,0.0
SkipEncoder,camera9,camera6,256,vote,0.950223,0.0,0.9497,0.0
SkipEncoder,camera9,camera7,256,mean_individual_models,0.791442,0.190421,0.790961,0.116236
SkipEncoder,camera9,camera7,256,sum,0.896254,0.0,0.873558,0.0
SkipEncoder,camera9,camera7,256,mean_probs,0.896254,0.0,0.873558,0.0
SkipEncoder,camera9,camera7,256,max,0.902304,0.0,0.882209,0.0
SkipEncoder,camera9,camera7,256,mult,0.901183,0.0,0.879215,0.0
SkipEncoder,camera9,camera7,256,vote,0.898077,0.0,0.877995,0.0
SkipEncoder,camera9,camera8,256,mean_individual_models,0.829899,0.201526,0.849942,0.130749
SkipEncoder,camera9,camera8,256,sum,0.953754,0.0,0.952836,0.0
SkipEncoder,camera9,camera8,256,mean_probs,0.953754,0.0,0.952836,0.0
SkipEncoder,camera9,camera8,256,max,0.951128,0.0,0.949556,0.0
SkipEncoder,camera9,camera8,256,mult,0.952984,0.0,0.951485,0.0
SkipEncoder,camera9,camera8,256,vote,0.952152,0.0,0.951582,0.0
SkipEncoder,camera9,camera9,256,mean_individual_models,0.790279,0.184854,0.801525,0.110808
SkipEncoder,camera9,camera9,256,sum,0.903006,0.0,0.896469,0.0
SkipEncoder,camera9,camera9,256,mean_probs,0.903006,0.0,0.896469,0.0
SkipEncoder,camera9,camera9,256,max,0.914193,0.0,0.910714,0.0
SkipEncoder,camera9,camera9,256,mult,0.906911,0.0,0.901485,0.0
SkipEncoder,camera9,camera9,256,vote,0.905742,0.0,0.900883,0.0
SkipEncoder,camera9,PUC,256,mean_individual_models,0.798999,0.195413,0.797536,0.136374
SkipEncoder,camera9,PUC,256,sum,0.936926,0.0,0.931007,0.0
SkipEncoder,camera9,PUC,256,mean_probs,0.936926,0.0,0.931007,0.0
SkipEncoder,camera9,PUC,256,max,0.943892,0.0,0.941926,0.0
SkipEncoder,camera9,PUC,256,mult,0.922118,0.0,0.912426,0.0
SkipEncoder,camera9,PUC,256,vote,0.940508,0.0,0.935676,0.0
SkipEncoder,camera9,UFPR04,256,mean_individual_models,0.749428,0.183234,0.69938,0.137727
SkipEncoder,camera9,UFPR04,256,sum,0.865932,0.0,0.814572,0.0
SkipEncoder,camera9,UFPR04,256,mean_probs,0.865932,0.0,0.814572,0.0
SkipEncoder,camera9,UFPR04,256,max,0.873064,0.0,0.843568,0.0
SkipEncoder,camera9,UFPR04,256,mult,0.841322,0.0,0.765306,0.0
SkipEncoder,camera9,UFPR04,256,vote,0.87173,0.0,0.827108,0.0
SkipEncoder,camera9,UFPR05,256,mean_individual_models,0.711452,0.169551,0.73123,0.11035
SkipEncoder,camera9,UFPR05,256,sum,0.858859,0.0,0.861242,0.0
SkipEncoder,camera9,UFPR05,256,mean_probs,0.858859,0.0,0.861242,0.0
SkipEncoder,camera9,UFPR05,256,max,0.821592,0.0,0.819125,0.0
SkipEncoder,camera9,UFPR05,256,mult,0.842312,0.0,0.841789,0.0
SkipEncoder,camera9,UFPR05,256,vote,0.864214,0.0,0.866632,0.0
SkipEncoder,camera9,camera1,512,mean_individual_models,0.763152,0.169031,0.765103,0.103776
SkipEncoder,camera9,camera1,512,sum,0.865831,0.0,0.852353,0.0
SkipEncoder,camera9,camera1,512,mean_probs,0.865831,0.0,0.852353,0.0
SkipEncoder,camera9,camera1,512,max,0.860149,0.0,0.840132,0.0
SkipEncoder,camera9,camera1,512,mult,0.854977,0.0,0.834187,0.0
SkipEncoder,camera9,camera1,512,vote,0.872282,0.0,0.862923,0.0
SkipEncoder,camera9,camera2,512,mean_individual_models,0.838448,0.20315,0.858844,0.130662
SkipEncoder,camera9,camera2,512,sum,0.98192,0.0,0.981859,0.0
SkipEncoder,camera9,camera2,512,mean_probs,0.98192,0.0,0.981859,0.0
SkipEncoder,camera9,camera2,512,max,0.971809,0.0,0.970522,0.0
SkipEncoder,camera9,camera2,512,mult,0.978813,0.0,0.978458,0.0
SkipEncoder,camera9,camera2,512,vote,0.977324,0.0,0.977324,0.0
SkipEncoder,camera9,camera3,512,mean_individual_models,0.816405,0.195014,0.8353,0.122516
SkipEncoder,camera9,camera3,512,sum,0.948669,0.0,0.947158,0.0
SkipEncoder,camera9,camera3,512,mean_probs,0.948669,0.0,0.947158,0.0
SkipEncoder,camera9,camera3,512,max,0.944278,0.0,0.940399,0.0
SkipEncoder,camera9,camera3,512,mult,0.946922,0.0,0.943164,0.0
SkipEncoder,camera9,camera3,512,vote,0.94368,0.0,0.943164,0.0
SkipEncoder,camera9,camera4,512,mean_individual_models,0.834294,0.196968,0.853085,0.122638
SkipEncoder,camera9,camera4,512,sum,0.94657,0.0,0.944384,0.0
SkipEncoder,camera9,camera4,512,mean_probs,0.94657,0.0,0.944384,0.0
SkipEncoder,camera9,camera4,512,max,0.936444,0.0,0.932354,0.0
SkipEncoder,camera9,camera4,512,mult,0.947575,0.0,0.945009,0.0
SkipEncoder,camera9,camera4,512,vote,0.949104,0.0,0.947664,0.0
SkipEncoder,camera9,camera5,512,mean_individual_models,0.794787,0.18185,0.804205,0.107512
SkipEncoder,camera9,camera5,512,sum,0.905103,0.0,0.894928,0.0
SkipEncoder,camera9,camera5,512,mean_probs,0.905103,0.0,0.894928,0.0
SkipEncoder,camera9,camera5,512,max,0.904683,0.0,0.891853,0.0
SkipEncoder,camera9,camera5,512,mult,0.906469,0.0,0.894818,0.0
SkipEncoder,camera9,camera5,512,vote,0.910798,0.0,0.904589,0.0
SkipEncoder,camera9,camera6,512,mean_individual_models,0.83975,0.2014,0.858433,0.129584
SkipEncoder,camera9,camera6,512,sum,0.958679,0.0,0.956968,0.0
SkipEncoder,camera9,camera6,512,mean_probs,0.958679,0.0,0.956968,0.0
SkipEncoder,camera9,camera6,512,max,0.94926,0.0,0.946585,0.0
SkipEncoder,camera9,camera6,512,mult,0.955084,0.0,0.9527,0.0
SkipEncoder,camera9,camera6,512,vote,0.956362,0.0,0.955238,0.0
SkipEncoder,camera9,camera7,512,mean_individual_models,0.802265,0.193982,0.798447,0.124868
SkipEncoder,camera9,camera7,512,sum,0.903528,0.0,0.87866,0.0
SkipEncoder,camera9,camera7,512,mean_probs,0.903528,0.0,0.87866,0.0
SkipEncoder,camera9,camera7,512,max,0.902774,0.0,0.874224,0.0
SkipEncoder,camera9,camera7,512,mult,0.905546,0.0,0.878438,0.0
SkipEncoder,camera9,camera7,512,vote,0.90405,0.0,0.883319,0.0
SkipEncoder,camera9,camera8,512,mean_individual_models,0.836856,0.20292,0.855324,0.132311
SkipEncoder,camera9,camera8,512,sum,0.959883,0.0,0.958237,0.0
SkipEncoder,camera9,camera8,512,mean_probs,0.959883,0.0,0.958237,0.0
SkipEncoder,camera9,camera8,512,max,0.957967,0.0,0.955536,0.0
SkipEncoder,camera9,camera8,512,mult,0.963184,0.0,0.961034,0.0
SkipEncoder,camera9,camera8,512,vote,0.956588,0.0,0.955633,0.0
SkipEncoder,camera9,camera9,512,mean_individual_models,0.80498,0.188819,0.815028,0.117164
SkipEncoder,camera9,camera9,512,sum,0.917026,0.0,0.909109,0.0
SkipEncoder,camera9,camera9,512,mean_probs,0.917026,0.0,0.909109,0.0
SkipEncoder,camera9,camera9,512,max,0.93279,0.0,0.927769,0.0
SkipEncoder,camera9,camera9,512,mult,0.925007,0.0,0.918539,0.0
SkipEncoder,camera9,camera9,512,vote,0.91931,0.0,0.913523,0.0
SkipEncoder,camera9,PUC,512,mean_individual_models,0.810245,0.201167,0.806488,0.151667
SkipEncoder,camera9,PUC,512,sum,0.949391,0.0,0.944796,0.0
SkipEncoder,camera9,PUC,512,mean_probs,0.949391,0.0,0.944796,0.0
SkipEncoder,camera9,PUC,512,max,0.951516,0.0,0.950546,0.0
SkipEncoder,camera9,PUC,512,mult,0.934719,0.0,0.925978,0.0
SkipEncoder,camera9,PUC,512,vote,0.95012,0.0,0.946259,0.0
SkipEncoder,camera9,UFPR04,512,mean_individual_models,0.762355,0.18602,0.72285,0.144292
SkipEncoder,camera9,UFPR04,512,sum,0.865889,0.0,0.813233,0.0
SkipEncoder,camera9,UFPR04,512,mean_probs,0.865889,0.0,0.813233,0.0
SkipEncoder,camera9,UFPR04,512,max,0.873236,0.0,0.847527,0.0
SkipEncoder,camera9,UFPR04,512,mult,0.834239,0.0,0.746075,0.0
SkipEncoder,camera9,UFPR04,512,vote,0.868964,0.0,0.820609,0.0
SkipEncoder,camera9,UFPR05,512,mean_individual_models,0.71122,0.163693,0.705098,0.104511
SkipEncoder,camera9,UFPR05,512,sum,0.846958,0.0,0.84467,0.0
SkipEncoder,camera9,UFPR05,512,mean_probs,0.846958,0.0,0.84467,0.0
SkipEncoder,camera9,UFPR05,512,max,0.844068,0.0,0.824582,0.0
SkipEncoder,camera9,UFPR05,512,mult,0.842674,0.0,0.824784,0.0
SkipEncoder,camera9,UFPR05,512,vote,0.841698,0.0,0.843737,0.0
SkipEncoder,camera9,camera1,1024,mean_individual_models,0.766943,0.168833,0.77995,0.093435
SkipEncoder,camera9,camera1,1024,sum,0.885749,0.0,0.88076,0.0
SkipEncoder,camera9,camera1,1024,mean_probs,0.885749,0.0,0.88076,0.0
SkipEncoder,camera9,camera1,1024,max,0.887896,0.0,0.880429,0.0
SkipEncoder,camera9,camera1,1024,mult,0.878908,0.0,0.870025,0.0
SkipEncoder,camera9,camera1,1024,vote,0.886874,0.0,0.883237,0.0
SkipEncoder,camera9,camera2,1024,mean_individual_models,0.841694,0.204861,0.860544,0.134273
SkipEncoder,camera9,camera2,1024,sum,0.978611,0.0,0.978458,0.0
SkipEncoder,camera9,camera2,1024,mean_probs,0.978611,0.0,0.978458,0.0
SkipEncoder,camera9,camera2,1024,max,0.956112,0.0,0.955782,0.0
SkipEncoder,camera9,camera2,1024,mult,0.978543,0.0,0.978458,0.0
SkipEncoder,camera9,camera2,1024,vote,0.975347,0.0,0.975057,0.0
SkipEncoder,camera9,camera3,1024,mean_individual_models,0.824332,0.197544,0.845346,0.125828
SkipEncoder,camera9,camera3,1024,sum,0.9508,0.0,0.950845,0.0
SkipEncoder,camera9,camera3,1024,mean_probs,0.9508,0.0,0.950845,0.0
SkipEncoder,camera9,camera3,1024,max,0.953693,0.0,0.952381,0.0
SkipEncoder,camera9,camera3,1024,mult,0.953216,0.0,0.952688,0.0
SkipEncoder,camera9,camera3,1024,vote,0.945758,0.0,0.945929,0.0
SkipEncoder,camera9,camera4,1024,mean_individual_models,0.847209,0.200532,0.870395,0.125115
SkipEncoder,camera9,camera4,1024,sum,0.962956,0.0,0.962818,0.0
SkipEncoder,camera9,camera4,1024,mean_probs,0.962956,0.0,0.962818,0.0
SkipEncoder,camera9,camera4,1024,max,0.96135,0.0,0.960787,0.0
SkipEncoder,camera9,camera4,1024,mult,0.963968,0.0,0.963756,0.0
SkipEncoder,camera9,camera4,1024,vote,0.963817,0.0,0.963756,0.0
SkipEncoder,camera9,camera5,1024,mean_individual_models,0.803944,0.18574,0.822683,0.108527
SkipEncoder,camera9,camera5,1024,sum,0.920744,0.0,0.918314,0.0
SkipEncoder,camera9,camera5,1024,mean_probs,0.920744,0.0,0.918314,0.0
SkipEncoder,camera9,camera5,1024,max,0.912028,0.0,0.907554,0.0
SkipEncoder,camera9,camera5,1024,mult,0.920654,0.0,0.917435,0.0
SkipEncoder,camera9,camera5,1024,vote,0.922841,0.0,0.921388,0.0
SkipEncoder,camera9,camera6,1024,mean_individual_models,0.84734,0.20348,0.869232,0.130975
SkipEncoder,camera9,camera6,1024,sum,0.959038,0.0,0.958814,0.0
SkipEncoder,camera9,camera6,1024,mean_probs,0.959038,0.0,0.958814,0.0
SkipEncoder,camera9,camera6,1024,max,0.958717,0.0,0.958468,0.0
SkipEncoder,camera9,camera6,1024,mult,0.959736,0.0,0.959275,0.0
SkipEncoder,camera9,camera6,1024,vote,0.959605,0.0,0.959506,0.0
SkipEncoder,camera9,camera7,1024,mean_individual_models,0.809263,0.196501,0.814119,0.124486
SkipEncoder,camera9,camera7,1024,sum,0.910106,0.0,0.893079,0.0
SkipEncoder,camera9,camera7,1024,mean_probs,0.910106,0.0,0.893079,0.0
SkipEncoder,camera9,camera7,1024,max,0.904573,0.0,0.884871,0.0
SkipEncoder,camera9,camera7,1024,mult,0.911295,0.0,0.892857,0.0
SkipEncoder,camera9,camera7,1024,vote,0.913092,0.0,0.897848,0.0
SkipEncoder,camera9,camera8,1024,mean_individual_models,0.848567,0.20688,0.871074,0.136268
SkipEncoder,camera9,camera8,1024,sum,0.969187,0.0,0.968943,0.0
SkipEncoder,camera9,camera8,1024,mean_probs,0.969187,0.0,0.968943,0.0
SkipEncoder,camera9,camera8,1024,max,0.96604,0.0,0.966049,0.0
SkipEncoder,camera9,camera8,1024,mult,0.97036,0.0,0.969811,0.0
SkipEncoder,camera9,camera8,1024,vote,0.968187,0.0,0.968075,0.0
SkipEncoder,camera9,camera9,1024,mean_individual_models,0.816738,0.193336,0.835233,0.119126
SkipEncoder,camera9,camera9,1024,sum,0.934332,0.0,0.93138,0.0
SkipEncoder,camera9,camera9,1024,mean_probs,0.934332,0.0,0.93138,0.0
SkipEncoder,camera9,camera9,1024,max,0.938098,0.0,0.9374,0.0
SkipEncoder,camera9,camera9,1024,mult,0.940183,0.0,0.938002,0.0
SkipEncoder,camera9,camera9,1024,vote,0.936821,0.0,0.93439,0.0
SkipEncoder,camera9,PUC,1024,mean_individual_models,0.823006,0.20433,0.832045,0.147129
SkipEncoder,camera9,PUC,1024,sum,0.971244,0.0,0.970853,0.0
SkipEncoder,camera9,PUC,1024,mean_probs,0.971244,0.0,0.970853,0.0
SkipEncoder,camera9,PUC,1024,max,0.968453,0.0,0.968425,0.0
SkipEncoder,camera9,PUC,1024,mult,0.963876,0.0,0.961984,0.0
SkipEncoder,camera9,PUC,1024,vote,0.970814,0.0,0.970567,0.0
SkipEncoder,camera9,UFPR04,1024,mean_individual_models,0.760898,0.184025,0.736415,0.130776
SkipEncoder,camera9,UFPR04,1024,sum,0.913661,0.0,0.898248,0.0
SkipEncoder,camera9,UFPR04,1024,mean_probs,0.913661,0.0,0.898248,0.0
SkipEncoder,camera9,UFPR04,1024,max,0.904411,0.0,0.904573,0.0
SkipEncoder,camera9,UFPR04,1024,mult,0.887204,0.0,0.856947,0.0
SkipEncoder,camera9,UFPR04,1024,vote,0.913233,0.0,0.899552,0.0
SkipEncoder,camera9,UFPR05,1024,mean_individual_models,0.735309,0.17821,0.744601,0.120036
SkipEncoder,camera9,UFPR05,1024,sum,0.893844,0.0,0.893909,0.0
SkipEncoder,camera9,UFPR05,1024,mean_probs,0.893844,0.0,0.893909,0.0
SkipEncoder,camera9,UFPR05,1024,max,0.875863,0.0,0.875045,0.0
SkipEncoder,camera9,UFPR05,1024,mult,0.866979,0.0,0.864945,0.0
SkipEncoder,camera9,UFPR05,1024,vote,0.895235,0.0,0.892729,0.0
SkipEncoder,PUC,camera1,64,mean_individual_models,0.685433,0.115419,0.680958,0.08273
SkipEncoder,PUC,camera1,64,sum,0.780628,0.0,0.72403,0.0
SkipEncoder,PUC,camera1,64,mean_probs,0.780628,0.0,0.72403,0.0
SkipEncoder,PUC,camera1,64,max,0.833409,0.0,0.808588,0.0
SkipEncoder,PUC,camera1,64,mult,0.809833,0.0,0.769942,0.0
SkipEncoder,PUC,camera1,64,vote,0.764851,0.0,0.70322,0.0
SkipEncoder,PUC,camera2,64,mean_individual_models,0.664422,0.136324,0.628345,0.108128
SkipEncoder,PUC,camera2,64,sum,0.759149,0.0,0.657596,0.0
SkipEncoder,PUC,camera2,64,mean_probs,0.759149,0.0,0.657596,0.0
SkipEncoder,PUC,camera2,64,max,0.79696,0.0,0.750567,0.0
SkipEncoder,PUC,camera2,64,mult,0.78113,0.0,0.709751,0.0
SkipEncoder,PUC,camera2,64,vote,0.754477,0.0,0.64966,0.0
SkipEncoder,PUC,camera3,64,mean_individual_models,0.710618,0.089838,0.656743,0.101171
SkipEncoder,PUC,camera3,64,sum,0.778123,0.0,0.709677,0.0
SkipEncoder,PUC,camera3,64,mean_probs,0.778123,0.0,0.709677,0.0
SkipEncoder,PUC,camera3,64,max,0.819812,0.0,0.774808,0.0
SkipEncoder,PUC,camera3,64,mult,0.788092,0.0,0.736098,0.0
SkipEncoder,PUC,camera3,64,vote,0.758885,0.0,0.677727,0.0
SkipEncoder,PUC,camera4,64,mean_individual_models,0.789375,0.052817,0.741556,0.083504
SkipEncoder,PUC,camera4,64,sum,0.866823,0.0,0.836119,0.0
SkipEncoder,PUC,camera4,64,mean_probs,0.866823,0.0,0.836119,0.0
SkipEncoder,PUC,camera4,64,max,0.885544,0.0,0.866583,0.0
SkipEncoder,PUC,camera4,64,mult,0.882158,0.0,0.860647,0.0
SkipEncoder,PUC,camera4,64,vote,0.850119,0.0,0.810186,0.0
SkipEncoder,PUC,camera5,64,mean_individual_models,0.74689,0.050849,0.692194,0.085359
SkipEncoder,PUC,camera5,64,sum,0.821591,0.0,0.762846,0.0
SkipEncoder,PUC,camera5,64,mean_probs,0.821591,0.0,0.762846,0.0
SkipEncoder,PUC,camera5,64,max,0.841065,0.0,0.804018,0.0
SkipEncoder,PUC,camera5,64,mult,0.840431,0.0,0.793698,0.0
SkipEncoder,PUC,camera5,64,vote,0.796619,0.0,0.720026,0.0
SkipEncoder,PUC,camera6,64,mean_individual_models,0.753428,0.078082,0.7015,0.097756
SkipEncoder,PUC,camera6,64,sum,0.827239,0.0,0.781957,0.0
SkipEncoder,PUC,camera6,64,mean_probs,0.827239,0.0,0.781957,0.0
SkipEncoder,PUC,camera6,64,max,0.863418,0.0,0.841024,0.0
SkipEncoder,PUC,camera6,64,mult,0.846063,0.0,0.815413,0.0
SkipEncoder,PUC,camera6,64,vote,0.810468,0.0,0.752077,0.0
SkipEncoder,PUC,camera7,64,mean_individual_models,0.721172,0.083487,0.681034,0.110966
SkipEncoder,PUC,camera7,64,sum,0.810945,0.0,0.776176,0.0
SkipEncoder,PUC,camera7,64,mean_probs,0.810945,0.0,0.776176,0.0
SkipEncoder,PUC,camera7,64,max,0.855197,0.0,0.850155,0.0
SkipEncoder,PUC,camera7,64,mult,0.837971,0.0,0.821872,0.0
SkipEncoder,PUC,camera7,64,vote,0.783556,0.0,0.729925,0.0
SkipEncoder,PUC,camera8,64,mean_individual_models,0.746981,0.073067,0.689641,0.107674
SkipEncoder,PUC,camera8,64,sum,0.802426,0.0,0.744502,0.0
SkipEncoder,PUC,camera8,64,mean_probs,0.802426,0.0,0.744502,0.0
SkipEncoder,PUC,camera8,64,max,0.846028,0.0,0.814236,0.0
SkipEncoder,PUC,camera8,64,mult,0.827615,0.0,0.789352,0.0
SkipEncoder,PUC,camera8,64,vote,0.780465,0.0,0.705633,0.0
SkipEncoder,PUC,camera9,64,mean_individual_models,0.710465,0.070328,0.676665,0.078133
SkipEncoder,PUC,camera9,64,sum,0.822449,0.0,0.801966,0.0
SkipEncoder,PUC,camera9,64,mean_probs,0.822449,0.0,0.801966,0.0
SkipEncoder,PUC,camera9,64,max,0.846187,0.0,0.835875,0.0
SkipEncoder,PUC,camera9,64,mult,0.838771,0.0,0.826244,0.0
SkipEncoder,PUC,camera9,64,vote,0.796325,0.0,0.767255,0.0
SkipEncoder,PUC,PUC,64,mean_individual_models,0.893326,0.068791,0.889328,0.069793
SkipEncoder,PUC,PUC,64,sum,0.95078,0.0,0.948438,0.0
SkipEncoder,PUC,PUC,64,mean_probs,0.95078,0.0,0.948438,0.0
SkipEncoder,PUC,PUC,64,max,0.963373,0.0,0.962597,0.0
SkipEncoder,PUC,PUC,64,mult,0.95795,0.0,0.956561,0.0
SkipEncoder,PUC,PUC,64,vote,0.945761,0.0,0.942747,0.0
SkipEncoder,PUC,UFPR04,64,mean_individual_models,0.863149,0.0588,0.851763,0.073868
SkipEncoder,PUC,UFPR04,64,sum,0.928483,0.0,0.926159,0.0
SkipEncoder,PUC,UFPR04,64,mean_probs,0.928483,0.0,0.926159,0.0
SkipEncoder,PUC,UFPR04,64,max,0.929137,0.0,0.926655,0.0
SkipEncoder,PUC,UFPR04,64,mult,0.928588,0.0,0.925997,0.0
SkipEncoder,PUC,UFPR04,64,vote,0.925793,0.0,0.923065,0.0
SkipEncoder,PUC,UFPR05,64,mean_individual_models,0.695223,0.11154,0.654796,0.075867
SkipEncoder,PUC,UFPR05,64,sum,0.799769,0.0,0.692341,0.0
SkipEncoder,PUC,UFPR05,64,mean_probs,0.799769,0.0,0.692341,0.0
SkipEncoder,PUC,UFPR05,64,max,0.82711,0.0,0.757853,0.0
SkipEncoder,PUC,UFPR05,64,mult,0.789795,0.0,0.710219,0.0
SkipEncoder,PUC,UFPR05,64,vote,0.792723,0.0,0.679419,0.0
SkipEncoder,PUC,camera1,128,mean_individual_models,0.733388,0.086363,0.727779,0.083191
SkipEncoder,PUC,camera1,128,sum,0.858333,0.0,0.847399,0.0
SkipEncoder,PUC,camera1,128,mean_probs,0.858333,0.0,0.847399,0.0
SkipEncoder,PUC,camera1,128,max,0.891147,0.0,0.890339,0.0
SkipEncoder,PUC,camera1,128,mult,0.871671,0.0,0.863254,0.0
SkipEncoder,PUC,camera1,128,vote,0.854048,0.0,0.842279,0.0
SkipEncoder,PUC,camera2,128,mean_individual_models,0.765884,0.065946,0.728685,0.083193
SkipEncoder,PUC,camera2,128,sum,0.893822,0.0,0.880952,0.0
SkipEncoder,PUC,camera2,128,mean_probs,0.893822,0.0,0.880952,0.0
SkipEncoder,PUC,camera2,128,max,0.904762,0.0,0.896825,0.0
SkipEncoder,PUC,camera2,128,mult,0.900064,0.0,0.894558,0.0
SkipEncoder,PUC,camera2,128,vote,0.888014,0.0,0.873016,0.0
SkipEncoder,PUC,camera3,128,mean_individual_models,0.75048,0.071344,0.713487,0.086622
SkipEncoder,PUC,camera3,128,sum,0.809451,0.0,0.775422,0.0
SkipEncoder,PUC,camera3,128,mean_probs,0.809451,0.0,0.775422,0.0
SkipEncoder,PUC,camera3,128,max,0.83625,0.0,0.815975,0.0
SkipEncoder,PUC,camera3,128,mult,0.808259,0.0,0.778495,0.0
SkipEncoder,PUC,camera3,128,vote,0.810607,0.0,0.776344,0.0
SkipEncoder,PUC,camera4,128,mean_individual_models,0.81263,0.060985,0.788049,0.081569
SkipEncoder,PUC,camera4,128,sum,0.902116,0.0,0.89486,0.0
SkipEncoder,PUC,camera4,128,mean_probs,0.902116,0.0,0.89486,0.0
SkipEncoder,PUC,camera4,128,max,0.903799,0.0,0.898297,0.0
SkipEncoder,PUC,camera4,128,mult,0.909566,0.0,0.904546,0.0
SkipEncoder,PUC,camera4,128,vote,0.900762,0.0,0.892985,0.0
SkipEncoder,PUC,camera5,128,mean_individual_models,0.773714,0.050868,0.748408,0.069298
SkipEncoder,PUC,camera5,128,sum,0.864434,0.0,0.847606,0.0
SkipEncoder,PUC,camera5,128,mean_probs,0.864434,0.0,0.847606,0.0
SkipEncoder,PUC,camera5,128,max,0.862744,0.0,0.855841,0.0
SkipEncoder,PUC,camera5,128,mult,0.869257,0.0,0.85617,0.0
SkipEncoder,PUC,camera5,128,vote,0.864634,0.0,0.847058,0.0
SkipEncoder,PUC,camera6,128,mean_individual_models,0.790733,0.069704,0.760429,0.091322
SkipEncoder,PUC,camera6,128,sum,0.877008,0.0,0.862598,0.0
SkipEncoder,PUC,camera6,128,mean_probs,0.877008,0.0,0.862598,0.0
SkipEncoder,PUC,camera6,128,max,0.877571,0.0,0.86629,0.0
SkipEncoder,PUC,camera6,128,mult,0.877248,0.0,0.864675,0.0
SkipEncoder,PUC,camera6,128,vote,0.876944,0.0,0.862021,0.0
SkipEncoder,PUC,camera7,128,mean_individual_models,0.768523,0.070812,0.745286,0.094371
SkipEncoder,PUC,camera7,128,sum,0.865658,0.0,0.862023,0.0
SkipEncoder,PUC,camera7,128,mean_probs,0.865658,0.0,0.862023,0.0
SkipEncoder,PUC,camera7,128,max,0.888959,0.0,0.890084,0.0
SkipEncoder,PUC,camera7,128,mult,0.874864,0.0,0.873669,0.0
SkipEncoder,PUC,camera7,128,vote,0.863193,0.0,0.859472,0.0
SkipEncoder,PUC,camera8,128,mean_individual_models,0.793255,0.073656,0.763571,0.100423
SkipEncoder,PUC,camera8,128,sum,0.868593,0.0,0.853781,0.0
SkipEncoder,PUC,camera8,128,mean_probs,0.868593,0.0,0.853781,0.0
SkipEncoder,PUC,camera8,128,max,0.88359,0.0,0.875675,0.0
SkipEncoder,PUC,camera8,128,mult,0.877729,0.0,0.866416,0.0
SkipEncoder,PUC,camera8,128,vote,0.867235,0.0,0.852238,0.0
SkipEncoder,PUC,camera9,128,mean_individual_models,0.749043,0.053967,0.720305,0.06758
SkipEncoder,PUC,camera9,128,sum,0.860944,0.0,0.859952,0.0
SkipEncoder,PUC,camera9,128,mean_probs,0.860944,0.0,0.859952,0.0
SkipEncoder,PUC,camera9,128,max,0.833108,0.0,0.831661,0.0
SkipEncoder,PUC,camera9,128,mult,0.861722,0.0,0.861758,0.0
SkipEncoder,PUC,camera9,128,vote,0.859901,0.0,0.858748,0.0
SkipEncoder,PUC,PUC,128,mean_individual_models,0.920452,0.074965,0.919622,0.074985
SkipEncoder,PUC,PUC,128,sum,0.978829,0.0,0.978739,0.0
SkipEncoder,PUC,PUC,128,mean_probs,0.978829,0.0,0.978739,0.0
SkipEncoder,PUC,PUC,128,max,0.979836,0.0,0.979837,0.0
SkipEncoder,PUC,PUC,128,mult,0.979623,0.0,0.9796,0.0
SkipEncoder,PUC,PUC,128,vote,0.97782,0.0,0.977713,0.0
SkipEncoder,PUC,UFPR04,128,mean_individual_models,0.879225,0.063996,0.863201,0.083888
SkipEncoder,PUC,UFPR04,128,sum,0.935956,0.0,0.933454,0.0
SkipEncoder,PUC,UFPR04,128,mean_probs,0.935956,0.0,0.933454,0.0
SkipEncoder,PUC,UFPR04,128,max,0.926843,0.0,0.923573,0.0
SkipEncoder,PUC,UFPR04,128,mult,0.931568,0.0,0.928398,0.0
SkipEncoder,PUC,UFPR04,128,vote,0.934791,0.0,0.932046,0.0
SkipEncoder,PUC,UFPR05,128,mean_individual_models,0.71984,0.116434,0.692855,0.095482
SkipEncoder,PUC,UFPR05,128,sum,0.837155,0.0,0.775299,0.0
SkipEncoder,PUC,UFPR05,128,mean_probs,0.837155,0.0,0.775299,0.0
SkipEncoder,PUC,UFPR05,128,max,0.851258,0.0,0.813302,0.0
SkipEncoder,PUC,UFPR05,128,mult,0.815283,0.0,0.774209,0.0
SkipEncoder,PUC,UFPR05,128,vote,0.835131,0.0,0.771514,0.0
SkipEncoder,PUC,camera1,256,mean_individual_models,0.754476,0.085369,0.749694,0.08434
SkipEncoder,PUC,camera1,256,sum,0.884957,0.0,0.88654,0.0
SkipEncoder,PUC,camera1,256,mean_probs,0.884957,0.0,0.88654,0.0
SkipEncoder,PUC,camera1,256,max,0.877428,0.0,0.878778,0.0
SkipEncoder,PUC,camera1,256,mult,0.885092,0.0,0.886375,0.0
SkipEncoder,PUC,camera1,256,vote,0.883442,0.0,0.885054,0.0
SkipEncoder,PUC,camera2,256,mean_individual_models,0.784399,0.075192,0.752834,0.088853
SkipEncoder,PUC,camera2,256,sum,0.931814,0.0,0.929705,0.0
SkipEncoder,PUC,camera2,256,mean_probs,0.931814,0.0,0.929705,0.0
SkipEncoder,PUC,camera2,256,max,0.861886,0.0,0.837868,0.0
SkipEncoder,PUC,camera2,256,mult,0.895903,0.0,0.894558,0.0
SkipEncoder,PUC,camera2,256,vote,0.933702,0.0,0.930839,0.0
SkipEncoder,PUC,camera3,256,mean_individual_models,0.769349,0.078316,0.743318,0.085952
SkipEncoder,PUC,camera3,256,sum,0.848298,0.0,0.835023,0.0
SkipEncoder,PUC,camera3,256,mean_probs,0.848298,0.0,0.835023,0.0
SkipEncoder,PUC,camera3,256,max,0.856748,0.0,0.84424,0.0
SkipEncoder,PUC,camera3,256,mult,0.842453,0.0,0.83318,0.0
SkipEncoder,PUC,camera3,256,vote,0.847609,0.0,0.834101,0.0
SkipEncoder,PUC,camera4,256,mean_individual_models,0.810434,0.079929,0.794017,0.087627
SkipEncoder,PUC,camera4,256,sum,0.926339,0.0,0.924699,0.0
SkipEncoder,PUC,camera4,256,mean_probs,0.926339,0.0,0.924699,0.0
SkipEncoder,PUC,camera4,256,max,0.86934,0.0,0.862365,0.0
SkipEncoder,PUC,camera4,256,mult,0.914633,0.0,0.91267,0.0
SkipEncoder,PUC,camera4,256,vote,0.925609,0.0,0.923762,0.0
SkipEncoder,PUC,camera5,256,mean_individual_models,0.775952,0.067148,0.761155,0.076409
SkipEncoder,PUC,camera5,256,sum,0.89288,0.0,0.891195,0.0
SkipEncoder,PUC,camera5,256,mean_probs,0.89288,0.0,0.891195,0.0
SkipEncoder,PUC,camera5,256,max,0.838076,0.0,0.833114,0.0
SkipEncoder,PUC,camera5,256,mult,0.888153,0.0,0.886583,0.0
SkipEncoder,PUC,camera5,256,vote,0.88953,0.0,0.887791,0.0
SkipEncoder,PUC,camera6,256,mean_individual_models,0.803954,0.077825,0.783087,0.088683
SkipEncoder,PUC,camera6,256,sum,0.912103,0.0,0.909206,0.0
SkipEncoder,PUC,camera6,256,mean_probs,0.912103,0.0,0.909206,0.0
SkipEncoder,PUC,camera6,256,max,0.867972,0.0,0.854176,0.0
SkipEncoder,PUC,camera6,256,mult,0.899665,0.0,0.895247,0.0
SkipEncoder,PUC,camera6,256,vote,0.911107,0.0,0.907937,0.0
SkipEncoder,PUC,camera7,256,mean_individual_models,0.780729,0.079811,0.770275,0.091803
SkipEncoder,PUC,camera7,256,sum,0.899239,0.0,0.899512,0.0
SkipEncoder,PUC,camera7,256,mean_probs,0.899239,0.0,0.899512,0.0
SkipEncoder,PUC,camera7,256,max,0.869083,0.0,0.869787,0.0
SkipEncoder,PUC,camera7,256,mult,0.897114,0.0,0.89685,0.0
SkipEncoder,PUC,camera7,256,vote,0.898842,0.0,0.89929,0.0
SkipEncoder,PUC,camera8,256,mean_individual_models,0.798166,0.08781,0.779147,0.103559
SkipEncoder,PUC,camera8,256,sum,0.904649,0.0,0.902971,0.0
SkipEncoder,PUC,camera8,256,mean_probs,0.904649,0.0,0.902971,0.0
SkipEncoder,PUC,camera8,256,max,0.884978,0.0,0.881366,0.0
SkipEncoder,PUC,camera8,256,mult,0.90314,0.0,0.901717,0.0
SkipEncoder,PUC,camera8,256,vote,0.904949,0.0,0.903164,0.0
SkipEncoder,PUC,camera9,256,mean_individual_models,0.757205,0.062127,0.74057,0.070963
SkipEncoder,PUC,camera9,256,sum,0.873729,0.0,0.873596,0.0
SkipEncoder,PUC,camera9,256,mean_probs,0.873729,0.0,0.873596,0.0
SkipEncoder,PUC,camera9,256,max,0.793691,0.0,0.78431,0.0
SkipEncoder,PUC,camera9,256,mult,0.858833,0.0,0.858949,0.0
SkipEncoder,PUC,camera9,256,vote,0.872452,0.0,0.872392,0.0
SkipEncoder,PUC,PUC,256,mean_individual_models,0.929713,0.075964,0.928255,0.076213
SkipEncoder,PUC,PUC,256,sum,0.991344,0.0,0.991342,0.0
SkipEncoder,PUC,PUC,256,mean_probs,0.991344,0.0,0.991342,0.0
SkipEncoder,PUC,PUC,256,max,0.990995,0.0,0.99099,0.0
SkipEncoder,PUC,PUC,256,mult,0.991837,0.0,0.991834,0.0
SkipEncoder,PUC,PUC,256,vote,0.990971,0.0,0.990969,0.0
SkipEncoder,PUC,UFPR04,256,mean_individual_models,0.878833,0.064006,0.860493,0.087531
SkipEncoder,PUC,UFPR04,256,sum,0.948607,0.0,0.947398,0.0
SkipEncoder,PUC,UFPR04,256,mean_probs,0.948607,0.0,0.947398,0.0
SkipEncoder,PUC,UFPR04,256,max,0.947585,0.0,0.946948,0.0
SkipEncoder,PUC,UFPR04,256,mult,0.937243,0.0,0.934135,0.0
SkipEncoder,PUC,UFPR04,256,vote,0.947072,0.0,0.945644,0.0
SkipEncoder,PUC,UFPR05,256,mean_individual_models,0.748722,0.100936,0.712096,0.091952
SkipEncoder,PUC,UFPR05,256,sum,0.875471,0.0,0.852142,0.0
SkipEncoder,PUC,UFPR05,256,mean_probs,0.875471,0.0,0.852142,0.0
SkipEncoder,PUC,UFPR05,256,max,0.871964,0.0,0.861235,0.0
SkipEncoder,PUC,UFPR05,256,mult,0.842098,0.0,0.836586,0.0
SkipEncoder,PUC,UFPR05,256,vote,0.870366,0.0,0.844655,0.0
SkipEncoder,PUC,camera1,512,mean_individual_models,0.701633,0.188523,0.717969,0.129079
SkipEncoder,PUC,camera1,512,sum,0.877964,0.0,0.879604,0.0
SkipEncoder,PUC,camera1,512,mean_probs,0.877964,0.0,0.879604,0.0
SkipEncoder,PUC,camera1,512,max,0.871977,0.0,0.872998,0.0
SkipEncoder,PUC,camera1,512,mult,0.875971,0.0,0.877457,0.0
SkipEncoder,PUC,camera1,512,vote,0.876146,0.0,0.877787,0.0
SkipEncoder,PUC,camera2,512,mean_individual_models,0.727697,0.17805,0.715646,0.118816
SkipEncoder,PUC,camera2,512,sum,0.900046,0.0,0.893424,0.0
SkipEncoder,PUC,camera2,512,mean_probs,0.900046,0.0,0.893424,0.0
SkipEncoder,PUC,camera2,512,max,0.882561,0.0,0.871882,0.0
SkipEncoder,PUC,camera2,512,mult,0.925274,0.0,0.924036,0.0
SkipEncoder,PUC,camera2,512,vote,0.901884,0.0,0.895692,0.0
SkipEncoder,PUC,camera3,512,mean_individual_models,0.736385,0.17169,0.731521,0.101956
SkipEncoder,PUC,camera3,512,sum,0.856051,0.0,0.845469,0.0
SkipEncoder,PUC,camera3,512,mean_probs,0.856051,0.0,0.845469,0.0
SkipEncoder,PUC,camera3,512,max,0.875205,0.0,0.867896,0.0
SkipEncoder,PUC,camera3,512,mult,0.867379,0.0,0.863287,0.0
SkipEncoder,PUC,camera3,512,vote,0.85855,0.0,0.849462,0.0
SkipEncoder,PUC,camera4,512,mean_individual_models,0.774899,0.189083,0.777644,0.127727
SkipEncoder,PUC,camera4,512,sum,0.934216,0.0,0.931105,0.0
SkipEncoder,PUC,camera4,512,mean_probs,0.934216,0.0,0.931105,0.0
SkipEncoder,PUC,camera4,512,max,0.889931,0.0,0.88658,0.0
SkipEncoder,PUC,camera4,512,mult,0.930506,0.0,0.929074,0.0
SkipEncoder,PUC,camera4,512,vote,0.932515,0.0,0.930167,0.0
SkipEncoder,PUC,camera5,512,mean_individual_models,0.74137,0.174762,0.74249,0.112267
SkipEncoder,PUC,camera5,512,sum,0.890425,0.0,0.887352,0.0
SkipEncoder,PUC,camera5,512,mean_probs,0.890425,0.0,0.887352,0.0
SkipEncoder,PUC,camera5,512,max,0.852129,0.0,0.848924,0.0
SkipEncoder,PUC,camera5,512,mult,0.894444,0.0,0.893061,0.0
SkipEncoder,PUC,camera5,512,vote,0.888109,0.0,0.886144,0.0
SkipEncoder,PUC,camera6,512,mean_individual_models,0.769457,0.18419,0.769312,0.120102
SkipEncoder,PUC,camera6,512,sum,0.913384,0.0,0.908976,0.0
SkipEncoder,PUC,camera6,512,mean_probs,0.913384,0.0,0.908976,0.0
SkipEncoder,PUC,camera6,512,max,0.87545,0.0,0.865021,0.0
SkipEncoder,PUC,camera6,512,mult,0.90784,0.0,0.904246,0.0
SkipEncoder,PUC,camera6,512,vote,0.915389,0.0,0.911629,0.0
SkipEncoder,PUC,camera7,512,mean_individual_models,0.749458,0.171925,0.759627,0.10603
SkipEncoder,PUC,camera7,512,sum,0.903586,0.0,0.903061,0.0
SkipEncoder,PUC,camera7,512,mean_probs,0.903586,0.0,0.903061,0.0
SkipEncoder,PUC,camera7,512,max,0.874576,0.0,0.874335,0.0
SkipEncoder,PUC,camera7,512,mult,0.901017,0.0,0.899845,0.0
SkipEncoder,PUC,camera7,512,vote,0.90248,0.0,0.901508,0.0
SkipEncoder,PUC,camera8,512,mean_individual_models,0.766374,0.183243,0.769416,0.119782
SkipEncoder,PUC,camera8,512,sum,0.918954,0.0,0.91686,0.0
SkipEncoder,PUC,camera8,512,mean_probs,0.918954,0.0,0.91686,0.0
SkipEncoder,PUC,camera8,512,max,0.893512,0.0,0.88995,0.0
SkipEncoder,PUC,camera8,512,mult,0.921566,0.0,0.920428,0.0
SkipEncoder,PUC,camera8,512,vote,0.921365,0.0,0.919753,0.0
SkipEncoder,PUC,camera9,512,mean_individual_models,0.706033,0.166748,0.708808,0.108309
SkipEncoder,PUC,camera9,512,sum,0.863652,0.0,0.863764,0.0
SkipEncoder,PUC,camera9,512,mean_probs,0.863652,0.0,0.863764,0.0
SkipEncoder,PUC,camera9,512,max,0.811142,0.0,0.807183,0.0
SkipEncoder,PUC,camera9,512,mult,0.854791,0.0,0.853331,0.0
SkipEncoder,PUC,camera9,512,vote,0.86085,0.0,0.860955,0.0
SkipEncoder,PUC,PUC,512,mean_individual_models,0.870856,0.218814,0.894661,0.150165
SkipEncoder,PUC,PUC,512,sum,0.993257,0.0,0.993247,0.0
SkipEncoder,PUC,PUC,512,mean_probs,0.993257,0.0,0.993247,0.0
SkipEncoder,PUC,PUC,512,max,0.991238,0.0,0.99118,0.0
SkipEncoder,PUC,PUC,512,mult,0.994772,0.0,0.994771,0.0
SkipEncoder,PUC,PUC,512,vote,0.993073,0.0,0.993068,0.0
SkipEncoder,PUC,UFPR04,512,mean_individual_models,0.835459,0.19638,0.850725,0.129344
SkipEncoder,PUC,UFPR04,512,sum,0.967962,0.0,0.968499,0.0
SkipEncoder,PUC,UFPR04,512,mean_probs,0.967962,0.0,0.968499,0.0
SkipEncoder,PUC,UFPR04,512,max,0.963721,0.0,0.964851,0.0
SkipEncoder,PUC,UFPR04,512,mult,0.963678,0.0,0.964309,0.0
SkipEncoder,PUC,UFPR04,512,vote,0.964945,0.0,0.965036,0.0
SkipEncoder,PUC,UFPR05,512,mean_individual_models,0.729498,0.187587,0.728488,0.119891
SkipEncoder,PUC,UFPR05,512,sum,0.897606,0.0,0.870745,0.0
SkipEncoder,PUC,UFPR05,512,mean_probs,0.897606,0.0,0.870745,0.0
SkipEncoder,PUC,UFPR05,512,max,0.912825,0.0,0.89691,0.0
SkipEncoder,PUC,UFPR05,512,mult,0.89961,0.0,0.881569,0.0
SkipEncoder,PUC,UFPR05,512,vote,0.897381,0.0,0.872111,0.0
SkipEncoder,PUC,camera1,1024,mean_individual_models,0.732421,0.17548,0.74365,0.109448
SkipEncoder,PUC,camera1,1024,sum,0.876928,0.0,0.875475,0.0
SkipEncoder,PUC,camera1,1024,mean_probs,0.876928,0.0,0.875475,0.0
SkipEncoder,PUC,camera1,1024,max,0.866949,0.0,0.866391,0.0
SkipEncoder,PUC,camera1,1024,mult,0.862724,0.0,0.857803,0.0
SkipEncoder,PUC,camera1,1024,vote,0.874577,0.0,0.872337,0.0
SkipEncoder,PUC,camera2,1024,mean_individual_models,0.750052,0.180495,0.745238,0.124066
SkipEncoder,PUC,camera2,1024,sum,0.927486,0.0,0.927438,0.0
SkipEncoder,PUC,camera2,1024,mean_probs,0.927486,0.0,0.927438,0.0
SkipEncoder,PUC,camera2,1024,max,0.868985,0.0,0.853741,0.0
SkipEncoder,PUC,camera2,1024,mult,0.90729,0.0,0.907029,0.0
SkipEncoder,PUC,camera2,1024,vote,0.927493,0.0,0.927438,0.0
SkipEncoder,PUC,camera3,1024,mean_individual_models,0.757056,0.173564,0.761751,0.108228
SkipEncoder,PUC,camera3,1024,sum,0.890258,0.0,0.889401,0.0
SkipEncoder,PUC,camera3,1024,mean_probs,0.890258,0.0,0.889401,0.0
SkipEncoder,PUC,camera3,1024,max,0.88314,0.0,0.87957,0.0
SkipEncoder,PUC,camera3,1024,mult,0.879972,0.0,0.880184,0.0
SkipEncoder,PUC,camera3,1024,vote,0.889364,0.0,0.888786,0.0
SkipEncoder,PUC,camera4,1024,mean_individual_models,0.77692,0.186481,0.78708,0.121973
SkipEncoder,PUC,camera4,1024,sum,0.934178,0.0,0.934229,0.0
SkipEncoder,PUC,camera4,1024,mean_probs,0.934178,0.0,0.934229,0.0
SkipEncoder,PUC,camera4,1024,max,0.877179,0.0,0.87377,0.0
SkipEncoder,PUC,camera4,1024,mult,0.919741,0.0,0.919856,0.0
SkipEncoder,PUC,camera4,1024,vote,0.931594,0.0,0.931729,0.0
SkipEncoder,PUC,camera5,1024,mean_individual_models,0.744186,0.174886,0.752053,0.109877
SkipEncoder,PUC,camera5,1024,sum,0.887356,0.0,0.887242,0.0
SkipEncoder,PUC,camera5,1024,mean_probs,0.887356,0.0,0.887242,0.0
SkipEncoder,PUC,camera5,1024,max,0.834204,0.0,0.834431,0.0
SkipEncoder,PUC,camera5,1024,mult,0.885146,0.0,0.883838,0.0
SkipEncoder,PUC,camera5,1024,vote,0.885183,0.0,0.884717,0.0
SkipEncoder,PUC,camera6,1024,mean_individual_models,0.780349,0.1852,0.791371,0.121511
SkipEncoder,PUC,camera6,1024,sum,0.922991,0.0,0.922473,0.0
SkipEncoder,PUC,camera6,1024,mean_probs,0.922991,0.0,0.922473,0.0
SkipEncoder,PUC,camera6,1024,max,0.87705,0.0,0.868251,0.0
SkipEncoder,PUC,camera6,1024,mult,0.917405,0.0,0.917051,0.0
SkipEncoder,PUC,camera6,1024,vote,0.922637,0.0,0.922358,0.0
SkipEncoder,PUC,camera7,1024,mean_individual_models,0.765143,0.170732,0.779725,0.094427
SkipEncoder,PUC,camera7,1024,sum,0.898904,0.0,0.892413,0.0
SkipEncoder,PUC,camera7,1024,mean_probs,0.898904,0.0,0.892413,0.0
SkipEncoder,PUC,camera7,1024,max,0.866249,0.0,0.863576,0.0
SkipEncoder,PUC,camera7,1024,mult,0.894235,0.0,0.885315,0.0
SkipEncoder,PUC,camera7,1024,vote,0.897253,0.0,0.889973,0.0
SkipEncoder,PUC,camera8,1024,mean_individual_models,0.782525,0.189007,0.796576,0.128716
SkipEncoder,PUC,camera8,1024,sum,0.933933,0.0,0.934028,0.0
SkipEncoder,PUC,camera8,1024,mean_probs,0.933933,0.0,0.934028,0.0
SkipEncoder,PUC,camera8,1024,max,0.897712,0.0,0.895255,0.0
SkipEncoder,PUC,camera8,1024,mult,0.93092,0.0,0.931038,0.0
SkipEncoder,PUC,camera8,1024,vote,0.933807,0.0,0.933931,0.0
SkipEncoder,PUC,camera9,1024,mean_individual_models,0.713242,0.165317,0.71256,0.102878
SkipEncoder,PUC,camera9,1024,sum,0.865548,0.0,0.862761,0.0
SkipEncoder,PUC,camera9,1024,mean_probs,0.865548,0.0,0.862761,0.0
SkipEncoder,PUC,camera9,1024,max,0.794853,0.0,0.791332,0.0
SkipEncoder,PUC,camera9,1024,mult,0.835951,0.0,0.826244,0.0
SkipEncoder,PUC,camera9,1024,vote,0.863101,0.0,0.859551,0.0
SkipEncoder,PUC,PUC,1024,mean_individual_models,0.879949,0.22023,0.904596,0.150478
SkipEncoder,PUC,PUC,1024,sum,0.995739,0.0,0.995739,0.0
SkipEncoder,PUC,PUC,1024,mean_probs,0.995739,0.0,0.995739,0.0
SkipEncoder,PUC,PUC,1024,max,0.992477,0.0,0.992464,0.0
SkipEncoder,PUC,PUC,1024,mult,0.995383,0.0,0.995375,0.0
SkipEncoder,PUC,PUC,1024,vote,0.995433,0.0,0.99543,0.0
SkipEncoder,PUC,UFPR04,1024,mean_individual_models,0.840385,0.197089,0.857082,0.126189
SkipEncoder,PUC,UFPR04,1024,sum,0.967224,0.0,0.967206,0.0
SkipEncoder,PUC,UFPR04,1024,mean_probs,0.967224,0.0,0.967206,0.0
SkipEncoder,PUC,UFPR04,1024,max,0.967991,0.0,0.969099,0.0
SkipEncoder,PUC,UFPR04,1024,mult,0.955265,0.0,0.953885,0.0
SkipEncoder,PUC,UFPR04,1024,vote,0.965205,0.0,0.964782,0.0
SkipEncoder,PUC,UFPR05,1024,mean_individual_models,0.741865,0.198624,0.754945,0.139788
SkipEncoder,PUC,UFPR05,1024,sum,0.924365,0.0,0.920319,0.0
SkipEncoder,PUC,UFPR05,1024,mean_probs,0.924365,0.0,0.920319,0.0
SkipEncoder,PUC,UFPR05,1024,max,0.926432,0.0,0.922872,0.0
SkipEncoder,PUC,UFPR05,1024,mult,0.914009,0.0,0.914967,0.0
SkipEncoder,PUC,UFPR05,1024,vote,0.922575,0.0,0.920118,0.0
SkipEncoder,UFPR04,camera1,64,mean_individual_models,0.542942,0.161594,0.581255,0.101243
SkipEncoder,UFPR04,camera1,64,sum,0.596232,0.0,0.582989,0.0
SkipEncoder,UFPR04,camera1,64,mean_probs,0.596232,0.0,0.582989,0.0
SkipEncoder,UFPR04,camera1,64,max,0.677931,0.0,0.669364,0.0
SkipEncoder,UFPR04,camera1,64,mult,0.583813,0.0,0.580677,0.0
SkipEncoder,UFPR04,camera1,64,vote,0.604114,0.0,0.58332,0.0
SkipEncoder,UFPR04,camera2,64,mean_individual_models,0.521579,0.178019,0.510091,0.082228
SkipEncoder,UFPR04,camera2,64,sum,0.582369,0.0,0.527211,0.0
SkipEncoder,UFPR04,camera2,64,mean_probs,0.582369,0.0,0.527211,0.0
SkipEncoder,UFPR04,camera2,64,max,0.629735,0.0,0.563492,0.0
SkipEncoder,UFPR04,camera2,64,mult,0.571565,0.0,0.524943,0.0
SkipEncoder,UFPR04,camera2,64,vote,0.591299,0.0,0.527211,0.0
SkipEncoder,UFPR04,camera3,64,mean_individual_models,0.603932,0.167108,0.560492,0.09309
SkipEncoder,UFPR04,camera3,64,sum,0.682283,0.0,0.557911,0.0
SkipEncoder,UFPR04,camera3,64,mean_probs,0.682283,0.0,0.557911,0.0
SkipEncoder,UFPR04,camera3,64,max,0.712054,0.0,0.641475,0.0
SkipEncoder,UFPR04,camera3,64,mult,0.675304,0.0,0.568356,0.0
SkipEncoder,UFPR04,camera3,64,vote,0.687122,0.0,0.550538,0.0
SkipEncoder,UFPR04,camera4,64,mean_individual_models,0.626722,0.167793,0.608546,0.101652
SkipEncoder,UFPR04,camera4,64,sum,0.709216,0.0,0.616154,0.0
SkipEncoder,UFPR04,camera4,64,mean_probs,0.709216,0.0,0.616154,0.0
SkipEncoder,UFPR04,camera4,64,max,0.684548,0.0,0.633651,0.0
SkipEncoder,UFPR04,camera4,64,mult,0.690488,0.0,0.612248,0.0
SkipEncoder,UFPR04,camera4,64,vote,0.718908,0.0,0.611467,0.0
SkipEncoder,UFPR04,camera5,64,mean_individual_models,0.599456,0.15588,0.587637,0.080724
SkipEncoder,UFPR04,camera5,64,sum,0.683644,0.0,0.5852,0.0
SkipEncoder,UFPR04,camera5,64,mean_probs,0.683644,0.0,0.5852,0.0
SkipEncoder,UFPR04,camera5,64,max,0.684245,0.0,0.624726,0.0
SkipEncoder,UFPR04,camera5,64,mult,0.671261,0.0,0.585859,0.0
SkipEncoder,UFPR04,camera5,64,vote,0.701135,0.0,0.582565,0.0
SkipEncoder,UFPR04,camera6,64,mean_individual_models,0.626684,0.168266,0.58326,0.096654
SkipEncoder,UFPR04,camera6,64,sum,0.728625,0.0,0.59287,0.0
SkipEncoder,UFPR04,camera6,64,mean_probs,0.728625,0.0,0.59287,0.0
SkipEncoder,UFPR04,camera6,64,max,0.740574,0.0,0.652284,0.0
SkipEncoder,UFPR04,camera6,64,mult,0.711511,0.0,0.59114,0.0
SkipEncoder,UFPR04,camera6,64,vote,0.725301,0.0,0.582487,0.0
SkipEncoder,UFPR04,camera7,64,mean_individual_models,0.591136,0.166162,0.563742,0.110587
SkipEncoder,UFPR04,camera7,64,sum,0.67635,0.0,0.564552,0.0
SkipEncoder,UFPR04,camera7,64,mean_probs,0.67635,0.0,0.564552,0.0
SkipEncoder,UFPR04,camera7,64,max,0.730474,0.0,0.680235,0.0
SkipEncoder,UFPR04,camera7,64,mult,0.676605,0.0,0.57642,0.0
SkipEncoder,UFPR04,camera7,64,vote,0.679414,0.0,0.555457,0.0
SkipEncoder,UFPR04,camera8,64,mean_individual_models,0.607857,0.173185,0.570312,0.100976
SkipEncoder,UFPR04,camera8,64,sum,0.708339,0.0,0.579186,0.0
SkipEncoder,UFPR04,camera8,64,mean_probs,0.708339,0.0,0.579186,0.0
SkipEncoder,UFPR04,camera8,64,max,0.717446,0.0,0.638021,0.0
SkipEncoder,UFPR04,camera8,64,mult,0.70252,0.0,0.584491,0.0
SkipEncoder,UFPR04,camera8,64,vote,0.705506,0.0,0.566454,0.0
SkipEncoder,UFPR04,camera9,64,mean_individual_models,0.54855,0.148292,0.554815,0.089454
SkipEncoder,UFPR04,camera9,64,sum,0.604044,0.0,0.567215,0.0
SkipEncoder,UFPR04,camera9,64,mean_probs,0.604044,0.0,0.567215,0.0
SkipEncoder,UFPR04,camera9,64,max,0.589839,0.0,0.567616,0.0
SkipEncoder,UFPR04,camera9,64,mult,0.597812,0.0,0.565209,0.0
SkipEncoder,UFPR04,camera9,64,vote,0.599357,0.0,0.560795,0.0
SkipEncoder,UFPR04,PUC,64,mean_individual_models,0.739681,0.179215,0.756497,0.112724
SkipEncoder,UFPR04,PUC,64,sum,0.849099,0.0,0.841488,0.0
SkipEncoder,UFPR04,PUC,64,mean_probs,0.849099,0.0,0.841488,0.0
SkipEncoder,UFPR04,PUC,64,max,0.83699,0.0,0.836811,0.0
SkipEncoder,UFPR04,PUC,64,mult,0.83855,0.0,0.834513,0.0
SkipEncoder,UFPR04,PUC,64,vote,0.848379,0.0,0.837785,0.0
SkipEncoder,UFPR04,UFPR04,64,mean_individual_models,0.832205,0.207708,0.846867,0.144968
SkipEncoder,UFPR04,UFPR04,64,sum,0.945989,0.0,0.944339,0.0
SkipEncoder,UFPR04,UFPR04,64,mean_probs,0.945989,0.0,0.944339,0.0
SkipEncoder,UFPR04,UFPR04,64,max,0.935889,0.0,0.930418,0.0
SkipEncoder,UFPR04,UFPR04,64,mult,0.943546,0.0,0.940519,0.0
SkipEncoder,UFPR04,UFPR04,64,vote,0.946365,0.0,0.94547,0.0
SkipEncoder,UFPR04,UFPR05,64,mean_individual_models,0.652896,0.159136,0.599607,0.057522
SkipEncoder,UFPR04,UFPR05,64,sum,0.77315,0.0,0.588989,0.0
SkipEncoder,UFPR04,UFPR05,64,mean_probs,0.77315,0.0,0.588989,0.0
SkipEncoder,UFPR04,UFPR05,64,max,0.779075,0.0,0.620902,0.0
SkipEncoder,UFPR04,UFPR05,64,mult,0.766996,0.0,0.5952,0.0
SkipEncoder,UFPR04,UFPR05,64,vote,0.769021,0.0,0.580994,0.0
SkipEncoder,UFPR04,camera1,128,mean_individual_models,0.582785,0.171688,0.600099,0.105491
SkipEncoder,UFPR04,camera1,128,sum,0.662782,0.0,0.628241,0.0
SkipEncoder,UFPR04,camera1,128,mean_probs,0.662782,0.0,0.628241,0.0
SkipEncoder,UFPR04,camera1,128,max,0.752243,0.0,0.73014,0.0
SkipEncoder,UFPR04,camera1,128,mult,0.673885,0.0,0.639141,0.0
SkipEncoder,UFPR04,camera1,128,vote,0.673131,0.0,0.642279,0.0
SkipEncoder,UFPR04,camera2,128,mean_individual_models,0.600074,0.172786,0.554082,0.068156
SkipEncoder,UFPR04,camera2,128,sum,0.642982,0.0,0.552154,0.0
SkipEncoder,UFPR04,camera2,128,mean_probs,0.642982,0.0,0.552154,0.0
SkipEncoder,UFPR04,camera2,128,max,0.673797,0.0,0.587302,0.0
SkipEncoder,UFPR04,camera2,128,mult,0.648514,0.0,0.557823,0.0
SkipEncoder,UFPR04,camera2,128,vote,0.644157,0.0,0.556689,0.0
SkipEncoder,UFPR04,camera3,128,mean_individual_models,0.651947,0.169746,0.604823,0.098486
SkipEncoder,UFPR04,camera3,128,sum,0.723681,0.0,0.596928,0.0
SkipEncoder,UFPR04,camera3,128,mean_probs,0.723681,0.0,0.596928,0.0
SkipEncoder,UFPR04,camera3,128,max,0.761309,0.0,0.666974,0.0
SkipEncoder,UFPR04,camera3,128,mult,0.732486,0.0,0.611982,0.0
SkipEncoder,UFPR04,camera3,128,vote,0.729993,0.0,0.610445,0.0
SkipEncoder,UFPR04,camera4,128,mean_individual_models,0.675688,0.176009,0.647305,0.112384
SkipEncoder,UFPR04,camera4,128,sum,0.789308,0.0,0.693017,0.0
SkipEncoder,UFPR04,camera4,128,mean_probs,0.789308,0.0,0.693017,0.0
SkipEncoder,UFPR04,camera4,128,max,0.791052,0.0,0.721137,0.0
SkipEncoder,UFPR04,camera4,128,mult,0.791753,0.0,0.697703,0.0
SkipEncoder,UFPR04,camera4,128,vote,0.790864,0.0,0.701922,0.0
SkipEncoder,UFPR04,camera5,128,mean_individual_models,0.646469,0.160444,0.615393,0.089429
SkipEncoder,UFPR04,camera5,128,sum,0.736119,0.0,0.630105,0.0
SkipEncoder,UFPR04,camera5,128,mean_probs,0.736119,0.0,0.630105,0.0
SkipEncoder,UFPR04,camera5,128,max,0.752881,0.0,0.671498,0.0
SkipEncoder,UFPR04,camera5,128,mult,0.738691,0.0,0.634717,0.0
SkipEncoder,UFPR04,camera5,128,vote,0.73825,0.0,0.641634,0.0
SkipEncoder,UFPR04,camera6,128,mean_individual_models,0.6752,0.169216,0.627953,0.097393
SkipEncoder,UFPR04,camera6,128,sum,0.766941,0.0,0.644439,0.0
SkipEncoder,UFPR04,camera6,128,mean_probs,0.766941,0.0,0.644439,0.0
SkipEncoder,UFPR04,camera6,128,max,0.791048,0.0,0.706161,0.0
SkipEncoder,UFPR04,camera6,128,mult,0.768986,0.0,0.651477,0.0
SkipEncoder,UFPR04,camera6,128,vote,0.769211,0.0,0.656322,0.0
SkipEncoder,UFPR04,camera7,128,mean_individual_models,0.648882,0.160932,0.625532,0.104495
SkipEncoder,UFPR04,camera7,128,sum,0.738696,0.0,0.637533,0.0
SkipEncoder,UFPR04,camera7,128,mean_probs,0.738696,0.0,0.637533,0.0
SkipEncoder,UFPR04,camera7,128,max,0.783038,0.0,0.736912,0.0
SkipEncoder,UFPR04,camera7,128,mult,0.739732,0.0,0.647183,0.0
SkipEncoder,UFPR04,camera7,128,vote,0.747918,0.0,0.665927,0.0
SkipEncoder,UFPR04,camera8,128,mean_individual_models,0.660125,0.175846,0.618374,0.106741
SkipEncoder,UFPR04,camera8,128,sum,0.759118,0.0,0.623264,0.0
SkipEncoder,UFPR04,camera8,128,mean_probs,0.759118,0.0,0.623264,0.0
SkipEncoder,UFPR04,camera8,128,max,0.775463,0.0,0.676601,0.0
SkipEncoder,UFPR04,camera8,128,mult,0.761316,0.0,0.629533,0.0
SkipEncoder,UFPR04,camera8,128,vote,0.760863,0.0,0.63397,0.0
SkipEncoder,UFPR04,camera9,128,mean_individual_models,0.605789,0.158366,0.591533,0.094941
SkipEncoder,UFPR04,camera9,128,sum,0.694409,0.0,0.641453,0.0
SkipEncoder,UFPR04,camera9,128,mean_probs,0.694409,0.0,0.641453,0.0
SkipEncoder,UFPR04,camera9,128,max,0.689102,0.0,0.644462,0.0
SkipEncoder,UFPR04,camera9,128,mult,0.690165,0.0,0.639246,0.0
SkipEncoder,UFPR04,camera9,128,vote,0.691207,0.0,0.645465,0.0
SkipEncoder,UFPR04,PUC,128,mean_individual_models,0.777336,0.189482,0.791272,0.121602
SkipEncoder,UFPR04,PUC,128,sum,0.896429,0.0,0.882389,0.0
SkipEncoder,UFPR04,PUC,128,mean_probs,0.896429,0.0,0.882389,0.0
SkipEncoder,UFPR04,PUC,128,max,0.897197,0.0,0.892344,0.0
SkipEncoder,UFPR04,PUC,128,mult,0.896146,0.0,0.884453,0.0
SkipEncoder,UFPR04,PUC,128,vote,0.895781,0.0,0.883369,0.0
SkipEncoder,UFPR04,UFPR04,128,mean_individual_models,0.84981,0.20044,0.873813,0.126912
SkipEncoder,UFPR04,UFPR04,128,sum,0.964906,0.0,0.965648,0.0
SkipEncoder,UFPR04,UFPR04,128,mean_probs,0.964906,0.0,0.965648,0.0
SkipEncoder,UFPR04,UFPR04,128,max,0.964437,0.0,0.964251,0.0
SkipEncoder,UFPR04,UFPR04,128,mult,0.964631,0.0,0.965232,0.0
SkipEncoder,UFPR04,UFPR04,128,vote,0.962708,0.0,0.963143,0.0
SkipEncoder,UFPR04,UFPR05,128,mean_individual_models,0.664763,0.174097,0.606869,0.077818
SkipEncoder,UFPR04,UFPR05,128,sum,0.780306,0.0,0.597328,0.0
SkipEncoder,UFPR04,UFPR05,128,mean_probs,0.780306,0.0,0.597328,0.0
SkipEncoder,UFPR04,UFPR05,128,max,0.776346,0.0,0.623268,0.0
SkipEncoder,UFPR04,UFPR05,128,mult,0.777507,0.0,0.601262,0.0
SkipEncoder,UFPR04,UFPR05,128,vote,0.779743,0.0,0.601262,0.0
SkipEncoder,UFPR04,camera1,256,mean_individual_models,0.619883,0.168521,0.639125,0.086158
SkipEncoder,UFPR04,camera1,256,sum,0.72285,0.0,0.698761,0.0
SkipEncoder,UFPR04,camera1,256,mean_probs,0.72285,0.0,0.698761,0.0
SkipEncoder,UFPR04,camera1,256,max,0.743775,0.0,0.728984,0.0
SkipEncoder,UFPR04,camera1,256,mult,0.733277,0.0,0.709331,0.0
SkipEncoder,UFPR04,camera1,256,vote,0.721633,0.0,0.693476,0.0
SkipEncoder,UFPR04,camera2,256,mean_individual_models,0.611763,0.177636,0.577778,0.078154
SkipEncoder,UFPR04,camera2,256,sum,0.676963,0.0,0.575964,0.0
SkipEncoder,UFPR04,camera2,256,mean_probs,0.676963,0.0,0.575964,0.0
SkipEncoder,UFPR04,camera2,256,max,0.743078,0.0,0.611111,0.0
SkipEncoder,UFPR04,camera2,256,mult,0.666206,0.0,0.569161,0.0
SkipEncoder,UFPR04,camera2,256,vote,0.669105,0.0,0.569161,0.0
SkipEncoder,UFPR04,camera3,256,mean_individual_models,0.673989,0.190364,0.641198,0.113408
SkipEncoder,UFPR04,camera3,256,sum,0.775519,0.0,0.677419,0.0
SkipEncoder,UFPR04,camera3,256,mean_probs,0.775519,0.0,0.677419,0.0
SkipEncoder,UFPR04,camera3,256,max,0.784783,0.0,0.701075,0.0
SkipEncoder,UFPR04,camera3,256,mult,0.779263,0.0,0.686022,0.0
SkipEncoder,UFPR04,camera3,256,vote,0.775398,0.0,0.670968,0.0
SkipEncoder,UFPR04,camera4,256,mean_individual_models,0.694265,0.176123,0.673926,0.104771
SkipEncoder,UFPR04,camera4,256,sum,0.810612,0.0,0.726918,0.0
SkipEncoder,UFPR04,camera4,256,mean_probs,0.810612,0.0,0.726918,0.0
SkipEncoder,UFPR04,camera4,256,max,0.810841,0.0,0.741447,0.0
SkipEncoder,UFPR04,camera4,256,mult,0.813214,0.0,0.733167,0.0
SkipEncoder,UFPR04,camera4,256,vote,0.806272,0.0,0.715826,0.0
SkipEncoder,UFPR04,camera5,256,mean_individual_models,0.654093,0.175233,0.641458,0.085291
SkipEncoder,UFPR04,camera5,256,sum,0.761555,0.0,0.674242,0.0
SkipEncoder,UFPR04,camera5,256,mean_probs,0.761555,0.0,0.674242,0.0
SkipEncoder,UFPR04,camera5,256,max,0.763135,0.0,0.674682,0.0
SkipEncoder,UFPR04,camera5,256,mult,0.761734,0.0,0.672815,0.0
SkipEncoder,UFPR04,camera5,256,vote,0.761803,0.0,0.669741,0.0
SkipEncoder,UFPR04,camera6,256,mean_individual_models,0.696655,0.180367,0.660729,0.104878
SkipEncoder,UFPR04,camera6,256,sum,0.795828,0.0,0.696931,0.0
SkipEncoder,UFPR04,camera6,256,mean_probs,0.795828,0.0,0.696931,0.0
SkipEncoder,UFPR04,camera6,256,max,0.794068,0.0,0.699469,0.0
SkipEncoder,UFPR04,camera6,256,mult,0.793416,0.0,0.696701,0.0
SkipEncoder,UFPR04,camera6,256,vote,0.790789,0.0,0.683895,0.0
SkipEncoder,UFPR04,camera7,256,mean_individual_models,0.672216,0.186793,0.664541,0.122094
SkipEncoder,UFPR04,camera7,256,sum,0.79502,0.0,0.750333,0.0
SkipEncoder,UFPR04,camera7,256,mean_probs,0.79502,0.0,0.750333,0.0
SkipEncoder,UFPR04,camera7,256,max,0.811302,0.0,0.773181,0.0
SkipEncoder,UFPR04,camera7,256,mult,0.802169,0.0,0.758097,0.0
SkipEncoder,UFPR04,camera7,256,vote,0.792103,0.0,0.741238,0.0
SkipEncoder,UFPR04,camera8,256,mean_individual_models,0.683291,0.189973,0.654871,0.116163
SkipEncoder,UFPR04,camera8,256,sum,0.789527,0.0,0.682002,0.0
SkipEncoder,UFPR04,camera8,256,mean_probs,0.789527,0.0,0.682002,0.0
SkipEncoder,UFPR04,camera8,256,max,0.786848,0.0,0.682388,0.0
SkipEncoder,UFPR04,camera8,256,mult,0.789699,0.0,0.682388,0.0
SkipEncoder,UFPR04,camera8,256,vote,0.785678,0.0,0.672357,0.0
SkipEncoder,UFPR04,camera9,256,mean_individual_models,0.626145,0.156111,0.615028,0.085489
SkipEncoder,UFPR04,camera9,256,sum,0.741298,0.0,0.678371,0.0
SkipEncoder,UFPR04,camera9,256,mean_probs,0.741298,0.0,0.678371,0.0
SkipEncoder,UFPR04,camera9,256,max,0.742643,0.0,0.665931,0.0
SkipEncoder,UFPR04,camera9,256,mult,0.742192,0.0,0.674759,0.0
SkipEncoder,UFPR04,camera9,256,vote,0.746343,0.0,0.674559,0.0
SkipEncoder,UFPR04,PUC,256,mean_individual_models,0.795236,0.198096,0.810128,0.134843
SkipEncoder,UFPR04,PUC,256,sum,0.926707,0.0,0.920216,0.0
SkipEncoder,UFPR04,PUC,256,mean_probs,0.926707,0.0,0.920216,0.0
SkipEncoder,UFPR04,PUC,256,max,0.93221,0.0,0.928085,0.0
SkipEncoder,UFPR04,PUC,256,mult,0.929755,0.0,0.924341,0.0
SkipEncoder,UFPR04,PUC,256,vote,0.923663,0.0,0.915898,0.0
SkipEncoder,UFPR04,UFPR04,256,mean_individual_models,0.85473,0.21813,0.872916,0.154825
SkipEncoder,UFPR04,UFPR04,256,sum,0.975187,0.0,0.975067,0.0
SkipEncoder,UFPR04,UFPR04,256,mean_probs,0.975187,0.0,0.975067,0.0
SkipEncoder,UFPR04,UFPR04,256,max,0.977274,0.0,0.977041,0.0
SkipEncoder,UFPR04,UFPR04,256,mult,0.978549,0.0,0.978345,0.0
SkipEncoder,UFPR04,UFPR04,256,vote,0.974265,0.0,0.97434,0.0
SkipEncoder,UFPR04,UFPR05,256,mean_individual_models,0.700267,0.152117,0.650764,0.058523
SkipEncoder,UFPR04,UFPR05,256,sum,0.803021,0.0,0.653815,0.0
SkipEncoder,UFPR04,UFPR05,256,mean_probs,0.803021,0.0,0.653815,0.0
SkipEncoder,UFPR04,UFPR05,256,max,0.797069,0.0,0.651695,0.0
SkipEncoder,UFPR04,UFPR05,256,mult,0.802064,0.0,0.651015,0.0
SkipEncoder,UFPR04,UFPR05,256,vote,0.800004,0.0,0.645514,0.0
SkipEncoder,UFPR04,camera1,512,mean_individual_models,0.642287,0.165634,0.659075,0.080307
SkipEncoder,UFPR04,camera1,512,sum,0.769087,0.0,0.743518,0.0
SkipEncoder,UFPR04,camera1,512,mean_probs,0.769087,0.0,0.743518,0.0
SkipEncoder,UFPR04,camera1,512,max,0.752684,0.0,0.737572,0.0
SkipEncoder,UFPR04,camera1,512,mult,0.767989,0.0,0.744509,0.0
SkipEncoder,UFPR04,camera1,512,vote,0.766496,0.0,0.73493,0.0
SkipEncoder,UFPR04,camera2,512,mean_individual_models,0.625345,0.195736,0.598639,0.087061
SkipEncoder,UFPR04,camera2,512,sum,0.673923,0.0,0.578231,0.0
SkipEncoder,UFPR04,camera2,512,mean_probs,0.673923,0.0,0.578231,0.0
SkipEncoder,UFPR04,camera2,512,max,0.735904,0.0,0.620181,0.0
SkipEncoder,UFPR04,camera2,512,mult,0.687195,0.0,0.588435,0.0
SkipEncoder,UFPR04,camera2,512,vote,0.672126,0.0,0.569161,0.0
SkipEncoder,UFPR04,camera3,512,mean_individual_models,0.683201,0.182256,0.647803,0.110211
SkipEncoder,UFPR04,camera3,512,sum,0.791528,0.0,0.702919,0.0
SkipEncoder,UFPR04,camera3,512,mean_probs,0.791528,0.0,0.702919,0.0
SkipEncoder,UFPR04,camera3,512,max,0.807739,0.0,0.733641,0.0
SkipEncoder,UFPR04,camera3,512,mult,0.798601,0.0,0.715207,0.0
SkipEncoder,UFPR04,camera3,512,vote,0.783165,0.0,0.684485,0.0
SkipEncoder,UFPR04,camera4,512,mean_individual_models,0.703827,0.174845,0.683612,0.1053
SkipEncoder,UFPR04,camera4,512,sum,0.822689,0.0,0.747071,0.0
SkipEncoder,UFPR04,camera4,512,mean_probs,0.822689,0.0,0.747071,0.0
SkipEncoder,UFPR04,camera4,512,max,0.810554,0.0,0.739103,0.0
SkipEncoder,UFPR04,camera4,512,mult,0.824281,0.0,0.752226,0.0
SkipEncoder,UFPR04,camera4,512,vote,0.814148,0.0,0.728792,0.0
SkipEncoder,UFPR04,camera5,512,mean_individual_models,0.662952,0.168336,0.649188,0.08233
SkipEncoder,UFPR04,camera5,512,sum,0.76956,0.0,0.686978,0.0
SkipEncoder,UFPR04,camera5,512,mean_probs,0.76956,0.0,0.686978,0.0
SkipEncoder,UFPR04,camera5,512,max,0.760025,0.0,0.678634,0.0
SkipEncoder,UFPR04,camera5,512,mult,0.768265,0.0,0.684892,0.0
SkipEncoder,UFPR04,camera5,512,vote,0.766271,0.0,0.674352,0.0
SkipEncoder,UFPR04,camera6,512,mean_individual_models,0.702651,0.17678,0.666901,0.107458
SkipEncoder,UFPR04,camera6,512,sum,0.80873,0.0,0.719889,0.0
SkipEncoder,UFPR04,camera6,512,mean_probs,0.80873,0.0,0.719889,0.0
SkipEncoder,UFPR04,camera6,512,max,0.804762,0.0,0.717697,0.0
SkipEncoder,UFPR04,camera6,512,mult,0.807135,0.0,0.720928,0.0
SkipEncoder,UFPR04,camera6,512,vote,0.797298,0.0,0.693355,0.0
SkipEncoder,UFPR04,camera7,512,mean_individual_models,0.688128,0.173403,0.675067,0.116841
SkipEncoder,UFPR04,camera7,512,sum,0.814592,0.0,0.781056,0.0
SkipEncoder,UFPR04,camera7,512,mean_probs,0.814592,0.0,0.781056,0.0
SkipEncoder,UFPR04,camera7,512,max,0.809728,0.0,0.775843,0.0
SkipEncoder,UFPR04,camera7,512,mult,0.818962,0.0,0.785492,0.0
SkipEncoder,UFPR04,camera7,512,vote,0.803006,0.0,0.760093,0.0
SkipEncoder,UFPR04,camera8,512,mean_individual_models,0.693007,0.181983,0.662047,0.116453
SkipEncoder,UFPR04,camera8,512,sum,0.799646,0.0,0.698978,0.0
SkipEncoder,UFPR04,camera8,512,mean_probs,0.799646,0.0,0.698978,0.0
SkipEncoder,UFPR04,camera8,512,max,0.79878,0.0,0.705343,0.0
SkipEncoder,UFPR04,camera8,512,mult,0.798783,0.0,0.700907,0.0
SkipEncoder,UFPR04,camera8,512,vote,0.794148,0.0,0.683449,0.0
SkipEncoder,UFPR04,camera9,512,mean_individual_models,0.645845,0.159049,0.631681,0.083725
SkipEncoder,UFPR04,camera9,512,sum,0.773524,0.0,0.697432,0.0
SkipEncoder,UFPR04,camera9,512,mean_probs,0.773524,0.0,0.697432,0.0
SkipEncoder,UFPR04,camera9,512,max,0.742902,0.0,0.665329,0.0
SkipEncoder,UFPR04,camera9,512,mult,0.754357,0.0,0.683587,0.0
SkipEncoder,UFPR04,camera9,512,vote,0.766326,0.0,0.682183,0.0
SkipEncoder,UFPR04,PUC,512,mean_individual_models,0.792282,0.195563,0.807421,0.130402
SkipEncoder,UFPR04,PUC,512,sum,0.929891,0.0,0.92274,0.0
SkipEncoder,UFPR04,PUC,512,mean_probs,0.929891,0.0,0.92274,0.0
SkipEncoder,UFPR04,PUC,512,max,0.938858,0.0,0.935763,0.0
SkipEncoder,UFPR04,PUC,512,mult,0.940411,0.0,0.936572,0.0
SkipEncoder,UFPR04,PUC,512,vote,0.924124,0.0,0.915065,0.0
SkipEncoder,UFPR04,UFPR04,512,mean_individual_models,0.862103,0.219762,0.882289,0.156409
SkipEncoder,UFPR04,UFPR04,512,sum,0.98011,0.0,0.980169,0.0
SkipEncoder,UFPR04,UFPR04,512,mean_probs,0.98011,0.0,0.980169,0.0
SkipEncoder,UFPR04,UFPR04,512,max,0.979596,0.0,0.979684,0.0
SkipEncoder,UFPR04,UFPR04,512,mult,0.98178,0.0,0.981727,0.0
SkipEncoder,UFPR04,UFPR04,512,vote,0.979504,0.0,0.979696,0.0
SkipEncoder,UFPR04,UFPR05,512,mean_individual_models,0.688334,0.147355,0.638165,0.049941
SkipEncoder,UFPR04,UFPR05,512,sum,0.804655,0.0,0.657465,0.0
SkipEncoder,UFPR04,UFPR05,512,mean_probs,0.804655,0.0,0.657465,0.0
SkipEncoder,UFPR04,UFPR05,512,max,0.805914,0.0,0.671484,0.0
SkipEncoder,UFPR04,UFPR05,512,mult,0.806113,0.0,0.667304,0.0
SkipEncoder,UFPR04,UFPR05,512,vote,0.799522,0.0,0.643632,0.0
SkipEncoder,UFPR04,camera1,1024,mean_individual_models,0.628146,0.182657,0.646672,0.107207
SkipEncoder,UFPR04,camera1,1024,sum,0.758527,0.0,0.738233,0.0
SkipEncoder,UFPR04,camera1,1024,mean_probs,0.758527,0.0,0.738233,0.0
SkipEncoder,UFPR04,camera1,1024,max,0.790604,0.0,0.7782,0.0
SkipEncoder,UFPR04,camera1,1024,mult,0.757487,0.0,0.743848,0.0
SkipEncoder,UFPR04,camera1,1024,vote,0.759264,0.0,0.742692,0.0
SkipEncoder,UFPR04,camera2,1024,mean_individual_models,0.644609,0.192679,0.62517,0.12137
SkipEncoder,UFPR04,camera2,1024,sum,0.684229,0.0,0.582766,0.0
SkipEncoder,UFPR04,camera2,1024,mean_probs,0.684229,0.0,0.582766,0.0
SkipEncoder,UFPR04,camera2,1024,max,0.765153,0.0,0.643991,0.0
SkipEncoder,UFPR04,camera2,1024,mult,0.716087,0.0,0.608844,0.0
SkipEncoder,UFPR04,camera2,1024,vote,0.681462,0.0,0.582766,0.0
SkipEncoder,UFPR04,camera3,1024,mean_individual_models,0.684767,0.181163,0.662611,0.123751
SkipEncoder,UFPR04,camera3,1024,sum,0.788766,0.0,0.70169,0.0
SkipEncoder,UFPR04,camera3,1024,mean_probs,0.788766,0.0,0.70169,0.0
SkipEncoder,UFPR04,camera3,1024,max,0.822624,0.0,0.760983,0.0
SkipEncoder,UFPR04,camera3,1024,mult,0.810698,0.0,0.7447,0.0
SkipEncoder,UFPR04,camera3,1024,vote,0.788021,0.0,0.705376,0.0
SkipEncoder,UFPR04,camera4,1024,mean_individual_models,0.690765,0.188268,0.681597,0.126846
SkipEncoder,UFPR04,camera4,1024,sum,0.820659,0.0,0.744102,0.0
SkipEncoder,UFPR04,camera4,1024,mean_probs,0.820659,0.0,0.744102,0.0
SkipEncoder,UFPR04,camera4,1024,max,0.80753,0.0,0.728011,0.0
SkipEncoder,UFPR04,camera4,1024,mult,0.830629,0.0,0.772067,0.0
SkipEncoder,UFPR04,camera4,1024,vote,0.822715,0.0,0.750664,0.0
SkipEncoder,UFPR04,camera5,1024,mean_individual_models,0.65004,0.182225,0.646926,0.105774
SkipEncoder,UFPR04,camera5,1024,sum,0.763364,0.0,0.678085,0.0
SkipEncoder,UFPR04,camera5,1024,mean_probs,0.763364,0.0,0.678085,0.0
SkipEncoder,UFPR04,camera5,1024,max,0.785142,0.0,0.725736,0.0
SkipEncoder,UFPR04,camera5,1024,mult,0.77633,0.0,0.701691,0.0
SkipEncoder,UFPR04,camera5,1024,vote,0.763986,0.0,0.685661,0.0
SkipEncoder,UFPR04,camera6,1024,mean_individual_models,0.695934,0.186554,0.676442,0.122028
SkipEncoder,UFPR04,camera6,1024,sum,0.803565,0.0,0.711121,0.0
SkipEncoder,UFPR04,camera6,1024,mean_probs,0.803565,0.0,0.711121,0.0
SkipEncoder,UFPR04,camera6,1024,max,0.822514,0.0,0.750923,0.0
SkipEncoder,UFPR04,camera6,1024,mult,0.81894,0.0,0.749077,0.0
SkipEncoder,UFPR04,camera6,1024,vote,0.806606,0.0,0.718505,0.0
SkipEncoder,UFPR04,camera7,1024,mean_individual_models,0.677853,0.175061,0.682365,0.114486
SkipEncoder,UFPR04,camera7,1024,sum,0.812875,0.0,0.778949,0.0
SkipEncoder,UFPR04,camera7,1024,mean_probs,0.812875,0.0,0.778949,0.0
SkipEncoder,UFPR04,camera7,1024,max,0.82525,0.0,0.808452,0.0
SkipEncoder,UFPR04,camera7,1024,mult,0.832769,0.0,0.811003,0.0
SkipEncoder,UFPR04,camera7,1024,vote,0.813612,0.0,0.783496,0.0
SkipEncoder,UFPR04,camera8,1024,mean_individual_models,0.68332,0.190213,0.667091,0.129023
SkipEncoder,UFPR04,camera8,1024,sum,0.795004,0.0,0.690683,0.0
SkipEncoder,UFPR04,camera8,1024,mean_probs,0.795004,0.0,0.690683,0.0
SkipEncoder,UFPR04,camera8,1024,max,0.817411,0.0,0.740644,0.0
SkipEncoder,UFPR04,camera8,1024,mult,0.805358,0.0,0.723862,0.0
SkipEncoder,UFPR04,camera8,1024,vote,0.796577,0.0,0.696856,0.0
SkipEncoder,UFPR04,camera9,1024,mean_individual_models,0.632231,0.164862,0.63118,0.102366
SkipEncoder,UFPR04,camera9,1024,sum,0.759947,0.0,0.692014,0.0
SkipEncoder,UFPR04,camera9,1024,mean_probs,0.759947,0.0,0.692014,0.0
SkipEncoder,UFPR04,camera9,1024,max,0.745662,0.0,0.666332,0.0
SkipEncoder,UFPR04,camera9,1024,mult,0.748391,0.0,0.688403,0.0
SkipEncoder,UFPR04,camera9,1024,vote,0.761552,0.0,0.698836,0.0
SkipEncoder,UFPR04,PUC,1024,mean_individual_models,0.790011,0.192771,0.807017,0.127069
SkipEncoder,UFPR04,PUC,1024,sum,0.931721,0.0,0.925399,0.0
SkipEncoder,UFPR04,PUC,1024,mean_probs,0.931721,0.0,0.925399,0.0
SkipEncoder,UFPR04,PUC,1024,max,0.935791,0.0,0.930837,0.0
SkipEncoder,UFPR04,PUC,1024,mult,0.947083,0.0,0.945123,0.0
SkipEncoder,UFPR04,PUC,1024,vote,0.932008,0.0,0.926345,0.0
SkipEncoder,UFPR04,UFPR04,1024,mean_individual_models,0.86707,0.204657,0.890333,0.129038
SkipEncoder,UFPR04,UFPR04,1024,sum,0.98201,0.0,0.981993,0.0
SkipEncoder,UFPR04,UFPR04,1024,mean_probs,0.98201,0.0,0.981993,0.0
SkipEncoder,UFPR04,UFPR04,1024,max,0.980785,0.0,0.981162,0.0
SkipEncoder,UFPR04,UFPR04,1024,mult,0.982452,0.0,0.982224,0.0
SkipEncoder,UFPR04,UFPR04,1024,vote,0.981433,0.0,0.981254,0.0
SkipEncoder,UFPR04,UFPR05,1024,mean_individual_models,0.666373,0.15994,0.632894,0.082431
SkipEncoder,UFPR04,UFPR05,1024,sum,0.795757,0.0,0.650926,0.0
SkipEncoder,UFPR04,UFPR05,1024,mean_probs,0.795757,0.0,0.650926,0.0
SkipEncoder,UFPR04,UFPR05,1024,max,0.818909,0.0,0.690534,0.0
SkipEncoder,UFPR04,UFPR05,1024,mult,0.797567,0.0,0.678837,0.0
SkipEncoder,UFPR04,UFPR05,1024,vote,0.795756,0.0,0.655875,0.0
SkipEncoder,UFPR05,camera1,64,mean_individual_models,0.648395,0.157609,0.605252,0.080976
SkipEncoder,UFPR05,camera1,64,sum,0.740942,0.0,0.638646,0.0
SkipEncoder,UFPR05,camera1,64,mean_probs,0.740942,0.0,0.638646,0.0
SkipEncoder,UFPR05,camera1,64,max,0.736787,0.0,0.659125,0.0
SkipEncoder,UFPR05,camera1,64,mult,0.73886,0.0,0.641949,0.0
SkipEncoder,UFPR05,camera1,64,vote,0.741092,0.0,0.631049,0.0
SkipEncoder,UFPR05,camera2,64,mean_individual_models,0.670239,0.184761,0.682766,0.126953
SkipEncoder,UFPR05,camera2,64,sum,0.810944,0.0,0.803855,0.0
SkipEncoder,UFPR05,camera2,64,mean_probs,0.810944,0.0,0.803855,0.0
SkipEncoder,UFPR05,camera2,64,max,0.785947,0.0,0.782313,0.0
SkipEncoder,UFPR05,camera2,64,mult,0.80955,0.0,0.800454,0.0
SkipEncoder,UFPR05,camera2,64,vote,0.812791,0.0,0.800454,0.0
SkipEncoder,UFPR05,camera3,64,mean_individual_models,0.706308,0.181768,0.721782,0.119836
SkipEncoder,UFPR05,camera3,64,sum,0.846496,0.0,0.838402,0.0
SkipEncoder,UFPR05,camera3,64,mean_probs,0.846496,0.0,0.838402,0.0
SkipEncoder,UFPR05,camera3,64,max,0.84492,0.0,0.841475,0.0
SkipEncoder,UFPR05,camera3,64,mult,0.837234,0.0,0.829186,0.0
SkipEncoder,UFPR05,camera3,64,vote,0.850974,0.0,0.838402,0.0
SkipEncoder,UFPR05,camera4,64,mean_individual_models,0.686401,0.176139,0.677347,0.105709
SkipEncoder,UFPR05,camera4,64,sum,0.802679,0.0,0.753788,0.0
SkipEncoder,UFPR05,camera4,64,mean_probs,0.802679,0.0,0.753788,0.0
SkipEncoder,UFPR05,camera4,64,max,0.780989,0.0,0.745977,0.0
SkipEncoder,UFPR05,camera4,64,mult,0.799953,0.0,0.751601,0.0
SkipEncoder,UFPR05,camera4,64,vote,0.801943,0.0,0.741603,0.0
SkipEncoder,UFPR05,camera5,64,mean_individual_models,0.650242,0.15962,0.635749,0.088123
SkipEncoder,UFPR05,camera5,64,sum,0.752674,0.0,0.694554,0.0
SkipEncoder,UFPR05,camera5,64,mean_probs,0.752674,0.0,0.694554,0.0
SkipEncoder,UFPR05,camera5,64,max,0.731314,0.0,0.694005,0.0
SkipEncoder,UFPR05,camera5,64,mult,0.746854,0.0,0.694774,0.0
SkipEncoder,UFPR05,camera5,64,vote,0.742982,0.0,0.675121,0.0
SkipEncoder,UFPR05,camera6,64,mean_individual_models,0.702661,0.174413,0.714755,0.108058
SkipEncoder,UFPR05,camera6,64,sum,0.845957,0.0,0.834795,0.0
SkipEncoder,UFPR05,camera6,64,mean_probs,0.845957,0.0,0.834795,0.0
SkipEncoder,UFPR05,camera6,64,max,0.820984,0.0,0.818413,0.0
SkipEncoder,UFPR05,camera6,64,mult,0.842213,0.0,0.834449,0.0
SkipEncoder,UFPR05,camera6,64,vote,0.841312,0.0,0.824527,0.0
SkipEncoder,UFPR05,camera7,64,mean_individual_models,0.685479,0.161975,0.678871,0.084677
SkipEncoder,UFPR05,camera7,64,sum,0.790685,0.0,0.721384,0.0
SkipEncoder,UFPR05,camera7,64,mean_probs,0.790685,0.0,0.721384,0.0
SkipEncoder,UFPR05,camera7,64,max,0.777327,0.0,0.720497,0.0
SkipEncoder,UFPR05,camera7,64,mult,0.785979,0.0,0.717502,0.0
SkipEncoder,UFPR05,camera7,64,vote,0.786421,0.0,0.708851,0.0
SkipEncoder,UFPR05,camera8,64,mean_individual_models,0.699412,0.187659,0.709327,0.126767
SkipEncoder,UFPR05,camera8,64,sum,0.850828,0.0,0.832272,0.0
SkipEncoder,UFPR05,camera8,64,mean_probs,0.850828,0.0,0.832272,0.0
SkipEncoder,UFPR05,camera8,64,max,0.826338,0.0,0.815104,0.0
SkipEncoder,UFPR05,camera8,64,mult,0.844108,0.0,0.828318,0.0
SkipEncoder,UFPR05,camera8,64,vote,0.846533,0.0,0.821277,0.0
SkipEncoder,UFPR05,camera9,64,mean_individual_models,0.603002,0.14638,0.586196,0.072105
SkipEncoder,UFPR05,camera9,64,sum,0.684414,0.0,0.609952,0.0
SkipEncoder,UFPR05,camera9,64,mean_probs,0.684414,0.0,0.609952,0.0
SkipEncoder,UFPR05,camera9,64,max,0.669974,0.0,0.636035,0.0
SkipEncoder,UFPR05,camera9,64,mult,0.681059,0.0,0.618579,0.0
SkipEncoder,UFPR05,camera9,64,vote,0.679518,0.0,0.598315,0.0
SkipEncoder,UFPR05,PUC,64,mean_individual_models,0.713938,0.172771,0.694377,0.102531
SkipEncoder,UFPR05,PUC,64,sum,0.821102,0.0,0.749428,0.0
SkipEncoder,UFPR05,PUC,64,mean_probs,0.821102,0.0,0.749428,0.0
SkipEncoder,UFPR05,PUC,64,max,0.824093,0.0,0.786911,0.0
SkipEncoder,UFPR05,PUC,64,mult,0.824782,0.0,0.755836,0.0
SkipEncoder,UFPR05,PUC,64,vote,0.812877,0.0,0.731485,0.0
SkipEncoder,UFPR05,UFPR04,64,mean_individual_models,0.731425,0.158141,0.652822,0.082718
SkipEncoder,UFPR05,UFPR04,64,sum,0.780952,0.0,0.610421,0.0
SkipEncoder,UFPR05,UFPR04,64,mean_probs,0.780952,0.0,0.610421,0.0
SkipEncoder,UFPR05,UFPR04,64,max,0.760512,0.0,0.666105,0.0
SkipEncoder,UFPR05,UFPR04,64,mult,0.762696,0.0,0.611391,0.0
SkipEncoder,UFPR05,UFPR04,64,vote,0.777787,0.0,0.60271,0.0
SkipEncoder,UFPR05,UFPR05,64,mean_individual_models,0.785037,0.202978,0.803401,0.144047
SkipEncoder,UFPR05,UFPR05,64,sum,0.931952,0.0,0.933413,0.0
SkipEncoder,UFPR05,UFPR05,64,mean_probs,0.931952,0.0,0.933413,0.0
SkipEncoder,UFPR05,UFPR05,64,max,0.930578,0.0,0.931084,0.0
SkipEncoder,UFPR05,UFPR05,64,mult,0.930914,0.0,0.932383,0.0
SkipEncoder,UFPR05,UFPR05,64,vote,0.925612,0.0,0.927628,0.0
SkipEncoder,UFPR05,camera1,128,mean_individual_models,0.658832,0.155595,0.619174,0.078304
SkipEncoder,UFPR05,camera1,128,sum,0.748309,0.0,0.654335,0.0
SkipEncoder,UFPR05,camera1,128,mean_probs,0.748309,0.0,0.654335,0.0
SkipEncoder,UFPR05,camera1,128,max,0.740849,0.0,0.677787,0.0
SkipEncoder,UFPR05,camera1,128,mult,0.748275,0.0,0.660446,0.0
SkipEncoder,UFPR05,camera1,128,vote,0.743628,0.0,0.642609,0.0
SkipEncoder,UFPR05,camera2,128,mean_individual_models,0.673636,0.166941,0.672449,0.109882
SkipEncoder,UFPR05,camera2,128,sum,0.829968,0.0,0.811791,0.0
SkipEncoder,UFPR05,camera2,128,mean_probs,0.829968,0.0,0.811791,0.0
SkipEncoder,UFPR05,camera2,128,max,0.824787,0.0,0.823129,0.0
SkipEncoder,UFPR05,camera2,128,mult,0.834263,0.0,0.821995,0.0
SkipEncoder,UFPR05,camera2,128,vote,0.826675,0.0,0.807256,0.0
SkipEncoder,UFPR05,camera3,128,mean_individual_models,0.728972,0.169064,0.737112,0.098919
SkipEncoder,UFPR05,camera3,128,sum,0.85812,0.0,0.850384,0.0
SkipEncoder,UFPR05,camera3,128,mean_probs,0.85812,0.0,0.850384,0.0
SkipEncoder,UFPR05,camera3,128,max,0.845635,0.0,0.842089,0.0
SkipEncoder,UFPR05,camera3,128,mult,0.847688,0.0,0.839017,0.0
SkipEncoder,UFPR05,camera3,128,vote,0.854214,0.0,0.84424,0.0
SkipEncoder,UFPR05,camera4,128,mean_individual_models,0.704853,0.162969,0.692157,0.091764
SkipEncoder,UFPR05,camera4,128,sum,0.806975,0.0,0.760662,0.0
SkipEncoder,UFPR05,camera4,128,mean_probs,0.806975,0.0,0.760662,0.0
SkipEncoder,UFPR05,camera4,128,max,0.800248,0.0,0.772379,0.0
SkipEncoder,UFPR05,camera4,128,mult,0.809856,0.0,0.767068,0.0
SkipEncoder,UFPR05,camera4,128,vote,0.801449,0.0,0.748945,0.0
SkipEncoder,UFPR05,camera5,128,mean_individual_models,0.664347,0.152629,0.647727,0.087592
SkipEncoder,UFPR05,camera5,128,sum,0.759962,0.0,0.699934,0.0
SkipEncoder,UFPR05,camera5,128,mean_probs,0.759962,0.0,0.699934,0.0
SkipEncoder,UFPR05,camera5,128,max,0.746958,0.0,0.711902,0.0
SkipEncoder,UFPR05,camera5,128,mult,0.760451,0.0,0.704765,0.0
SkipEncoder,UFPR05,camera5,128,vote,0.754723,0.0,0.689174,0.0
SkipEncoder,UFPR05,camera6,128,mean_individual_models,0.728183,0.168688,0.734252,0.099238
SkipEncoder,UFPR05,camera6,128,sum,0.86733,0.0,0.858791,0.0
SkipEncoder,UFPR05,camera6,128,mean_probs,0.86733,0.0,0.858791,0.0
SkipEncoder,UFPR05,camera6,128,max,0.850221,0.0,0.848639,0.0
SkipEncoder,UFPR05,camera6,128,mult,0.868124,0.0,0.86156,0.0
SkipEncoder,UFPR05,camera6,128,vote,0.861529,0.0,0.850138,0.0
SkipEncoder,UFPR05,camera7,128,mean_individual_models,0.702824,0.154091,0.692025,0.078761
SkipEncoder,UFPR05,camera7,128,sum,0.7933,0.0,0.723159,0.0
SkipEncoder,UFPR05,camera7,128,mean_probs,0.7933,0.0,0.723159,0.0
SkipEncoder,UFPR05,camera7,128,max,0.786236,0.0,0.742458,0.0
SkipEncoder,UFPR05,camera7,128,mult,0.792654,0.0,0.724823,0.0
SkipEncoder,UFPR05,camera7,128,vote,0.789921,0.0,0.714508,0.0
SkipEncoder,UFPR05,camera8,128,mean_individual_models,0.72388,0.170723,0.727218,0.101298
SkipEncoder,UFPR05,camera8,128,sum,0.860168,0.0,0.84076,0.0
SkipEncoder,UFPR05,camera8,128,mean_probs,0.860168,0.0,0.84076,0.0
SkipEncoder,UFPR05,camera8,128,max,0.846076,0.0,0.838445,0.0
SkipEncoder,UFPR05,camera8,128,mult,0.861813,0.0,0.845775,0.0
SkipEncoder,UFPR05,camera8,128,vote,0.852269,0.0,0.828511,0.0
SkipEncoder,UFPR05,camera9,128,mean_individual_models,0.619579,0.138058,0.604374,0.073839
SkipEncoder,UFPR05,camera9,128,sum,0.69657,0.0,0.626204,0.0
SkipEncoder,UFPR05,camera9,128,mean_probs,0.69657,0.0,0.626204,0.0
SkipEncoder,UFPR05,camera9,128,max,0.674346,0.0,0.641653,0.0
SkipEncoder,UFPR05,camera9,128,mult,0.695383,0.0,0.631822,0.0
SkipEncoder,UFPR05,camera9,128,vote,0.688096,0.0,0.613363,0.0
SkipEncoder,UFPR05,PUC,128,mean_individual_models,0.712512,0.183169,0.679748,0.115825
SkipEncoder,UFPR05,PUC,128,sum,0.817714,0.0,0.735015,0.0
SkipEncoder,UFPR05,PUC,128,mean_probs,0.817714,0.0,0.735015,0.0
SkipEncoder,UFPR05,PUC,128,max,0.861435,0.0,0.827448,0.0
SkipEncoder,UFPR05,PUC,128,mult,0.833541,0.0,0.767437,0.0
SkipEncoder,UFPR05,PUC,128,vote,0.811919,0.0,0.721792,0.0
SkipEncoder,UFPR05,UFPR04,128,mean_individual_models,0.728939,0.165158,0.658907,0.096005
SkipEncoder,UFPR05,UFPR04,128,sum,0.783744,0.0,0.617255,0.0
SkipEncoder,UFPR05,UFPR04,128,mean_probs,0.783744,0.0,0.617255,0.0
SkipEncoder,UFPR05,UFPR04,128,max,0.804582,0.0,0.739461,0.0
SkipEncoder,UFPR05,UFPR04,128,mult,0.768461,0.0,0.651284,0.0
SkipEncoder,UFPR05,UFPR04,128,vote,0.781509,0.0,0.611091,0.0
SkipEncoder,UFPR05,UFPR05,128,mean_individual_models,0.813158,0.209982,0.836925,0.149738
SkipEncoder,UFPR05,UFPR05,128,sum,0.954671,0.0,0.954875,0.0
SkipEncoder,UFPR05,UFPR05,128,mean_probs,0.954671,0.0,0.954875,0.0
SkipEncoder,UFPR05,UFPR05,128,max,0.953,0.0,0.952292,0.0
SkipEncoder,UFPR05,UFPR05,128,mult,0.956607,0.0,0.956509,0.0
SkipEncoder,UFPR05,UFPR05,128,vote,0.950894,0.0,0.95168,0.0
SkipEncoder,UFPR05,camera1,256,mean_individual_models,0.65813,0.142923,0.617704,0.050815
SkipEncoder,UFPR05,camera1,256,sum,0.747546,0.0,0.638646,0.0
SkipEncoder,UFPR05,camera1,256,mean_probs,0.747546,0.0,0.638646,0.0
SkipEncoder,UFPR05,camera1,256,max,0.746945,0.0,0.65896,0.0
SkipEncoder,UFPR05,camera1,256,mult,0.744329,0.0,0.632865,0.0
SkipEncoder,UFPR05,camera1,256,vote,0.750338,0.0,0.649216,0.0
SkipEncoder,UFPR05,camera2,256,mean_individual_models,0.706476,0.176441,0.700794,0.113891
SkipEncoder,UFPR05,camera2,256,sum,0.863399,0.0,0.858277,0.0
SkipEncoder,UFPR05,camera2,256,mean_probs,0.863399,0.0,0.858277,0.0
SkipEncoder,UFPR05,camera2,256,max,0.818154,0.0,0.815193,0.0
SkipEncoder,UFPR05,camera2,256,mult,0.85136,0.0,0.842404,0.0
SkipEncoder,UFPR05,camera2,256,vote,0.862296,0.0,0.85941,0.0
SkipEncoder,UFPR05,camera3,256,mean_individual_models,0.728078,0.179342,0.734531,0.114299
SkipEncoder,UFPR05,camera3,256,sum,0.863013,0.0,0.851613,0.0
SkipEncoder,UFPR05,camera3,256,mean_probs,0.863013,0.0,0.851613,0.0
SkipEncoder,UFPR05,camera3,256,max,0.849563,0.0,0.839324,0.0
SkipEncoder,UFPR05,camera3,256,mult,0.8562,0.0,0.841475,0.0
SkipEncoder,UFPR05,camera3,256,vote,0.867169,0.0,0.858679,0.0
SkipEncoder,UFPR05,camera4,256,mean_individual_models,0.6969,0.162187,0.684846,0.089905
SkipEncoder,UFPR05,camera4,256,sum,0.808998,0.0,0.761131,0.0
SkipEncoder,UFPR05,camera4,256,mean_probs,0.808998,0.0,0.761131,0.0
SkipEncoder,UFPR05,camera4,256,max,0.79449,0.0,0.762381,0.0
SkipEncoder,UFPR05,camera4,256,mult,0.805895,0.0,0.757694,0.0
SkipEncoder,UFPR05,camera4,256,vote,0.811252,0.0,0.768005,0.0
SkipEncoder,UFPR05,camera5,256,mean_individual_models,0.66858,0.151464,0.64888,0.083484
SkipEncoder,UFPR05,camera5,256,sum,0.767687,0.0,0.699056,0.0
SkipEncoder,UFPR05,camera5,256,mean_probs,0.767687,0.0,0.699056,0.0
SkipEncoder,UFPR05,camera5,256,max,0.757283,0.0,0.714097,0.0
SkipEncoder,UFPR05,camera5,256,mult,0.77455,0.0,0.710035,0.0
SkipEncoder,UFPR05,camera5,256,vote,0.768699,0.0,0.706961,0.0
SkipEncoder,UFPR05,camera6,256,mean_individual_models,0.736854,0.175927,0.743643,0.106866
SkipEncoder,UFPR05,camera6,256,sum,0.874251,0.0,0.867905,0.0
SkipEncoder,UFPR05,camera6,256,mean_probs,0.874251,0.0,0.867905,0.0
SkipEncoder,UFPR05,camera6,256,max,0.851273,0.0,0.849908,0.0
SkipEncoder,UFPR05,camera6,256,mult,0.873274,0.0,0.868482,0.0
SkipEncoder,UFPR05,camera6,256,vote,0.875652,0.0,0.870443,0.0
SkipEncoder,UFPR05,camera7,256,mean_individual_models,0.704247,0.168961,0.685537,0.095766
SkipEncoder,UFPR05,camera7,256,sum,0.799383,0.0,0.729703,0.0
SkipEncoder,UFPR05,camera7,256,mean_probs,0.799383,0.0,0.729703,0.0
SkipEncoder,UFPR05,camera7,256,max,0.804496,0.0,0.755768,0.0
SkipEncoder,UFPR05,camera7,256,mult,0.808093,0.0,0.74024,0.0
SkipEncoder,UFPR05,camera7,256,vote,0.800242,0.0,0.734139,0.0
SkipEncoder,UFPR05,camera8,256,mean_individual_models,0.728348,0.180455,0.73017,0.113833
SkipEncoder,UFPR05,camera8,256,sum,0.864881,0.0,0.842978,0.0
SkipEncoder,UFPR05,camera8,256,mean_probs,0.864881,0.0,0.842978,0.0
SkipEncoder,UFPR05,camera8,256,max,0.850036,0.0,0.838927,0.0
SkipEncoder,UFPR05,camera8,256,mult,0.864972,0.0,0.845583,0.0
SkipEncoder,UFPR05,camera8,256,vote,0.864284,0.0,0.8451,0.0
SkipEncoder,UFPR05,camera9,256,mean_individual_models,0.630559,0.144234,0.619382,0.08306
SkipEncoder,UFPR05,camera9,256,sum,0.713459,0.0,0.649478,0.0
SkipEncoder,UFPR05,camera9,256,mean_probs,0.713459,0.0,0.649478,0.0
SkipEncoder,UFPR05,camera9,256,max,0.693987,0.0,0.675963,0.0
SkipEncoder,UFPR05,camera9,256,mult,0.72327,0.0,0.664928,0.0
SkipEncoder,UFPR05,camera9,256,vote,0.715606,0.0,0.658507,0.0
SkipEncoder,UFPR05,PUC,256,mean_individual_models,0.698904,0.198324,0.674526,0.12715
SkipEncoder,UFPR05,PUC,256,sum,0.837442,0.0,0.766809,0.0
SkipEncoder,UFPR05,PUC,256,mean_probs,0.837442,0.0,0.766809,0.0
SkipEncoder,UFPR05,PUC,256,max,0.728812,0.0,0.726233,0.0
SkipEncoder,UFPR05,PUC,256,mult,0.823918,0.0,0.771779,0.0
SkipEncoder,UFPR05,PUC,256,vote,0.840141,0.0,0.773845,0.0
SkipEncoder,UFPR05,UFPR04,256,mean_individual_models,0.706329,0.199381,0.648405,0.130903
SkipEncoder,UFPR05,UFPR04,256,sum,0.811311,0.0,0.679922,0.0
SkipEncoder,UFPR05,UFPR04,256,mean_probs,0.811311,0.0,0.679922,0.0
SkipEncoder,UFPR05,UFPR04,256,max,0.695669,0.0,0.697202,0.0
SkipEncoder,UFPR05,UFPR04,256,mult,0.810393,0.0,0.707902,0.0
SkipEncoder,UFPR05,UFPR04,256,vote,0.813239,0.0,0.68679,0.0
SkipEncoder,UFPR05,UFPR05,256,mean_individual_models,0.839271,0.199457,0.868415,0.124749
SkipEncoder,UFPR05,UFPR05,256,sum,0.974487,0.0,0.974433,0.0
SkipEncoder,UFPR05,UFPR05,256,mean_probs,0.974487,0.0,0.974433,0.0
SkipEncoder,UFPR05,UFPR05,256,max,0.96315,0.0,0.964766,0.0
SkipEncoder,UFPR05,UFPR05,256,mult,0.973997,0.0,0.9745,0.0
SkipEncoder,UFPR05,UFPR05,256,vote,0.97334,0.0,0.97288,0.0
SkipEncoder,UFPR05,camera1,512,mean_individual_models,0.671073,0.145248,0.627432,0.079878
SkipEncoder,UFPR05,camera1,512,sum,0.748781,0.0,0.63782,0.0
SkipEncoder,UFPR05,camera1,512,mean_probs,0.748781,0.0,0.63782,0.0
SkipEncoder,UFPR05,camera1,512,max,0.75288,0.0,0.658794,0.0
SkipEncoder,UFPR05,camera1,512,mult,0.749486,0.0,0.632205,0.0
SkipEncoder,UFPR05,camera1,512,vote,0.753506,0.0,0.652519,0.0
SkipEncoder,UFPR05,camera2,512,mean_individual_models,0.720131,0.183201,0.720522,0.124177
SkipEncoder,UFPR05,camera2,512,sum,0.872042,0.0,0.865079,0.0
SkipEncoder,UFPR05,camera2,512,mean_probs,0.872042,0.0,0.865079,0.0
SkipEncoder,UFPR05,camera2,512,max,0.819758,0.0,0.819728,0.0
SkipEncoder,UFPR05,camera2,512,mult,0.845611,0.0,0.84127,0.0
SkipEncoder,UFPR05,camera2,512,vote,0.87273,0.0,0.869615,0.0
SkipEncoder,UFPR05,camera3,512,mean_individual_models,0.737825,0.179385,0.745131,0.117597
SkipEncoder,UFPR05,camera3,512,sum,0.862246,0.0,0.848541,0.0
SkipEncoder,UFPR05,camera3,512,mean_probs,0.862246,0.0,0.848541,0.0
SkipEncoder,UFPR05,camera3,512,max,0.861245,0.0,0.854685,0.0
SkipEncoder,UFPR05,camera3,512,mult,0.859198,0.0,0.845469,0.0
SkipEncoder,UFPR05,camera3,512,vote,0.87027,0.0,0.860522,0.0
SkipEncoder,UFPR05,camera4,512,mean_individual_models,0.700839,0.170217,0.692407,0.11446
SkipEncoder,UFPR05,camera4,512,sum,0.808006,0.0,0.76035,0.0
SkipEncoder,UFPR05,camera4,512,mean_probs,0.808006,0.0,0.76035,0.0
SkipEncoder,UFPR05,camera4,512,max,0.783595,0.0,0.760506,0.0
SkipEncoder,UFPR05,camera4,512,mult,0.798079,0.0,0.754101,0.0
SkipEncoder,UFPR05,camera4,512,vote,0.815462,0.0,0.77691,0.0
SkipEncoder,UFPR05,camera5,512,mean_individual_models,0.672285,0.155987,0.655094,0.097531
SkipEncoder,UFPR05,camera5,512,sum,0.772456,0.0,0.694664,0.0
SkipEncoder,UFPR05,camera5,512,mean_probs,0.772456,0.0,0.694664,0.0
SkipEncoder,UFPR05,camera5,512,max,0.728928,0.0,0.690821,0.0
SkipEncoder,UFPR05,camera5,512,mult,0.774054,0.0,0.70224,0.0
SkipEncoder,UFPR05,camera5,512,vote,0.772714,0.0,0.706632,0.0
SkipEncoder,UFPR05,camera6,512,mean_individual_models,0.739454,0.17965,0.748293,0.115928
SkipEncoder,UFPR05,camera6,512,sum,0.879955,0.0,0.873904,0.0
SkipEncoder,UFPR05,camera6,512,mean_probs,0.879955,0.0,0.873904,0.0
SkipEncoder,UFPR05,camera6,512,max,0.83604,0.0,0.836064,0.0
SkipEncoder,UFPR05,camera6,512,mult,0.863372,0.0,0.860406,0.0
SkipEncoder,UFPR05,camera6,512,vote,0.88746,0.0,0.88371,0.0
SkipEncoder,UFPR05,camera7,512,mean_individual_models,0.708983,0.174273,0.691371,0.107531
SkipEncoder,UFPR05,camera7,512,sum,0.803153,0.0,0.733474,0.0
SkipEncoder,UFPR05,camera7,512,mean_probs,0.803153,0.0,0.733474,0.0
SkipEncoder,UFPR05,camera7,512,max,0.78221,0.0,0.743123,0.0
SkipEncoder,UFPR05,camera7,512,mult,0.794278,0.0,0.730812,0.0
SkipEncoder,UFPR05,camera7,512,vote,0.804911,0.0,0.742347,0.0
SkipEncoder,UFPR05,camera8,512,mean_individual_models,0.735873,0.183094,0.737182,0.122756
SkipEncoder,UFPR05,camera8,512,sum,0.866975,0.0,0.844715,0.0
SkipEncoder,UFPR05,camera8,512,mean_probs,0.866975,0.0,0.844715,0.0
SkipEncoder,UFPR05,camera8,512,max,0.855464,0.0,0.849633,0.0
SkipEncoder,UFPR05,camera8,512,mult,0.857512,0.0,0.84076,0.0
SkipEncoder,UFPR05,camera8,512,vote,0.870053,0.0,0.852527,0.0
SkipEncoder,UFPR05,camera9,512,mean_individual_models,0.641144,0.151236,0.634169,0.101542
SkipEncoder,UFPR05,camera9,512,sum,0.729535,0.0,0.667937,0.0
SkipEncoder,UFPR05,camera9,512,mean_probs,0.729535,0.0,0.667937,0.0
SkipEncoder,UFPR05,camera9,512,max,0.684835,0.0,0.674157,0.0
SkipEncoder,UFPR05,camera9,512,mult,0.722122,0.0,0.674157,0.0
SkipEncoder,UFPR05,camera9,512,vote,0.736397,0.0,0.685995,0.0
SkipEncoder,UFPR05,PUC,512,mean_individual_models,0.724845,0.191718,0.702661,0.128714
SkipEncoder,UFPR05,PUC,512,sum,0.84592,0.0,0.780668,0.0
SkipEncoder,UFPR05,PUC,512,mean_probs,0.84592,0.0,0.780668,0.0
SkipEncoder,UFPR05,PUC,512,max,0.740304,0.0,0.739588,0.0
SkipEncoder,UFPR05,PUC,512,mult,0.769144,0.0,0.737489,0.0
SkipEncoder,UFPR05,PUC,512,vote,0.850361,0.0,0.790652,0.0
SkipEncoder,UFPR05,UFPR04,512,mean_individual_models,0.734499,0.190723,0.680542,0.118692
SkipEncoder,UFPR05,UFPR04,512,sum,0.819182,0.0,0.694997,0.0
SkipEncoder,UFPR05,UFPR04,512,mean_probs,0.819182,0.0,0.694997,0.0
SkipEncoder,UFPR05,UFPR04,512,max,0.734134,0.0,0.725009,0.0
SkipEncoder,UFPR05,UFPR04,512,mult,0.769113,0.0,0.699441,0.0
SkipEncoder,UFPR05,UFPR04,512,vote,0.822479,0.0,0.705363,0.0
SkipEncoder,UFPR05,UFPR05,512,mean_individual_models,0.846896,0.200052,0.87053,0.126614
SkipEncoder,UFPR05,UFPR05,512,sum,0.979143,0.0,0.978867,0.0
SkipEncoder,UFPR05,UFPR05,512,mean_probs,0.979143,0.0,0.978867,0.0
SkipEncoder,UFPR05,UFPR05,512,max,0.968356,0.0,0.96973,0.0
SkipEncoder,UFPR05,UFPR05,512,mult,0.97646,0.0,0.976993,0.0
SkipEncoder,UFPR05,UFPR05,512,vote,0.978646,0.0,0.977993,0.0
SkipEncoder,UFPR05,camera1,1024,mean_individual_models,0.672158,0.143436,0.62943,0.063139
SkipEncoder,UFPR05,camera1,1024,sum,0.753476,0.0,0.64872,0.0
SkipEncoder,UFPR05,camera1,1024,mean_probs,0.753476,0.0,0.64872,0.0
SkipEncoder,UFPR05,camera1,1024,max,0.779331,0.0,0.714946,0.0
SkipEncoder,UFPR05,camera1,1024,mult,0.743982,0.0,0.628076,0.0
SkipEncoder,UFPR05,camera1,1024,vote,0.754956,0.0,0.654831,0.0
SkipEncoder,UFPR05,camera2,1024,mean_individual_models,0.724186,0.17667,0.728798,0.108005
SkipEncoder,UFPR05,camera2,1024,sum,0.882327,0.0,0.877551,0.0
SkipEncoder,UFPR05,camera2,1024,mean_probs,0.882327,0.0,0.877551,0.0
SkipEncoder,UFPR05,camera2,1024,max,0.826527,0.0,0.826531,0.0
SkipEncoder,UFPR05,camera2,1024,mult,0.830736,0.0,0.807256,0.0
SkipEncoder,UFPR05,camera2,1024,vote,0.886054,0.0,0.884354,0.0
SkipEncoder,UFPR05,camera3,1024,mean_individual_models,0.732214,0.175211,0.741935,0.108376
SkipEncoder,UFPR05,camera3,1024,sum,0.856662,0.0,0.84424,0.0
SkipEncoder,UFPR05,camera3,1024,mean_probs,0.856662,0.0,0.84424,0.0
SkipEncoder,UFPR05,camera3,1024,max,0.879097,0.0,0.877112,0.0
SkipEncoder,UFPR05,camera3,1024,mult,0.850039,0.0,0.82765,0.0
SkipEncoder,UFPR05,camera3,1024,vote,0.860269,0.0,0.851306,0.0
SkipEncoder,UFPR05,camera4,1024,mean_individual_models,0.712619,0.170441,0.708014,0.106638
SkipEncoder,UFPR05,camera4,1024,sum,0.823577,0.0,0.788627,0.0
SkipEncoder,UFPR05,camera4,1024,mean_probs,0.823577,0.0,0.788627,0.0
SkipEncoder,UFPR05,camera4,1024,max,0.831944,0.0,0.823934,0.0
SkipEncoder,UFPR05,camera4,1024,mult,0.806495,0.0,0.756288,0.0
SkipEncoder,UFPR05,camera4,1024,vote,0.824315,0.0,0.793314,0.0
SkipEncoder,UFPR05,camera5,1024,mean_individual_models,0.683841,0.158527,0.667622,0.097044
SkipEncoder,UFPR05,camera5,1024,sum,0.777282,0.0,0.707949,0.0
SkipEncoder,UFPR05,camera5,1024,mean_probs,0.777282,0.0,0.707949,0.0
SkipEncoder,UFPR05,camera5,1024,max,0.764584,0.0,0.738472,0.0
SkipEncoder,UFPR05,camera5,1024,mult,0.783021,0.0,0.703008,0.0
SkipEncoder,UFPR05,camera5,1024,vote,0.777741,0.0,0.715744,0.0
SkipEncoder,UFPR05,camera6,1024,mean_individual_models,0.748379,0.178635,0.757937,0.109269
SkipEncoder,UFPR05,camera6,1024,sum,0.883825,0.0,0.878057,0.0
SkipEncoder,UFPR05,camera6,1024,mean_probs,0.883825,0.0,0.878057,0.0
SkipEncoder,UFPR05,camera6,1024,max,0.856339,0.0,0.856138,0.0
SkipEncoder,UFPR05,camera6,1024,mult,0.876008,0.0,0.86802,0.0
SkipEncoder,UFPR05,camera6,1024,vote,0.886748,0.0,0.882441,0.0
SkipEncoder,UFPR05,camera7,1024,mean_individual_models,0.718368,0.175027,0.7001,0.107718
SkipEncoder,UFPR05,camera7,1024,sum,0.803548,0.0,0.737799,0.0
SkipEncoder,UFPR05,camera7,1024,mean_probs,0.803548,0.0,0.737799,0.0
SkipEncoder,UFPR05,camera7,1024,max,0.817324,0.0,0.789596,0.0
SkipEncoder,UFPR05,camera7,1024,mult,0.807127,0.0,0.731588,0.0
SkipEncoder,UFPR05,camera7,1024,vote,0.804772,0.0,0.743234,0.0
SkipEncoder,UFPR05,camera8,1024,mean_individual_models,0.741108,0.183096,0.7443,0.119089
SkipEncoder,UFPR05,camera8,1024,sum,0.867474,0.0,0.847029,0.0
SkipEncoder,UFPR05,camera8,1024,mean_probs,0.867474,0.0,0.847029,0.0
SkipEncoder,UFPR05,camera8,1024,max,0.875298,0.0,0.873939,0.0
SkipEncoder,UFPR05,camera8,1024,mult,0.858366,0.0,0.831115,0.0
SkipEncoder,UFPR05,camera8,1024,vote,0.868899,0.0,0.851562,0.0
SkipEncoder,UFPR05,camera9,1024,mean_individual_models,0.642121,0.146715,0.635734,0.087079
SkipEncoder,UFPR05,camera9,1024,sum,0.732121,0.0,0.66874,0.0
SkipEncoder,UFPR05,camera9,1024,mean_probs,0.732121,0.0,0.66874,0.0
SkipEncoder,UFPR05,camera9,1024,max,0.709383,0.0,0.704655,0.0
SkipEncoder,UFPR05,camera9,1024,mult,0.742181,0.0,0.672953,0.0
SkipEncoder,UFPR05,camera9,1024,vote,0.737922,0.0,0.681982,0.0
SkipEncoder,UFPR05,PUC,1024,mean_individual_models,0.729282,0.192645,0.700602,0.134726
SkipEncoder,UFPR05,PUC,1024,sum,0.843232,0.0,0.776239,0.0
SkipEncoder,UFPR05,PUC,1024,mean_probs,0.843232,0.0,0.776239,0.0
SkipEncoder,UFPR05,PUC,1024,max,0.777323,0.0,0.768469,0.0
SkipEncoder,UFPR05,PUC,1024,mult,0.715632,0.0,0.705975,0.0
SkipEncoder,UFPR05,PUC,1024,vote,0.844572,0.0,0.780468,0.0
SkipEncoder,UFPR05,UFPR04,1024,mean_individual_models,0.730751,0.194215,0.672807,0.135121
SkipEncoder,UFPR05,UFPR04,1024,sum,0.811929,0.0,0.680684,0.0
SkipEncoder,UFPR05,UFPR04,1024,mean_probs,0.811929,0.0,0.680684,0.0
SkipEncoder,UFPR05,UFPR04,1024,max,0.758919,0.0,0.760169,0.0
SkipEncoder,UFPR05,UFPR04,1024,mult,0.719416,0.0,0.689676,0.0
SkipEncoder,UFPR05,UFPR04,1024,vote,0.812649,0.0,0.684181,0.0
SkipEncoder,UFPR05,UFPR05,1024,mean_individual_models,0.857971,0.200777,0.886913,0.122246
SkipEncoder,UFPR05,UFPR05,1024,sum,0.978931,0.0,0.978299,0.0
SkipEncoder,UFPR05,UFPR05,1024,mean_probs,0.978931,0.0,0.978299,0.0
SkipEncoder,UFPR05,UFPR05,1024,max,0.979303,0.0,0.979001,0.0
SkipEncoder,UFPR05,UFPR05,1024,mult,0.975784,0.0,0.97665,0.0
SkipEncoder,UFPR05,UFPR05,1024,vote,0.97796,0.0,0.977053,0.0
