run_id,experiment_id,status,artifact_uri,start_time,end_time,metrics.val_acc,metrics.train_acc,metrics.val_loss,metrics.train_loss,metrics.test_precision-UFPR05,metrics.test_precision-camera1,metrics.test_f1-UFPR04,metrics.test_f1-camera6,metrics.test_acc-camera8,metrics.test_acc-camera3,metrics.test_precision-camera2,metrics.test_precision-camera5,metrics.test_acc-camera5,metrics.test_acc-UFPR04,metrics.test_precision-UFPR04,metrics.test_f1-camera5,metrics.test_f1-camera7,metrics.test_acc-UFPR05,metrics.test_precision-camera9,metrics.test_f1-camera3,metrics.test_f1-UFPR05,metrics.test_precision-camera8,metrics.test_acc-camera6,metrics.test_acc-camera1,metrics.test_acc-camera4,metrics.test_precision-camera4,metrics.test_f1-camera2,metrics.test_f1-camera4,metrics.test_precision-camera7,metrics.test_acc-camera9,metrics.test_f1-camera1,metrics.test_f1-camera9,metrics.test_precision-camera3,metrics.test_precision-PUC,metrics.test_acc-camera2,metrics.test_f1-camera8,metrics.test_acc-PUC,metrics.test_acc-camera7,metrics.test_f1-PUC,metrics.test_precision-camera6,params.lr,params.n_images_to_train,params.model,params.epochs,params.encoder_dataset,params.loss,params.input_shape,params.dataset_classifier,tags.mlflow.source.name,tags.mlflow.runName,tags.mlflow.user,tags.mlflow.source.type,tags.mlflow.source.git.commit
405a18a88b984c349168c7c8573099e6,31,RUNNING,mlflow-artifacts:/31/405a18a88b984c349168c7c8573099e6/artifacts,2026-02-26 02:53:55.281000+00:00,,0.75,0.7958984375,0.43610335886478424,0.4491017572581768,,,,,,,,,,,,,,,,,,,,,,,,,,,,,,,,,,,,,0.001,1024,VariationalEncoder0_Classifier,10,CNR,CrossEntropy,3x128x128,UFPR04,train_classifier.py,VariationalEncoder0_Classifier_UFPR04_1024,lucas.ocunha,LOCAL,fae73dae369fa16580455b7cd0cc0abcfe344dde
052f4d10ddab434d999872401c0c7314,31,RUNNING,mlflow-artifacts:/31/052f4d10ddab434d999872401c0c7314/artifacts,2026-02-26 02:53:39.718000+00:00,,0.921875,0.939453125,0.1425822116434574,0.13803525955881923,,,,,,,,,,,,,,,,,,,,,,,,,,,,,,,,,,,,,0.001,1024,VariationalEncoder0_Classifier,10,PKLot,CrossEntropy,3x128x128,UFPR04,train_classifier.py,VariationalEncoder0_Classifier_UFPR04_1024,lucas.ocunha,LOCAL,fae73dae369fa16580455b7cd0cc0abcfe344dde
5b18a7afc957446894894cc4edfe4168,31,FINISHED,mlflow-artifacts:/31/5b18a7afc957446894894cc4edfe4168/artifacts,2026-02-26 02:49:27.906000+00:00,2026-02-26 02:53:55.154000+00:00,0.71875,0.771484375,0.4940567761659622,0.47032272443175316,0.1357385775543398,0.17727272727272728,0.7919407177798228,0.04929292929292929,0.44068287037037035,0.4500768049155146,0.20833333333333334,0.12861736334405144,0.4699165568730786,0.7520662110998245,0.7305774489303523,0.03207698476343224,0.06834795321637427,0.5245744998507017,0.22192513368983957,0.05291005291005291,0.028020267382943654,0.20410783055198972,0.4570835256114444,0.5028901734104047,0.4675831901265427,0.21875,0.02159827213822894,0.06527701590784421,0.32241379310344825,0.47191011235955055,0.049273531269740996,0.059328091493924234,0.24509803921568626,0.8181010966478095,0.48639455782312924,0.05198626777832271,0.6991958050043938,0.43456078083407274,0.632041612299815,0.21785714285714286,0.001,512,VariationalEncoder0_Classifier,10,CNR,CrossEntropy,3x128x128,UFPR04,train_classifier.py,VariationalEncoder0_Classifier_UFPR04_512,lucas.ocunha,LOCAL,fae73dae369fa16580455b7cd0cc0abcfe344dde
cad8b44e363c4b45a4513283ac428cc3,31,FINISHED,mlflow-artifacts:/31/cad8b44e363c4b45a4513283ac428cc3/artifacts,2026-02-26 02:49:13.707000+00:00,2026-02-26 02:53:39.592000+00:00,0.921875,0.935546875,0.1502385511994362,0.16746097733266652,0.5083333333333333,0.17551020408163265,0.8670860456211367,0.28578187840075703,0.290991512345679,0.42980030721966206,0.3325062034739454,0.20599144079885878,0.2943566095740009,0.8597631360236402,0.8981256940824514,0.18345826451530936,0.19616424250225253,0.5665347865034338,0.28995680345572356,0.46788990825688076,0.42164918676108804,0.2568253201256342,0.30341485925242273,0.36597853014037984,0.34088423683799407,0.2485366951823503,0.3182897862232779,0.20740184106706744,0.264859228362878,0.3575441412520064,0.135555055167755,0.25116931711880264,0.4528301886792453,0.72407814590067,0.3492063492063492,0.22433259470296507,0.7239489385319828,0.30734250221827863,0.7253857700735594,0.297244094488189,0.001,512,VariationalEncoder0_Classifier,10,PKLot,CrossEntropy,3x128x128,UFPR04,train_classifier.py,VariationalEncoder0_Classifier_UFPR04_512,lucas.ocunha,LOCAL,fae73dae369fa16580455b7cd0cc0abcfe344dde
d8f9c1a4bd794c0683436731f1942570,31,FINISHED,mlflow-artifacts:/31/d8f9c1a4bd794c0683436731f1942570/artifacts,2026-02-26 02:45:09.035000+00:00,2026-02-26 02:49:27.791000+00:00,0.71875,0.7109375,0.546496570110321,0.557480938732624,0.1950082281952825,0.2648221343873518,0.7926162829784578,0.04882340004398505,0.4927662037037037,0.490937019969278,0.14285714285714285,0.5263157894736842,0.5216293368467282,0.7507503001200481,0.7259804007811538,0.03967379325545515,0.07352655125461972,0.544752164825321,0.441340782122905,0.057987492893689596,0.022785905427275786,0.6695278969957081,0.5010383017997231,0.5301403798513625,0.52585533510389,0.7218543046357616,0.008830022075055188,0.06701506301875192,0.7590361445783133,0.509430176565008,0.04498153742866734,0.06069919323857088,0.6986301369863014,0.7829794128667051,0.4909297052154195,0.05600430802369413,0.6598503769483373,0.47171694764862465,0.5678821930887591,0.7070063694267515,0.001,256,VariationalEncoder0_Classifier,10,CNR,CrossEntropy,3x128x128,UFPR04,train_classifier.py,VariationalEncoder0_Classifier_UFPR04_256,lucas.ocunha,LOCAL,fae73dae369fa16580455b7cd0cc0abcfe344dde
e2d340082b69491493e57999395a87ce,31,FINISHED,mlflow-artifacts:/31/e2d340082b69491493e57999395a87ce/artifacts,2026-02-26 02:44:56.627000+00:00,2026-02-26 02:49:13.586000+00:00,0.921875,0.94140625,0.21207554638385773,0.14398289751261473,0.485456660849331,0.14566929133858267,0.8883915966913802,0.1471233338957314,0.3883101851851852,0.443010752688172,0.125,0.14385474860335196,0.40865173473869126,0.8768007202881153,0.8786067387842058,0.07105898585719214,0.07672807165793477,0.5598611525828605,0.2603719599427754,0.21208170360712733,0.10171092524033701,0.20574443141852286,0.41682048915551456,0.4606110652353427,0.4085299172004374,0.18681318681318682,0.06429780033840947,0.09728183118741059,0.22146341463414634,0.44642857142857145,0.06364678899082568,0.11655459494076209,0.3967479674796748,0.7678670173309057,0.373015873015873,0.09965928449744463,0.7279410064289348,0.39407719609582964,0.7075802627940432,0.2836694860117111,0.001,256,VariationalEncoder0_Classifier,10,PKLot,CrossEntropy,3x128x128,UFPR04,train_classifier.py,VariationalEncoder0_Classifier_UFPR04_256,lucas.ocunha,LOCAL,fae73dae369fa16580455b7cd0cc0abcfe344dde
90e3164a62fc491fb7e0eef0d0d7af41,31,FINISHED,mlflow-artifacts:/31/90e3164a62fc491fb7e0eef0d0d7af41/artifacts,2026-02-26 02:41:01.013000+00:00,2026-02-26 02:45:08.919000+00:00,0.671875,0.7265625,0.6305625438690186,0.5430784821510315,0.22076271186440677,0.30569948186528495,0.7138913624220837,0.03860661193698691,0.48996913580246915,0.4847926267281106,0.16666666666666666,0.5564516129032258,0.5221783047870004,0.7032967032967034,0.7535128530476056,0.030734966592427616,0.056354679802955665,0.551515377724694,0.48333333333333334,0.02443280977312391,0.017048150390209585,0.6288659793814433,0.5001153668666359,0.5374071015689513,0.5233557256678644,0.7107438016528925,0.0044943820224719105,0.05336642879304995,0.7814207650273224,0.5128410914927769,0.04042480301473107,0.04559748427672956,0.6363636363636364,0.8255699443596435,0.4977324263038549,0.044107013738250184,0.651198487581518,0.46883318544809227,0.5264310524146864,0.7435897435897436,0.001,128,VariationalEncoder0_Classifier,10,CNR,CrossEntropy,3x128x128,UFPR04,train_classifier.py,VariationalEncoder0_Classifier_UFPR04_128,lucas.ocunha,LOCAL,fae73dae369fa16580455b7cd0cc0abcfe344dde
7682fdef534347bb9081890cfe05a69e,31,FINISHED,mlflow-artifacts:/31/7682fdef534347bb9081890cfe05a69e/artifacts,2026-02-26 02:40:45.039000+00:00,2026-02-26 02:44:56.507000+00:00,0.875,0.9296875,0.32734400033950806,0.16979320719838142,0.3418230563002681,0.15355805243445692,0.8651999617196389,0.03268685988232731,0.4782986111111111,0.4927803379416283,0.0,0.32857142857142857,0.5127360562143171,0.8536683904330963,0.8700198883685122,0.030157342657342656,0.02789400278940028,0.5595924156464617,0.528,0.0771380659586361,0.008570420286688961,0.37543859649122807,0.4878864790032303,0.5192402972749793,0.5092954225902203,0.42168674698795183,0.0,0.06266786034019696,0.5511811023622047,0.5150481540930979,0.0273972602739726,0.05178501373087485,0.6699029126213593,0.7710399123025562,0.4988662131519274,0.03805797616930464,0.6869796725405856,0.4588509316770186,0.6316498453939647,0.3768844221105528,0.001,128,VariationalEncoder0_Classifier,10,PKLot,CrossEntropy,3x128x128,UFPR04,train_classifier.py,VariationalEncoder0_Classifier_UFPR04_128,lucas.ocunha,LOCAL,fae73dae369fa16580455b7cd0cc0abcfe344dde
f00ebb73bdee400b96e2e75b43310d16,31,FINISHED,mlflow-artifacts:/31/f00ebb73bdee400b96e2e75b43310d16/artifacts,2026-02-26 02:36:49.816000+00:00,2026-02-26 02:41:00.892000+00:00,0.5625,0.703125,0.6974029541015625,0.6228733062744141,0.10450591122016507,0.09217577706323687,0.7396381522374712,0.08063380281690141,0.39834104938271603,0.36774193548387096,0.01744186046511628,0.1832627118644068,0.4549846288976724,0.6504986610028627,0.6231995362990871,0.06516007532956686,0.078418341917262,0.5084129590922664,0.18088737201365188,0.0933920704845815,0.02766991008017482,0.1870653685674548,0.39755422242731886,0.42411230388109,0.41040462427745666,0.20053475935828877,0.009819967266775777,0.10653409090909091,0.20940550133096716,0.40108346709470305,0.04700737906531839,0.09627611262488647,0.1815068493150685,0.5182142718182172,0.31405895691609975,0.07939787485242031,0.5199429952361131,0.3847604259094942,0.5620162092165194,0.17751937984496124,0.001,64,VariationalEncoder0_Classifier,10,CNR,CrossEntropy,3x128x128,UFPR04,train_classifier.py,VariationalEncoder0_Classifier_UFPR04_64,lucas.ocunha,LOCAL,fae73dae369fa16580455b7cd0cc0abcfe344dde
b8d47080670548039cfddab919cb6693,31,FINISHED,mlflow-artifacts:/31/b8d47080670548039cfddab919cb6693/artifacts,2026-02-26 02:36:35.299000+00:00,2026-02-26 02:40:44.921000+00:00,0.859375,0.921875,0.49119262397289276,0.16535595059394836,0.48490945674044267,0.16826923076923078,0.8505226628295738,0.019973368841544607,0.47791280864197533,0.48970814132104457,0.0,0.2230769230769231,0.5127360562143171,0.8369193831378705,0.8509548206800186,0.012900355871886121,0.021454112038140644,0.561242161839355,0.29365079365079366,0.04704532415375789,0.008133922845860474,0.3271889400921659,0.490539916935856,0.5270024772914946,0.5128886111545071,0.44805194805194803,0.0,0.04238329238329238,0.38028169014084506,0.5032102728731942,0.023858214042263123,0.029019607843137254,0.7192982456140351,0.7004031478471332,0.48072562358276644,0.025562556255625563,0.6600931964293973,0.4536379769299024,0.6245777593308004,0.3879310344827586,0.001,64,VariationalEncoder0_Classifier,10,PKLot,CrossEntropy,3x128x128,UFPR04,train_classifier.py,VariationalEncoder0_Classifier_UFPR04_64,lucas.ocunha,LOCAL,fae73dae369fa16580455b7cd0cc0abcfe344dde
9ee8d84a93be4fe1a7eb17777c1203cb,31,FINISHED,mlflow-artifacts:/31/9ee8d84a93be4fe1a7eb17777c1203cb/artifacts,2026-02-26 02:32:19.468000+00:00,2026-02-26 02:36:49.539000+00:00,0.921875,0.873046875,0.2058132290840149,0.2593640866689384,0.22365079365079366,0.4567901234567901,0.6093123945986676,0.0688320068832007,0.49083719135802467,0.48540706605222733,0.10714285714285714,0.43243243243243246,0.516798418972332,0.6229453319789454,0.7011864453436838,0.048432432432432435,0.10415094339622641,0.5353613018811586,0.5416666666666666,0.04449515116942385,0.043313198383055904,0.5778364116094987,0.5005768343331796,0.5451692815854665,0.5274175910014061,0.6262295081967213,0.01284796573875803,0.11212210155562079,0.6764705882352942,0.5172552166934189,0.09704918032786886,0.08863636363636364,0.582089552238806,0.9082804575743103,0.47732426303854875,0.07661360853594543,0.8096642153461912,0.4733806566104703,0.7844516027655563,0.6177606177606177,0.001,1024,VariationalEncoder0_Classifier,10,CNR,CrossEntropy,3x128x128,PUC,train_classifier.py,VariationalEncoder0_Classifier_PUC_1024,lucas.ocunha,LOCAL,fae73dae369fa16580455b7cd0cc0abcfe344dde
ca06a3b4d1bb42caba1bd63a713048a9,31,FINISHED,mlflow-artifacts:/31/ca06a3b4d1bb42caba1bd63a713048a9/artifacts,2026-02-26 02:32:14.908000+00:00,2026-02-26 02:36:35.026000+00:00,0.90625,0.8955078125,0.18527892976999283,0.21653557615354657,0.2745341614906832,0.40625,0.8682911984001044,0.07257019438444924,0.5089699074074074,0.4967741935483871,0.0,0.66,0.525911286780852,0.8601209714655093,0.8931222609784456,0.04384410983170948,0.05952149387278739,0.5505150791280979,0.544973544973545,0.06506849315068493,0.028524870524838257,0.847887323943662,0.5046146746654361,0.5458298926507019,0.5328854866427121,0.9307692307692308,0.0,0.07487623762376237,0.6144578313253012,0.5170545746388443,0.036440084092501754,0.07883658629927287,0.8636363636363636,0.9433845858004759,0.5,0.10574389601264711,0.8182207113454512,0.46373114463176573,0.7892387202295168,0.7,0.001,1024,VariationalEncoder0_Classifier,10,PKLot,CrossEntropy,3x128x128,PUC,train_classifier.py,VariationalEncoder0_Classifier_PUC_1024,lucas.ocunha,LOCAL,fae73dae369fa16580455b7cd0cc0abcfe344dde
f4907db4797843af9a597d2f96303de6,31,FINISHED,mlflow-artifacts:/31/f4907db4797843af9a597d2f96303de6/artifacts,2026-02-26 02:27:47.028000+00:00,2026-02-26 02:32:19.341000+00:00,0.890625,0.87109375,0.24216299504041672,0.2901675933972001,0.210149863760218,0.31955922865013775,0.5648051868615818,0.05844155844155844,0.4849537037037037,0.4838709677419355,0.1,0.36363636363636365,0.5140535792709706,0.5893549727583342,0.6698488233757943,0.03488879197557784,0.08187357197258187,0.5359435652433562,0.4252336448598131,0.04436860068259386,0.03818482818374515,0.49731182795698925,0.4981541301338256,0.5281585466556565,0.5231995000781128,0.5827814569536424,0.01279317697228145,0.10340775558166862,0.5972222222222222,0.507223113964687,0.07510521204273228,0.06899166034874905,0.5416666666666666,0.8990308935325758,0.47505668934240364,0.0647985989492119,0.8075193099301605,0.46517302573203195,0.7835305591677503,0.5869565217391305,0.001,512,VariationalEncoder0_Classifier,10,CNR,CrossEntropy,3x128x128,PUC,train_classifier.py,VariationalEncoder0_Classifier_PUC_512,lucas.ocunha,LOCAL,fae73dae369fa16580455b7cd0cc0abcfe344dde
47b55a01e9914e1ea5894423ab29b5f7,31,FINISHED,mlflow-artifacts:/31/47b55a01e9914e1ea5894423ab29b5f7/artifacts,2026-02-26 02:27:46.138000+00:00,2026-02-26 02:32:14.785000+00:00,0.90625,0.912109375,0.24946680665016174,0.21086588082835078,0.2305673991472614,0.3153153153153153,0.8611395428181507,0.06802426343154246,0.5056905864197531,0.4894009216589862,0.0,0.5384615384615384,0.5218489240228371,0.8543609751592944,0.8977259689299892,0.034153914393435354,0.05378020265003897,0.5490892803822036,0.5128205128205128,0.056753688989784334,0.02274712829639217,0.7901907356948229,0.5036917397323488,0.5430222956234517,0.5294485236681769,0.8571428571428571,0.0,0.06691449814126393,0.575,0.5146468699839486,0.024673951357067323,0.07636502481863307,0.6578947368421053,0.9463241282298067,0.5,0.1016652059596845,0.8119710004162619,0.4614019520851819,0.7795962347774819,0.6946902654867256,0.001,512,VariationalEncoder0_Classifier,10,PKLot,CrossEntropy,3x128x128,PUC,train_classifier.py,VariationalEncoder0_Classifier_PUC_512,lucas.ocunha,LOCAL,fae73dae369fa16580455b7cd0cc0abcfe344dde
9a9455ee55dd4b2e8f761ada86d9e613,31,FINISHED,mlflow-artifacts:/31/9a9455ee55dd4b2e8f761ada86d9e613/artifacts,2026-02-26 02:23:07.365000+00:00,2026-02-26 02:27:46.909000+00:00,0.875,0.86328125,0.3084401935338974,0.3205829747021198,0.21707249584947427,0.33415233415233414,0.6911970190964136,0.08610816542948038,0.4913194444444444,0.48540706605222733,0.14285714285714285,0.4967105263157895,0.5204216073781291,0.6632653061224489,0.691900139871996,0.06466809421841542,0.1244214034438067,0.5308226336219767,0.48771929824561405,0.06372275013974288,0.04755338010880601,0.5637450199203188,0.5028841716658976,0.5274979355904211,0.5272613654116545,0.6049723756906077,0.02109704641350211,0.1264434180138568,0.6601178781925344,0.512239165329053,0.08681774656878391,0.10262089331856773,0.5533980582524272,0.8680079986851477,0.47392290249433106,0.09691780821917809,0.8089733361084132,0.47548802129547474,0.7932211663323768,0.6246153846153846,0.001,256,VariationalEncoder0_Classifier,10,CNR,CrossEntropy,3x128x128,PUC,train_classifier.py,VariationalEncoder0_Classifier_PUC_256,lucas.ocunha,LOCAL,fae73dae369fa16580455b7cd0cc0abcfe344dde
be71cc907c1a40e4bc9c01fc8eff39cc,31,FINISHED,mlflow-artifacts:/31/be71cc907c1a40e4bc9c01fc8eff39cc/artifacts,2026-02-26 02:23:07.159000+00:00,2026-02-26 02:27:46.023000+00:00,0.859375,0.890625,0.37757255136966705,0.23307784087955952,0.44541545290608964,0.28846153846153844,0.8396091053631675,0.11823899371069183,0.5217978395061729,0.5075268817204301,0.3333333333333333,0.6996466431095406,0.5330478700043917,0.8090313048296242,0.7751047148533992,0.08517960851796086,0.11780153817295066,0.5554792475365781,0.5774647887323944,0.14415376401494928,0.09734727906624223,0.7959501557632399,0.5147669589293955,0.5352601156069364,0.542727698797063,0.848605577689243,0.004524886877828055,0.12705040262451536,0.715261958997722,0.5246789727126806,0.0408997955010225,0.14753508456279238,0.7219251336898396,0.8707118681839074,0.5011337868480725,0.17090301003344482,0.8060479395032607,0.4783717834960071,0.7884459551068411,0.7421052631578947,0.001,256,VariationalEncoder0_Classifier,10,PKLot,CrossEntropy,3x128x128,PUC,train_classifier.py,VariationalEncoder0_Classifier_PUC_256,lucas.ocunha,LOCAL,fae73dae369fa16580455b7cd0cc0abcfe344dde
2aba6fefcbfd4870a4bbaa6c87dba210,31,FINISHED,mlflow-artifacts:/31/2aba6fefcbfd4870a4bbaa6c87dba210/artifacts,2026-02-26 02:18:39.349000+00:00,2026-02-26 02:23:07.043000+00:00,0.859375,0.890625,0.37260305881500244,0.26904240250587463,0.37082601054481545,0.23786407766990292,0.7935306717495305,0.06161240987546428,0.5131172839506173,0.5001536098310292,0.0,0.7272727272727273,0.5272288098375055,0.7474258934342968,0.7163812931254792,0.0426856380613606,0.06437768240343347,0.5536727381307853,0.5981308411214953,0.0823463056965595,0.04708019890348081,0.9289940828402367,0.5044993077988001,0.5319570602807597,0.5333541634119668,0.9389312977099237,0.0,0.07609031858954532,0.7051282051282052,0.5220706260032103,0.03342428376534789,0.09704321455648218,0.8390804597701149,0.9056877829097533,0.4988662131519274,0.11064129668780831,0.8034838814115906,0.46805678793256433,0.7761393572181243,0.7540106951871658,0.001,128,VariationalEncoder0_Classifier,10,PKLot,CrossEntropy,3x128x128,PUC,train_classifier.py,VariationalEncoder0_Classifier_PUC_128,lucas.ocunha,LOCAL,fae73dae369fa16580455b7cd0cc0abcfe344dde
60173d65e1b842ba854c7b429d7a73d1,31,FINISHED,mlflow-artifacts:/31/60173d65e1b842ba854c7b429d7a73d1/artifacts,2026-02-26 02:18:39.322000+00:00,2026-02-26 02:23:07.251000+00:00,0.90625,0.828125,0.29181843250989914,0.3753545507788658,0.24733161575266838,0.27617328519855594,0.7101367692435994,0.06041535556954059,0.4777199074074074,0.4715821812596006,0.023622047244094488,0.32,0.5077953447518665,0.6790331517222273,0.7001808987378202,0.04434022596461309,0.08911074135699759,0.5306061510898775,0.31301939058171746,0.03803131991051454,0.06025824964131994,0.4182590233545648,0.4832718043377942,0.5088356729975227,0.5130448367442587,0.4789915966386555,0.01060070671378092,0.09887250650477017,0.4661508704061896,0.4865569823434992,0.09329268292682927,0.08114901256732496,0.3333333333333333,0.8604570731045708,0.36507936507936506,0.0678257875710105,0.8055912076222191,0.45352706299911266,0.7905014967961398,0.3819628647214854,0.001,128,VariationalEncoder0_Classifier,10,CNR,CrossEntropy,3x128x128,PUC,train_classifier.py,VariationalEncoder0_Classifier_PUC_128,lucas.ocunha,LOCAL,fae73dae369fa16580455b7cd0cc0abcfe344dde
db3c9a875d1740eca1c48ae78dc5a27c,31,FINISHED,mlflow-artifacts:/31/db3c9a875d1740eca1c48ae78dc5a27c/artifacts,2026-02-26 02:14:11.640000+00:00,2026-02-26 02:18:39.211000+00:00,0.875,0.859375,0.3043071925640106,0.34721192717552185,0.15354207843545198,0.20994475138121546,0.7599891501658773,0.05151713599650731,0.4991319444444444,0.48663594470046084,0.0,0.518796992481203,0.5211901624945103,0.734439929818081,0.7498970600345878,0.03067348299622138,0.04879953152449736,0.5116303374141534,0.5,0.042406876790830945,0.04317430602275719,0.7126099706744868,0.4987309644670051,0.5324525185796862,0.5294485236681769,0.9166666666666666,0.0,0.0616822429906542,0.5411255411255411,0.5136436597110754,0.026143790849673203,0.08459214501510574,0.6271186440677966,0.9094448426402554,0.4977324263038549,0.08557844690966719,0.7889233846723094,0.45951641526175685,0.7535930619062885,0.6178010471204188,0.001,64,VariationalEncoder0_Classifier,10,PKLot,CrossEntropy,3x128x128,PUC,train_classifier.py,VariationalEncoder0_Classifier_PUC_64,lucas.ocunha,LOCAL,fae73dae369fa16580455b7cd0cc0abcfe344dde
9f9c96d1e534422ab81046883c8a4b5d,31,FINISHED,mlflow-artifacts:/31/9f9c96d1e534422ab81046883c8a4b5d/artifacts,2026-02-26 02:14:11.625000+00:00,2026-02-26 02:18:39.203000+00:00,0.9375,0.796875,0.3044959008693695,0.40086182951927185,0.28843861740166865,0.2974910394265233,0.625841384435715,0.12726571538758194,0.4775270061728395,0.450384024577573,0.03225806451612903,0.3990895295902883,0.5060386473429952,0.593198817988734,0.6283363178988659,0.10467661691542289,0.18378744288373666,0.5004031054045984,0.3786549707602339,0.07640681466184822,0.14261190396884368,0.4556677890011223,0.4778495616059068,0.49380677126341865,0.5094516481799719,0.4692556634304207,0.016835016835016835,0.15591397849462366,0.5339233038348082,0.4803370786516854,0.13976985686219479,0.16666666666666666,0.2948207171314741,0.8214571301643714,0.3378684807256236,0.13035800288970942,0.7911318856667129,0.46506211180124224,0.7817919904327316,0.41457286432160806,0.001,64,VariationalEncoder0_Classifier,10,CNR,CrossEntropy,3x128x128,PUC,train_classifier.py,VariationalEncoder0_Classifier_PUC_64,lucas.ocunha,LOCAL,fae73dae369fa16580455b7cd0cc0abcfe344dde
34314ced464d4458961a2e5f1064865b,31,FINISHED,mlflow-artifacts:/31/34314ced464d4458961a2e5f1064865b/artifacts,2026-02-25 21:20:47.582000+00:00,2026-02-25 21:24:55.755000+00:00,0.984375,0.9853515625,0.06941186264157295,0.03342253225855529,0.704391701431954,0.7818772136953955,0.4978311468472281,0.9411508282476024,0.9452160493827161,0.9271889400921659,0.8694779116465864,0.8308075963936313,0.8993192797540623,0.5616862129467172,0.6642902519940708,0.9042697567595782,0.9049486461251167,0.7778665273215886,0.8958020989505248,0.9329561527581329,0.7705935411254077,0.9165211316800559,0.9377018920166128,0.8652353426919901,0.9289173566630214,0.8771729837560559,0.9242262540021344,0.9311753138708213,0.8329322791337229,0.9373996789727127,0.8665358194308145,0.9387274155538099,0.8918334234721471,0.9014983067081723,0.9195011337868481,0.9486623282718727,0.7697175200037001,0.887089618456078,0.7257643093934063,0.9022147931466779,0.001,1024,Encoder0_Classifier,10,PKLot,CrossEntropy,3x128x128,camera9,train_classifier.py,Encoder0_Classifier_camera9_1024,lucas.ocunha,LOCAL,fae73dae369fa16580455b7cd0cc0abcfe344dde
39b6d0abf6554216920053f9ec5b75b2,31,FINISHED,mlflow-artifacts:/31/39b6d0abf6554216920053f9ec5b75b2/artifacts,2026-02-25 21:16:41.716000+00:00,2026-02-25 21:20:47.442000+00:00,1.0,0.986328125,0.0050795599818229675,0.0367790418677032,0.6983813339107839,0.7297668038408779,0.7719954918159917,0.9436156208863536,0.939429012345679,0.9278033794162827,0.9235668789808917,0.7832940750135894,0.863965744400527,0.745463570043402,0.7552143391798669,0.8746585735963581,0.8778280542986425,0.7801955807703792,0.8652943300830624,0.9333711369435781,0.7780232040950177,0.9065953038674033,0.9407014305491462,0.8264244426094137,0.9142321512263709,0.8550764951321279,0.9560439560439561,0.9180229953710617,0.7875933744722312,0.9195425361155698,0.8350337466645739,0.9227806662815329,0.8940793047256925,0.8914920875940118,0.9546485260770975,0.9435759209344114,0.8798881874103881,0.8502661934338953,0.8785608861480908,0.9100719424460432,0.001,512,Encoder0_Classifier,10,PKLot,CrossEntropy,3x128x128,camera9,train_classifier.py,Encoder0_Classifier_camera9_512,lucas.ocunha,LOCAL,fae73dae369fa16580455b7cd0cc0abcfe344dde
784faf565e8240109d41b697fc71ae4b,31,FINISHED,mlflow-artifacts:/31/784faf565e8240109d41b697fc71ae4b/artifacts,2026-02-25 21:12:34.640000+00:00,2026-02-25 21:16:41.579000+00:00,1.0,0.9609375,0.008212577551603317,0.06316467840224504,0.7081888165129854,0.738388360380526,0.6839184660183506,0.9376493591136216,0.9331597222222222,0.9056835637480799,0.9,0.789637495422922,0.868028107158542,0.6679633391818266,0.7117535393271276,0.8776963776963776,0.8734393245306745,0.7818080023887728,0.8529725881096476,0.9146985273687135,0.7746188900969256,0.8951846180023821,0.9337794185509921,0.8312138728323699,0.9056397437900328,0.8401416122004357,0.940152339499456,0.9108355476823148,0.7790418202211185,0.9115168539325843,0.8377777777777777,0.9157271163768392,0.8604286461055933,0.8623917083550899,0.937641723356009,0.9382077574676773,0.8714502104435502,0.8437222715173026,0.8735447839711544,0.8961794019933554,0.001,256,Encoder0_Classifier,10,PKLot,CrossEntropy,3x128x128,camera9,train_classifier.py,Encoder0_Classifier_camera9_256,lucas.ocunha,LOCAL,fae73dae369fa16580455b7cd0cc0abcfe344dde
8a8300834ea846ba9855ea1ff3163f67,31,FINISHED,mlflow-artifacts:/31/8a8300834ea846ba9855ea1ff3163f67/artifacts,2026-02-25 21:08:28.747000+00:00,2026-02-25 21:12:34.520000+00:00,1.0,0.96875,0.029889360070228577,0.07483600731939077,0.6419681859391742,0.7305728871242201,0.7888084005740164,0.9309042435014441,0.9246720679012346,0.9084485407066052,0.9175704989154013,0.813447337738049,0.8748353096179183,0.716305753070459,0.6643122837996266,0.8801513877207737,0.8762707207619745,0.7156539265452374,0.8518245484703281,0.9149057681324957,0.7104645064191731,0.9000877963125549,0.9282418089524689,0.8183319570602807,0.9011092016872364,0.8466722830665543,0.94,0.904997748761819,0.7937614070018251,0.896669341894061,0.8240563019833653,0.899746934008176,0.8821585903083701,0.8030974609960817,0.9387755102040817,0.9292123629112662,0.8663567827575043,0.8501552795031055,0.879479251932993,0.9084995663486557,0.001,128,Encoder0_Classifier,10,PKLot,CrossEntropy,3x128x128,camera9,train_classifier.py,Encoder0_Classifier_camera9_128,lucas.ocunha,LOCAL,fae73dae369fa16580455b7cd0cc0abcfe344dde
187025c93f2444f194782f55581464db,31,FINISHED,mlflow-artifacts:/31/187025c93f2444f194782f55581464db/artifacts,2026-02-25 21:04:26.322000+00:00,2026-02-25 21:08:28.629000+00:00,1.0,0.96875,0.06693924218416214,0.08584433421492577,0.5053707649338176,0.6288274831964152,0.753448524974715,0.8861071208701006,0.8679591049382716,0.8337941628264209,0.7789661319073083,0.7398893881783616,0.8254281949934124,0.665146827961954,0.6298222430623641,0.8433806146572104,0.8513442277279916,0.5686174977605255,0.7975543478260869,0.8577438864054694,0.6130544246839511,0.8055427251732101,0.8719427780341485,0.7207266721717589,0.8319012654272769,0.7430422264875239,0.874,0.8519944979367263,0.7465331278890601,0.8651685393258427,0.7492214148005338,0.8748137108792846,0.7704298535663675,0.7641937690442137,0.8571428571428571,0.8843066001859208,0.8176020998103696,0.8123336291038155,0.8350861969828443,0.8061986557132188,0.001,64,Encoder0_Classifier,10,PKLot,CrossEntropy,3x128x128,camera9,train_classifier.py,Encoder0_Classifier_camera9_64,lucas.ocunha,LOCAL,fae73dae369fa16580455b7cd0cc0abcfe344dde
8b52cbf508ed439b9fefc325aa01bab2,31,FINISHED,mlflow-artifacts:/31/8b52cbf508ed439b9fefc325aa01bab2/artifacts,2026-02-25 21:00:17.662000+00:00,2026-02-25 21:04:26.034000+00:00,0.984375,0.990234375,0.031327053904533386,0.024743496207520366,0.6383879989234603,0.620713305898491,0.7698869367249114,0.9399141630901288,0.9391396604938271,0.8894009216589862,0.812962962962963,0.7736420302760463,0.8580368906455863,0.72348554806538,0.7052746440451257,0.870453862338443,0.8694797067763276,0.7379217676918484,0.753609541745135,0.9023331524688009,0.7565663569546526,0.895878889823381,0.9353945546838948,0.7241948802642444,0.8842368379940634,0.8094364351245085,0.8968335035750766,0.8928726326442099,0.7726406101048617,0.8378812199036918,0.7647887323943662,0.8559714795008913,0.8315,0.8262316155620251,0.8854875283446711,0.9440751573163166,0.8474862402294066,0.8380656610470275,0.8529141181259096,0.8884381338742393,0.001,1024,Encoder0_Classifier,10,PKLot,CrossEntropy,3x128x128,camera8,train_classifier.py,Encoder0_Classifier_camera8_1024,lucas.ocunha,LOCAL,fae73dae369fa16580455b7cd0cc0abcfe344dde
83b82e08c8ce4d6ebdadd29d65187a86,31,FINISHED,mlflow-artifacts:/31/83b82e08c8ce4d6ebdadd29d65187a86/artifacts,2026-02-25 20:56:12.005000+00:00,2026-02-25 21:00:17.544000+00:00,1.0,0.990234375,0.006804937496781349,0.016707090195268393,0.6164267008475232,0.5887323943661972,0.7915774576332693,0.9361292393281266,0.9294945987654321,0.8930875576036866,0.7981818181818182,0.7512549766314697,0.8393719806763285,0.7348093083387202,0.6930861373240556,0.8557625948930296,0.8559634639030388,0.7186622872499253,0.7575853350189633,0.905895078420768,0.7475010049577918,0.8819432929862377,0.9311259806183664,0.6850536746490504,0.8756444305577253,0.7982410760475944,0.8877654196157735,0.8857634902411022,0.7503849707422235,0.8406902086677368,0.7402261272306225,0.8579098067287043,0.8325049701789264,0.836495807649219,0.8741496598639455,0.935702348491512,0.885533740345035,0.8181011535048802,0.8937285970392794,0.8825902763768408,0.001,512,Encoder0_Classifier,10,PKLot,CrossEntropy,3x128x128,camera8,train_classifier.py,Encoder0_Classifier_camera8_512,lucas.ocunha,LOCAL,fae73dae369fa16580455b7cd0cc0abcfe344dde
4b2c57c2b21c4bf1a1a4f3c766cda6ed,31,FINISHED,mlflow-artifacts:/31/4b2c57c2b21c4bf1a1a4f3c766cda6ed/artifacts,2026-02-25 20:52:06.296000+00:00,2026-02-25 20:56:11.884000+00:00,0.96875,0.984375,0.10185419768095016,0.02512678364291787,0.6113128874746255,0.6082866741321389,0.7970267067879397,0.9373924268502581,0.9393325617283951,0.8995391705069125,0.8126159554730983,0.779178674351585,0.8610013175230566,0.7251477514082556,0.6675805737622985,0.8723532970356926,0.8711294075532486,0.7128097939683488,0.7803524804177546,0.9113100081366965,0.7433420504883386,0.9014492753623189,0.932856483617905,0.709496284062758,0.8729885955319482,0.8006304176516943,0.8957055214723927,0.8823273990447242,0.7747532632919453,0.858346709470305,0.755388680294813,0.8713556851311953,0.8395802098950524,0.7861799403717493,0.8843537414965986,0.9438543247344461,0.8462432357430276,0.8402839396628217,0.8614345780514873,0.8880962087240114,0.001,256,Encoder0_Classifier,10,PKLot,CrossEntropy,3x128x128,camera8,train_classifier.py,Encoder0_Classifier_camera8_256,lucas.ocunha,LOCAL,fae73dae369fa16580455b7cd0cc0abcfe344dde
74d2316b18764affae899aa49bc0875e,31,FINISHED,mlflow-artifacts:/31/74d2316b18764affae899aa49bc0875e/artifacts,2026-02-25 20:47:59.431000+00:00,2026-02-25 20:52:06.178000+00:00,0.96875,1.0,0.1128675788640976,0.0021826764568686485,0.5996786147640442,0.5702181741156535,0.7509944705785261,0.9140300415468201,0.9114583333333334,0.8976958525345622,0.75177304964539,0.7217540842648323,0.8037988581466843,0.6517222273524794,0.6157833477695972,0.8244769668991259,0.8377930794038176,0.69749178859361,0.7150387596899225,0.9081379310344827,0.7302715654952077,0.867598137059215,0.906898938624827,0.659289843104872,0.8434619590688955,0.7654196157735086,0.8454636091724825,0.858033437234344,0.7302841513447804,0.7919341894060995,0.7229756949107023,0.8164276863161621,0.8488911810211449,0.7208753515812582,0.8242630385487528,0.9191189427312776,0.7775079783543777,0.793589174800355,0.8037601921400052,0.8585151090654393,0.001,128,Encoder0_Classifier,10,PKLot,CrossEntropy,3x128x128,camera8,train_classifier.py,Encoder0_Classifier_camera8_128,lucas.ocunha,LOCAL,fae73dae369fa16580455b7cd0cc0abcfe344dde
d1e24975a62e4db1ba25fd9176af428b,31,FINISHED,mlflow-artifacts:/31/d1e24975a62e4db1ba25fd9176af428b/artifacts,2026-02-25 20:43:56.026000+00:00,2026-02-25 20:47:59.315000+00:00,0.953125,1.0,0.07548721879720688,0.020487969741225243,0.6230668675499623,0.5938194753223655,0.75528,0.9177452133918066,0.9143518518518519,0.8811059907834101,0.7763636363636364,0.7511103215491206,0.8310276679841897,0.6468972204266322,0.607388249826295,0.8460230115057529,0.8428058498992906,0.7272096148103911,0.7248677248677249,0.8957154405820533,0.7547926913553737,0.8720735785953178,0.9112828795569913,0.6891824938067712,0.8754882049679737,0.8061088977423638,0.8634984833164813,0.8839376729284986,0.7372452888003677,0.8035714285714286,0.7394795127353266,0.8263260599609722,0.8207407407407408,0.7473654452538872,0.8469387755102041,0.9215409082876833,0.8271125294852227,0.8009094942324756,0.851771073945931,0.8650937689050212,0.001,64,Encoder0_Classifier,10,PKLot,CrossEntropy,3x128x128,camera8,train_classifier.py,Encoder0_Classifier_camera8_64,lucas.ocunha,LOCAL,fae73dae369fa16580455b7cd0cc0abcfe344dde
b5bfde8d6f834098b2fea1685994c005,31,FINISHED,mlflow-artifacts:/31/b5bfde8d6f834098b2fea1685994c005/artifacts,2026-02-25 20:39:46.542000+00:00,2026-02-25 20:43:55.754000+00:00,0.9375,0.9873046875,0.18266096897423267,0.030799834174104035,0.6401817856869303,0.6537897310513447,0.846301096344602,0.9533428477330113,0.9516782407407407,0.9188940092165898,0.876,0.8521446926270014,0.9118357487922706,0.8062955951611414,0.7463771627974604,0.9148010610079575,0.9134805072804133,0.7252985965959988,0.8060155457924975,0.9265850945494994,0.7315802910390605,0.927070457354759,0.9509690816797416,0.7575557390586293,0.927511326355257,0.8751422070534699,0.9329073482428115,0.9298881837413115,0.8451242829827916,0.8770064205457464,0.7846244131455399,0.8861229797510681,0.8722513089005236,0.8339211269584063,0.9285714285714286,0.9544586855740387,0.8831113269506499,0.8978482697426797,0.8915610954378211,0.9201101928374655,0.001,1024,Encoder0_Classifier,10,PKLot,CrossEntropy,3x128x128,camera7,train_classifier.py,Encoder0_Classifier_camera7_1024,lucas.ocunha,LOCAL,fae73dae369fa16580455b7cd0cc0abcfe344dde
b77816f24aba4d26b87181284f6b3f71,31,FINISHED,mlflow-artifacts:/31/b77816f24aba4d26b87181284f6b3f71/artifacts,2026-02-25 20:35:39.581000+00:00,2026-02-25 20:39:46.421000+00:00,0.9375,0.994140625,0.2372586503624916,0.020420426735654473,0.631567219608814,0.7119697379086734,0.8717736317939643,0.9509694673501226,0.9584297839506173,0.9317972350230415,0.8877338877338877,0.8987502647744122,0.9340140535792709,0.8427601809954751,0.785486497489483,0.9338615604710025,0.9322524609148813,0.7200283666766198,0.8501616960114984,0.9357638888888888,0.7312259479292824,0.9512598859665257,0.949238578680203,0.8089182493806771,0.9326667708170598,0.90189587721938,0.9282608695652174,0.9329182879377432,0.8829981718464351,0.9046950240770465,0.8199782168974639,0.9087766468215863,0.9135593220338983,0.8798755241435692,0.9251700680272109,0.96,0.914683640904676,0.9221384205856256,0.9187286936120764,0.930846422338569,0.001,512,Encoder0_Classifier,10,PKLot,CrossEntropy,3x128x128,camera7,train_classifier.py,Encoder0_Classifier_camera7_512,lucas.ocunha,LOCAL,fae73dae369fa16580455b7cd0cc0abcfe344dde
c02d5493de614c92958e0df89d2f2dc2,31,FINISHED,mlflow-artifacts:/31/c02d5493de614c92958e0df89d2f2dc2/artifacts,2026-02-25 20:31:34.244000+00:00,2026-02-25 20:35:39.462000+00:00,0.9375,0.99609375,0.26031793653964996,0.012266187928617,0.5800445322972758,0.6728662420382165,0.8289256853811786,0.9208324393906887,0.9464699074074074,0.9170506912442397,0.8355899419729207,0.8349458204334366,0.9007465963987703,0.7759142118385816,0.710506835863736,0.9051814558422487,0.9109711384788944,0.6665497163332338,0.8158795345653662,0.923120728929385,0.695688310272708,0.9229000884173298,0.9148592524227042,0.773905862923204,0.8878300265583503,0.8258611262985238,0.9037656903765691,0.8937869822485207,0.8433420365535248,0.8840288924558587,0.7941662907833409,0.8918817807706697,0.8877327491785323,0.7955138017066652,0.8956916099773242,0.9495133266624215,0.8632810693307432,0.8949645075421473,0.8778487158825595,0.870235198702352,0.001,256,Encoder0_Classifier,10,PKLot,CrossEntropy,3x128x128,camera7,train_classifier.py,Encoder0_Classifier_camera7_256,lucas.ocunha,LOCAL,fae73dae369fa16580455b7cd0cc0abcfe344dde
71d55ae4875c4d1c9be025f47d2169bc,31,FINISHED,mlflow-artifacts:/31/71d55ae4875c4d1c9be025f47d2169bc/artifacts,2026-02-25 20:27:25.999000+00:00,2026-02-25 20:31:34.118000+00:00,0.875,1.0,0.4657348692417145,0.003277166746556759,0.550103496006197,0.6877278250303767,0.7503489197444712,0.8767305349429616,0.9024884259259259,0.8399385560675883,0.7864693446088795,0.87090389267649,0.8909749670619236,0.638667005263644,0.6022917866973946,0.8885897004375631,0.9053522235340418,0.6202597790385189,0.7808833678398895,0.840721491898502,0.6300578875410885,0.9076691162615413,0.8715966774342409,0.7539223781998349,0.8536166224027496,0.8216939078751857,0.8157894736842105,0.8551105613112726,0.8727238239757208,0.8402889245585875,0.7524094383516118,0.8504321683577603,0.8675078864353313,0.735742044850004,0.8095238095238095,0.9050258337247534,0.8005960640118404,0.8933007985803016,0.8255257799754657,0.8532011209312352,0.001,128,Encoder0_Classifier,10,PKLot,CrossEntropy,3x128x128,camera7,train_classifier.py,Encoder0_Classifier_camera7_128,lucas.ocunha,LOCAL,fae73dae369fa16580455b7cd0cc0abcfe344dde
a48cb934f3384d23bbc68d86c0be5f43,31,FINISHED,mlflow-artifacts:/31/a48cb934f3384d23bbc68d86c0be5f43/artifacts,2026-02-25 20:23:19.901000+00:00,2026-02-25 20:27:25.873000+00:00,0.84375,1.0,0.4290887415409088,0.013427076861262321,0.5068032904490889,0.6785592932381923,0.7620033584948726,0.858461884922869,0.8699845679012346,0.7858678955453149,0.7972972972972973,0.8771306818181818,0.87044356609574,0.6629882722319698,0.6199464134125636,0.8626309662398137,0.8849862958075322,0.5698492087190206,0.7711511789181692,0.7878234398782344,0.5953355758899415,0.8930260047281324,0.8549838486386709,0.7233691164327003,0.859709420403062,0.838660110633067,0.8018120045300113,0.8587161736941472,0.8790078644888082,0.8274478330658106,0.704533427412242,0.8379804069329314,0.809255784865541,0.7482678659264985,0.8015873015873016,0.8705588630689457,0.8046864159844596,0.8743345164152617,0.8254216792757039,0.8488087285682476,0.001,64,Encoder0_Classifier,10,PKLot,CrossEntropy,3x128x128,camera7,train_classifier.py,Encoder0_Classifier_camera7_64,lucas.ocunha,LOCAL,fae73dae369fa16580455b7cd0cc0abcfe344dde
a8f346707e604528b95fbf40d0bd67b9,31,FINISHED,mlflow-artifacts:/31/a8f346707e604528b95fbf40d0bd67b9/artifacts,2026-02-25 20:19:11.286000+00:00,2026-02-25 20:23:19.612000+00:00,0.953125,0.99609375,0.1512568537145853,0.014681636239401996,0.6235676301092495,0.6483091787439613,0.8583024926782873,0.9418217012581999,0.9338348765432098,0.9004608294930876,0.871031746031746,0.8116104868913858,0.886034255599473,0.8263112937482685,0.7735999592591963,0.8930558417473727,0.8710632570659489,0.7271797551507913,0.7932979429329794,0.9117647058823529,0.7541356367770624,0.890268456375839,0.937586525149977,0.7526011560693642,0.9022027808154975,0.8360477741585234,0.9310710498409331,0.9077512525788388,0.7762673916520071,0.8683788121990369,0.7818234780075736,0.8793674144906215,0.8429003021148036,0.8397218218791337,0.9263038548752834,0.9392812887236679,0.8962206882197863,0.8406166814551908,0.9045599912803758,0.8920350376858831,0.001,1024,Encoder0_Classifier,10,PKLot,CrossEntropy,3x128x128,camera6,train_classifier.py,Encoder0_Classifier_camera6_1024,lucas.ocunha,LOCAL,fae73dae369fa16580455b7cd0cc0abcfe344dde
ce7ff2f5bd6640b69f0207404d0133ff,31,FINISHED,mlflow-artifacts:/31/ce7ff2f5bd6640b69f0207404d0133ff/artifacts,2026-02-25 20:15:04.836000+00:00,2026-02-25 20:19:11.147000+00:00,0.953125,0.998046875,0.32828059047460556,0.005243770079687238,0.560768608650745,0.5405512591711283,0.8183827161563727,0.8944846569477011,0.8614004629629629,0.815668202764977,0.6753846153846154,0.6889204545454546,0.7834870443566095,0.7580916982177487,0.6932563978328855,0.8157353765651281,0.8256197647855148,0.6544640191101821,0.6572987721691678,0.8488664987405542,0.7131880932907031,0.7890057786338717,0.8805952930318413,0.6173410404624278,0.8012810498359632,0.7092863677950595,0.8062442607897153,0.8298100080278298,0.7043453154323661,0.744983948635634,0.7017634187154074,0.7912629331581541,0.7377408056042032,0.7572803174631045,0.7607709750566893,0.8811119384462646,0.8371403959113825,0.7714063886424135,0.859631507480722,0.8095589592175678,0.001,512,Encoder0_Classifier,10,PKLot,CrossEntropy,3x128x128,camera6,train_classifier.py,Encoder0_Classifier_camera6_512,lucas.ocunha,LOCAL,fae73dae369fa16580455b7cd0cc0abcfe344dde
0995ab4acfe74701b498bfcbe8ce4664,31,FINISHED,mlflow-artifacts:/31/0995ab4acfe74701b498bfcbe8ce4664/artifacts,2026-02-25 20:11:00.126000+00:00,2026-02-25 20:15:04.713000+00:00,0.96875,1.0,0.24102358147501945,0.0010770042426884174,0.606691213535845,0.5743557245458386,0.8168560343633089,0.9179777637927418,0.8926504629629629,0.8276497695852535,0.7069243156199678,0.737136086662153,0.8282828282828283,0.7558869701726845,0.6916263381727527,0.847771072610473,0.8342739866598256,0.7067109584950731,0.6903669724770642,0.8567049808429119,0.7380995233809953,0.8304395432504301,0.9097831102907245,0.6660611065235342,0.8265895953757225,0.7378223495702005,0.8283018867924529,0.8477366255144033,0.7171420170538078,0.7800963081861958,0.7289544235924933,0.8146143437077131,0.7523553162853297,0.7511170436372935,0.7936507936507936,0.905123177904697,0.8332870820036076,0.7850488021295474,0.8573541560516643,0.8506998444790047,0.001,256,Encoder0_Classifier,10,PKLot,CrossEntropy,3x128x128,camera6,train_classifier.py,Encoder0_Classifier_camera6_256,lucas.ocunha,LOCAL,fae73dae369fa16580455b7cd0cc0abcfe344dde
e5b353e87bf5418daff14af1c14661a5,31,FINISHED,mlflow-artifacts:/31/e5b353e87bf5418daff14af1c14661a5/artifacts,2026-02-25 20:06:50.295000+00:00,2026-02-25 20:11:00.004000+00:00,0.90625,0.9921875,0.36606649309396744,0.012577084824442863,0.5423104949459091,0.5536734693877551,0.7937847819057506,0.8855008077544426,0.8611111111111112,0.8476190476190476,0.71875,0.6946260564503269,0.788647342995169,0.7202650290885585,0.6640754029272737,0.8190279214064116,0.8131868131868132,0.6289713347267841,0.6964699074074074,0.8716356107660456,0.7002285845250086,0.7895988112927191,0.869173973234887,0.6366639141205616,0.8159662552726137,0.7272083136513935,0.8347659980897804,0.839422028353326,0.6859550561797753,0.786115569823435,0.7115132441646997,0.8187074829931973,0.7731864095500459,0.7627428449740684,0.8038548752834467,0.8806761683791846,0.8406815133435086,0.751109139307897,0.861855825145378,0.7952484584693508,0.001,128,Encoder0_Classifier,10,PKLot,CrossEntropy,3x128x128,camera6,train_classifier.py,Encoder0_Classifier_camera6_128,lucas.ocunha,LOCAL,fae73dae369fa16580455b7cd0cc0abcfe344dde
2ce4cc10e39f468ead97bb67cded540b,31,FINISHED,mlflow-artifacts:/31/2ce4cc10e39f468ead97bb67cded540b/artifacts,2026-02-25 20:02:45.072000+00:00,2026-02-25 20:06:50.153000+00:00,0.9375,1.0,0.12058845907449722,0.013637665659189224,0.5093613252304158,0.5864793678665496,0.7486332736463467,0.904186627785878,0.8774112654320988,0.8921658986175115,0.7623239436619719,0.7261403804073389,0.8156565656565656,0.6337842829439468,0.5985405158870927,0.8371009993208499,0.8215732613099257,0.5772917288742908,0.7295965506621497,0.9050581552610224,0.6722918619859486,0.8140540540540541,0.89386248269497,0.6799339388934764,0.8540852991720044,0.7783769902413971,0.8599801390268124,0.8664951400800457,0.699683726279471,0.812800963081862,0.73386432298819,0.8354787515429377,0.8319244157135753,0.7382861283379153,0.8401360544217688,0.8924066706171168,0.821504555755978,0.765527950310559,0.8487213786277421,0.8328856485034536,0.001,64,Encoder0_Classifier,10,PKLot,CrossEntropy,3x128x128,camera6,train_classifier.py,Encoder0_Classifier_camera6_64,lucas.ocunha,LOCAL,fae73dae369fa16580455b7cd0cc0abcfe344dde
674df3ca37484a039cee76c68d7af308,31,FINISHED,mlflow-artifacts:/31/674df3ca37484a039cee76c68d7af308/artifacts,2026-02-25 19:58:32.290000+00:00,2026-02-25 20:02:44.803000+00:00,0.96875,0.9970703125,0.12849602662026882,0.0072541775880381465,0.5883154733540931,0.6583171206225681,0.7829092735185805,0.93392260429018,0.9326774691358025,0.896774193548387,0.8385214007782101,0.8273866923818708,0.8933904259991217,0.7005956228645305,0.6478157289675615,0.8983352528531043,0.8837294332723948,0.6803374141534787,0.774119196575568,0.9080459770114943,0.7126040268456376,0.8976688378471032,0.929280110752192,0.764822460776218,0.902827683174504,0.8380588876772083,0.9045120671563484,0.9081240768094535,0.7992724867724867,0.8477126805778491,0.7917519742614799,0.8610144662149789,0.8429878048780488,0.8488600482335099,0.8968253968253969,0.9375223773720014,0.9039012996623653,0.8589174800354925,0.9112698311020008,0.8864333947206875,0.001,1024,Encoder0_Classifier,10,PKLot,CrossEntropy,3x128x128,camera5,train_classifier.py,Encoder0_Classifier_camera5_1024,lucas.ocunha,LOCAL,fae73dae369fa16580455b7cd0cc0abcfe344dde
7d9d4d57e05243aa9d9d4b0b64a54533,31,FINISHED,mlflow-artifacts:/31/7d9d4d57e05243aa9d9d4b0b64a54533/artifacts,2026-02-25 19:54:24.617000+00:00,2026-02-25 19:58:32.170000+00:00,0.984375,1.0,0.058134034276008606,0.00045106769539415836,0.615868001106909,0.677452491011813,0.7935539996114832,0.9386896857016379,0.9459876543209876,0.9176651305683564,0.8362919132149902,0.8790628957365977,0.9150197628458498,0.7178525256256348,0.6605734212635516,0.9149824253075571,0.8978211870773855,0.7113839952224544,0.8245866283249461,0.9240362811791383,0.7342548233887098,0.9340479651162791,0.9360867558837102,0.7780346820809249,0.9356350570223403,0.8986366330764671,0.8964059196617337,0.9363804817788759,0.8304378040305768,0.8760032102728732,0.7969788519637462,0.8812908182865924,0.8849077090119435,0.8718511859766687,0.8888888888888888,0.9483490130972145,0.9192018176772582,0.8793256433007985,0.92432319742681,0.9128282393456737,0.001,512,Encoder0_Classifier,10,PKLot,CrossEntropy,3x128x128,camera5,train_classifier.py,Encoder0_Classifier_camera5_512,lucas.ocunha,LOCAL,fae73dae369fa16580455b7cd0cc0abcfe344dde
87a92e8cc428474dbb1ee069842f1550,31,FINISHED,mlflow-artifacts:/31/87a92e8cc428474dbb1ee069842f1550/artifacts,2026-02-25 19:50:13.131000+00:00,2026-02-25 19:54:24.464000+00:00,0.984375,1.0,0.04859766736626625,0.00027725379914045334,0.594341129006504,0.6313817330210773,0.8080259261523948,0.9269711331322705,0.9293016975308642,0.8835637480798771,0.8206106870229007,0.8107645492582731,0.8794466403162056,0.7463177578723798,0.6882896557882048,0.8859102244389028,0.8590484659848822,0.6936697521648253,0.746011486917677,0.8977609927164824,0.731267435920944,0.8921819110884006,0.9217812644208583,0.7350949628406276,0.9081393532260584,0.8474295190713101,0.893042575285566,0.9125,0.7602707382339052,0.8230337078651685,0.7707261292166953,0.8413098236775819,0.8233547748639287,0.8644518506230741,0.8832199546485261,0.9346061200820769,0.9174529392720041,0.8242014196983141,0.9233379508821666,0.8792398855741724,0.001,256,Encoder0_Classifier,10,PKLot,CrossEntropy,3x128x128,camera5,train_classifier.py,Encoder0_Classifier_camera5_256,lucas.ocunha,LOCAL,fae73dae369fa16580455b7cd0cc0abcfe344dde
d3637eb96f134f7f8105a56952d78880,31,FINISHED,mlflow-artifacts:/31/d3637eb96f134f7f8105a56952d78880/artifacts,2026-02-25 19:46:04.859000+00:00,2026-02-25 19:50:13.013000+00:00,0.96875,1.0,0.0997183695435524,0.00048324186354875565,0.5598171418572351,0.636232580490149,0.7704165300098393,0.9186385737439222,0.902391975308642,0.8857142857142857,0.8226120857699805,0.7749766573295985,0.8439833113746157,0.6929541047188106,0.6507874015748032,0.853821623289785,0.8406815387317759,0.643012839653628,0.7310257224515719,0.8978583196046128,0.6816069454986085,0.8576388888888888,0.9131287494231657,0.7370767960363336,0.878144039993751,0.8134449244060475,0.8865546218487395,0.8853952394945637,0.7369879889128427,0.805577849117175,0.7688734030197445,0.8261259644715593,0.8358895705521472,0.821957963248428,0.8775510204081632,0.9111189179694361,0.8786538550483326,0.7988021295474712,0.8889188788687074,0.873792394655704,0.001,128,Encoder0_Classifier,10,PKLot,CrossEntropy,3x128x128,camera5,train_classifier.py,Encoder0_Classifier_camera5_128,lucas.ocunha,LOCAL,fae73dae369fa16580455b7cd0cc0abcfe344dde
12e102a7ff424a808c5fb3aa34d68a54,31,FINISHED,mlflow-artifacts:/31/12e102a7ff424a808c5fb3aa34d68a54/artifacts,2026-02-25 19:42:00.062000+00:00,2026-02-25 19:46:04.740000+00:00,0.9375,1.0,0.1255936548113823,0.0014845803380012512,0.523049957996702,0.6253554502369668,0.7488928044192581,0.9021459227467811,0.8779899691358025,0.8725038402457758,0.8031496062992126,0.7697368421052632,0.8357487922705314,0.6348000738757041,0.5993749364772842,0.8455502787528392,0.8214285714285714,0.5945356822932218,0.7157630836728298,0.8862078420619688,0.6499851786934051,0.8308692120227458,0.8947854176280572,0.7245251857968621,0.8706452116856741,0.8061389337641357,0.8616684266103485,0.8785211267605634,0.7105970149253731,0.7899277688603531,0.7598617909588252,0.8135351736420303,0.8240693523712391,0.7564951201382811,0.8514739229024944,0.889933002697294,0.8354493316682855,0.7704081632653061,0.858017270192207,0.8527383367139959,0.001,64,Encoder0_Classifier,10,PKLot,CrossEntropy,3x128x128,camera5,train_classifier.py,Encoder0_Classifier_camera5_64,lucas.ocunha,LOCAL,fae73dae369fa16580455b7cd0cc0abcfe344dde
2c0a426cb7b249398d77b0d4ebbdffa7,31,FINISHED,mlflow-artifacts:/31/2c0a426cb7b249398d77b0d4ebbdffa7/artifacts,2026-02-25 19:37:51.742000+00:00,2026-02-25 19:41:59.793000+00:00,0.984375,0.9970703125,0.08068634569644928,0.012098551378585398,0.6121351766513057,0.6804597701149425,0.7260179434092477,0.9253353046784243,0.9201388888888888,0.8918586789554531,0.8521400778210116,0.7926829268292683,0.8737373737373737,0.7112960568842922,0.7530507896829906,0.8833671399594321,0.8682101513802315,0.7139369961182442,0.7584251968503937,0.9052744886975242,0.7443579429089866,0.8676230844473427,0.9184356252884172,0.7831544178364988,0.9239181377909702,0.8647140864714087,0.919202518363064,0.927172125018693,0.7691700852003787,0.8428972712680578,0.8022888119259147,0.8601535988569388,0.8285714285714286,0.8804501824649636,0.9126984126984127,0.9278242677824268,0.8569157300772398,0.8358473824312334,0.8529488657294625,0.8625713723173853,0.001,1024,Encoder0_Classifier,10,PKLot,CrossEntropy,3x128x128,camera4,train_classifier.py,Encoder0_Classifier_camera4_1024,lucas.ocunha,LOCAL,fae73dae369fa16580455b7cd0cc0abcfe344dde
20772b4e02204395a648fbb4e833ba10,31,FINISHED,mlflow-artifacts:/31/20772b4e02204395a648fbb4e833ba10/artifacts,2026-02-25 19:33:46.234000+00:00,2026-02-25 19:37:51.622000+00:00,0.984375,1.0,0.030008427798748016,0.001442659180611372,0.6142128113336888,0.6094352460875482,0.7993887910494147,0.928586609989373,0.9227430555555556,0.9127496159754225,0.8977505112474438,0.7711142654364798,0.8561703996486605,0.7317619355434481,0.6753654053738659,0.8690261947610478,0.8549109102080225,0.7180650940579277,0.7550188205771644,0.9221064179923204,0.7493229968672012,0.8740313272877164,0.9224734656206738,0.7091659785301404,0.9076706764568037,0.8405207485760781,0.9461206896551724,0.9129474149359258,0.7491155206891248,0.8398876404494382,0.753188507358094,0.8578047042052744,0.8576530612244898,0.8316714325930097,0.9433106575963719,0.9297553275453828,0.886551269599001,0.816659272404614,0.8956328881655578,0.8703187250996016,0.001,512,Encoder0_Classifier,10,PKLot,CrossEntropy,3x128x128,camera4,train_classifier.py,Encoder0_Classifier_camera4_512,lucas.ocunha,LOCAL,fae73dae369fa16580455b7cd0cc0abcfe344dde
06c21fd54e024882a77c91bf947b76cd,31,FINISHED,mlflow-artifacts:/31/06c21fd54e024882a77c91bf947b76cd/artifacts,2026-02-25 19:29:39.327000+00:00,2026-02-25 19:33:46.116000+00:00,0.984375,1.0,0.028318285942077637,0.001730469986796379,0.5572746117102773,0.6365807067812799,0.7741388255251868,0.922682614267407,0.9092399691358025,0.919815668202765,0.8810483870967742,0.7786604080158873,0.8595740008783487,0.6834079785760458,0.6338822133214657,0.8708732963149924,0.8428273706147968,0.6467452971036131,0.771640826873385,0.927479855515421,0.7016681166546885,0.8608238962744132,0.9164743885556068,0.738728323699422,0.9165755350726449,0.8572621035058431,0.9347593582887701,0.9202508960573477,0.7326388888888888,0.851123595505618,0.7711888921029795,0.8655797101449275,0.8724516466283324,0.8069911759562531,0.9308390022675737,0.9176799930014872,0.8738148096757782,0.79924578527063,0.8866593965830607,0.8685162846803377,0.001,256,Encoder0_Classifier,10,PKLot,CrossEntropy,3x128x128,camera4,train_classifier.py,Encoder0_Classifier_camera4_256,lucas.ocunha,LOCAL,fae73dae369fa16580455b7cd0cc0abcfe344dde
670536fe5e40467e8486f523ec64c49a,31,FINISHED,mlflow-artifacts:/31/670536fe5e40467e8486f523ec64c49a/artifacts,2026-02-25 19:25:35.843000+00:00,2026-02-25 19:29:39.177000+00:00,0.9375,1.0,0.33156707882881165,0.0027024513110518456,0.4942746631529732,0.5458761847146603,0.7280153512996972,0.8638386235538416,0.8322723765432098,0.843010752688172,0.7626527050610821,0.6716118065214032,0.7644927536231884,0.5926101209714655,0.5726791061967289,0.8020669927101597,0.7967612660505439,0.5512988951925948,0.6637217007178354,0.8682650167568962,0.6592439737862537,0.7577710929666237,0.8411398246423627,0.6249380677126342,0.8348695516325574,0.747279322853688,0.8636363636363636,0.8539450048362581,0.6640763462849353,0.7516051364365971,0.7044892648015615,0.7952365200132319,0.7678978568171455,0.6786335300867056,0.8435374149659864,0.8588359444760126,0.7602157624531706,0.7243788819875776,0.8058177425698073,0.7632360650008737,0.001,128,Encoder0_Classifier,10,PKLot,CrossEntropy,3x128x128,camera4,train_classifier.py,Encoder0_Classifier_camera4_128,lucas.ocunha,LOCAL,fae73dae369fa16580455b7cd0cc0abcfe344dde
1beb37381d6a4733b2ac3470d2c35917,31,FINISHED,mlflow-artifacts:/31/1beb37381d6a4733b2ac3470d2c35917/artifacts,2026-02-25 19:21:32.392000+00:00,2026-02-25 19:25:35.728000+00:00,0.96875,1.0,0.23998643457889557,0.011441711336374283,0.49408937672191466,0.5950561797752809,0.7257019106714997,0.8864989036232641,0.8629436728395061,0.8721966205837174,0.8210116731517509,0.7393561786085151,0.8243302591128678,0.5877043124942285,0.5697180890828852,0.8422712933753943,0.822142491030241,0.5513287548521947,0.716376944190302,0.88627665390924,0.6513082322910019,0.8036904946503334,0.8745962159667744,0.6895127993393889,0.8823621309170442,0.8188976377952756,0.8856243441762854,0.8890198968312454,0.7061931317874963,0.798354735152488,0.738015607580825,0.8237769594950026,0.8220081135902637,0.6906760759224058,0.8764172335600907,0.8794434546534318,0.7725995559872346,0.7690771960958296,0.8137606772855547,0.8183921341816078,0.001,64,Encoder0_Classifier,10,PKLot,CrossEntropy,3x128x128,camera4,train_classifier.py,Encoder0_Classifier_camera4_64,lucas.ocunha,LOCAL,fae73dae369fa16580455b7cd0cc0abcfe344dde
b4ab7a9bcea1497881a49ec3a3078b20,31,FINISHED,mlflow-artifacts:/31/b4ab7a9bcea1497881a49ec3a3078b20/artifacts,2026-02-25 19:17:22.828000+00:00,2026-02-25 19:21:32.112000+00:00,1.0,0.998046875,0.0004320833832025528,0.006354016601108015,0.6355175618823989,0.7394582518849483,0.6519642485969653,0.9399495004940169,0.9457947530864198,0.9729646697388633,0.9308855291576674,0.8490415335463258,0.9044795783926218,0.6134453781512605,0.6409334259675508,0.9071901002773629,0.8867976750622751,0.7267915795759928,0.8803001876172608,0.9742539496781744,0.7395626525485843,0.925062299750801,0.9368943239501615,0.8330305532617671,0.9507889392282456,0.9291653834308593,0.9556541019955654,0.9503858875413451,0.8081385572557592,0.9203451043338684,0.8397019185032504,0.921988602868933,0.9613163972286374,0.8542674945971449,0.9546485260770975,0.9487039065352318,0.7674454234309236,0.8639086069210293,0.7362077049949012,0.9071837253655436,0.001,1024,Encoder0_Classifier,10,PKLot,CrossEntropy,3x128x128,camera3,train_classifier.py,Encoder0_Classifier_camera3_1024,lucas.ocunha,LOCAL,fae73dae369fa16580455b7cd0cc0abcfe344dde
d80e41aac64a48dea5ff1a0b19a243b8,31,FINISHED,mlflow-artifacts:/31/d80e41aac64a48dea5ff1a0b19a243b8/artifacts,2026-02-25 19:13:16.149000+00:00,2026-02-25 19:17:22.711000+00:00,0.96875,1.0,0.06665531359612942,0.0013679193798452616,0.5897035533447837,0.7087119187600214,0.7657171703951612,0.9220599211003305,0.9157986111111112,0.9443932411674347,0.9235668789808917,0.8027720546918898,0.8756038647342995,0.7107189029457937,0.6861460619565399,0.8832560535806285,0.867587327376117,0.6814347566437743,0.8408525754884547,0.9483594864479316,0.7124771767178941,0.8761583824768323,0.9156668204891555,0.8077621800165152,0.9301671613810342,0.8813559322033898,0.9560439560439561,0.9320978277381133,0.7767900436398901,0.8986757624398074,0.8200371057513914,0.9036075586944073,0.9136888400219901,0.8498767578380825,0.9546485260770975,0.9225583252018096,0.8380422968410342,0.8372892635314996,0.8359485946691418,0.8667067548606935,0.001,512,Encoder0_Classifier,10,PKLot,CrossEntropy,3x128x128,camera3,train_classifier.py,Encoder0_Classifier_camera3_512,lucas.ocunha,LOCAL,fae73dae369fa16580455b7cd0cc0abcfe344dde
bf9de116685c48809d547ad333619e9a,31,FINISHED,mlflow-artifacts:/31/bf9de116685c48809d547ad333619e9a/artifacts,2026-02-25 19:09:05.740000+00:00,2026-02-25 19:13:16.026000+00:00,0.984375,0.99609375,0.038564376533031464,0.007476269733160734,0.6072417489169756,0.6393285371702638,0.7495334481768591,0.9224367865144564,0.9164737654320988,0.9403993855606759,0.8468992248062015,0.7844859129162093,0.8620992534036013,0.6777634130575307,0.6508866519151058,0.8722538649308381,0.8539760731878958,0.7047551507912809,0.8268292682926829,0.9452904681331077,0.7333490645541885,0.8749161636485581,0.9161282879556991,0.741701073492981,0.9132947976878613,0.8542420027816412,0.9151832460732985,0.9171270718232044,0.7495367510809141,0.8900481540930979,0.7732018561484919,0.8964865885908576,0.9010752688172043,0.7831245687285826,0.9081632653061225,0.9233763935586622,0.7782046390083714,0.8158828748890861,0.7773221308026061,0.8675496688741722,0.001,256,Encoder0_Classifier,10,PKLot,CrossEntropy,3x128x128,camera3,train_classifier.py,Encoder0_Classifier_camera3_256,lucas.ocunha,LOCAL,fae73dae369fa16580455b7cd0cc0abcfe344dde
7013f522e798400a93847f01bf22daa9,31,FINISHED,mlflow-artifacts:/31/7013f522e798400a93847f01bf22daa9/artifacts,2026-02-25 19:05:00.063000+00:00,2026-02-25 19:09:05.622000+00:00,0.875,1.0,0.28487853705883026,0.0042640445753932,0.5945810702334163,0.5772305033484554,0.762266431464785,0.8888430178552998,0.8720100308641975,0.9121351766513057,0.7115072933549432,0.6997885835095138,0.7904040404040404,0.6639809770061871,0.6208791208791209,0.8184498335710889,0.8193937335484419,0.6968050164228128,0.7377708978328174,0.9215578716401536,0.7374259781231414,0.812821712681329,0.8757498846331334,0.6678777869529314,0.8625214810185908,0.783997955010225,0.8314393939393939,0.8745366410037069,0.70079883805374,0.8218298555377207,0.7265805574439157,0.8429430491687301,0.8571428571428571,0.7436178147258048,0.7981859410430839,0.8870542173802026,0.8212097035289765,0.7640860692102928,0.846461286398729,0.8126061521041706,0.001,128,Encoder0_Classifier,10,PKLot,CrossEntropy,3x128x128,camera3,train_classifier.py,Encoder0_Classifier_camera3_128,lucas.ocunha,LOCAL,fae73dae369fa16580455b7cd0cc0abcfe344dde
c9a8f8add37548ae9d4be90003c84d00,31,FINISHED,mlflow-artifacts:/31/c9a8f8add37548ae9d4be90003c84d00/artifacts,2026-02-25 19:00:56.593000+00:00,2026-02-25 19:04:59.946000+00:00,0.859375,1.0,0.6040779203176498,0.005075545981526375,0.5396729424021431,0.5804909841407777,0.7424152800281185,0.8757336571544222,0.8835841049382716,0.8921658986175115,0.793418647166362,0.6965238480194018,0.7875494071146245,0.6531651121987256,0.6242305419003272,0.8166050611316463,0.8261388841494626,0.6250298596595999,0.7534810126582279,0.9055690072639225,0.697885905031125,0.8268713404019623,0.8583294877711122,0.6721717588769612,0.8436181846586471,0.7609937888198758,0.8803245436105477,0.8595481969973341,0.7089311859443631,0.8350722311396469,0.7291581389002593,0.8527936962750716,0.8286558345642541,0.7359755973356691,0.8662131519274376,0.8964570644248091,0.7661966375283289,0.7739574090505768,0.7813619296571522,0.7878732702112163,0.001,64,Encoder0_Classifier,10,PKLot,CrossEntropy,3x128x128,camera3,train_classifier.py,Encoder0_Classifier_camera3_64,lucas.ocunha,LOCAL,fae73dae369fa16580455b7cd0cc0abcfe344dde
e1d72a0c24cd4a0a98188eaa97814ed5,31,FINISHED,mlflow-artifacts:/31/e1d72a0c24cd4a0a98188eaa97814ed5/artifacts,2026-02-25 18:56:48.554000+00:00,2026-02-25 19:00:56.303000+00:00,1.0,1.0,0.0004697069525718689,0.0015027016634121537,0.5609604409540998,0.672012027060887,0.7329655998118573,0.9038581856100104,0.9148341049382716,0.9225806451612903,0.9821029082774049,0.7633262260127932,0.8460693895476504,0.7116538923261613,0.7410297423482621,0.8597158294976986,0.8683644189383071,0.6359883547327561,0.7537688442211056,0.9288537549407114,0.6535857635065535,0.8647453741607991,0.8936317489616982,0.7765483071841454,0.8948601780971723,0.8236077804423129,0.9909706546275395,0.9018234865061998,0.773482428115016,0.8378812199036918,0.7985707905314873,0.8559201141226819,0.8863146551724138,0.8866019943497723,0.9909297052154195,0.9228484054172128,0.8448181166458536,0.8371783496007098,0.8366296709951704,0.8334615384615385,0.001,1024,Encoder0_Classifier,10,PKLot,CrossEntropy,3x128x128,camera2,train_classifier.py,Encoder0_Classifier_camera2_1024,lucas.ocunha,LOCAL,fae73dae369fa16580455b7cd0cc0abcfe344dde
4cbf4679294345e78bb3ca001bcb273f,31,FINISHED,mlflow-artifacts:/31/4cbf4679294345e78bb3ca001bcb273f/artifacts,2026-02-25 18:52:36.069000+00:00,2026-02-25 18:56:48.435000+00:00,1.0,0.998046875,0.0006280988454818726,0.004247787641361356,0.578609167499643,0.6387622931158551,0.6906007731243192,0.8951048951048951,0.8880208333333334,0.911520737327189,0.9300847457627118,0.7025449829794131,0.7950153711023277,0.6655508357189029,0.6974376671555517,0.822781205505458,0.819949281487743,0.6681994625261272,0.7050043898156277,0.9203539823008849,0.7032843791722296,0.8261752303607683,0.8823257960313798,0.7408753096614368,0.8717387908139353,0.7926610212984347,0.9637760702524698,0.8826975282183169,0.6990487172095705,0.7947431781701445,0.7724437998549674,0.8248587570621468,0.8621761658031089,0.841485096313008,0.9625850340136054,0.9011157482326889,0.820322256139864,0.7637533274179237,0.8153787205983254,0.8158980127484065,0.001,512,Encoder0_Classifier,10,PKLot,CrossEntropy,3x128x128,camera2,train_classifier.py,Encoder0_Classifier_camera2_512,lucas.ocunha,LOCAL,fae73dae369fa16580455b7cd0cc0abcfe344dde
417acc5a35a04892814e73ee930ce295,31,FINISHED,mlflow-artifacts:/31/417acc5a35a04892814e73ee930ce295/artifacts,2026-02-25 18:48:24.613000+00:00,2026-02-25 18:52:35.945000+00:00,1.0,1.0,0.0028827637434005737,0.0016524335369467735,0.5491954426711743,0.6765827612509535,0.7146302172321211,0.9026493506493507,0.8936149691358025,0.9231950844854071,0.9502164502164502,0.741635046567782,0.8282828282828283,0.6626073506325607,0.6636925811073028,0.8461235733963006,0.8394933194516745,0.628269632726187,0.774528914879792,0.9301285634432644,0.6677253831730802,0.8354189767147157,0.8919012459621597,0.7791907514450868,0.9003280737384783,0.8320754716981132,0.974472807991121,0.9063417498532003,0.7292734398552909,0.8527287319422151,0.7992191019672623,0.8665939658306071,0.879492600422833,0.8432299235483667,0.9739229024943311,0.9053300145910222,0.8123554645946071,0.7948092280390417,0.8043781586298967,0.8297994269340975,0.001,256,Encoder0_Classifier,10,PKLot,CrossEntropy,3x128x128,camera2,train_classifier.py,Encoder0_Classifier_camera2_256,lucas.ocunha,LOCAL,fae73dae369fa16580455b7cd0cc0abcfe344dde
b2b16777b3004de3b930fc77bffb312e,31,FINISHED,mlflow-artifacts:/31/b2b16777b3004de3b930fc77bffb312e/artifacts,2026-02-25 18:44:12.424000+00:00,2026-02-25 18:48:24.493000+00:00,1.0,1.0,0.010566569864749908,0.002907981164753437,0.5390486257928119,0.6498783454987834,0.7419488323557987,0.8865831107458393,0.8726851851851852,0.9121351766513057,0.9337606837606838,0.7111770524233432,0.8019323671497585,0.6688752424046541,0.6455496070880686,0.8270705521472392,0.8244105881351604,0.616504926843834,0.7254484645788993,0.9205555555555556,0.6650191378512138,0.8096485819975339,0.872634979233964,0.7532617671345995,0.8832994844555538,0.80946123521682,0.9636163175303197,0.8918488489937745,0.7062855476155753,0.8111958266452648,0.7814511410181393,0.835287939786452,0.8657262277951933,0.7786145128861268,0.9625850340136054,0.8883815322171487,0.762669973636742,0.7711845607808341,0.7568739283778861,0.8074476047904192,0.001,128,Encoder0_Classifier,10,PKLot,CrossEntropy,3x128x128,camera2,train_classifier.py,Encoder0_Classifier_camera2_128,lucas.ocunha,LOCAL,fae73dae369fa16580455b7cd0cc0abcfe344dde
b1f421afdc564e02a857780f552c2402,31,FINISHED,mlflow-artifacts:/31/b1f421afdc564e02a857780f552c2402/artifacts,2026-02-25 18:39:53.582000+00:00,2026-02-25 18:44:12.301000+00:00,0.984375,1.0,0.08329929783940315,0.019291838631033897,0.493671006547891,0.6510328068043743,0.2996485442790819,0.8487774809944524,0.8603395061728395,0.8875576036866359,0.9052631578947369,0.7068010075566751,0.7910628019323671,0.44104949672176563,0.4739009103801638,0.8156186416044957,0.8383455331157951,0.5514257987458943,0.7353221199619169,0.8970753655793026,0.6332179719592512,0.8058176100628931,0.830179972311952,0.7550784475639967,0.8414310264021246,0.7677700795483705,0.9409190371991247,0.8549792827546793,0.7372421281216069,0.8111958266452648,0.7832188276567753,0.8312107623318385,0.8529411764705882,0.7580321096610647,0.9387755102040817,0.876218156949906,0.6571822533647842,0.7966947648624667,0.5765579196555135,0.7730164670658682,0.001,64,Encoder0_Classifier,10,PKLot,CrossEntropy,3x128x128,camera2,train_classifier.py,Encoder0_Classifier_camera2_64,lucas.ocunha,LOCAL,fae73dae369fa16580455b7cd0cc0abcfe344dde
a0a55ad481ec43d789361eb245c1ce17,31,FINISHED,mlflow-artifacts:/31/a0a55ad481ec43d789361eb245c1ce17/artifacts,2026-02-25 18:35:34.774000+00:00,2026-02-25 18:39:53.290000+00:00,1.0,0.99609375,0.020315492525696754,0.010946416296064854,0.6845672731625568,0.8996655518394648,0.31826413038252593,0.9383960573476703,0.9400077160493827,0.9262672811059908,0.9593679458239278,0.8547701033016002,0.9052481335090031,0.5089458860467264,0.6567894702030558,0.9072342255186499,0.8987808335696059,0.745513586145118,0.8767281105990783,0.9292035398230089,0.7285597127228428,0.9344141488577745,0.9365482233502538,0.9445086705202312,0.9407905014841431,0.9149649497104542,0.963718820861678,0.9406235312548958,0.8358235190718931,0.9073033707865169,0.9412176347095871,0.9081145584725537,0.9242957746478874,0.811143690860672,0.963718820861678,0.9422255248002972,0.7522749872808844,0.8812111801242236,0.7277308094334887,0.9230938739532834,0.001,1024,Encoder0_Classifier,10,PKLot,CrossEntropy,3x128x128,camera1,train_classifier.py,Encoder0_Classifier_camera1_1024,lucas.ocunha,LOCAL,fae73dae369fa16580455b7cd0cc0abcfe344dde
759d738239b741c7822c6e79bdc8d59e,31,FINISHED,mlflow-artifacts:/31/759d738239b741c7822c6e79bdc8d59e/artifacts,2026-02-25 18:31:23.963000+00:00,2026-02-25 18:35:34.659000+00:00,0.96875,1.0,0.05662488006055355,0.004744450096040964,0.641374285255579,0.839073262366938,0.18624535970020584,0.9285714285714286,0.9200424382716049,0.8918586789554531,0.919831223628692,0.791449814126394,0.8649538866930171,0.4660979776525995,0.5538348854242964,0.8737943771803817,0.8639870805670196,0.732263362197671,0.8481104651162791,0.9016759776536313,0.7433266062661915,0.8843989769820972,0.9238578680203046,0.9075144508670521,0.9097016091235745,0.8609839816933639,0.9550930996714129,0.9123976962715975,0.7699072593540134,0.8980738362760835,0.9054054054054054,0.901854714064915,0.8521647307286166,0.8359043180745634,0.953514739229025,0.9260019637597072,0.7616582257989917,0.8318544809228039,0.7333193175386108,0.8845360824742268,0.001,512,Encoder0_Classifier,10,PKLot,CrossEntropy,3x128x128,camera1,train_classifier.py,Encoder0_Classifier_camera1_512,lucas.ocunha,LOCAL,fae73dae369fa16580455b7cd0cc0abcfe344dde
317af12e7d704c27b597e01289764dc1,31,FINISHED,mlflow-artifacts:/31/317af12e7d704c27b597e01289764dc1/artifacts,2026-02-25 18:27:12.719000+00:00,2026-02-25 18:31:23.844000+00:00,0.96875,1.0,0.03773842006921768,0.007299899123609066,0.6150394572225965,0.8669486011711126,0.3994748121095047,0.925913873522074,0.9251543209876543,0.9019969278033794,0.9388646288209607,0.8154407528327252,0.8813131313131313,0.5406778095853726,0.6973129610115911,0.8870782408858248,0.8749320282762371,0.7041280979396835,0.8503767491926802,0.9093492469451548,0.720661925871632,0.8924638678596009,0.9212044300876788,0.9223781998348473,0.9134510232776129,0.8667242371905585,0.9587513935340022,0.9157542579075426,0.7859003581895149,0.9054975922953451,0.9189655172413793,0.9096142774899252,0.872885979268958,0.825141635210285,0.9580498866213152,0.9304035874439461,0.7866252717265622,0.8469387755102041,0.7742318303328378,0.8838268792710706,0.001,256,Encoder0_Classifier,10,PKLot,CrossEntropy,3x128x128,camera1,train_classifier.py,Encoder0_Classifier_camera1_256,lucas.ocunha,LOCAL,fae73dae369fa16580455b7cd0cc0abcfe344dde
c70c66206f334d41811e9b26212837a3,31,FINISHED,mlflow-artifacts:/31/c70c66206f334d41811e9b26212837a3/artifacts,2026-02-25 18:22:57.500000+00:00,2026-02-25 18:27:12.597000+00:00,0.984375,1.0,0.12460880354046822,0.011183283291757107,0.5986030215795228,0.8264769563872564,0.3045427237857572,0.9090909090909091,0.9060570987654321,0.9127496159754225,0.9541284403669725,0.7825841640022569,0.8505709266578831,0.4788646227721858,0.5605330309044514,0.8594443870701229,0.8514249977664612,0.6932890415049269,0.8559001512859304,0.9188107489994283,0.7231017030252792,0.8794782608695653,0.9043608675588372,0.8984310487200661,0.9117325417903452,0.8756292567367486,0.9508571428571428,0.9127951844420436,0.7562291699730201,0.8912520064205457,0.896794764222185,0.8930544593528019,0.8868653421633554,0.7673691041360702,0.9512471655328798,0.9121572871572872,0.7245848943157116,0.815550133096717,0.7022196940810241,0.8765066610277014,0.001,128,Encoder0_Classifier,10,PKLot,CrossEntropy,3x128x128,camera1,train_classifier.py,Encoder0_Classifier_camera1_128,lucas.ocunha,LOCAL,fae73dae369fa16580455b7cd0cc0abcfe344dde
c12c6c3f22714e688a595c7f763d4de4,31,FINISHED,mlflow-artifacts:/31/c12c6c3f22714e688a595c7f763d4de4/artifacts,2026-02-25 18:18:50.246000+00:00,2026-02-25 18:22:57.360000+00:00,0.984375,1.0,0.06654831394553185,0.027197392657399178,0.5973858281986227,0.7857142857142857,0.16190938062907026,0.907095512332935,0.8983410493827161,0.9247311827956989,0.9513274336283186,0.7637752318603382,0.8391523935002196,0.44145350447871456,0.4471015879089344,0.8514951849974658,0.8523830734966592,0.6897208121827412,0.8575207860922147,0.9298998569384835,0.7173391182530993,0.8657786885245902,0.9013613290263036,0.8708505367464905,0.8918918918918919,0.8415532879818595,0.9652076318742986,0.8956259426847663,0.755408179377862,0.8932584269662921,0.8723890339425587,0.895069033530572,0.8982863460475401,0.7771979966961219,0.9648526077097506,0.9058424155797749,0.6816463160815873,0.8162156166814551,0.6175643296176685,0.8672345730313734,0.001,64,Encoder0_Classifier,10,PKLot,CrossEntropy,3x128x128,camera1,train_classifier.py,Encoder0_Classifier_camera1_64,lucas.ocunha,LOCAL,fae73dae369fa16580455b7cd0cc0abcfe344dde
f6256e65ed934f2ca8079c0704c8f68f,31,FINISHED,mlflow-artifacts:/31/f6256e65ed934f2ca8079c0704c8f68f/artifacts,2026-02-25 18:14:31.293000+00:00,2026-02-25 18:18:49.961000+00:00,1.0,0.998046875,0.0005853734910488129,0.0043201668886467814,0.9406658197335418,0.589237668161435,0.8158508671537987,0.8572016884587667,0.777391975308642,0.7514592933947772,0.6651376146788991,0.6241352805534205,0.6979578392621871,0.80683811986333,0.8504014682266575,0.746941403734707,0.8055059903135355,0.9652956106300388,0.65748963883955,0.7901426718547341,0.9613095981158298,0.7144070195301444,0.8399861559760037,0.6812551610239471,0.7136384939853148,0.6409060626249167,0.7959743824336688,0.7589743589743589,0.689254035189763,0.7271268057784912,0.731422209852491,0.7655980696311616,0.702166897187644,0.7099302130733841,0.7471655328798186,0.8139309900032248,0.7402062809305767,0.7461180124223602,0.7589787599227633,0.7820777756904002,0.001,1024,Encoder0_Classifier,10,PKLot,CrossEntropy,3x128x128,UFPR05,train_classifier.py,Encoder0_Classifier_UFPR05_1024,lucas.ocunha,LOCAL,fae73dae369fa16580455b7cd0cc0abcfe344dde
8a81d4e746634323a903f414e36d1acb,31,FINISHED,mlflow-artifacts:/31/8a81d4e746634323a903f414e36d1acb/artifacts,2026-02-25 18:10:14.331000+00:00,2026-02-25 18:14:31.172000+00:00,1.0,1.0,0.00014933012425899506,0.0007994617335498333,0.9333182640144665,0.5619128949615713,0.8923685812867871,0.8617619973396091,0.7748842592592593,0.7557603686635944,0.6860282574568289,0.6008415554265816,0.6732542819499341,0.8775741065657032,0.857758788871981,0.7356546455853615,0.7948203842940685,0.9620409077336518,0.6202955115695568,0.7937743190661478,0.9578697067864156,0.7089012517385257,0.8441393631748961,0.6455821635012386,0.7087955007030151,0.6332328885062419,0.8122676579925651,0.7594217862674238,0.6720825091833852,0.6867977528089888,0.7103913630229419,0.7403094327067044,0.7053941908713693,0.7131740692980241,0.7709750566893424,0.8136973180076629,0.7764095092733916,0.7275953859804791,0.8062531624008696,0.7822775404049787,0.001,512,Encoder0_Classifier,10,PKLot,CrossEntropy,3x128x128,UFPR05,train_classifier.py,Encoder0_Classifier_UFPR05_512,lucas.ocunha,LOCAL,fae73dae369fa16580455b7cd0cc0abcfe344dde
3957791339a54b5191b45d9b849a8369,31,FINISHED,mlflow-artifacts:/31/3957791339a54b5191b45d9b849a8369/artifacts,2026-02-25 18:05:55.112000+00:00,2026-02-25 18:10:14.213000+00:00,1.0,0.99609375,0.013508033007383347,0.007443338632583618,0.8521915512831819,0.5138671875,0.866688490857223,0.803876415275379,0.7100694444444444,0.6949308755760368,0.6621212121212121,0.56234784960779,0.621870882740448,0.8354764982916243,0.7769355893548874,0.7071428571428572,0.7705222374687223,0.9190877873992237,0.5658192801409514,0.7530465058443173,0.9145155566071217,0.6471479050984351,0.7641901245962159,0.5732452518579686,0.6386502109045462,0.5764386746754505,0.7952684258416742,0.7200774537093065,0.636654661864746,0.6185794542536116,0.6706602090237064,0.7028294513052994,0.6483940042826553,0.6398455734952053,0.7448979591836735,0.7733373548484391,0.6995455806854447,0.6846716947648624,0.753981253550464,0.6944628647214854,0.001,256,Encoder0_Classifier,10,PKLot,CrossEntropy,3x128x128,UFPR05,train_classifier.py,Encoder0_Classifier_UFPR05_256,lucas.ocunha,LOCAL,fae73dae369fa16580455b7cd0cc0abcfe344dde
2393ddcbef3b48f6a115bbd4e66ade65,31,FINISHED,mlflow-artifacts:/31/2393ddcbef3b48f6a115bbd4e66ade65/artifacts,2026-02-25 18:01:41.020000+00:00,2026-02-25 18:05:54.974000+00:00,1.0,1.0,0.011153804138302803,0.0019926484674215317,0.9219478296242309,0.5469369766416924,0.7778493451584667,0.74617878647522,0.6952160493827161,0.7238095238095238,0.6742209631728046,0.5887359652299892,0.6282389108476065,0.6894680949302798,0.6380459520971064,0.6575647249190939,0.7474554153979991,0.9330247835174679,0.5911240451073118,0.7361314939829762,0.9238111413043478,0.6906512605042017,0.7471158283341024,0.620148637489678,0.6683330729573504,0.6345889469342865,0.601010101010101,0.6849680961566998,0.6506133575647433,0.6141653290529695,0.6833700440528634,0.6282621302919003,0.7286461359674608,0.6108310507605338,0.6417233560090703,0.714027149321267,0.6742085241200685,0.67801685891748,0.7484886287304481,0.7588318417333961,0.001,128,Encoder0_Classifier,10,PKLot,CrossEntropy,3x128x128,UFPR05,train_classifier.py,Encoder0_Classifier_UFPR05_128,lucas.ocunha,LOCAL,fae73dae369fa16580455b7cd0cc0abcfe344dde
21ed0027088b4a888a7b038a66ee66ea,31,FINISHED,mlflow-artifacts:/31/21ed0027088b4a888a7b038a66ee66ea/artifacts,2026-02-25 17:57:27.931000+00:00,2026-02-25 18:01:40.901000+00:00,0.96875,1.0,0.15195422619581223,0.0029815584421157837,0.8354780750740542,0.5380026513477685,0.7372949886551884,0.6613756613756614,0.6378279320987654,0.6906298003072197,0.5489614243323442,0.562206572769953,0.5904699165568731,0.6137570412780496,0.5862852576508634,0.60645705845115,0.7227085938895838,0.8707823230815168,0.5349182763744428,0.6969605777911526,0.8563962170233947,0.6568880079286422,0.6751269035532995,0.6066061106523535,0.607405092954226,0.5873628003559774,0.47680412371134023,0.6117719758998919,0.6418597270707712,0.5513643659711075,0.6715388858246001,0.5629397967161845,0.7073915699450214,0.55248634736269,0.5396825396825397,0.6383511509197727,0.5718601128532446,0.6557231588287489,0.6439713175145372,0.7004584819154356,0.001,64,Encoder0_Classifier,10,PKLot,CrossEntropy,3x128x128,UFPR05,train_classifier.py,Encoder0_Classifier_UFPR05_64,lucas.ocunha,LOCAL,fae73dae369fa16580455b7cd0cc0abcfe344dde
048cb9bc005d4caea13a274c8720b421,31,FINISHED,mlflow-artifacts:/31/048cb9bc005d4caea13a274c8720b421/artifacts,2026-02-25 17:53:11.878000+00:00,2026-02-25 17:57:27.649000+00:00,1.0,1.0,1.7620623111724854e-05,0.00015832867939025164,0.9348630021852412,0.7246376811594203,0.9626414702523103,0.47663071391884954,0.6323302469135802,0.6298003072196621,0.6363636363636364,0.8869492934330839,0.6228590250329381,0.9584680025856497,0.9455005303092111,0.38319267372957444,0.6232914160743576,0.6386010749477457,0.8168498168498168,0.46229361892012494,0.3148360435330248,0.9436046511627907,0.6473234886940471,0.6624277456647398,0.666145914700828,0.9037656903765691,0.2125237191650854,0.5026762857807773,0.9405940594059405,0.617776886035313,0.5183788878416589,0.4125809435707678,0.9333333333333333,0.9028638611647135,0.5294784580498866,0.45990365542646644,0.8628041024929467,0.694321206743567,0.8562053680986242,0.9593383873190903,0.001,1024,Encoder0_Classifier,10,PKLot,CrossEntropy,3x128x128,UFPR04,train_classifier.py,Encoder0_Classifier_UFPR04_1024,lucas.ocunha,LOCAL,fae73dae369fa16580455b7cd0cc0abcfe344dde
e8464e8d07314bfbbb320d48c40374c5,31,FINISHED,mlflow-artifacts:/31/e8464e8d07314bfbbb320d48c40374c5/artifacts,2026-02-25 17:48:55.304000+00:00,2026-02-25 17:53:11.761000+00:00,1.0,1.0,0.00011537782847881317,0.0002798736095428467,0.8807240866258885,0.6762028608582574,0.9596686107619067,0.42017403658320013,0.6156442901234568,0.6073732718894009,0.5434782608695652,0.8747841105354058,0.6159420289855072,0.9548203896943392,0.9357366771159875,0.3667632150615496,0.5696040868454662,0.6301209316213795,0.7576923076923077,0.41268382352941174,0.300738085493727,0.9295238095238095,0.6233271804337794,0.6393063583815028,0.6378690829557881,0.8754789272030651,0.18832391713747645,0.4409068982151471,0.931322505800464,0.5943017656500803,0.4878048780487805,0.36891385767790263,0.9163265306122449,0.876883420754911,0.5113378684807256,0.42354983364675247,0.8372618056519124,0.6635980479148181,0.8289505266963817,0.9532634971796938,0.001,512,Encoder0_Classifier,10,PKLot,CrossEntropy,3x128x128,UFPR04,train_classifier.py,Encoder0_Classifier_UFPR04_512,lucas.ocunha,LOCAL,fae73dae369fa16580455b7cd0cc0abcfe344dde
4875e014391843d58f35efd2b7e7e67f,31,FINISHED,mlflow-artifacts:/31/4875e014391843d58f35efd2b7e7e67f/artifacts,2026-02-25 17:44:40.083000+00:00,2026-02-25 17:48:55.184000+00:00,0.984375,1.0,0.05233165994286537,0.0035275775007903576,0.8462369741412582,0.6319612590799032,0.9296442526864214,0.3954741379310345,0.6032986111111112,0.5944700460829493,0.36363636363636365,0.8631492168178071,0.6173693456302152,0.9201911533844307,0.8958423220239262,0.375336081735078,0.5481523755171922,0.6283218871304868,0.7707774798927614,0.38661710037174724,0.305733727480618,0.9075182967398536,0.6116751269035533,0.6218001651527663,0.6184971098265896,0.8166986564299424,0.1681260945709282,0.4107142857142857,0.9074161549362305,0.5947030497592295,0.4769301050708086,0.3627760252365931,0.8927038626609443,0.8749930935410796,0.4614512471655329,0.39877210934073964,0.8121993663567828,0.6487355811889973,0.7959265087906117,0.934634974533107,0.001,256,Encoder0_Classifier,10,PKLot,CrossEntropy,3x128x128,UFPR04,train_classifier.py,Encoder0_Classifier_UFPR04_256,lucas.ocunha,LOCAL,fae73dae369fa16580455b7cd0cc0abcfe344dde
77430bc5c5a247c48d112cb8b36190d7,31,FINISHED,mlflow-artifacts:/31/77430bc5c5a247c48d112cb8b36190d7/artifacts,2026-02-25 17:40:25.503000+00:00,2026-02-25 17:44:39.961000+00:00,1.0,1.0,0.005508827045559883,0.0006870124489068985,0.8239516433698527,0.5150659133709982,0.9381031409428975,0.31020098596890405,0.5595100308641975,0.5314900153609831,0.3372093023255814,0.8303030303030303,0.5804787000439174,0.9302567180718441,0.9096797266152746,0.26391832016952416,0.3579221625142485,0.5869587936697521,0.6989966555183946,0.24317617866004962,0.1361954570291156,0.8961973278520041,0.5802953391785879,0.5550784475639967,0.5827214497734728,0.7532314923619271,0.11047619047619048,0.32431065013913485,0.8799039231385108,0.5613964686998395,0.28880675818373813,0.27663798808735934,0.7446808510638298,0.8153439118266846,0.47052154195011336,0.2763428933607986,0.7725475232412932,0.5626663708961845,0.7571406524892743,0.9253393665158371,0.001,128,Encoder0_Classifier,10,PKLot,CrossEntropy,3x128x128,UFPR04,train_classifier.py,Encoder0_Classifier_UFPR04_128,lucas.ocunha,LOCAL,fae73dae369fa16580455b7cd0cc0abcfe344dde
3dbdef6aacd64a23bd287bd44517cfd5,31,FINISHED,mlflow-artifacts:/31/3dbdef6aacd64a23bd287bd44517cfd5/artifacts,2026-02-25 17:36:14.949000+00:00,2026-02-25 17:40:25.382000+00:00,0.875,1.0,0.7470249831676483,0.0009357146918773651,0.6365628604382929,0.44774106540795683,0.8958608776213316,0.3437887648413964,0.5515046296296297,0.5259600614439324,0.35135135135135137,0.6793831168831169,0.5691699604743083,0.8754386369932589,0.823852038552335,0.2990353697749196,0.3937651331719128,0.5790310540459839,0.5219251336898396,0.26278069756330624,0.1636932568106657,0.7324324324324324,0.5727964928472543,0.5241948802642444,0.5669426652085612,0.6559546313799622,0.14181818181818182,0.33365384615384613,0.7581585081585082,0.5218699839486356,0.3155143739605607,0.29056266746055376,0.6756756756756757,0.7213704313318753,0.46485260770975056,0.31798181284834265,0.7253393691318626,0.555678793256433,0.7292734561762921,0.7741420590582602,0.001,64,Encoder0_Classifier,10,PKLot,CrossEntropy,3x128x128,UFPR04,train_classifier.py,Encoder0_Classifier_UFPR04_64,lucas.ocunha,LOCAL,fae73dae369fa16580455b7cd0cc0abcfe344dde
ededefe9abf84da2babb83590c3263b2,31,FINISHED,mlflow-artifacts:/31/ededefe9abf84da2babb83590c3263b2/artifacts,2026-02-25 17:31:58.801000+00:00,2026-02-25 17:36:14.672000+00:00,1.0,1.0,2.3012980818748474e-05,0.00044860062189400196,0.7396259215143418,0.7257346393588602,0.8903803131991052,0.9111214518380643,0.8838734567901234,0.8043010752688172,0.7678244972577697,0.8687302304563941,0.8790074659639877,0.8846153846153846,0.9246116703867353,0.8746587807097361,0.8948037968490068,0.7836145117945655,0.8028276652655713,0.8114826871855578,0.760214084227419,0.8952198852772466,0.9118597138901707,0.800990916597853,0.8701765349164193,0.8425339366515837,0.8519269776876268,0.8705002337540907,0.858269194668669,0.831661316211878,0.8022969647251845,0.8335647688950605,0.8098050797401063,0.9754019365518493,0.8344671201814059,0.8860711582134746,0.9831153739420009,0.8807675244010648,0.9833092826220514,0.9310508796956728,0.001,1024,Encoder0_Classifier,10,PKLot,CrossEntropy,3x128x128,PUC,train_classifier.py,Encoder0_Classifier_PUC_1024,lucas.ocunha,LOCAL,fae73dae369fa16580455b7cd0cc0abcfe344dde
230bac5e1fdb43fa9c83365ffb6a7501,31,FINISHED,mlflow-artifacts:/31/230bac5e1fdb43fa9c83365ffb6a7501/artifacts,2026-02-25 17:27:44.092000+00:00,2026-02-25 17:31:58.676000+00:00,1.0,1.0,7.153861224651337e-05,0.0004083805251866579,0.6844874106815994,0.7004671613080516,0.914493058477072,0.9212328767123288,0.9103009259259259,0.8488479262672811,0.7702205882352942,0.8543524416135881,0.8871321914800175,0.9061547696001477,0.9095568852253232,0.8867342441604231,0.8867620581825073,0.764496864735742,0.8221890175569667,0.8548672566371681,0.7619270416710687,0.9005816066884769,0.9203968620212275,0.7907514450867053,0.8897047336353695,0.8621523579201935,0.8524923702950152,0.8898595943837754,0.8265324147677089,0.8597512038523274,0.800942655145326,0.8629680454812781,0.8503521126760564,0.966733103417387,0.8356009070294784,0.9142066420664207,0.9802651357476527,0.8674578527062999,0.9806147511890395,0.9233409610983981,0.001,512,Encoder0_Classifier,10,PKLot,CrossEntropy,3x128x128,PUC,train_classifier.py,Encoder0_Classifier_PUC_512,lucas.ocunha,LOCAL,fae73dae369fa16580455b7cd0cc0abcfe344dde
548729de2b1645baa1bd93ae63d275e3,31,FINISHED,mlflow-artifacts:/31/548729de2b1645baa1bd93ae63d275e3/artifacts,2026-02-25 17:23:30.048000+00:00,2026-02-25 17:27:43.974000+00:00,0.984375,1.0,0.08443057723343372,0.0005637286230921745,0.612449954797882,0.6908652558264131,0.8748742804049847,0.9088672704908868,0.894579475308642,0.8248847926267281,0.6956521739130435,0.8218984011333738,0.8698945981554678,0.8492127620278881,0.7995517971882277,0.8726764800687654,0.8715715344699778,0.6913481636309347,0.7824453551912568,0.8370497427101201,0.6964043145288602,0.8693231251087524,0.9059760036917397,0.7851362510322047,0.8740821746602093,0.8233802816901409,0.8150943396226416,0.8788334335538184,0.7971186440677966,0.8455056179775281,0.7985756309026165,0.8561285500747384,0.8079470198675497,0.939679173463839,0.7777777777777778,0.9013982859720343,0.9657595624624208,0.8462732919254659,0.9668633325780019,0.8925982868438392,0.001,256,Encoder0_Classifier,10,PKLot,CrossEntropy,3x128x128,PUC,train_classifier.py,Encoder0_Classifier_PUC_256,lucas.ocunha,LOCAL,fae73dae369fa16580455b7cd0cc0abcfe344dde
d24a67fbe07b400a8b251de26e5f552f,31,FINISHED,mlflow-artifacts:/31/d24a67fbe07b400a8b251de26e5f552f/artifacts,2026-02-25 17:19:14.880000+00:00,2026-02-25 17:23:29.926000+00:00,0.96875,1.0,0.09079715982079506,0.003550790250301361,0.6034820690288795,0.7569131832797428,0.874474851780596,0.8836764001914792,0.8668016975308642,0.8012288786482334,0.801762114537445,0.8904339486933589,0.8782389108476065,0.8523871086896297,0.81591383668535,0.8700948811057748,0.8773556384158017,0.662249925350851,0.8453483689085783,0.7941457206490614,0.6353180136539128,0.9150409062303335,0.8878634056299031,0.8137076796036333,0.8754882049679737,0.8774975433999345,0.8152295632698768,0.8705117790414297,0.8652355396541443,0.8577447833065811,0.8067169294037012,0.8555125331159568,0.8565545641729582,0.9410709583991574,0.8129251700680272,0.8633349826818407,0.9631694879977799,0.8650177462289264,0.964196895996493,0.9309127584467978,0.001,128,Encoder0_Classifier,10,PKLot,CrossEntropy,3x128x128,PUC,train_classifier.py,Encoder0_Classifier_PUC_128,lucas.ocunha,LOCAL,fae73dae369fa16580455b7cd0cc0abcfe344dde
76e5c72cd9a343f9a59c9e2a748de72a,31,FINISHED,mlflow-artifacts:/31/76e5c72cd9a343f9a59c9e2a748de72a/artifacts,2026-02-25 17:15:03.475000+00:00,2026-02-25 17:19:14.760000+00:00,0.953125,1.0,0.21115414053201675,0.0014451760798692703,0.5563725490196079,0.7887257224064425,0.8278745253549317,0.7788061703554662,0.7878086419753086,0.7087557603686636,0.8006872852233677,0.9197707736389685,0.7779973649538867,0.7875611783174808,0.742102615694165,0.7175188600167645,0.8023041474654378,0.6029038518960884,0.8631687242798354,0.6592379583033788,0.5080413210147139,0.9204180064308681,0.8097600369173973,0.7511147811725847,0.8390876425558507,0.927040395713108,0.6383561643835617,0.8136758321273516,0.9192185850052799,0.7969502407704655,0.6884432499483151,0.7683150183150184,0.8366788321167883,0.9285821481344662,0.7006802721088435,0.7574421168687983,0.9275675269413995,0.8096716947648624,0.9277494398901983,0.9471451876019575,0.001,64,Encoder0_Classifier,10,PKLot,CrossEntropy,3x128x128,PUC,train_classifier.py,Encoder0_Classifier_PUC_64,lucas.ocunha,LOCAL,fae73dae369fa16580455b7cd0cc0abcfe344dde
38148c35280f4216bf3ed5795005bf67,31,FINISHED,mlflow-artifacts:/31/38148c35280f4216bf3ed5795005bf67/artifacts,2026-02-24 03:06:45.738000+00:00,2026-02-24 03:10:52.695000+00:00,1.0,0.986328125,0.0006065666675567627,0.027972362586297095,0.6964742159289163,0.7492081773682695,0.28457635958465693,0.9292538915727322,0.943383487654321,0.8774193548387097,0.9041666666666667,0.8245480494766889,0.895147123407993,0.47747945331978947,0.5630041898567945,0.9007379690260887,0.9069310635113647,0.778247237981487,0.8593525179856115,0.887000849617672,0.7761450467965818,0.9071122536418166,0.9239732348869405,0.8356729975227085,0.917356663021403,0.8608695652173913,0.9445048966267682,0.920653967301635,0.8360062079668908,0.9145264847512039,0.8394902403613486,0.9181398923904689,0.848780487804878,0.8651786831614138,0.9421768707482994,0.9474626331334467,0.7344855695851256,0.8896406388642414,0.6782046925197858,0.8787817258883249,0.001,1024,Encoder0_Classifier,10,CNR,CrossEntropy,3x128x128,camera9,train_classifier.py,Encoder0_Classifier_camera9_1024,lucas.ocunha,LOCAL,fae73dae369fa16580455b7cd0cc0abcfe344dde
29ca7d4afbe9484686689cb018331679,31,FINISHED,mlflow-artifacts:/31/29ca7d4afbe9484686689cb018331679/artifacts,2026-02-24 03:02:34.968000+00:00,2026-02-24 03:06:45.617000+00:00,1.0,0.984375,0.0004848260432481766,0.030075562419369817,0.75921189891308,0.7773558853986883,0.6849895769038163,0.9234722377388002,0.9367283950617284,0.8620583717357911,0.906392694063927,0.87109620624607,0.9094202898550725,0.6877712623510943,0.762187378514967,0.9097077815475539,0.9142688214426488,0.7913630934607345,0.8445706174591909,0.8689816165742632,0.7635348364990059,0.9330373658897522,0.9209736963544071,0.8151940545004129,0.9240743633807218,0.8842538190364277,0.9053591790193842,0.9252997233323086,0.8826103500761036,0.9032905296950241,0.8009959096567668,0.9080503624570775,0.855255600229753,0.888372825856128,0.9058956916099773,0.9389426656738645,0.8260603117339623,0.9035048802129547,0.811689449702068,0.9061609296206972,0.001,512,Encoder0_Classifier,10,CNR,CrossEntropy,3x128x128,camera9,train_classifier.py,Encoder0_Classifier_camera9_512,lucas.ocunha,LOCAL,fae73dae369fa16580455b7cd0cc0abcfe344dde
cbbde762eb164dacab75166bbb682a28,31,FINISHED,mlflow-artifacts:/31/cbbde762eb164dacab75166bbb682a28/artifacts,2026-02-24 02:58:27.176000+00:00,2026-02-24 03:02:34.851000+00:00,1.0,0.984375,0.00397811084985733,0.06193425506353378,0.8053144985895476,0.7904164800716524,0.8055176838559628,0.9097665776332597,0.9219714506172839,0.8279569892473119,0.9104859335038363,0.9112105511069242,0.9040404040404041,0.7760642718625912,0.7656946826758148,0.8985137018114259,0.8843813387423936,0.7730367273813078,0.8601424821897263,0.8245614035087719,0.7109885931558936,0.9485046543870074,0.910359944623904,0.7639966969446739,0.9195438212779253,0.8978775761304214,0.8578313253012049,0.9189359357783724,0.8776167471819646,0.8990770465489567,0.7118370639241782,0.9011981928894127,0.8738379814077025,0.8792590223621737,0.8662131519274376,0.9221141811880235,0.8548084038666112,0.8735581188997338,0.850583808064732,0.9279791518597489,0.001,256,Encoder0_Classifier,10,CNR,CrossEntropy,3x128x128,camera9,train_classifier.py,Encoder0_Classifier_camera9_256,lucas.ocunha,LOCAL,fae73dae369fa16580455b7cd0cc0abcfe344dde
f8aa0fb49696422197efb5908c238fe3,31,FINISHED,mlflow-artifacts:/31/f8aa0fb49696422197efb5908c238fe3/artifacts,2026-02-24 02:54:14.703000+00:00,2026-02-24 02:58:27.053000+00:00,1.0,0.984375,0.00789845734834671,0.042592890560626984,0.6358811987156618,0.6575199722125739,0.7694755157842407,0.8916146297948261,0.8940007716049383,0.7827956989247312,0.8537735849056604,0.839932956212026,0.876921387790953,0.6788484624619079,0.6325468613775065,0.8773388773388774,0.8677986063401708,0.6978277097641087,0.7829872739450771,0.791383889052818,0.6788222132298684,0.8866995073891626,0.8878634056299031,0.6995871180842279,0.8861115450710827,0.8313320301591735,0.8389339513325609,0.8909172527308095,0.8346233717198415,0.8527287319422151,0.6754683318465655,0.8643253234750462,0.7874339401056958,0.7805239196380925,0.8424036281179138,0.8984194472686939,0.8356458998196198,0.8505989352262644,0.8509937940288493,0.873307121013543,0.001,128,Encoder0_Classifier,10,CNR,CrossEntropy,3x128x128,camera9,train_classifier.py,Encoder0_Classifier_camera9_128,lucas.ocunha,LOCAL,fae73dae369fa16580455b7cd0cc0abcfe344dde
84e55dbe870c42a582638ff41b72fc76,31,FINISHED,mlflow-artifacts:/31/84e55dbe870c42a582638ff41b72fc76/artifacts,2026-02-24 02:50:06.969000+00:00,2026-02-24 02:54:14.583000+00:00,0.984375,0.96875,0.07482835650444031,0.07883897982537746,0.5084175895686964,0.613029315960912,0.7729132885491468,0.8656356257540858,0.8677662037037037,0.7483870967741936,0.7865168539325843,0.8120331112457096,0.8600131752305665,0.6944662480376766,0.6502158003377745,0.8631827449297135,0.8658042855732201,0.5717826216781129,0.7906574394463668,0.7645875251509054,0.595292856034203,0.8461001570406561,0.8586755883710199,0.6644095788604459,0.8654897672238713,0.8034118602761983,0.7918552036199095,0.873289183222958,0.837440305635148,0.8507223113964687,0.6494133885438234,0.8599924727135867,0.7417735638594535,0.7995758924854144,0.7913832199546486,0.8761405727708014,0.8102943897137043,0.849267968056788,0.814459629857903,0.8347789295536281,0.001,64,Encoder0_Classifier,10,CNR,CrossEntropy,3x128x128,camera9,train_classifier.py,Encoder0_Classifier_camera9_64,lucas.ocunha,LOCAL,fae73dae369fa16580455b7cd0cc0abcfe344dde
e90173b976204c3eab795fd04e29c33c,31,FINISHED,mlflow-artifacts:/31/e90173b976204c3eab795fd04e29c33c/artifacts,2026-02-24 02:45:53.275000+00:00,2026-02-24 02:50:06.663000+00:00,1.0,0.990234375,0.003223733976483345,0.016665437258780003,0.5749859471613266,0.5859679514941533,0.6852068240243048,0.929619391877525,0.9396219135802469,0.840552995391705,0.8156424581005587,0.7679675083877803,0.8538647342995169,0.657932403730723,0.6883216663821069,0.8672848738657892,0.8798190045248869,0.6609361003284563,0.7636594663278272,0.8575349986275048,0.6925008970218873,0.8974358974358975,0.9236271342870328,0.6809248554913295,0.8834557100453054,0.8083769633507853,0.8975409836065574,0.8922276798613118,0.7893796687236115,0.8467094703049759,0.7369281045751634,0.8628858578607322,0.7981604496678589,0.8288620413964645,0.8866213151927438,0.9444345819279247,0.7979308311363952,0.8527062999112689,0.7889128117479021,0.8716108452950558,0.001,1024,Encoder0_Classifier,10,CNR,CrossEntropy,3x128x128,camera8,train_classifier.py,Encoder0_Classifier_camera8_1024,lucas.ocunha,LOCAL,fae73dae369fa16580455b7cd0cc0abcfe344dde
549a5ffeabac4040a828a67252045e60,31,FINISHED,mlflow-artifacts:/31/549a5ffeabac4040a828a67252045e60/artifacts,2026-02-24 02:41:35.371000+00:00,2026-02-24 02:45:53.154000+00:00,1.0,0.9921875,0.00458950363099575,0.01789123984053731,0.6042687806341902,0.6114272706578647,0.6789766025434816,0.9552271724746361,0.9547646604938271,0.8700460829493087,0.8670634920634921,0.8399844267081954,0.9041501976284585,0.6544233077846523,0.6886201496432921,0.9081342733873513,0.9054205607476635,0.6858539862645566,0.8332750786438309,0.88,0.6966706790546141,0.927180207053869,0.9531610521458237,0.7114781172584641,0.8922043430713951,0.8366834170854272,0.926829268292683,0.8967684021543986,0.8340220385674931,0.8962680577849117,0.7546003652198342,0.9021759697256386,0.8433931484502447,0.8126428149118742,0.9217687074829932,0.9575065688139893,0.7245241894454466,0.8877551020408163,0.6809832586259419,0.9258230012825994,0.001,512,Encoder0_Classifier,10,CNR,CrossEntropy,3x128x128,camera8,train_classifier.py,Encoder0_Classifier_camera8_512,lucas.ocunha,LOCAL,fae73dae369fa16580455b7cd0cc0abcfe344dde
5e95d5453baf4783bfdafc7c16de404a,31,FINISHED,mlflow-artifacts:/31/5e95d5453baf4783bfdafc7c16de404a/artifacts,2026-02-24 02:37:21.352000+00:00,2026-02-24 02:41:35.247000+00:00,0.96875,0.99609375,0.0444962065666914,0.016544434241950512,0.556187589528535,0.563979057591623,0.7682828115965971,0.9313955973498611,0.9311342592592593,0.8574500768049155,0.7720848056537103,0.78535170413343,0.8662714097496707,0.6761704681872749,0.6302921884317233,0.8767455980570734,0.8779563098032136,0.6421693042699314,0.7688588007736944,0.8757364756293519,0.6909393355211833,0.885719052385719,0.9259344716197508,0.6507018992568125,0.8414310264021246,0.7666751852798365,0.8696517412935323,0.8553100498930862,0.7861299709020368,0.848314606741573,0.718037594987335,0.8631921824104235,0.79833984375,0.7388394670566253,0.8514739229024944,0.9369925873632192,0.7702378474631145,0.8500443655723159,0.7854727222181737,0.8772141706924316,0.001,256,Encoder0_Classifier,10,CNR,CrossEntropy,3x128x128,camera8,train_classifier.py,Encoder0_Classifier_camera8_256,lucas.ocunha,LOCAL,fae73dae369fa16580455b7cd0cc0abcfe344dde
9bf6f71774b240639dc686289ebcde63,31,FINISHED,mlflow-artifacts:/31/9bf6f71774b240639dc686289ebcde63/artifacts,2026-02-24 02:33:02.308000+00:00,2026-02-24 02:37:21.231000+00:00,0.96875,1.0,0.059641726315021515,0.011477361433207989,0.5793045161132274,0.6025421657296505,0.7213653023824068,0.9159682399647111,0.9193672839506173,0.8589861751152074,0.8056155507559395,0.8615482773287962,0.8939393939393939,0.578793055683812,0.5644852888453357,0.8934715483017204,0.8882336155236374,0.658017318602568,0.7659430122116689,0.872393661384487,0.6737083517328813,0.9061710573800072,0.9120904476234426,0.6883567299752271,0.8661146695828776,0.8197094844773569,0.8270509977827051,0.8704067745350068,0.8306351183063512,0.8282504012841091,0.7231920199501247,0.8406552494415488,0.8210361067503925,0.7001762004998778,0.8231292517006803,0.9231617647058824,0.7682403681605846,0.8696761313220941,0.802923188861795,0.8877725523728089,0.001,128,Encoder0_Classifier,10,CNR,CrossEntropy,3x128x128,camera8,train_classifier.py,Encoder0_Classifier_camera8_128,lucas.ocunha,LOCAL,fae73dae369fa16580455b7cd0cc0abcfe344dde
5ec733122c08442aa1702ab9fbabade4,31,FINISHED,mlflow-artifacts:/31/5ec733122c08442aa1702ab9fbabade4/artifacts,2026-02-24 02:28:50.687000+00:00,2026-02-24 02:33:02.191000+00:00,0.984375,1.0,0.07667480781674385,0.041339682415127754,0.6436907652541709,0.6496815286624203,0.7482508606875982,0.918459671190555,0.9168595679012346,0.8602150537634409,0.7961783439490446,0.8833041958041958,0.9057971014492754,0.6336688521562471,0.5986671744097487,0.9040483113397451,0.8971185457358345,0.7256867721707972,0.7584943371085943,0.873575993331481,0.7285299527935994,0.9123065585851142,0.9147438855560683,0.7360858794384806,0.8826745820965474,0.8359531294655616,0.8241758241758241,0.8862293591880018,0.8511926605504587,0.8250401284109149,0.7539267015706806,0.8392922963509031,0.821745948771563,0.7251670696562246,0.81859410430839,0.9199331227939811,0.7900970121640997,0.8819875776397516,0.8174254557889152,0.8906484057350739,0.001,64,Encoder0_Classifier,10,CNR,CrossEntropy,3x128x128,camera8,train_classifier.py,Encoder0_Classifier_camera8_64,lucas.ocunha,LOCAL,fae73dae369fa16580455b7cd0cc0abcfe344dde
f6fcea14176549a2b70645a24f3a5d9d,31,FINISHED,mlflow-artifacts:/31/f6fcea14176549a2b70645a24f3a5d9d/artifacts,2026-02-24 02:24:41.719000+00:00,2026-02-24 02:28:50.410000+00:00,0.953125,0.9921875,0.0642184354364872,0.030668733874335885,0.6271401704809125,0.6786612984398591,0.6866816558656262,0.9473222124670764,0.9536072530864198,0.8924731182795699,0.8850806451612904,0.8693284936479129,0.9228151075977163,0.6718533567273063,0.7169620253164557,0.9246112600536193,0.9397753679318358,0.7167885936100329,0.8087044534412956,0.9010740531373658,0.7302537558568615,0.9335832886984468,0.9446239040147669,0.7843104872006607,0.9390720199968755,0.9016587677725119,0.9390374331550803,0.939796233405372,0.8927520235467256,0.8808186195826645,0.8050746268656717,0.8897550111358574,0.8606911447084233,0.852087114337568,0.935374149659864,0.9560288874668617,0.8235540678044494,0.9310115350488021,0.8168916060945136,0.914019483269801,0.001,1024,Encoder0_Classifier,10,CNR,CrossEntropy,3x128x128,camera7,train_classifier.py,Encoder0_Classifier_camera7_1024,lucas.ocunha,LOCAL,fae73dae369fa16580455b7cd0cc0abcfe344dde
7df2069aa6d4408ab00a6777414fc11e,31,FINISHED,mlflow-artifacts:/31/7df2069aa6d4408ab00a6777414fc11e/artifacts,2026-02-24 02:20:37.320000+00:00,2026-02-24 02:24:41.596000+00:00,0.96875,0.9921875,0.1365354172885418,0.022574009839445353,0.6092053741002134,0.6815656565656566,0.34361928578871376,0.9474727452923687,0.9575617283950617,0.900768049155146,0.874,0.8548546569112122,0.9146903820816864,0.4910079416381937,0.5800874503694025,0.9175421840178287,0.9333719024202102,0.7004255001492983,0.831064572425829,0.9081603639465453,0.7214266376970547,0.9348366477272727,0.9449700046146746,0.7872832369942196,0.9206374004061866,0.8755066589461494,0.9307774227902024,0.9225137278828553,0.8833728782624567,0.8942616372391653,0.8073586598863296,0.9003592361505011,0.872200983069361,0.8316103202124463,0.9263038548752834,0.959890610756609,0.7343670505527033,0.9233584738243124,0.6902823091649365,0.9170752504796419,0.001,512,Encoder0_Classifier,10,CNR,CrossEntropy,3x128x128,camera7,train_classifier.py,Encoder0_Classifier_camera7_512,lucas.ocunha,LOCAL,fae73dae369fa16580455b7cd0cc0abcfe344dde
1c5aea4f86ee4f78a685d3d982129b4d,31,FINISHED,mlflow-artifacts:/31/1c5aea4f86ee4f78a685d3d982129b4d/artifacts,2026-02-24 02:16:27.169000+00:00,2026-02-24 02:20:37.204000+00:00,0.9375,1.0,0.32106347382068634,0.006922649685293436,0.5898792146087355,0.6557924479835603,0.805284120853961,0.910667251975417,0.9196566358024691,0.8565284178187405,0.8696581196581197,0.8723140495867768,0.9163372859025033,0.7398536337611968,0.6807233315318211,0.9172278948511841,0.9306698002350177,0.6785607644072857,0.8029221882432892,0.8588697491689332,0.7052824661547096,0.917361497128034,0.9060913705583756,0.7501238645747317,0.90829557881581,0.8712725125479776,0.8974641675854466,0.9095392202188318,0.8932330827067669,0.8713884430176565,0.7714156216951201,0.8805664244456866,0.8755391250770179,0.781954743703534,0.8945578231292517,0.9224033535165347,0.8398981314462791,0.9214729370008873,0.8554373161481621,0.8786531130876747,0.001,256,Encoder0_Classifier,10,CNR,CrossEntropy,3x128x128,camera7,train_classifier.py,Encoder0_Classifier_camera7_256,lucas.ocunha,LOCAL,fae73dae369fa16580455b7cd0cc0abcfe344dde
01361d79e99644509fa3d8a0739fcb50,31,FINISHED,mlflow-artifacts:/31/01361d79e99644509fa3d8a0739fcb50/artifacts,2026-02-24 02:12:21.188000+00:00,2026-02-24 02:16:27.048000+00:00,0.90625,1.0,0.4894573390483856,0.0024478239938616753,0.5984490938595514,0.6164171399070728,0.7312739095684833,0.8850775617216518,0.8971836419753086,0.8466973886328725,0.7757575757575758,0.8547840812870449,0.88866930171278,0.6002516391171854,0.5775288335437375,0.8884488448844885,0.9081832419733751,0.68000895789788,0.7298994974874372,0.8524977830328111,0.6926904106446433,0.892502756339581,0.8786340562990309,0.6987613542526837,0.865958443993126,0.8222286042504308,0.8222698072805139,0.8696840826245443,0.8713373403456048,0.8073836276083467,0.7236363636363636,0.8288159771754636,0.8497348261638185,0.6822552175267366,0.8117913832199547,0.901113172541744,0.7519945885944221,0.8959627329192547,0.7929351682459079,0.850335852225021,0.001,128,Encoder0_Classifier,10,CNR,CrossEntropy,3x128x128,camera7,train_classifier.py,Encoder0_Classifier_camera7_128,lucas.ocunha,LOCAL,fae73dae369fa16580455b7cd0cc0abcfe344dde
9a9031d3b4a444daa4ff960e0ebd3791,31,FINISHED,mlflow-artifacts:/31/9a9031d3b4a444daa4ff960e0ebd3791/artifacts,2026-02-24 02:08:08.016000+00:00,2026-02-24 02:12:21.064000+00:00,0.875,1.0,0.4158289134502411,0.004598991945385933,0.5613583777646839,0.6338928856914469,0.7441358641358642,0.8383424408014571,0.8408564814814815,0.7308755760368664,0.7670329670329671,0.8616785626384444,0.843324549846289,0.6304483331794256,0.598062767365081,0.83070352354965,0.8368404356561278,0.6250970438936996,0.7042789223454834,0.7186897880539499,0.6086922645390513,0.8789560213727908,0.8361790493770189,0.6604459124690338,0.8606467739415716,0.8375076359193647,0.7807606263982103,0.8601003764115432,0.8668127053669222,0.7722712680577849,0.6067329762815609,0.7965585230328016,0.7836134453781513,0.7210111766854072,0.7777777777777778,0.8382987063896511,0.7816995051107719,0.8288598047914818,0.8089892755969244,0.837960855712335,0.001,64,Encoder0_Classifier,10,CNR,CrossEntropy,3x128x128,camera7,train_classifier.py,Encoder0_Classifier_camera7_64,lucas.ocunha,LOCAL,fae73dae369fa16580455b7cd0cc0abcfe344dde
47cf6474ea7c4946bce2cbdf52bdc6ea,31,FINISHED,mlflow-artifacts:/31/47cf6474ea7c4946bce2cbdf52bdc6ea/artifacts,2026-02-24 02:03:55.027000+00:00,2026-02-24 02:08:07.705000+00:00,0.96875,0.9970703125,0.11741701513528824,0.007087807287462056,0.6279630466784899,0.5872395833333334,0.8061645322335577,0.939263407279776,0.9142554012345679,0.8328725038402458,0.7444633730834753,0.802013422818792,0.8763724198506807,0.7732246744851787,0.7555481580115402,0.8842754367934224,0.8748305467690918,0.7261719916392954,0.7518963337547409,0.8523344191096635,0.7470765072535717,0.8659318966935351,0.9349330872173511,0.6825763831544178,0.8768942352757382,0.8068965517241379,0.8518518518518519,0.8853317811408614,0.7840596144500243,0.8334670947030498,0.7379329151895282,0.8514674302075876,0.7857857857857858,0.8210718873766406,0.8276643990929705,0.9221336603310852,0.8118438092595162,0.8463842058562555,0.8099428865088356,0.8907271241830066,0.001,1024,Encoder0_Classifier,10,CNR,CrossEntropy,3x128x128,camera6,train_classifier.py,Encoder0_Classifier_camera6_1024,lucas.ocunha,LOCAL,fae73dae369fa16580455b7cd0cc0abcfe344dde
7cf29443ed80456093f1d2686f17ec1f,31,FINISHED,mlflow-artifacts:/31/7cf29443ed80456093f1d2686f17ec1f/artifacts,2026-02-24 01:59:46.401000+00:00,2026-02-24 02:03:54.903000+00:00,0.953125,1.0,0.2287745364010334,0.0012050480581820011,0.6038140803505556,0.5666104553119731,0.8029138484662157,0.9287767486426062,0.8993055555555556,0.8267281105990784,0.8260869565217391,0.7870991121579997,0.8685770750988142,0.7336088281466433,0.673346320222305,0.8789074355083459,0.8635676828726335,0.7000074649149,0.7328662808406945,0.8505564387917329,0.7288674191567883,0.8388573232323232,0.9228195662205815,0.6541701073492981,0.8686142790189033,0.7940182054616385,0.9028925619834711,0.878940549877645,0.7639565969492058,0.8204253611556982,0.7196787148594378,0.8431750481864377,0.7686781609195402,0.7642556535964139,0.8934240362811792,0.9105704985437725,0.8326337819712317,0.8297471162377995,0.8524523320472372,0.8718768738756746,0.001,512,Encoder0_Classifier,10,CNR,CrossEntropy,3x128x128,camera6,train_classifier.py,Encoder0_Classifier_camera6_512,lucas.ocunha,LOCAL,fae73dae369fa16580455b7cd0cc0abcfe344dde
7b7a728d119245719ff1596b65ba3e98,31,FINISHED,mlflow-artifacts:/31/7b7a728d119245719ff1596b65ba3e98/artifacts,2026-02-24 01:55:34.664000+00:00,2026-02-24 01:59:46.261000+00:00,0.953125,0.99609375,0.09357338957488537,0.010909370612353086,0.5925933984638482,0.5854795737122558,0.7788892095823197,0.9401746724890829,0.9157986111111112,0.8319508448540707,0.8608870967741935,0.8163226661617118,0.887461572244181,0.6904954289408071,0.6383358339077896,0.8937493521301959,0.8869916460111998,0.6884219169901463,0.7489789506754634,0.8463051418937904,0.7229939142149868,0.8727667390215395,0.9367789570835257,0.6769611890999174,0.8904858615841275,0.8344942881025356,0.9133689839572192,0.8952324017336721,0.805032494584236,0.831661316211878,0.729460580912863,0.8503656144105582,0.804057661505606,0.7582043301076797,0.9081632653061225,0.9229275183190606,0.8239385319827945,0.8634649511978705,0.8445109342210739,0.9027253668763102,0.001,256,Encoder0_Classifier,10,CNR,CrossEntropy,3x128x128,camera6,train_classifier.py,Encoder0_Classifier_camera6_256,lucas.ocunha,LOCAL,fae73dae369fa16580455b7cd0cc0abcfe344dde
303216e1f778452096d328e195e3c815,31,FINISHED,mlflow-artifacts:/31/303216e1f778452096d328e195e3c815/artifacts,2026-02-24 01:51:24.240000+00:00,2026-02-24 01:55:34.548000+00:00,0.9375,1.0,0.16640716418623924,0.002230782061815262,0.4915246919443557,0.5482758620689655,0.7377775001366514,0.8917971970321517,0.8614969135802469,0.843010752688172,0.7992351816443595,0.7381319622964867,0.8257575757575758,0.6123718718256533,0.58480335722509,0.8444270169591217,0.8344234079173838,0.5467005076142132,0.6965558194774347,0.8664052287581699,0.6521470143439806,0.7921533393231507,0.8788647900323027,0.6284062758051198,0.8222152788626778,0.7441571357533565,0.8690228690228691,0.8402582818641213,0.7205707491082045,0.7792937399678973,0.7061128526645768,0.8100828729281768,0.7746610565684899,0.691580050293378,0.8571428571428571,0.8804926764314248,0.7625659081448591,0.7866015971606034,0.8007152579465692,0.814264207753105,0.001,128,Encoder0_Classifier,10,CNR,CrossEntropy,3x128x128,camera6,train_classifier.py,Encoder0_Classifier_camera6_128,lucas.ocunha,LOCAL,fae73dae369fa16580455b7cd0cc0abcfe344dde
3186e2dd7ad84651bd8285e11dd687a6,31,FINISHED,mlflow-artifacts:/31/3186e2dd7ad84651bd8285e11dd687a6/artifacts,2026-02-24 01:47:12.942000+00:00,2026-02-24 01:51:24.117000+00:00,0.9375,1.0,0.2276509702205658,0.03656194917857647,0.47818845519895753,0.5784423119839321,0.73531998350079,0.8917345750873108,0.8928433641975309,0.861136712749616,0.8133874239350912,0.7957454819277109,0.8656126482213439,0.6074314341121064,0.5817212377938406,0.8735275883446993,0.8585994097129058,0.5236189907435055,0.7379594423320659,0.8704128440366973,0.6345854328905176,0.8385391638635271,0.881979695431472,0.6658959537572254,0.8508045617872207,0.7900567414212375,0.8605150214592274,0.8596207555490225,0.763237398632533,0.815008025682183,0.7193006798945469,0.8347670250896058,0.8423973362930077,0.7403547855144477,0.8526077097505669,0.9040670063034281,0.8176599139725267,0.8246450754214729,0.8436294584866183,0.8327732753508599,0.001,64,Encoder0_Classifier,10,CNR,CrossEntropy,3x128x128,camera6,train_classifier.py,Encoder0_Classifier_camera6_64,lucas.ocunha,LOCAL,fae73dae369fa16580455b7cd0cc0abcfe344dde
1178b1d830c1481b86a7897731f7a29f,31,FINISHED,mlflow-artifacts:/31/1178b1d830c1481b86a7897731f7a29f/artifacts,2026-02-24 01:42:58.216000+00:00,2026-02-24 01:47:12.659000+00:00,0.96875,0.9970703125,0.14959640428423882,0.01023118244484067,0.6185560114163396,0.6713462020556531,0.5660057312481528,0.9420019734678216,0.9442515432098766,0.8863287250384024,0.8355640535372849,0.8646871263451574,0.9224857268335529,0.6101556007018192,0.7211906867079281,0.9247655583972719,0.9332947195675259,0.7201179456554195,0.8262829403606102,0.8941647597254004,0.7474487562055006,0.9191616766467066,0.9389709275496078,0.7755573905862924,0.9192313700984222,0.8736629083550159,0.9085239085239085,0.9212010364273738,0.8842143771721237,0.8912520064205457,0.7976172747580045,0.8978899773926149,0.86353591160221,0.8764300248699978,0.9002267573696145,0.9475308641975309,0.6908069700753897,0.9233584738243124,0.5917815120277538,0.9080532656943564,0.001,1024,Encoder0_Classifier,10,CNR,CrossEntropy,3x128x128,camera5,train_classifier.py,Encoder0_Classifier_camera5_1024,lucas.ocunha,LOCAL,fae73dae369fa16580455b7cd0cc0abcfe344dde
4d095d3a4d594b5c9450555bd8af1e53,31,FINISHED,mlflow-artifacts:/31/4d095d3a4d594b5c9450555bd8af1e53/artifacts,2026-02-24 01:38:40.534000+00:00,2026-02-24 01:42:58.097000+00:00,0.96875,0.99609375,0.05278531275689602,0.01545187458395958,0.6476324015591032,0.6967548404690482,0.8195811672750064,0.9362805909552272,0.9340277777777778,0.8854070660522273,0.8308668076109936,0.9367490364996599,0.9436758893280632,0.7740557761566165,0.7263355660839732,0.9415517830693859,0.9350108975629087,0.7326963272618692,0.8244547729710404,0.8927852831273354,0.7376664859558382,0.9294942783314877,0.9348177203507153,0.7881090008257639,0.9326667708170598,0.9043293975174084,0.8618421052631579,0.9327088212334114,0.9071510957324106,0.8778089887640449,0.7993117472235257,0.8833556789886995,0.8661461238148355,0.9023318251199303,0.8571428571428571,0.9364075864633693,0.8396437491327876,0.927240461401952,0.826815188988202,0.9271833817288363,0.001,512,Encoder0_Classifier,10,CNR,CrossEntropy,3x128x128,camera5,train_classifier.py,Encoder0_Classifier_camera5_512,lucas.ocunha,LOCAL,fae73dae369fa16580455b7cd0cc0abcfe344dde
c4da8d65068e44ddaa1805394c38e062,31,FINISHED,mlflow-artifacts:/31/c4da8d65068e44ddaa1805394c38e062/artifacts,2026-02-24 01:34:35.012000+00:00,2026-02-24 01:38:40.414000+00:00,1.0,0.98828125,0.003868572413921356,0.025922514963895082,0.6415418319616318,0.6878796644489442,0.8106350621427447,0.9337010226358727,0.9379822530864198,0.896774193548387,0.8557692307692307,0.9355908122188018,0.9245718050065876,0.7499076553698403,0.6907882976821784,0.9200139713587147,0.9292283086765294,0.7041131681098836,0.7933682373472949,0.900355871886121,0.6862100904866328,0.9443498012492901,0.9334333179510844,0.7643270024772915,0.9304796125605375,0.9096515572001234,0.8327485380116959,0.929866036249015,0.9092331768388107,0.8509229534510433,0.7692058871098172,0.8595197579882775,0.900355871886121,0.8782569631626236,0.8378684807256236,0.9394595612465869,0.8925957402525323,0.9214729370008873,0.8950023313975669,0.9420357060051009,0.001,256,Encoder0_Classifier,10,CNR,CrossEntropy,3x128x128,camera5,train_classifier.py,Encoder0_Classifier_camera5_256,lucas.ocunha,LOCAL,fae73dae369fa16580455b7cd0cc0abcfe344dde
eda1aa7b2ec74f3eb4b246d3bddac71e,31,FINISHED,mlflow-artifacts:/31/eda1aa7b2ec74f3eb4b246d3bddac71e/artifacts,2026-02-24 01:30:26.772000+00:00,2026-02-24 01:34:34.897000+00:00,0.953125,1.0,0.19316493347287178,0.0038199471309781075,0.5106368269268755,0.602257024412713,0.6982390408392657,0.9165077346895528,0.9021990740740741,0.8562211981566821,0.807909604519774,0.8065425831923294,0.8786780851998244,0.6281281743466618,0.6266518712801372,0.8859060402684564,0.8752715423606082,0.5774335622573903,0.7196765498652291,0.8769716088328076,0.6462349934067857,0.8449266113592853,0.9090909090909091,0.69644921552436,0.8995469457897204,0.83419407447676,0.8845360824742268,0.9051762276950303,0.7854126055880442,0.8079855537720706,0.7399547255234862,0.8339406559083811,0.7875354107648725,0.8044426315063317,0.873015873015873,0.9126313975529898,0.7917071365801767,0.8471606033717834,0.7882337727986082,0.8567749603803486,0.001,128,Encoder0_Classifier,10,CNR,CrossEntropy,3x128x128,camera5,train_classifier.py,Encoder0_Classifier_camera5_128,lucas.ocunha,LOCAL,fae73dae369fa16580455b7cd0cc0abcfe344dde
4e3d7d45557442b79f963872d04065a2,31,FINISHED,mlflow-artifacts:/31/4e3d7d45557442b79f963872d04065a2/artifacts,2026-02-24 01:26:23.580000+00:00,2026-02-24 01:30:26.646000+00:00,0.921875,1.0,0.17035243660211563,0.01719154231250286,0.4651096715535856,0.6441025641025641,0.7568388070847606,0.8824270417803906,0.875,0.8356374807987711,0.7762376237623763,0.8211829436038515,0.87955643390426,0.6542155323667929,0.61411897987143,0.88397673188789,0.8692462864478269,0.5063526425798746,0.7174372922333031,0.8563758389261745,0.5976306518445503,0.8327296674349687,0.8707891093677895,0.7354252683732453,0.8937665989689111,0.8341611479028698,0.8305084745762712,0.8988997918525127,0.7881609577652146,0.8023675762439807,0.7582251735587081,0.8281876853305424,0.7822461991172143,0.8052891826248513,0.81859410430839,0.886435331230284,0.8630931733037325,0.8418367346938775,0.8754460939657326,0.8183411214953271,0.001,64,Encoder0_Classifier,10,CNR,CrossEntropy,3x128x128,camera5,train_classifier.py,Encoder0_Classifier_camera5_64,lucas.ocunha,LOCAL,fae73dae369fa16580455b7cd0cc0abcfe344dde
0c83c590f7b74f8591f6d1173ed38e5a,31,FINISHED,mlflow-artifacts:/31/0c83c590f7b74f8591f6d1173ed38e5a/artifacts,2026-02-24 01:22:15.210000+00:00,2026-02-24 01:26:23.246000+00:00,0.984375,0.998046875,0.03680950216948986,0.007624653750099242,0.6566384638125942,0.692429022082019,0.7519245806671879,0.9402048232573506,0.9493634259259259,0.8721966205837174,0.8352490421455939,0.8637646110439339,0.9169960474308301,0.7399921507064364,0.7844520532205804,0.9189536878216124,0.91222360486264,0.7274708868318901,0.8011478730587441,0.8760429082240763,0.718723515724918,0.9218229623137598,0.9373557914167051,0.7915772089182493,0.9431338853304171,0.9028840494408475,0.9073881373569199,0.944,0.8577857785778578,0.8715890850722311,0.8067381316998469,0.8811734125510583,0.8802395209580839,0.9212145550579235,0.8990929705215419,0.9524585710404782,0.8560687526016373,0.8982919254658385,0.8446347163759022,0.9100405030910254,0.001,1024,Encoder0_Classifier,10,CNR,CrossEntropy,3x128x128,camera4,train_classifier.py,Encoder0_Classifier_camera4_1024,lucas.ocunha,LOCAL,fae73dae369fa16580455b7cd0cc0abcfe344dde
29faebfe199949b3993de3df8741ae37,31,FINISHED,mlflow-artifacts:/31/29faebfe199949b3993de3df8741ae37/artifacts,2026-02-24 01:18:07.925000+00:00,2026-02-24 01:22:15.087000+00:00,0.984375,1.0,0.049976637586951256,0.002620832994580269,0.6078186317394456,0.6341158841158842,0.7882702301410542,0.9248795444590451,0.9400077160493827,0.8519201228878648,0.8817204301075269,0.8720182534743829,0.9144707949055775,0.7366331147843753,0.702271900525811,0.9152062697289648,0.9,0.6901537772469394,0.7891426679907315,0.8556021569802277,0.7009043415600793,0.9163135593220338,0.9208583294877711,0.7271676300578035,0.9356350570223403,0.9007747318235996,0.9070796460176991,0.936203158872716,0.842546362339515,0.8641653290529695,0.7545319465081723,0.8756657483930211,0.864406779661017,0.8750979932326041,0.9047619047619048,0.9434648245773496,0.8219439433883724,0.8835403726708074,0.8091845206379104,0.8905525094896668,0.001,512,Encoder0_Classifier,10,CNR,CrossEntropy,3x128x128,camera4,train_classifier.py,Encoder0_Classifier_camera4_512,lucas.ocunha,LOCAL,fae73dae369fa16580455b7cd0cc0abcfe344dde
98b878ebb9df46fdadb69ab64e8d09cf,31,FINISHED,mlflow-artifacts:/31/98b878ebb9df46fdadb69ab64e8d09cf/artifacts,2026-02-24 01:14:03.344000+00:00,2026-02-24 01:18:07.802000+00:00,1.0,1.0,0.0005875006318092346,0.0009599807672202587,0.5270156118011451,0.5995266272189349,0.7532294665266095,0.907358390682901,0.9013310185185185,0.8470046082949308,0.8123791102514507,0.8020256067265431,0.8676987263943786,0.6447617508541879,0.606594428444123,0.874466090217731,0.8562724014336918,0.6000298596595999,0.7418045582266625,0.8549796156086197,0.6535402521823472,0.8531674578490751,0.8990539916935856,0.6886870355078447,0.922824558662709,0.8723586521987435,0.8786610878661087,0.9251968503937008,0.7622846202935546,0.824438202247191,0.728815997698173,0.8444997334281145,0.8398169336384439,0.8242053365706216,0.8684807256235828,0.9106316065344632,0.8765667637944591,0.8220940550133097,0.8862467832082137,0.847675568743818,0.001,256,Encoder0_Classifier,10,CNR,CrossEntropy,3x128x128,camera4,train_classifier.py,Encoder0_Classifier_camera4_256,lucas.ocunha,LOCAL,fae73dae369fa16580455b7cd0cc0abcfe344dde
37c4215614e0462d9826f862218d4e70,31,FINISHED,mlflow-artifacts:/31/37c4215614e0462d9826f862218d4e70/artifacts,2026-02-24 01:09:58.323000+00:00,2026-02-24 01:14:03.221000+00:00,0.953125,1.0,0.21708889305591583,0.0026988843455910683,0.4932269929970998,0.5843198570471297,0.7296240183043721,0.8832612723903644,0.8670910493827161,0.8168970814132105,0.7669172932330827,0.775506479284541,0.8521080368906456,0.5962461907840059,0.5749457885632142,0.863179278821737,0.8510867612717802,0.5499178859361004,0.71073885731379,0.8289322617680827,0.6491676219182227,0.8146853146853147,0.869173973234887,0.6744838976052849,0.8907983127636306,0.8287277701778386,0.8403707518022657,0.896551724137931,0.7590515860301186,0.7963483146067416,0.7263640149937526,0.8239986127969482,0.8031145717463849,0.7327086103005922,0.8242630385487528,0.8815133276010318,0.8099850839461634,0.8161047027506655,0.8377904179056597,0.8057851239669421,0.001,128,Encoder0_Classifier,10,CNR,CrossEntropy,3x128x128,camera4,train_classifier.py,Encoder0_Classifier_camera4_128,lucas.ocunha,LOCAL,fae73dae369fa16580455b7cd0cc0abcfe344dde
f40f116af2c840f4bfbd4959ba67b24c,31,FINISHED,mlflow-artifacts:/31/f40f116af2c840f4bfbd4959ba67b24c/artifacts,2026-02-24 01:05:57.917000+00:00,2026-02-24 01:09:58.210000+00:00,0.953125,1.0,0.16706550680100918,0.018321571871638298,0.4948358014377129,0.5942312393057932,0.7225665106516627,0.8674801061007957,0.8462577160493827,0.7769585253456222,0.7784810126582279,0.7837014470677837,0.8478260869565217,0.5819443161880137,0.5664476765832743,0.8558951965065502,0.8426544622425629,0.5529561063003882,0.7079268292682926,0.7894431554524362,0.642863958397939,0.8172881355932203,0.8559067835717582,0.6771263418662262,0.885174191532573,0.837660485021398,0.8083242059145673,0.8887543514454367,0.762970329852478,0.7873194221508828,0.713216957605985,0.8141654978962132,0.7724177071509648,0.6833312519387184,0.8015873015873016,0.8581598149136858,0.7613951713611766,0.8093389529724934,0.8043054600630646,0.8119165839126117,0.001,64,Encoder0_Classifier,10,CNR,CrossEntropy,3x128x128,camera4,train_classifier.py,Encoder0_Classifier_camera4_64,lucas.ocunha,LOCAL,fae73dae369fa16580455b7cd0cc0abcfe344dde
5b136bbcd22d4163a7d1a3e038414e5e,31,FINISHED,mlflow-artifacts:/31/5b136bbcd22d4163a7d1a3e038414e5e/artifacts,2026-02-24 01:01:50.270000+00:00,2026-02-24 01:05:57.638000+00:00,0.96875,0.998046875,0.032056545838713646,0.006687689223326743,0.580839626542471,0.7254901960784313,0.4519259186287065,0.9198689956331878,0.9221643518518519,0.9628264208909371,0.9137168141592921,0.845998790566418,0.897562582345191,0.4862406501061963,0.5408830985085186,0.8999678353168221,0.9009267220789147,0.672267841146611,0.830550621669627,0.9646715328467154,0.7085935788768013,0.9107887579329103,0.9153207198892478,0.8080924855491329,0.9170442118418997,0.8845348489380795,0.9270482603815937,0.917610550814585,0.8457399103139014,0.8870385232744783,0.8123990958992573,0.892536743653369,0.9499712478435882,0.7650555751144194,0.9263038548752834,0.9256426794434719,0.6506347995004856,0.8849822537710736,0.5572545370621378,0.8832285115303983,0.001,1024,Encoder0_Classifier,10,CNR,CrossEntropy,3x128x128,camera3,train_classifier.py,Encoder0_Classifier_camera3_1024,lucas.ocunha,LOCAL,fae73dae369fa16580455b7cd0cc0abcfe344dde
02aee8d23ba64aa9afbf19c85f682234,31,FINISHED,mlflow-artifacts:/31/02aee8d23ba64aa9afbf19c85f682234/artifacts,2026-02-24 00:57:43.040000+00:00,2026-02-24 01:01:50.146000+00:00,0.921875,0.982421875,0.2492622807621956,0.04409800027497113,0.5206071872321162,0.7019774011299436,0.7131823733909612,0.8875665518321328,0.8890817901234568,0.9456221198156682,0.9051724137931034,0.7893457943925234,0.8605621431708388,0.6476359774679102,0.6416446879015352,0.869287772745986,0.8757494696061249,0.5932965064198268,0.8031388604571819,0.9494430162810625,0.66489937509226,0.8496993987975952,0.8757498846331334,0.785962014863749,0.9040774878925167,0.8498312710911136,0.9302325581395349,0.9077801141483929,0.797949235165574,0.8701845906902087,0.7931694861155442,0.8791783380018674,0.915702479338843,0.8419147694103911,0.9285714285714286,0.8984637118135264,0.7691856297118542,0.8505989352262644,0.7429257660198519,0.8192329928695317,0.001,512,Encoder0_Classifier,10,CNR,CrossEntropy,3x128x128,camera3,train_classifier.py,Encoder0_Classifier_camera3_512,lucas.ocunha,LOCAL,fae73dae369fa16580455b7cd0cc0abcfe344dde
8a7c78ba5b2640eb982a32265018ae48,31,FINISHED,mlflow-artifacts:/31/8a7c78ba5b2640eb982a32265018ae48/artifacts,2026-02-24 00:53:26.392000+00:00,2026-02-24 00:57:42.921000+00:00,0.953125,0.99609375,0.13514425791800022,0.008686289191246033,0.5174480578983787,0.6711229946524064,0.7512206090196583,0.8961303462321792,0.9050925925925926,0.9499231950844854,0.8423326133909287,0.8010370654887651,0.8648440931049627,0.6423954197063441,0.6055200269269606,0.8714091716285386,0.8695332598309445,0.5892131979695432,0.7908719346049047,0.9533085075909482,0.667913847936418,0.8762530245419979,0.8882095062298108,0.7611890999174236,0.902827683174504,0.8575547866205305,0.8647450110864745,0.9053272450532724,0.7897196261682243,0.8563402889245586,0.7763686978038973,0.8664179104477612,0.9218836565096953,0.7417226283059571,0.8616780045351474,0.9115426105717368,0.7852666389158688,0.8425022182786158,0.8039524106115469,0.8463251670378619,0.001,256,Encoder0_Classifier,10,CNR,CrossEntropy,3x128x128,camera3,train_classifier.py,Encoder0_Classifier_camera3_256,lucas.ocunha,LOCAL,fae73dae369fa16580455b7cd0cc0abcfe344dde
44dc1db3447544e3926e01df83f422b9,31,FINISHED,mlflow-artifacts:/31/44dc1db3447544e3926e01df83f422b9/artifacts,2026-02-24 00:49:22.840000+00:00,2026-02-24 00:53:26.264000+00:00,0.9375,1.0,0.5438174605369568,0.009575314819812775,0.5070534383839105,0.5910822316827247,0.738175635973331,0.855803749501396,0.8499228395061729,0.8930875576036866,0.7504332755632582,0.6994482310938007,0.7905138339920948,0.6142418505863884,0.5862588200156801,0.8187689969604863,0.8379564606741573,0.5731561660197074,0.6905452436194895,0.9061488673139159,0.6652891110668836,0.7868628640776699,0.8331795108444855,0.6840627580511973,0.8464302452741759,0.7669438145628622,0.8523622047244095,0.8609814736246642,0.7343076923076923,0.7772873194221509,0.7338990123800251,0.8109673024523161,0.8308605341246291,0.6740691355031618,0.8299319727891157,0.8695725062866723,0.747352111373202,0.7952528837622005,0.7924207446252648,0.7610854913089748,0.001,128,Encoder0_Classifier,10,CNR,CrossEntropy,3x128x128,camera3,train_classifier.py,Encoder0_Classifier_camera3_128,lucas.ocunha,LOCAL,fae73dae369fa16580455b7cd0cc0abcfe344dde
4594feb2becc4ac38cfdfb9d4e2e3af8,31,FINISHED,mlflow-artifacts:/31/4594feb2becc4ac38cfdfb9d4e2e3af8/artifacts,2026-02-24 00:45:20.203000+00:00,2026-02-24 00:49:22.723000+00:00,0.875,1.0,0.3600136488676071,0.027382155880331993,0.5325843564203536,0.6282586027111574,0.7362621883461412,0.8836758850747874,0.8872492283950617,0.9290322580645162,0.8093126385809313,0.8252131546894031,0.8724198506807203,0.610975159294487,0.5843436350988771,0.874946190271201,0.8703087885985749,0.611757240967453,0.7792382878328278,0.9344308827703661,0.6796863933386299,0.8811482903638691,0.8752884171665898,0.7123038810900083,0.8814247773785346,0.8454733117074609,0.8202247191011236,0.8831048821808101,0.8130658618853187,0.846107544141252,0.7345321548308442,0.8577258393618995,0.8960261295590637,0.6625947022780291,0.81859410430839,0.8918293698528731,0.7162943434623745,0.8486024844720497,0.757950033294695,0.8374464613501937,0.001,64,Encoder0_Classifier,10,CNR,CrossEntropy,3x128x128,camera3,train_classifier.py,Encoder0_Classifier_camera3_64,lucas.ocunha,LOCAL,fae73dae369fa16580455b7cd0cc0abcfe344dde
305626e677984de28f55471bec845e20,31,FINISHED,mlflow-artifacts:/31/305626e677984de28f55471bec845e20/artifacts,2026-02-24 00:41:14.691000+00:00,2026-02-24 00:45:19.917000+00:00,1.0,1.0,7.921271026134491e-05,0.0006335581419989467,0.6062737667259348,0.6741071428571429,0.6053522140885635,0.8993359333825235,0.9137731481481481,0.8734254992319509,0.9624724061810155,0.7625268432355047,0.8427755819060166,0.6203943115707822,0.6996782068353307,0.8561382358850713,0.86675103959501,0.6836070468796656,0.8097826086956522,0.8821510297482837,0.687921538597473,0.8608314387788243,0.8898246423627134,0.7687861271676301,0.8615841274800813,0.7823649337410805,0.9775784753363229,0.8738969541702248,0.7769854132901135,0.8796147672552167,0.785736149372513,0.8882265275707899,0.8519337016574585,0.8883147853736089,0.9773242630385488,0.9222338204592901,0.7976591045742565,0.8365128660159716,0.7719276523507121,0.836962919364332,0.001,1024,Encoder0_Classifier,10,CNR,CrossEntropy,3x128x128,camera2,train_classifier.py,Encoder0_Classifier_camera2_1024,lucas.ocunha,LOCAL,fae73dae369fa16580455b7cd0cc0abcfe344dde
c8ff4e5f978b487dbc4b5fd8714da4eb,31,FINISHED,mlflow-artifacts:/31/c8ff4e5f978b487dbc4b5fd8714da4eb/artifacts,2026-02-24 00:37:08.100000+00:00,2026-02-24 00:41:14.568000+00:00,1.0,1.0,0.0002637375146150589,0.0012678576167672873,0.5462933397927837,0.6560459650039174,0.4620972002113048,0.8858963815789473,0.8919753086419753,0.8466973886328725,0.9336188436830836,0.7117355371900826,0.8019323671497585,0.5298504016991412,0.6151979745411069,0.8268049155145929,0.8381851560451088,0.6241266049567035,0.7015276145710928,0.8597132414956424,0.6633864584447534,0.82953125,0.8719427780341485,0.7471511147811726,0.85267926886424,0.7710268641727341,0.9624724061810155,0.8669019054340156,0.7322437757751642,0.7889245585874799,0.7664378337147216,0.8194921070693205,0.8172100481026189,0.8376983527278222,0.9614512471655329,0.9045834043278241,0.7566688636048287,0.794698314108252,0.7248209376297405,0.8072311727238666,0.001,512,Encoder0_Classifier,10,CNR,CrossEntropy,3x128x128,camera2,train_classifier.py,Encoder0_Classifier_camera2_512,lucas.ocunha,LOCAL,fae73dae369fa16580455b7cd0cc0abcfe344dde
8141e4fedc204759a8aa6d03efdfd1fa,31,FINISHED,mlflow-artifacts:/31/8141e4fedc204759a8aa6d03efdfd1fa/artifacts,2026-02-24 00:33:03.264000+00:00,2026-02-24 00:37:07.984000+00:00,1.0,1.0,7.596239447593689e-05,0.0014019724912941456,0.5096900185374268,0.6247334754797441,0.7583883685725218,0.8623361144219309,0.8458719135802469,0.8685099846390169,0.9256900212314225,0.7067681615091842,0.7950153711023277,0.6646966478899252,0.6249862908532573,0.8206359880872321,0.8153156960527428,0.5759480441922962,0.7234687689508793,0.8825466520307355,0.6441574061313722,0.7731522056675431,0.8401015228426396,0.7236994219653179,0.824089985939697,0.7354623450905624,0.9582417582417583,0.8457111537407509,0.6950569246289091,0.8093900481540931,0.759176623002735,0.8339741349178609,0.8212461695607763,0.7880153383982857,0.9569160997732427,0.8688443860801051,0.8231031173396235,0.7576530612244898,0.8339911834520176,0.7645297640014089,0.001,256,Encoder0_Classifier,10,CNR,CrossEntropy,3x128x128,camera2,train_classifier.py,Encoder0_Classifier_camera2_256,lucas.ocunha,LOCAL,fae73dae369fa16580455b7cd0cc0abcfe344dde
bce45c7d1d57452aa89c4fe5105e0d5c,31,FINISHED,mlflow-artifacts:/31/bce45c7d1d57452aa89c4fe5105e0d5c/artifacts,2026-02-24 00:28:58.710000+00:00,2026-02-24 00:33:03.145000+00:00,1.0,1.0,0.004182472825050354,0.007320092990994453,0.5062646488613675,0.6153306847394251,0.7548955269831239,0.8398285268901013,0.8236882716049383,0.8457757296466973,0.9136842105263158,0.6843543978131532,0.7723978919631094,0.6507872379721119,0.611816617857565,0.8041568256967406,0.8037320332857023,0.5710510600179158,0.66890756302521,0.8616317530319736,0.6462527241162782,0.7522276516240299,0.8103368712505769,0.7127993393889348,0.8000312451179503,0.7106845513413506,0.949671772428884,0.8276326420684083,0.6825124910778015,0.7556179775280899,0.7517487508922198,0.7967967967967968,0.8048403707518023,0.724368399254504,0.9478458049886621,0.8513337670787248,0.7488523888811803,0.7410159716060337,0.7630856323233866,0.7337419135171944,0.001,128,Encoder0_Classifier,10,CNR,CrossEntropy,3x128x128,camera2,train_classifier.py,Encoder0_Classifier_camera2_128,lucas.ocunha,LOCAL,fae73dae369fa16580455b7cd0cc0abcfe344dde
b39540dd683b465c9f01c962e5b449ac,31,FINISHED,mlflow-artifacts:/31/b39540dd683b465c9f01c962e5b449ac/artifacts,2026-02-24 00:24:56.284000+00:00,2026-02-24 00:28:58.585000+00:00,0.921875,1.0,0.23204362392425537,0.025607995688915253,0.47579686606843113,0.6520965692503177,0.2792125699837457,0.802518488906656,0.8060378086419753,0.7981566820276498,0.8429752066115702,0.6760633861551293,0.7524154589371981,0.44717887154861946,0.48408308109800646,0.7823569153556607,0.8061044460127029,0.5215288145715139,0.7077798861480076,0.8155012636899748,0.6206753701752933,0.7502632766661652,0.7720350715274573,0.7474814203137903,0.7637869082955788,0.6875,0.8840736728060672,0.7940615636066467,0.7090316573556797,0.7772873194221509,0.7704548866536556,0.8012889366272825,0.7744,0.7199266735498009,0.8786848072562359,0.8322069253233209,0.6189786550113315,0.7562111801242236,0.5090491922958019,0.7149216524216524,0.001,64,Encoder0_Classifier,10,CNR,CrossEntropy,3x128x128,camera2,train_classifier.py,Encoder0_Classifier_camera2_64,lucas.ocunha,LOCAL,fae73dae369fa16580455b7cd0cc0abcfe344dde
6a30750c3bed4f708d423c32af8d764a,31,FINISHED,mlflow-artifacts:/31/6a30750c3bed4f708d423c32af8d764a/artifacts,2026-02-24 00:20:49.746000+00:00,2026-02-24 00:24:56.001000+00:00,0.96875,0.986328125,0.05341837368905544,0.047417863039299846,0.6279561622764853,0.9009100101112234,0.2878104597159588,0.9231267544806737,0.9206211419753086,0.869431643625192,0.9433551198257081,0.8208634498925571,0.8813131313131313,0.5114507341398098,0.7041001152642845,0.8860305745914602,0.8817204301075269,0.7203269632726187,0.8054221002059025,0.875036753895913,0.7361192305796009,0.8910445175818466,0.9178587909552377,0.942691990090834,0.8895485080456179,0.8323619206217041,0.9643652561247216,0.8945563012677107,0.8009684421439306,0.8707865168539326,0.9390479536272616,0.8793555638816036,0.8676384839650145,0.8622947924561623,0.963718820861678,0.925929259292593,0.782942509597151,0.8572537710736469,0.7573564102398387,0.8774630541871922,0.001,1024,Encoder0_Classifier,10,CNR,CrossEntropy,3x128x128,camera1,train_classifier.py,Encoder0_Classifier_camera1_1024,lucas.ocunha,LOCAL,fae73dae369fa16580455b7cd0cc0abcfe344dde
00ddaf2114104637848e55cefe22d3b4,31,FINISHED,mlflow-artifacts:/31/00ddaf2114104637848e55cefe22d3b4/artifacts,2026-02-24 00:16:44.619000+00:00,2026-02-24 00:20:49.603000+00:00,0.96875,0.99609375,0.08240420743823051,0.01657216320745647,0.5854745391166852,0.8641058747579083,0.07463728760958957,0.8870133980377677,0.8878279320987654,0.8393241167434716,0.921443736730361,0.7601188265874489,0.8282828282828283,0.44930279804229384,0.45016378100140386,0.839622641509434,0.8611713665943601,0.6678859361003284,0.7868852459016393,0.8454948301329395,0.6872231830261104,0.8519642556061372,0.8764420858329488,0.9223781998348473,0.8786127167630058,0.8163265306122449,0.9538461538461539,0.8853474988933157,0.7718729747245625,0.8507223113964687,0.9192994505494505,0.8609865470852018,0.8422601530311948,0.754605042225843,0.9523809523809523,0.896796521430473,0.6166400721520744,0.8296362023070097,0.4777996534887384,0.8260955000982512,0.001,512,Encoder0_Classifier,10,CNR,CrossEntropy,3x128x128,camera1,train_classifier.py,Encoder0_Classifier_camera1_512,lucas.ocunha,LOCAL,fae73dae369fa16580455b7cd0cc0abcfe344dde
77001a951340494c90c3e4cb9b27b05d,31,FINISHED,mlflow-artifacts:/31/77001a951340494c90c3e4cb9b27b05d/artifacts,2026-02-24 00:12:38.815000+00:00,2026-02-24 00:16:44.489000+00:00,0.96875,1.0,0.10955962538719177,0.010291377548128366,0.5500849563432433,0.8197727970525023,0.14565236162680253,0.8769436721243951,0.8622685185185185,0.8350230414746543,0.8504854368932039,0.7565248480514837,0.8357487922705314,0.42895235017083755,0.39696884119363646,0.8497991967871485,0.8355023425299323,0.6374888026276501,0.7519230769230769,0.8469649472784269,0.6975799922778961,0.8051826412738058,0.8621365943700969,0.8938067712634187,0.8294016559912514,0.7521324636226794,0.9182389937106918,0.8459367945823928,0.7258064516129032,0.8290529695024077,0.8925288316897877,0.8463203463203464,0.8151398793198025,0.7795251337651365,0.9115646258503401,0.8784059945504087,0.6819267147680496,0.7897071872227152,0.6168647346191211,0.8002255215185116,0.001,256,Encoder0_Classifier,10,CNR,CrossEntropy,3x128x128,camera1,train_classifier.py,Encoder0_Classifier_camera1_256,lucas.ocunha,LOCAL,fae73dae369fa16580455b7cd0cc0abcfe344dde
daaa40cbafb84f1996d42bc1fb5d5f85,31,FINISHED,mlflow-artifacts:/31/daaa40cbafb84f1996d42bc1fb5d5f85/artifacts,2026-02-24 00:08:34.571000+00:00,2026-02-24 00:12:38.691000+00:00,0.90625,1.0,0.2704581320285797,0.012649907730519772,0.5088113419480287,0.779557367501456,0.14536494234361916,0.8364891518737673,0.8127893518518519,0.7972350230414746,0.8443579766536965,0.6831222952396218,0.7715195432586737,0.3874549819927971,0.3047265361242404,0.8037718057520038,0.8056044970215622,0.5752911316810988,0.6866485013623979,0.8218142548596112,0.6545681950650865,0.7454125126426817,0.8087217351176742,0.8668868703550785,0.784877362912045,0.7002553981889946,0.9108079748163693,0.8141449588338507,0.6832218585456098,0.7610353130016051,0.8691558441558441,0.7920377160817181,0.7542120911793855,0.7351789774725146,0.9036281179138322,0.8416673464393507,0.6722977660607743,0.7430124223602484,0.6240448901623686,0.7375652173913043,0.001,128,Encoder0_Classifier,10,CNR,CrossEntropy,3x128x128,camera1,train_classifier.py,Encoder0_Classifier_camera1_128,lucas.ocunha,LOCAL,fae73dae369fa16580455b7cd0cc0abcfe344dde
4928865622fb4e4f8a064e94ff729751,31,FINISHED,mlflow-artifacts:/31/4928865622fb4e4f8a064e94ff729751/artifacts,2026-02-24 00:04:33.214000+00:00,2026-02-24 00:08:34.453000+00:00,0.90625,0.984375,0.2198384627699852,0.05701589211821556,0.48395351724006225,0.7913385826771654,0.18330895852133056,0.8853780086947302,0.8629436728395061,0.8657450076804916,0.8755555555555555,0.7812382030955077,0.8478260869565217,0.39408070920675964,0.3466925612052731,0.8565811258278145,0.8439690814308827,0.5362645565840549,0.7769046805603006,0.8699791728652186,0.6200210412996673,0.8249543719926995,0.8752884171665898,0.8675474814203138,0.8606467739415716,0.8071150639244025,0.8863892013498312,0.8668656716417911,0.7531280076997112,0.838884430176565,0.8669542136695422,0.8499345916651093,0.8728358208955224,0.7315199686696158,0.8854875283446711,0.8749670039595249,0.6486748994033579,0.8074534161490683,0.5749151830995768,0.8282086887522317,0.001,64,Encoder0_Classifier,10,CNR,CrossEntropy,3x128x128,camera1,train_classifier.py,Encoder0_Classifier_camera1_64,lucas.ocunha,LOCAL,fae73dae369fa16580455b7cd0cc0abcfe344dde
6b27c767f21540d7bc7566e75811a630,31,FINISHED,mlflow-artifacts:/31/6b27c767f21540d7bc7566e75811a630/artifacts,2026-02-24 00:00:24.278000+00:00,2026-02-24 00:04:32.924000+00:00,1.0,1.0,8.477829396724701e-05,0.0002446809085085988,0.9290033377944757,0.5303925707049388,0.7904077166971821,0.8697386375564186,0.8145254629629629,0.7480798771121352,0.7032786885245902,0.6530973451327433,0.7295783926218709,0.7291185705051251,0.6840901009538828,0.7672242699177771,0.8258671779675789,0.9585697223051657,0.6360164512338425,0.7738554881412024,0.954047922634917,0.7533006972259308,0.8568297185048455,0.5973575557390586,0.7087955007030151,0.6389762011674899,0.8179218303145853,0.7533086289041822,0.7198419933151018,0.699438202247191,0.6733654876741694,0.742964996568291,0.7231958762886598,0.6677474564990016,0.7834467120181405,0.8407980793112012,0.7022830812635863,0.7783939662821651,0.7317237085796003,0.8065018493284017,0.001,1024,Encoder0_Classifier,10,CNR,CrossEntropy,3x128x128,UFPR05,train_classifier.py,Encoder0_Classifier_UFPR05_1024,lucas.ocunha,LOCAL,fae73dae369fa16580455b7cd0cc0abcfe344dde
f67556a4c4c44b668af8b1d72bff080c,31,FINISHED,mlflow-artifacts:/31/f67556a4c4c44b668af8b1d72bff080c/artifacts,2026-02-23 23:56:17.020000+00:00,2026-02-24 00:00:24.144000+00:00,1.0,1.0,0.0005453396588563919,0.0013030397240072489,0.9487987132660926,0.5678197542102867,0.7863573197994079,0.8838400712774251,0.8410493827160493,0.7674347158218126,0.7323943661971831,0.72005160339108,0.7828282828282829,0.7551020408163265,0.7505189912348147,0.797998366013072,0.8566128733073641,0.9612794864138549,0.6785950960901259,0.7812770875469518,0.9562082619230542,0.806173249253236,0.879672358098754,0.64822460776218,0.7651929386033433,0.700125156445557,0.8262164846077458,0.7882203748062562,0.7840407470288625,0.7299357945425361,0.7008426966292135,0.7526644615950019,0.7616901408450705,0.7464022662889518,0.8015873015873016,0.8549806406195002,0.7245820036076037,0.8285270629991127,0.7133741866194958,0.864676400087165,0.001,512,Encoder0_Classifier,10,CNR,CrossEntropy,3x128x128,UFPR05,train_classifier.py,Encoder0_Classifier_UFPR05_512,lucas.ocunha,LOCAL,fae73dae369fa16580455b7cd0cc0abcfe344dde
6fe61de6d0a345fb9d1a0006fa3c3ea5,31,FINISHED,mlflow-artifacts:/31/6fe61de6d0a345fb9d1a0006fa3c3ea5/artifacts,2026-02-23 23:52:12.679000+00:00,2026-02-23 23:56:16.902000+00:00,1.0,1.0,0.0030921194702386856,0.0015408340841531754,0.8983736637435648,0.520460358056266,0.7970702429595972,0.8232647814910026,0.7766203703703703,0.7069124423963133,0.6948590381426202,0.6158507415085314,0.680171277997365,0.7236817804044695,0.6651386530843237,0.7261445896399361,0.8058524618889084,0.9391310839056435,0.6087740384615384,0.7403375068045727,0.9333158867498651,0.7242505194419709,0.8096446700507615,0.5815028901734104,0.6816122480862365,0.6189092534644614,0.8042226487523992,0.7309926082365364,0.7051517939282429,0.658908507223114,0.6583984901590725,0.7044506258692629,0.6841046277665996,0.6655804215174301,0.7687074829931972,0.8082146406094733,0.7333003792609037,0.7542147293700089,0.7798345316702183,0.7769915082895269,0.001,256,Encoder0_Classifier,10,CNR,CrossEntropy,3x128x128,UFPR05,train_classifier.py,Encoder0_Classifier_UFPR05_256,lucas.ocunha,LOCAL,fae73dae369fa16580455b7cd0cc0abcfe344dde
99888cbafc8345d59fe89160caa0ce4e,31,FINISHED,mlflow-artifacts:/31/99888cbafc8345d59fe89160caa0ce4e/artifacts,2026-02-23 23:48:05.848000+00:00,2026-02-23 23:52:12.563000+00:00,0.953125,1.0,0.049693722277879715,0.0033422261476516724,0.8988833539500518,0.49539748953974894,0.7470597087032622,0.7965554359526372,0.7605131172839507,0.7044546850998464,0.6889632107023411,0.635316048127436,0.6959815546772069,0.6313486933234832,0.597143616819235,0.7303009642544073,0.7979895952737854,0.9176097342490296,0.5766800689259046,0.7361492046077893,0.9069259506000017,0.7175072375438062,0.7819566220581449,0.5425268373245252,0.66536478675207,0.6053093462044756,0.7945998071359691,0.7203655352480418,0.7016591719646457,0.6207865168539326,0.6309618971489475,0.6799864544530986,0.6846938775510204,0.6019518919493623,0.7585034013605442,0.7913620704142509,0.6590641043429999,0.7458961845607809,0.735745653342893,0.7551020408163265,0.001,128,Encoder0_Classifier,10,CNR,CrossEntropy,3x128x128,UFPR05,train_classifier.py,Encoder0_Classifier_UFPR05_128,lucas.ocunha,LOCAL,fae73dae369fa16580455b7cd0cc0abcfe344dde
b938cbe141a641e9b66420a7e581ef36,31,FINISHED,mlflow-artifacts:/31/b938cbe141a641e9b66420a7e581ef36/artifacts,2026-02-23 23:44:03.601000+00:00,2026-02-23 23:48:05.728000+00:00,0.890625,1.0,0.35986727476119995,0.017010033130645752,0.7303163686382393,0.5060655074807926,0.7397081280206546,0.6579510875690296,0.6486304012345679,0.6838709677419355,0.6483516483516484,0.5670943134535368,0.6056214317083882,0.6182934712346477,0.58910481444333,0.6455496348924413,0.7303964757709251,0.8113392057330546,0.5324324324324324,0.713609796827164,0.8077528696723744,0.6325254104769351,0.6498615597600369,0.5597027250206441,0.5988126855178878,0.5605716878402904,0.7187817258883249,0.6580559254327564,0.6418395788169712,0.5569823434991974,0.6525026068821689,0.616266944734098,0.6722600943890928,0.536072319747844,0.6859410430839002,0.6895082246654735,0.5459304611257574,0.660603371783496,0.6092455266188875,0.6511264778050413,0.001,64,Encoder0_Classifier,10,CNR,CrossEntropy,3x128x128,UFPR05,train_classifier.py,Encoder0_Classifier_UFPR05_64,lucas.ocunha,LOCAL,fae73dae369fa16580455b7cd0cc0abcfe344dde
6f1b59ce84ed4b9d90f0b64bd4496042,31,FINISHED,mlflow-artifacts:/31/6f1b59ce84ed4b9d90f0b64bd4496042/artifacts,2026-02-23 23:39:57.210000+00:00,2026-02-23 23:44:03.334000+00:00,1.0,0.9990234375,4.759058356285095e-05,0.002036365447565913,0.872874398967984,0.598310291858679,0.9663681132333022,0.3666971637694419,0.5902777777777778,0.567741935483871,0.8135593220338984,0.8392504930966469,0.5961791831357048,0.9630275186997876,0.959587112918361,0.31635687732342005,0.42667079207920794,0.6088235294117647,0.7116843702579666,0.340365682137834,0.22122815360837,0.9153963414634146,0.6007152745731426,0.5920726672171759,0.6152163724418059,0.8643101482326112,0.1927710843373494,0.381000251319427,0.8772264631043257,0.5696227929373997,0.3867924528301887,0.3042491080116769,0.8120805369127517,0.9224815619461437,0.54421768707483,0.36120300751879697,0.8400715739327506,0.5889529724933452,0.823517402635516,0.932093023255814,0.001,1024,Encoder0_Classifier,10,CNR,CrossEntropy,3x128x128,UFPR04,train_classifier.py,Encoder0_Classifier_UFPR04_1024,lucas.ocunha,LOCAL,fae73dae369fa16580455b7cd0cc0abcfe344dde
a9f216128f1a466493810aebcc9ce653,31,FINISHED,mlflow-artifacts:/31/a9f216128f1a466493810aebcc9ce653/artifacts,2026-02-23 23:35:53.340000+00:00,2026-02-23 23:39:57.095000+00:00,1.0,1.0,0.00027109868824481964,0.0005678993184119463,0.8994681541055909,0.5909797822706065,0.9426644010541203,0.3827473722363175,0.5854552469135802,0.5634408602150538,0.7321428571428571,0.8519230769230769,0.601010101010101,0.9349547511312217,0.9083119276848566,0.3277839437661857,0.4298286243631311,0.6073305464317706,0.7226277372262774,0.31119728550654385,0.20863547465021814,0.8851851851851852,0.6070604522381172,0.5884393063583815,0.6127167630057804,0.8289334741288279,0.16565656565656567,0.3877500617436404,0.8782334384858044,0.5748394863563403,0.37886340977068794,0.3184303634609199,0.8514588859416445,0.8762857516357857,0.5317460317460317,0.35735645933014354,0.8144801350538828,0.5903948535936113,0.7987532219929634,0.9361702127659575,0.001,512,Encoder0_Classifier,10,CNR,CrossEntropy,3x128x128,UFPR04,train_classifier.py,Encoder0_Classifier_UFPR04_512,lucas.ocunha,LOCAL,fae73dae369fa16580455b7cd0cc0abcfe344dde
f514b926576e4a58a6c11d20112f3ff2,31,FINISHED,mlflow-artifacts:/31/f514b926576e4a58a6c11d20112f3ff2/artifacts,2026-02-23 23:31:47.864000+00:00,2026-02-23 23:35:53.220000+00:00,1.0,1.0,0.008519671857357025,0.0042476044036448,0.8448765107724645,0.5251358695652174,0.9439579865813441,0.3640326975476839,0.5831404320987654,0.5723502304147465,0.4251968503937008,0.8131455399061033,0.5938735177865613,0.9374249699879952,0.9232744848227467,0.31890996133308785,0.4106167056986729,0.6103463720513587,0.682370820668693,0.34709193245778613,0.2354853828578124,0.8628571428571429,0.5961005999077065,0.5620148637489678,0.5958443993126074,0.7759914255091104,0.19081272084805653,0.35885997521685253,0.8691341705221415,0.5617977528089888,0.36827060505002385,0.29136924075275794,0.8295964125560538,0.8771209392887991,0.48072562358276644,0.3585633719204512,0.7961501549419546,0.5812999112688554,0.7726462329087316,0.8986547085201794,0.001,256,Encoder0_Classifier,10,CNR,CrossEntropy,3x128x128,UFPR04,train_classifier.py,Encoder0_Classifier_UFPR04_256,lucas.ocunha,LOCAL,fae73dae369fa16580455b7cd0cc0abcfe344dde
8d11d9e7a3ec46329d90109635f7d251,31,FINISHED,mlflow-artifacts:/31/8d11d9e7a3ec46329d90109635f7d251/artifacts,2026-02-23 23:27:47.435000+00:00,2026-02-23 23:31:47.740000+00:00,0.953125,1.0,0.1274780798703432,0.006047524511814117,0.8070927513639906,0.402245088868101,0.9182369689226033,0.3329013145713757,0.5563271604938271,0.5207373271889401,0.5544554455445545,0.7804014167650531,0.5727931488801054,0.9061893988364577,0.8756595989638299,0.25359677728755037,0.3022042739357227,0.5731188414452075,0.6417910447761194,0.19753086419753085,0.06753958289171165,0.8397790055248618,0.5843331795108445,0.5152766308835673,0.5794407123886892,0.7463942307692307,0.2074074074074074,0.3157092018301983,0.8544243577545195,0.5517656500802568,0.22661396574440051,0.2779573367808662,0.7441860465116279,0.798274327389669,0.5147392290249433,0.28393524283935245,0.7385209981036955,0.5400399290150842,0.7108835383725353,0.8892185954500494,0.001,128,Encoder0_Classifier,10,CNR,CrossEntropy,3x128x128,UFPR04,train_classifier.py,Encoder0_Classifier_UFPR04_128,lucas.ocunha,LOCAL,fae73dae369fa16580455b7cd0cc0abcfe344dde
02e0cd9bacbc4f8b8160aa40ee6d53d0,31,FINISHED,mlflow-artifacts:/31/02e0cd9bacbc4f8b8160aa40ee6d53d0/artifacts,2026-02-23 23:23:47.104000+00:00,2026-02-23 23:27:47.320000+00:00,0.84375,1.0,0.4861878901720047,0.01008051261305809,0.7443906731192257,0.36430542778288866,0.8997668080249526,0.2680527195099313,0.5277777777777778,0.4967741935483871,0.3333333333333333,0.5929861849096706,0.5398550724637681,0.8824106565703205,0.8412540707622674,0.21028829847371397,0.2462472592342722,0.5696476560167214,0.453125,0.17522658610271905,0.05544450634072812,0.6892123287671232,0.5451084448546377,0.5010734929810075,0.5244493047961256,0.529,0.10058027079303675,0.25792296440760604,0.703953712632594,0.49919743178170145,0.2077104642014162,0.21804511278195488,0.58,0.7046318731956812,0.47278911564625853,0.24746387949585,0.6921280236806808,0.5043256433007985,0.684340934552848,0.724172517552658,0.001,64,Encoder0_Classifier,10,CNR,CrossEntropy,3x128x128,UFPR04,train_classifier.py,Encoder0_Classifier_UFPR04_64,lucas.ocunha,LOCAL,fae73dae369fa16580455b7cd0cc0abcfe344dde
b19081bbac0c42f89445bc900e92789e,31,FINISHED,mlflow-artifacts:/31/b19081bbac0c42f89445bc900e92789e/artifacts,2026-02-23 23:19:44.029000+00:00,2026-02-23 23:23:46.833000+00:00,1.0,1.0,0.00014586374163627625,0.0033263980876654387,0.7846438684382487,0.6898016997167139,0.827781201290463,0.8805046706296251,0.8609182098765432,0.7643625192012289,0.7452631578947368,0.8842377260981912,0.847167325428195,0.7806353310554991,0.7241937018361716,0.8309859154929577,0.8740446026594074,0.7564571513884741,0.8232963549920761,0.7406154886709503,0.6883090827449819,0.9128868164476474,0.8863636363636364,0.7268373245251858,0.8778315888142477,0.8969883641341547,0.774617067833698,0.8701859229747676,0.8959004078128354,0.841091492776886,0.701981981981982,0.8399353274050121,0.8615263571990559,0.9603526200384839,0.7664399092970522,0.8566030230708035,0.9741021460616993,0.8665705412599822,0.9745724949267033,0.9418634830002596,0.001,1024,Encoder0_Classifier,10,CNR,CrossEntropy,3x128x128,PUC,train_classifier.py,Encoder0_Classifier_PUC_1024,lucas.ocunha,LOCAL,fae73dae369fa16580455b7cd0cc0abcfe344dde
7bb2386376a247ed885977aa713b754b,31,FINISHED,mlflow-artifacts:/31/7bb2386376a247ed885977aa713b754b/artifacts,2026-02-23 23:15:42.440000+00:00,2026-02-23 23:19:43.910000+00:00,1.0,1.0,0.0002770107239484787,0.0022332784719765186,0.7471882640586797,0.7132892804698973,0.841593611665654,0.8762911361998559,0.8545524691358025,0.7640552995391705,0.7309833024118738,0.8778337531486146,0.8500219587176109,0.8104049312032505,0.7735210168950662,0.8361324376199616,0.8569027106534987,0.7424828306957301,0.826272833268558,0.7375256322624744,0.680112387681865,0.9026492851135408,0.8811721273650208,0.741701073492981,0.8703327605061709,0.8746701846965699,0.8057259713701431,0.8646886208020867,0.8815391266753134,0.8505216693418941,0.7130275229357799,0.8509105463277967,0.8701612903225806,0.9791573285522187,0.7845804988662132,0.850604319397662,0.9803576384071042,0.8489352262644189,0.9804503750248147,0.926829268292683,0.001,512,Encoder0_Classifier,10,CNR,CrossEntropy,3x128x128,PUC,train_classifier.py,Encoder0_Classifier_PUC_512,lucas.ocunha,LOCAL,fae73dae369fa16580455b7cd0cc0abcfe344dde
21302781cb2d42d8950348e55c587e18,31,FINISHED,mlflow-artifacts:/31/21302781cb2d42d8950348e55c587e18/artifacts,2026-02-23 23:11:41.004000+00:00,2026-02-23 23:15:42.323000+00:00,0.984375,1.0,0.11921284161508083,0.0008579674176871777,0.5565191883377759,0.7149136577708006,0.8020574171122051,0.8737819557491688,0.8518518518518519,0.7585253456221198,0.7228915662650602,0.8113661202185792,0.8334431269213878,0.7410194847169637,0.6880449261322354,0.8303321776087685,0.8517170126931024,0.6275156763212899,0.7578626986810957,0.7562034739454094,0.6362271083634667,0.8494485294117647,0.8729810798338717,0.77588769611891,0.8451804405561631,0.8058533758330919,0.8235294117647058,0.8487715550129712,0.8210965661164864,0.8196227929373997,0.7704280155642024,0.8329306820293626,0.7925877763328999,0.9417322920708481,0.7959183673469388,0.8574874744850621,0.9656005735164886,0.8328527062999113,0.966623847961811,0.8795291945534272,0.001,256,Encoder0_Classifier,10,CNR,CrossEntropy,3x128x128,PUC,train_classifier.py,Encoder0_Classifier_PUC_256,lucas.ocunha,LOCAL,fae73dae369fa16580455b7cd0cc0abcfe344dde
10201d3edd9d44cbaa460cd89d51d060,31,FINISHED,mlflow-artifacts:/31/10201d3edd9d44cbaa460cd89d51d060/artifacts,2026-02-23 23:07:40.328000+00:00,2026-02-23 23:11:40.887000+00:00,0.953125,1.0,0.37732652947306633,0.001512358896434307,0.5272631231429514,0.7258902077151336,0.8329138855454645,0.7993092389293204,0.8167438271604939,0.7050691244239631,0.7907542579075426,0.8475865687303253,0.8115942028985508,0.7884846246190784,0.7320873272849677,0.7901687454145268,0.8088974441236232,0.5921767691848313,0.817408906882591,0.6793587174348698,0.5937718424222596,0.8768084173608066,0.8122981079833872,0.7509496284062758,0.8211216997344165,0.8258408258408259,0.7647058823529411,0.8124488124488124,0.8481722359273379,0.8282504012841091,0.7218738472888233,0.825091949325705,0.7775229357798165,0.9067044522335744,0.7732426303854876,0.8080808080808081,0.9396969381619722,0.8017968056787933,0.9422588814924505,0.8716707021791767,0.001,128,Encoder0_Classifier,10,CNR,CrossEntropy,3x128x128,PUC,train_classifier.py,Encoder0_Classifier_PUC_128,lucas.ocunha,LOCAL,fae73dae369fa16580455b7cd0cc0abcfe344dde
9e24172fc9f647e6830dcb00437c747e,31,FINISHED,mlflow-artifacts:/31/9e24172fc9f647e6830dcb00437c747e/artifacts,2026-02-23 23:03:35.796000+00:00,2026-02-23 23:07:40.208000+00:00,0.953125,1.0,0.3090400155633688,0.004001352936029434,0.5356387136130545,0.8110322228290552,0.8064483956079825,0.7619047619047619,0.7820216049382716,0.6970814132104455,0.8744939271255061,0.9032009255688391,0.7502195871761089,0.7535898974974605,0.7058039327715089,0.6730852133927289,0.7762052698193533,0.589265452373843,0.8587378640776699,0.648108493932905,0.5052779226384219,0.9071428571428571,0.7946469773880941,0.7379025598678778,0.8322137166067802,0.9092009685230025,0.6297376093294461,0.8075268817204301,0.8878652276914978,0.8101926163723917,0.65174456879526,0.7890276538804639,0.8136200716845878,0.8964224872231686,0.7120181405895691,0.7521386268918623,0.9086189352943898,0.7842724046140195,0.910344475515749,0.9228775113415425,0.001,64,Encoder0_Classifier,10,CNR,CrossEntropy,3x128x128,PUC,train_classifier.py,Encoder0_Classifier_PUC_64,lucas.ocunha,LOCAL,fae73dae369fa16580455b7cd0cc0abcfe344dde
50d683453a0348c18cadb3de50fe19fa,31,FAILED,mlflow-artifacts:/31/50d683453a0348c18cadb3de50fe19fa/artifacts,2026-02-23 20:27:13.567000+00:00,2026-02-23 20:30:53.772000+00:00,0.984375,0.994140625,0.01945120096206665,0.022654477274045348,,,,,,,,,,,,,,,,,,,,,,,,,,,,,,,,,,,,,0.001,512,Encoder0_Classifier,10,CNR,CrossEntropy,3x128x128,UFPR04,train_classifier.py,Encoder0_Classifier_UFPR04_512,lucas.ocunha,LOCAL,fae73dae369fa16580455b7cd0cc0abcfe344dde
ca88dd0fba354a1ebb7800d27dcd896f,31,FINISHED,mlflow-artifacts:/31/ca88dd0fba354a1ebb7800d27dcd896f/artifacts,2026-02-23 20:22:22.885000+00:00,2026-02-23 20:27:13.449000+00:00,0.984375,0.99609375,0.0398651622235775,0.009754681959748268,0.8680800942285041,0.4980237154150198,0.9355833599801954,0.3499262536873156,0.5814043209876543,0.5566820276497696,0.5094339622641509,0.8292919495635306,0.5951910408432147,0.9279134730815403,0.9131380247659318,0.3168426903835464,0.4095029696780244,0.6126754255001493,0.7313664596273292,0.30323515210043456,0.23809104258443464,0.8786039453717754,0.593216428241809,0.5488026424442609,0.5969379784408686,0.8129496402877698,0.1981651376146789,0.3445121951219512,0.8698539176626826,0.5734349919743178,0.35626767200754006,0.3070404172099087,0.8155844155844156,0.8857854184803391,0.5045351473922902,0.3479567307692308,0.7724261135007632,0.5809671694764863,0.734453634119028,0.9177949709864603,0.001,256,Encoder0_Classifier,10,CNR,CrossEntropy,3x128x128,UFPR04,train_classifier.py,Encoder0_Classifier_UFPR04_256,lucas.ocunha,LOCAL,fae73dae369fa16580455b7cd0cc0abcfe344dde
eacaf86c289e4a85810fbe7f61aaa0dd,31,FINISHED,mlflow-artifacts:/31/eacaf86c289e4a85810fbe7f61aaa0dd/artifacts,2026-02-23 20:17:34.396000+00:00,2026-02-23 20:22:22.762000+00:00,0.984375,1.0,0.0580508504062891,0.006420338526368141,0.8566295364714337,0.43987975951903807,0.9295774647887324,0.33617810760667904,0.5578703703703703,0.528110599078341,0.5853658536585366,0.8434886499402628,0.5837725076855511,0.92046818727491,0.8994778067885117,0.271381895060542,0.3285856243789334,0.5761719916392953,0.701095461658842,0.21149897330595482,0.07747302742753152,0.8452380952380952,0.587217351176742,0.5299752270850536,0.5844399312607406,0.7587822014051522,0.18426103646833014,0.3276036400404449,0.8656195462478184,0.5652086677367576,0.23576799140708915,0.29252366960496246,0.7862595419847328,0.8183158765159868,0.518140589569161,0.2870917573872473,0.7653583321770501,0.5503549245785271,0.7452891467589644,0.906,0.001,128,Encoder0_Classifier,10,CNR,CrossEntropy,3x128x128,UFPR04,train_classifier.py,Encoder0_Classifier_UFPR04_128,lucas.ocunha,LOCAL,fae73dae369fa16580455b7cd0cc0abcfe344dde
31f178f3a59b433b95c063ee810e1247,31,FINISHED,mlflow-artifacts:/31/31f178f3a59b433b95c063ee810e1247/artifacts,2026-02-23 20:12:51.590000+00:00,2026-02-23 20:17:34.279000+00:00,0.828125,1.0,0.7824062407016754,0.01581439934670925,0.7524444444444445,0.337220602526725,0.8833683723262676,0.2637845759296574,0.5159143518518519,0.48970814132104457,0.3103448275862069,0.5829918032786885,0.5384277558190602,0.8603980053559885,0.8118839963128412,0.21302882815424934,0.2347811504276371,0.5698342788892207,0.42857142857142855,0.1797530864197531,0.05549818885119077,0.6341463414634146,0.5363405629903092,0.494467382328654,0.5200749882830807,0.5142857142857142,0.10266159695817491,0.26011560693641617,0.6535947712418301,0.4885634028892456,0.1848202396804261,0.22734161867232494,0.5368731563421829,0.6929559584464456,0.46485260770975056,0.23104029416270874,0.6951285786966376,0.4938997338065661,0.698673737021651,0.6735266604303087,0.001,64,Encoder0_Classifier,10,CNR,CrossEntropy,3x128x128,UFPR04,train_classifier.py,Encoder0_Classifier_UFPR04_64,lucas.ocunha,LOCAL,fae73dae369fa16580455b7cd0cc0abcfe344dde
3f357355d5e74ed599e3a661eafd25f5,31,FINISHED,mlflow-artifacts:/31/3f357355d5e74ed599e3a661eafd25f5/artifacts,2026-02-23 20:08:02.772000+00:00,2026-02-23 20:12:51.317000+00:00,1.0,0.998046875,0.0032339878380298615,0.00560075172688812,0.87199637919684,0.7681067344345617,0.8493026441217573,0.7576217409297834,0.7548225308641975,0.7241167434715822,0.8235294117647058,0.9388753056234719,0.7571365832235397,0.8120440483885862,0.7550560318583488,0.6756598240469208,0.7466666666666667,0.6963347267841147,0.9004867495943754,0.6516679596586501,0.5102750857761994,0.9477898782831519,0.7973004153207199,0.6891824938067712,0.8562724574285268,0.95878889823381,0.630098452883263,0.8321167883211679,0.942643391521197,0.8107945425361156,0.5623255813953488,0.7793119588111397,0.9417040358744395,0.9823097645964206,0.7018140589569161,0.6995271867612293,0.9568243837010314,0.7724046140195209,0.955810650887574,0.9604756908009794,0.001,1024,Encoder0_Classifier,10,CNR,CrossEntropy,3x128x128,PUC,train_classifier.py,Encoder0_Classifier_PUC_1024,lucas.ocunha,LOCAL,fae73dae369fa16580455b7cd0cc0abcfe344dde
44fbafe254b345968309462069ef4cc6,31,FINISHED,mlflow-artifacts:/31/44fbafe254b345968309462069ef4cc6/artifacts,2026-02-23 20:03:24.847000+00:00,2026-02-23 20:08:02.643000+00:00,1.0,1.0,0.00019542314112186432,0.0017170712817460299,0.6731986682996671,0.7171891147089218,0.8580484363978368,0.8850804084986501,0.8559027777777778,0.7612903225806451,0.7609108159392789,0.8750302736740131,0.8606719367588933,0.8257803121248499,0.772589468692309,0.8506180105944673,0.8624987125347615,0.711257091669155,0.80343155538978,0.7419461972766522,0.6686427029434945,0.8956360642239605,0.8870558375634517,0.7580511973575558,0.8751757537884706,0.8710924911376088,0.8302277432712215,0.8712328767123287,0.8692132032385302,0.8400882825040128,0.7397406288861255,0.8438785504407443,0.8430188679245283,0.9719165214627474,0.8140589569160998,0.8534719497842291,0.9789961148883031,0.851929902395741,0.9792250420302618,0.9130540082344394,0.001,512,Encoder0_Classifier,10,CNR,CrossEntropy,3x128x128,PUC,train_classifier.py,Encoder0_Classifier_PUC_512,lucas.ocunha,LOCAL,fae73dae369fa16580455b7cd0cc0abcfe344dde
768cbbf83059412aaca8ddbaabc0a27c,31,FINISHED,mlflow-artifacts:/31/768cbbf83059412aaca8ddbaabc0a27c/artifacts,2026-02-23 19:58:47.789000+00:00,2026-02-23 20:03:24.730000+00:00,0.96875,1.0,0.1574400793761015,0.0034484919160604477,0.571018961832887,0.7416747494342063,0.8119126406353409,0.8863557858376512,0.8672839506172839,0.7640552995391705,0.7871939736346516,0.8470056497175141,0.8578173034694774,0.7539592760180995,0.6965916145541541,0.8526902513934705,0.8683976700562741,0.639750671842341,0.7968531468531469,0.7568081063964535,0.6363273272594367,0.8711127763207194,0.8861329026303646,0.7966969446738232,0.873457272301203,0.8388527498521585,0.8618556701030928,0.8750771128932757,0.8397937750620584,0.8543338683788122,0.7884516239903764,0.8626040878122634,0.8118206521739131,0.9444197786657458,0.8480725623582767,0.8711127763207194,0.9670459275704176,0.8521517302573203,0.9679773481873494,0.8961583236321304,0.001,256,Encoder0_Classifier,10,CNR,CrossEntropy,3x128x128,PUC,train_classifier.py,Encoder0_Classifier_PUC_256,lucas.ocunha,LOCAL,fae73dae369fa16580455b7cd0cc0abcfe344dde
7a3a101d25c24b8f996b12f5607dc453,31,FINISHED,mlflow-artifacts:/31/7a3a101d25c24b8f996b12f5607dc453/artifacts,2026-02-23 19:54:11.032000+00:00,2026-02-23 19:58:47.672000+00:00,0.953125,1.0,0.4770825020968914,0.001708834432065487,0.5189661267725505,0.7202401978099612,0.8150999207049243,0.8146708768520767,0.8181905864197531,0.7050691244239631,0.7891156462585034,0.8299655002464268,0.8146684233640755,0.7604464862868224,0.704204319780778,0.7996201329534662,0.808242220353238,0.5829799940280681,0.7956906502500962,0.6870925684485006,0.5866029274645908,0.8624816292252782,0.8239501615136133,0.7557390586292321,0.8162787064521169,0.8043615676359039,0.7909090909090909,0.8123204596233642,0.832034632034632,0.8220304975922953,0.7338491992082059,0.82341230340434,0.7626628075253257,0.8975556945327651,0.7913832199546486,0.8133848133848134,0.9356354932704315,0.7976929902395741,0.938802434050319,0.872528616024974,0.001,128,Encoder0_Classifier,10,CNR,CrossEntropy,3x128x128,PUC,train_classifier.py,Encoder0_Classifier_PUC_128,lucas.ocunha,LOCAL,fae73dae369fa16580455b7cd0cc0abcfe344dde
9b344e4cb53546aa9b41587ff45d3510,31,FINISHED,mlflow-artifacts:/31/9b344e4cb53546aa9b41587ff45d3510/artifacts,2026-02-23 19:49:35.456000+00:00,2026-02-23 19:54:10.918000+00:00,0.96875,1.0,0.23610792867839336,0.005484867841005325,0.5364661084788299,0.7797927461139896,0.8046490074993143,0.7475267651443285,0.7661072530864198,0.6829493087557603,0.8177966101694916,0.9077443927211172,0.7322134387351779,0.7615546218487395,0.7277159131728845,0.637539010254124,0.7638872646474096,0.5865183636906539,0.865679264555669,0.6247272727272727,0.4723857423177307,0.9120226308345121,0.7850715274573142,0.692485549132948,0.8181534135291361,0.9126916524701874,0.5718518518518518,0.7864220183486239,0.8925936048100573,0.8009630818619583,0.5639344262295082,0.7736193518941122,0.8073308270676691,0.9155262674504041,0.6723356009070295,0.72669897441677,0.9167967485315203,0.7760647737355811,0.917234815264243,0.9227166276346604,0.001,64,Encoder0_Classifier,10,CNR,CrossEntropy,3x128x128,PUC,train_classifier.py,Encoder0_Classifier_PUC_64,lucas.ocunha,LOCAL,fae73dae369fa16580455b7cd0cc0abcfe344dde
9fa2294d21eb43338900068d89698641,31,FAILED,mlflow-artifacts:/31/9fa2294d21eb43338900068d89698641/artifacts,2026-02-23 19:47:37.821000+00:00,2026-02-23 19:47:49.795000+00:00,0.953125,1.0,0.24652786552906036,0.0056829191744327545,,,,,,,,,,,,,,,,,,,,,,,,,,,,,,,,,,,,,0.001,64,Encoder0_Classifier,10,CNR,CrossEntropy,3x128x128,PUC,train_classifier.py,Encoder0_Classifier_PUC_64,lucas.ocunha,LOCAL,fae73dae369fa16580455b7cd0cc0abcfe344dde
68da483c36304d62a4b5b8fe1e4955f4,31,RUNNING,mlflow-artifacts:/31/68da483c36304d62a4b5b8fe1e4955f4/artifacts,2026-02-23 19:42:13.522000+00:00,,0.953125,1.0,0.3460293151438236,0.0036109089851379395,,,,,,,,,,,,,,,,,,,,,,,,,,,,,,,,,,,,,0.001,64,Encoder0_Classifier,10,CNR,CrossEntropy,3x128x128,PUC,train_classifier.py,Encoder0_Classifier_PUC_64,lucas.ocunha,LOCAL,fae73dae369fa16580455b7cd0cc0abcfe344dde
069e9ea943c14e9ba28c4ede01bc4d63,31,FAILED,mlflow-artifacts:/31/069e9ea943c14e9ba28c4ede01bc4d63/artifacts,2026-02-23 19:33:57.352000+00:00,2026-02-23 19:37:41.281000+00:00,0.984375,1.0,0.040964365005493164,0.0057228063233196735,,,,,,,,,,,,,,,,,,,,,,,,,,,,,,,,,,,,,0.001,256,Encoder0_Classifier,10,CNR,CrossEntropy,3x128x128,UFPR04,train_classifier.py,Encoder0_Classifier_UFPR04_256,lucas.ocunha,LOCAL,fae73dae369fa16580455b7cd0cc0abcfe344dde
0714872508f248ba8fac921ffe258a8c,31,FINISHED,mlflow-artifacts:/31/0714872508f248ba8fac921ffe258a8c/artifacts,2026-02-23 19:29:15.135000+00:00,2026-02-23 19:33:41.206000+00:00,0.984375,0.9921875,0.04477456398308277,0.027221006341278553,0.8215120810600156,0.4116558741905643,0.9257336691165133,0.31721542803386643,0.5544945987654321,0.517357910906298,0.4606741573033708,0.8092909535452323,0.5761967501097935,0.9166012558869702,0.9005459672419655,0.25540123456790126,0.3089294689227676,0.5736712451478053,0.6580226904376013,0.19559651817716334,0.06874622923019225,0.8337975858867224,0.5813336409783111,0.5182493806771263,0.5802218403374473,0.7577639751552795,0.1553030303030303,0.3122600460711543,0.8560817084493965,0.55276886035313,0.2337798791699501,0.2670174284774745,0.7153558052434457,0.8126863607020995,0.4943310657596372,0.2799688230709275,0.7335258544933166,0.5424800354924578,0.6964499165247973,0.9113513513513514,0.001,128,Encoder0_Classifier,10,CNR,CrossEntropy,3x128x128,UFPR04,train_classifier.py,Encoder0_Classifier_UFPR04_128,lucas.ocunha,LOCAL,fae73dae369fa16580455b7cd0cc0abcfe344dde
232b5693da294731adea157c2a43dc50,31,FINISHED,mlflow-artifacts:/31/232b5693da294731adea157c2a43dc50/artifacts,2026-02-23 19:24:39.257000+00:00,2026-02-23 19:28:59.041000+00:00,0.84375,1.0,0.4605744034051895,0.010981762781739235,0.7977324263038549,0.3566502463054187,0.906710408589323,0.28154795288839035,0.5364583333333334,0.5044546850998464,0.2413793103448276,0.6529017857142857,0.5507246376811594,0.8916797488226059,0.855462594732498,0.22234891676168758,0.2505112474437628,0.5711555688265154,0.5123287671232877,0.18411734951947395,0.05770429419676541,0.7444852941176471,0.5566451315182279,0.5017341040462427,0.5475706920793626,0.6129385964912281,0.07984790874524715,0.2785251619332337,0.7530737704918032,0.5172552166934189,0.19353114140604116,0.23715916296766013,0.6254295532646048,0.7440822259136213,0.4512471655328798,0.25210084033613445,0.7157653438786366,0.5122005323868678,0.6999215676700105,0.7851929092805006,0.001,64,Encoder0_Classifier,10,CNR,CrossEntropy,3x128x128,UFPR04,train_classifier.py,Encoder0_Classifier_UFPR04_64,lucas.ocunha,LOCAL,fae73dae369fa16580455b7cd0cc0abcfe344dde
8b5cf07742b54372a76bc416bfd5fc83,31,FINISHED,mlflow-artifacts:/31/8b5cf07742b54372a76bc416bfd5fc83/artifacts,2026-02-23 19:20:04.755000+00:00,2026-02-23 19:24:21.785000+00:00,1.0,0.9990234375,0.0007000062614679337,0.006593240308575332,0.7840418518597282,0.664039039039039,0.8298144940089505,0.8439538384345209,0.839891975308642,0.7539170506912443,0.7679425837320574,0.8775565123789021,0.8287220026350461,0.7822744482408348,0.72360346184107,0.8069784706755754,0.8329727390739939,0.7607644072857569,0.8437633035334184,0.7172608542181433,0.6970430310822052,0.9134442446043165,0.8564836179049377,0.6941370767960363,0.8639275113263553,0.8893542757417103,0.7491248541423571,0.8540305010893247,0.8846507352941176,0.8376805778491172,0.6564007421150279,0.8305049235281794,0.8857890148212729,0.9613365235370918,0.7562358276643991,0.8303699162068261,0.9742842606724943,0.8287488908606921,0.9747288521740118,0.9391401451702959,0.001,1024,Encoder0_Classifier,10,CNR,CrossEntropy,3x128x128,PUC,train_classifier.py,Encoder0_Classifier_PUC_1024,lucas.ocunha,LOCAL,fae73dae369fa16580455b7cd0cc0abcfe344dde
732361f135c0458ebead5512257654d1,31,FINISHED,mlflow-artifacts:/31/732361f135c0458ebead5512257654d1/artifacts,2026-02-23 19:15:33.380000+00:00,2026-02-23 19:19:48.427000+00:00,1.0,1.0,0.0001468416303396225,0.0004975469782948494,0.6894636566252067,0.732274741506647,0.8440963609167851,0.8814726840855107,0.8572530864197531,0.7634408602150538,0.7252336448598131,0.8826801517067003,0.8529863855950812,0.8062955951611414,0.7526799768039102,0.8390818411248648,0.8546705587989991,0.7187294714840251,0.7978526471677156,0.7465437788018433,0.6706294745491578,0.89822460776218,0.8848638670973696,0.7575557390586293,0.8651773160443681,0.8577820389900926,0.7967145790554415,0.8614989568287594,0.8721276595744681,0.8364767255216693,0.7298490982701509,0.8409756097560975,0.8387573964497042,0.9722201745382788,0.7755102040816326,0.8546454527597721,0.9797476989963462,0.8453859804791481,0.9799777085536281,0.9208436724565757,0.001,512,Encoder0_Classifier,10,CNR,CrossEntropy,3x128x128,PUC,train_classifier.py,Encoder0_Classifier_PUC_512,lucas.ocunha,LOCAL,fae73dae369fa16580455b7cd0cc0abcfe344dde
e50b30fa01e54ffeb5369a61b94cb27f,31,FINISHED,mlflow-artifacts:/31/e50b30fa01e54ffeb5369a61b94cb27f/artifacts,2026-02-23 19:11:01.175000+00:00,2026-02-23 19:15:17.385000+00:00,0.984375,1.0,0.08028494566679001,0.0007113562896847725,0.5702747698785069,0.7272131147540983,0.8251089452651755,0.8703661063780797,0.8458719135802469,0.744700460829493,0.7513416815742398,0.8274616079494128,0.8390425999121651,0.7767106842737095,0.7205956667298339,0.8332954287013873,0.8451269697882164,0.6376082412660495,0.7762700069589422,0.7412021177203364,0.6306603773584906,0.8551082415495632,0.8700969081679741,0.7786952931461602,0.8465864708639275,0.8079604880883208,0.8416833667334669,0.8499388753056235,0.8302110037467955,0.8322632423756019,0.768005540166205,0.8422046055115138,0.780327868852459,0.9505829849048059,0.8208616780045351,0.8493021501320257,0.96993085426206,0.8288598047914818,0.9706663658667268,0.8798882681564246,0.001,256,Encoder0_Classifier,10,CNR,CrossEntropy,3x128x128,PUC,train_classifier.py,Encoder0_Classifier_PUC_256,lucas.ocunha,LOCAL,fae73dae369fa16580455b7cd0cc0abcfe344dde
13e62e796b404481b0e65125196e5f9d,31,FINISHED,mlflow-artifacts:/31/13e62e796b404481b0e65125196e5f9d/artifacts,2026-02-23 19:06:27.856000+00:00,2026-02-23 19:10:44.976000+00:00,0.953125,1.0,0.19661046005785465,0.0023333150893449783,0.5162685856690841,0.7552123552123552,0.8377850162866449,0.8128604736777518,0.8146219135802469,0.7164362519201228,0.8285024154589372,0.8501971090670171,0.8132411067193676,0.8016783636531536,0.756689918646496,0.7918247460531147,0.8058189655172414,0.5787025977903852,0.8128175068386089,0.6880702940182494,0.5664928141826757,0.874561403508772,0.8240655283802492,0.7681255161023948,0.8320574910170286,0.82432,0.8042203985932005,0.8273647021037418,0.8520966271649955,0.8348715890850722,0.7358916478555305,0.8348384507324905,0.7996857816182247,0.9291896187892241,0.8106575963718821,0.8058193574459487,0.9509967161555894,0.8001330967169477,0.952382557499354,0.8810853950518756,0.001,128,Encoder0_Classifier,10,CNR,CrossEntropy,3x128x128,PUC,train_classifier.py,Encoder0_Classifier_PUC_128,lucas.ocunha,LOCAL,fae73dae369fa16580455b7cd0cc0abcfe344dde
2d48b8da7c2e4c3185210a441b244480,31,FINISHED,mlflow-artifacts:/31/2d48b8da7c2e4c3185210a441b244480/artifacts,2026-02-23 19:01:46.996000+00:00,2026-02-23 19:06:11.500000+00:00,0.953125,1.0,0.20455043949186802,0.0059916675090789795,0.5603986908658137,0.7919728660260034,0.8108954883791585,0.7683105144224378,0.7824074074074074,0.7044546850998464,0.7963636363636364,0.92046783625731,0.7574659639877032,0.770084957059747,0.7357096096199566,0.681286971576973,0.7693555864626797,0.6037847118542848,0.8612185686653772,0.6547020818377602,0.498398147710627,0.9100585417775412,0.7989155514536225,0.7203963666391412,0.8328386189657866,0.9083601286173634,0.6134453781512605,0.8085867620751341,0.8883832976445396,0.8134028892455859,0.6233592880978865,0.7929652715939448,0.8290909090909091,0.9270940161091458,0.6870748299319728,0.7519788918205804,0.9268621941630822,0.7792812777284827,0.9271127115592366,0.9224385572933291,0.001,64,Encoder0_Classifier,10,CNR,CrossEntropy,3x128x128,PUC,train_classifier.py,Encoder0_Classifier_PUC_64,lucas.ocunha,LOCAL,fae73dae369fa16580455b7cd0cc0abcfe344dde
775bb57b472d4538afee905f6d1df8f7,31,RUNNING,mlflow-artifacts:/31/775bb57b472d4538afee905f6d1df8f7/artifacts,2026-02-22 19:27:06.901000+00:00,,0.953125,1.0,0.3232703134417534,0.006682306528091431,,,,,,,,,,,,,,,,,,,,,,,,,,,,,,,,,,,,,0.001,64,Encoder0_Classifier,10,CNR,CrossEntropy,3x128x128,PUC,train_classifier.py,Encoder0_Classifier_PUC_64,lucas.ocunha,LOCAL,fae73dae369fa16580455b7cd0cc0abcfe344dde
c74e0ddbef0643a485d783d1d933b8f2,32,FINISHED,mlflow-artifacts:/32/c74e0ddbef0643a485d783d1d933b8f2/artifacts,2026-02-25 21:20:48.028000+00:00,2026-02-25 21:24:57.909000+00:00,0.984375,0.974609375,0.04068504273891449,0.05962072662077844,0.7894289133349673,0.6847405112316034,0.8188765226535799,0.9209521670783741,0.9211998456790124,0.9419354838709677,0.9029535864978903,0.7321271737221149,0.8108256477821695,0.7614276479822698,0.699123122044652,0.8287106074162441,0.8473309608540925,0.8610630038817557,0.8629780913479391,0.9455801900374317,0.8547299406806119,0.8956765272186242,0.9187817258883249,0.7861271676300579,0.8995469457897204,0.8452681830946364,0.9375684556407448,0.9034969233078193,0.7501575299306869,0.9058988764044944,0.8037581451735112,0.908344733242134,0.9188584219362059,0.8082189852270381,0.935374149659864,0.9260700389105059,0.8780092271402803,0.8096716947648624,0.8908550605067619,0.9081045172719221,0.001,1024,SkipEncoder0_Classifier,10,PKLot,CrossEntropy,3x128x128,camera9,train_classifier.py,SkipEncoder0_Classifier_camera9_1024,lucas.ocunha,LOCAL,fae73dae369fa16580455b7cd0cc0abcfe344dde
c5084a981b5342258d672e286a577759,32,FINISHED,mlflow-artifacts:/32/c5084a981b5342258d672e286a577759/artifacts,2026-02-25 21:16:41.313000+00:00,2026-02-25 21:20:47.909000+00:00,0.984375,0.966796875,0.07021636329591274,0.07946879975497723,0.7848493702116608,0.7574139976275207,0.8413030161075277,0.9324309330966382,0.9418402777777778,0.9133640552995391,0.8951781970649895,0.8345633456334564,0.8790074659639877,0.7966571243882168,0.7327767490034839,0.8807875378623973,0.8847340375806301,0.8233577187220066,0.8209964412811388,0.918825561312608,0.8034128388538577,0.927423722693627,0.9297415782187356,0.8364987613542527,0.9251679425089829,0.8806966618287373,0.9323144104803494,0.9268367191079884,0.8151593453919035,0.8756019261637239,0.8376516890783864,0.8815437523882308,0.8926174496644296,0.8707081545064378,0.9297052154195011,0.9445619196469615,0.9177622450395448,0.863243123336291,0.922960688260096,0.90893359290504,0.001,512,SkipEncoder0_Classifier,10,PKLot,CrossEntropy,3x128x128,camera9,train_classifier.py,SkipEncoder0_Classifier_camera9_512,lucas.ocunha,LOCAL,fae73dae369fa16580455b7cd0cc0abcfe344dde
af5d393eb5ad4dd8a35c34b0de5c7221,32,FINISHED,mlflow-artifacts:/32/af5d393eb5ad4dd8a35c34b0de5c7221/artifacts,2026-02-25 21:12:35.868000+00:00,2026-02-25 21:16:41.174000+00:00,0.890625,0.9453125,0.22024134546518326,0.11361327255144715,0.5770064644455495,0.5676810073452256,0.7497258379821675,0.8714871487148715,0.8598572530864198,0.8439324116743472,0.8055045871559633,0.6472081218274112,0.7371541501976284,0.6364622772185797,0.6004888232598401,0.7836225596529284,0.8029978586723768,0.6769558077037922,0.7119244391971665,0.8686659772492245,0.7283615067383922,0.7878204178396799,0.8517535763728658,0.6563170933113129,0.8062802687080144,0.7159090909090909,0.8922764227642277,0.8327488535203669,0.6724137931034483,0.8017656500802568,0.7221999733012949,0.830006882312457,0.76993583868011,0.6685634044063468,0.8798185941043084,0.8797882022007115,0.7509076823458675,0.7346938775510204,0.8008900678411003,0.776787306115172,0.001,256,SkipEncoder0_Classifier,10,PKLot,CrossEntropy,3x128x128,camera9,train_classifier.py,SkipEncoder0_Classifier_camera9_256,lucas.ocunha,LOCAL,fae73dae369fa16580455b7cd0cc0abcfe344dde
6a7121a3bf184b4fa7a9f58848237d7d,32,FINISHED,mlflow-artifacts:/32/6a7121a3bf184b4fa7a9f58848237d7d/artifacts,2026-02-25 21:08:32.039000+00:00,2026-02-25 21:12:35.744000+00:00,0.921875,0.921875,0.1785193383693695,0.14448933862149715,0.6556701516435904,0.6389225916039796,0.7465683196490028,0.9072209591858829,0.8894675925925926,0.8946236559139785,0.8235294117647058,0.7269366197183098,0.8036890645586298,0.6319489334195216,0.5980313506768028,0.8220187139159865,0.8409473964339572,0.758756345177665,0.7473753280839895,0.9038946483608854,0.7751031684725499,0.8487520798668885,0.9011305952930319,0.7388934764657308,0.8693954069676613,0.8016506922257721,0.871244635193133,0.8780985710119569,0.7428302773859896,0.8162118780096308,0.7690959544325983,0.8326023391812866,0.8566117896972916,0.6678366107262951,0.8639455782312925,0.8990130419457173,0.7487656676379446,0.801131322094055,0.7986731249898654,0.86445223849804,0.001,128,SkipEncoder0_Classifier,10,PKLot,CrossEntropy,3x128x128,camera9,train_classifier.py,SkipEncoder0_Classifier_camera9_128,lucas.ocunha,LOCAL,fae73dae369fa16580455b7cd0cc0abcfe344dde
9fe7ddd7b2e748a384adb64a89e95a7a,32,FINISHED,mlflow-artifacts:/32/9fe7ddd7b2e748a384adb64a89e95a7a/artifacts,2026-02-25 21:04:26.568000+00:00,2026-02-25 21:08:31.919000+00:00,0.90625,0.9375,0.21474246680736542,0.1921158730983734,0.608405939379065,0.6918068366793272,0.7788819665470306,0.8808763121862163,0.8525270061728395,0.8623655913978494,0.8414634146341463,0.7373737373737373,0.783816425120773,0.698471696370856,0.6493211392440794,0.7908656399362719,0.8377997179125529,0.693244252015527,0.8014925373134328,0.8640776699029126,0.7070038716301488,0.8547215496368039,0.8795569912321182,0.7833195706028075,0.8626777066083424,0.825475841874085,0.8127208480565371,0.865121988645082,0.7757269719658715,0.8378812199036918,0.7953836556456644,0.841692789968652,0.884472049689441,0.7159056044180814,0.8197278911564626,0.8571962267675353,0.7912186069099486,0.8086734693877551,0.8230781101876143,0.8824874256973022,0.001,64,SkipEncoder0_Classifier,10,PKLot,CrossEntropy,3x128x128,camera9,train_classifier.py,SkipEncoder0_Classifier_camera9_64,lucas.ocunha,LOCAL,fae73dae369fa16580455b7cd0cc0abcfe344dde
3c408ebd841a4bed924fe8b0baa70594,32,FINISHED,mlflow-artifacts:/32/3c408ebd841a4bed924fe8b0baa70594/artifacts,2026-02-25 21:00:17.458000+00:00,2026-02-25 21:04:26.265000+00:00,0.96875,0.9873046875,0.06996171362698078,0.03590298304334283,0.6634722393965624,0.642042755344418,0.8189026381681606,0.9306740614334471,0.9341242283950617,0.9247311827956989,0.8546168958742633,0.7375596455351057,0.8267457180500659,0.7695770615938683,0.7170114066024846,0.8458080906781317,0.8660801564027371,0.7587264855180651,0.7836856010568032,0.9318876841812621,0.768525613939598,0.8894094027103898,0.9250115366866636,0.7473162675474814,0.8907983127636306,0.8232445520581114,0.9177215189873418,0.8974923009238891,0.7660745165854426,0.858346709470305,0.7794117647058824,0.8705062362435804,0.8770277341705913,0.7973097617217525,0.9115646258503401,0.9396376491383119,0.8560918782665001,0.8328527062999113,0.8695820747722801,0.8750501403931007,0.001,1024,SkipEncoder0_Classifier,10,PKLot,CrossEntropy,3x128x128,camera8,train_classifier.py,SkipEncoder0_Classifier_camera8_1024,lucas.ocunha,LOCAL,fae73dae369fa16580455b7cd0cc0abcfe344dde
da586586c3fb4a11bfe7c9eab869f74b,32,FINISHED,mlflow-artifacts:/32/da586586c3fb4a11bfe7c9eab869f74b/artifacts,2026-02-25 20:56:11.016000+00:00,2026-02-25 21:00:17.323000+00:00,0.96875,0.98828125,0.0522206649184227,0.029324348084628582,0.7275534604085536,0.6994492525570417,0.8170404225427256,0.9484354341119436,0.9429976851851852,0.9425499231950845,0.8742393509127789,0.7951018882034026,0.8672595520421608,0.7624896112291071,0.7048634550475606,0.8755532681420484,0.8793823796548592,0.8099880561361601,0.767349636483807,0.9468900880431695,0.8070877480181287,0.9164765748376908,0.9460083064143978,0.800990916597853,0.9232932354319637,0.8767676767676768,0.924892703862661,0.9252322217146338,0.7912716574043805,0.8382825040128411,0.8157210582657899,0.8521100917431192,0.9084468664850136,0.7977974295484023,0.9206349206349206,0.9464528404457733,0.8633331020766847,0.8527062999112689,0.8773859911199635,0.9184805804524114,0.001,512,SkipEncoder0_Classifier,10,PKLot,CrossEntropy,3x128x128,camera8,train_classifier.py,SkipEncoder0_Classifier_camera8_512,lucas.ocunha,LOCAL,fae73dae369fa16580455b7cd0cc0abcfe344dde
936e2525326849b6b76b4cce1388bca1,32,FINISHED,mlflow-artifacts:/32/936e2525326849b6b76b4cce1388bca1/artifacts,2026-02-25 20:52:03.424000+00:00,2026-02-25 20:56:10.897000+00:00,0.875,0.97265625,0.21693670004606247,0.11657494446262717,0.6131500774926812,0.5970017636684304,0.7841091628481087,0.9056799336650083,0.8959297839506173,0.900768049155146,0.8307984790874525,0.6923076923076923,0.7846947738252086,0.7052359405300582,0.6531408450704226,0.8153310104529616,0.8408149171270718,0.7183114362496268,0.7210144927536232,0.912299755633994,0.7512081913062971,0.8350904799370574,0.8950161513613291,0.6951279933938893,0.8575222621465396,0.7784842319430315,0.9056994818652849,0.8703440432186522,0.7277346084877465,0.8073836276083467,0.7458000550812448,0.8326359832635983,0.8412618928392589,0.7131270639210819,0.8968253968253969,0.907722569058411,0.7911983719531936,0.7954747116237799,0.8243701279439012,0.8309243058197033,0.001,256,SkipEncoder0_Classifier,10,PKLot,CrossEntropy,3x128x128,camera8,train_classifier.py,SkipEncoder0_Classifier_camera8_256,lucas.ocunha,LOCAL,fae73dae369fa16580455b7cd0cc0abcfe344dde
041e98040c1749b9bbb00adde268f0b7,32,FINISHED,mlflow-artifacts:/32/041e98040c1749b9bbb00adde268f0b7/artifacts,2026-02-25 20:47:57.919000+00:00,2026-02-25 20:52:03.303000+00:00,0.921875,0.9921875,0.2007344737648964,0.025194239802658558,0.7460935886669329,0.6336329233680227,0.770019018887723,0.9103004291845493,0.9050925925925926,0.909062980030722,0.836,0.7179443401058563,0.8009442248572683,0.6761704681872749,0.628698026826591,0.8226547980044997,0.8370918589464519,0.828232308151687,0.7220820189274448,0.9183222958057395,0.8248831793482397,0.8615078047160412,0.9035532994923858,0.7364161849710983,0.8701765349164193,0.7993672554706037,0.8903088391906283,0.8794778825235678,0.729106628242075,0.7961476725521669,0.7704918032786885,0.8183768323203432,0.8586171310629515,0.6821864612631041,0.8832199546485261,0.9133802816901408,0.7619357337773461,0.7924800354924578,0.8057037297428651,0.860446247464503,0.001,128,SkipEncoder0_Classifier,10,PKLot,CrossEntropy,3x128x128,camera8,train_classifier.py,SkipEncoder0_Classifier_camera8_128,lucas.ocunha,LOCAL,fae73dae369fa16580455b7cd0cc0abcfe344dde
fc0c7bfcac0644dab94e49cc47e4271b,32,FINISHED,mlflow-artifacts:/32/fc0c7bfcac0644dab94e49cc47e4271b/artifacts,2026-02-25 20:43:54.714000+00:00,2026-02-25 20:47:57.797000+00:00,0.953125,1.0,0.14280493929982185,0.041295403614640236,0.7006220645548117,0.6220362622036262,0.7525823590220292,0.9067180145485665,0.8814621913580247,0.890937019969278,0.8026819923371648,0.6687510020843355,0.7517566974088713,0.6436074429771909,0.6058420529758602,0.7867584645854947,0.8193598215051918,0.8011421319796954,0.7047560222359481,0.9030319584812893,0.808099872494003,0.8296165570351356,0.8994000922934933,0.7232039636663914,0.855022652710514,0.7816062176165803,0.8720083246618107,0.866704969836254,0.7061085638219199,0.7796950240770465,0.7615253272623791,0.8060755916637231,0.8369620253164557,0.6653607523315254,0.8605442176870748,0.893786189611961,0.7432906664816613,0.7665261756876663,0.7933945824967603,0.854780153287616,0.001,64,SkipEncoder0_Classifier,10,PKLot,CrossEntropy,3x128x128,camera8,train_classifier.py,SkipEncoder0_Classifier_camera8_64,lucas.ocunha,LOCAL,fae73dae369fa16580455b7cd0cc0abcfe344dde
5d51d6e5894f4665afde256723c95c19,32,FINISHED,mlflow-artifacts:/32/5d51d6e5894f4665afde256723c95c19/artifacts,2026-02-25 20:39:46.634000+00:00,2026-02-25 20:43:54.441000+00:00,0.953125,0.984375,0.08365374803543091,0.045330997789278626,0.714423269080537,0.73106824071408,0.8196538699126067,0.9458370635631155,0.9524498456790124,0.9182795698924732,0.9166666666666666,0.9165568730786122,0.9371980676328503,0.7944293101856127,0.7863291040861135,0.9358744394618834,0.9437715411127523,0.7375634517766497,0.8208682962422473,0.9201680672268907,0.6910829144845524,0.9493600445186422,0.9441624365482234,0.8148637489677952,0.9525074207155132,0.9393844221105527,0.9459757442116868,0.9516385618835508,0.9105073152194566,0.8665730337078652,0.8191643813518309,0.8712487899322362,0.93134872417983,0.8475302033950145,0.9444444444444444,0.9540497716469382,0.8530248369640627,0.9366681455190772,0.8547778996435427,0.9296084469863617,0.001,1024,SkipEncoder0_Classifier,10,PKLot,CrossEntropy,3x128x128,camera7,train_classifier.py,SkipEncoder0_Classifier_camera7_1024,lucas.ocunha,LOCAL,fae73dae369fa16580455b7cd0cc0abcfe344dde
dc22c5fc66314293a019cb1370b6f78c,32,FINISHED,mlflow-artifacts:/32/dc22c5fc66314293a019cb1370b6f78c/artifacts,2026-02-25 20:35:42.548000+00:00,2026-02-25 20:39:46.502000+00:00,0.921875,0.986328125,0.17696990817785263,0.04621776263229549,0.6593216677468136,0.6596596596596597,0.8075217190508971,0.9374515664784678,0.9386574074074074,0.9376344086021505,0.88,0.8788898233809924,0.9163372859025033,0.7450249330501432,0.6866728908252938,0.9164656873492655,0.9245647969052224,0.7375261272021499,0.8306916426512968,0.9400295420974889,0.7352832674571805,0.922841726618705,0.9348177203507153,0.7605284888521883,0.9406342758943915,0.9213622291021671,0.9146608315098468,0.9399873657612129,0.8773861967694567,0.8820224719101124,0.7842903897649509,0.8869230769230769,0.9364331959976456,0.7880207342590831,0.9115646258503401,0.9416406680124794,0.8484430646131076,0.9134871339840284,0.863408877159434,0.9119104027568382,0.001,512,SkipEncoder0_Classifier,10,PKLot,CrossEntropy,3x128x128,camera7,train_classifier.py,SkipEncoder0_Classifier_camera7_512,lucas.ocunha,LOCAL,fae73dae369fa16580455b7cd0cc0abcfe344dde
4e1f26148b6a4946a8f418859c9d7e5a,32,FINISHED,mlflow-artifacts:/32/4e1f26148b6a4946a8f418859c9d7e5a/artifacts,2026-02-25 20:31:34.816000+00:00,2026-02-25 20:35:42.430000+00:00,0.921875,0.98046875,0.16103069856762886,0.0806455691345036,0.6696927643498709,0.7304941482444733,0.7992362389086165,0.8905846442826955,0.8830054012345679,0.8175115207373271,0.8519553072625698,0.9202374806401652,0.878129117259552,0.7317734786222181,0.6756109317713734,0.8652912621359223,0.9088463528194516,0.6927963571215288,0.851123595505618,0.8006711409395973,0.6280559999276953,0.935402153261558,0.8924780802953391,0.783980181668043,0.9101702858928292,0.9281599457810912,0.7653701380175659,0.9050057822567322,0.9201759899434317,0.8647672552166934,0.7745604963805585,0.8628966639544345,0.9219474497681608,0.7785582091315391,0.7879818594104309,0.8796029776674938,0.8254792794042829,0.9022848269742679,0.8397416669542342,0.9188468992248062,0.001,256,SkipEncoder0_Classifier,10,PKLot,CrossEntropy,3x128x128,camera7,train_classifier.py,SkipEncoder0_Classifier_camera7_256,lucas.ocunha,LOCAL,fae73dae369fa16580455b7cd0cc0abcfe344dde
5e80932dd71e405fbdd7fc1ee59ad3a4,32,FINISHED,mlflow-artifacts:/32/5e80932dd71e405fbdd7fc1ee59ad3a4/artifacts,2026-02-25 20:27:26.805000+00:00,2026-02-25 20:31:34.698000+00:00,0.828125,0.984375,0.6403358578681946,0.03608159627765417,0.5534885466578259,0.6559340074507717,0.7741030500889227,0.8793011611803558,0.8883101851851852,0.8442396313364056,0.8414376321353065,0.8068566872633047,0.8586956521739131,0.6877020038784745,0.6395254190522177,0.8628370457209847,0.9019833285426847,0.6251866228724993,0.7615410162736632,0.8481581311769991,0.6379800135550204,0.8696498054474708,0.8692893401015228,0.7433526011560694,0.8811123261990313,0.8333808031899743,0.8728070175438597,0.8849236352638742,0.8488728584310189,0.8296548956661316,0.7603331276989512,0.8437902483900644,0.8566243194192378,0.7222295337892726,0.8684807256235828,0.894650655021834,0.7813988714675547,0.8865350488021295,0.8080221370363788,0.8258955373223934,0.001,128,SkipEncoder0_Classifier,10,PKLot,CrossEntropy,3x128x128,camera7,train_classifier.py,SkipEncoder0_Classifier_camera7_128,lucas.ocunha,LOCAL,fae73dae369fa16580455b7cd0cc0abcfe344dde
739bf0f114474c17800e4f93bf0e5495,32,FINISHED,mlflow-artifacts:/32/739bf0f114474c17800e4f93bf0e5495/artifacts,2026-02-25 20:23:24.416000+00:00,2026-02-25 20:27:26.685000+00:00,0.78125,1.0,0.5965818762779236,0.020517641678452492,0.47429068027101406,0.6481865284974093,0.7686404590075754,0.7583980872683802,0.7970679012345679,0.7317972350230415,0.8389610389610389,0.8417668437237908,0.7890865173473869,0.7021077661833964,0.6670868151191198,0.7581518318015863,0.7451162790697674,0.53750373245745,0.7406998158379374,0.7015384615384616,0.48753494681467024,0.8712121212121212,0.7668435625288417,0.644260941370768,0.8443993126074051,0.8648648648648649,0.7839805825242718,0.8336673346693386,0.8640776699029126,0.7758828250401284,0.5373711340206185,0.7826425374586495,0.8280871670702179,0.7465289952533716,0.7981859410430839,0.7829585310501341,0.7706396558901069,0.7568766637089619,0.7824057568793502,0.7979874213836478,0.001,64,SkipEncoder0_Classifier,10,PKLot,CrossEntropy,3x128x128,camera7,train_classifier.py,SkipEncoder0_Classifier_camera7_64,lucas.ocunha,LOCAL,fae73dae369fa16580455b7cd0cc0abcfe344dde
e749b08adde94eb4bd9820d87dde1ac2,32,FINISHED,mlflow-artifacts:/32/e749b08adde94eb4bd9820d87dde1ac2/artifacts,2026-02-25 20:19:14.586000+00:00,2026-02-25 20:23:24.146000+00:00,1.0,0.978515625,0.025769444182515144,0.05547402787487954,0.595062222737379,0.6184150251946862,0.8327086882453152,0.9416240895749538,0.9171489197530864,0.922273425499232,0.8464566929133859,0.7294744074201306,0.8140096618357487,0.7846292363099086,0.7227617980326236,0.8337259521005104,0.8566628349102485,0.6960435951030158,0.7735156771180787,0.9292703382722952,0.7350158139292733,0.8677943833141731,0.9380479926165205,0.72056151940545,0.8939228245586627,0.8342068965517241,0.9081309398099261,0.899063475546306,0.7548698768895122,0.8426966292134831,0.7614213197969543,0.8554039099963113,0.878900052882073,0.761658286503007,0.9013605442176871,0.9248271637350136,0.8358569215114935,0.8202085181898846,0.8568634123593099,0.900603035974215,0.001,1024,SkipEncoder0_Classifier,10,PKLot,CrossEntropy,3x128x128,camera6,train_classifier.py,SkipEncoder0_Classifier_camera6_1024,lucas.ocunha,LOCAL,fae73dae369fa16580455b7cd0cc0abcfe344dde
2757841836a94a958caee5a82d8f37dd,32,FINISHED,mlflow-artifacts:/32/2757841836a94a958caee5a82d8f37dd/artifacts,2026-02-25 20:15:05.168000+00:00,2026-02-25 20:19:14.465000+00:00,1.0,0.978515625,0.027765637263655663,0.05422966438345611,0.6454029878273699,0.6449067431850789,0.8300747352389048,0.9435448577680525,0.9178240740740741,0.9195084485407066,0.832046332046332,0.7367044463818657,0.8187307861220905,0.7784883184042848,0.7139527798933739,0.8365508365508365,0.8537339814405657,0.7496790086593013,0.7666779546224178,0.9266927811975377,0.7695532357933655,0.8771015467383995,0.9404706968158745,0.7499587118084228,0.8954850804561787,0.8381984987489575,0.9007314524555904,0.9001343484102104,0.7519850537132181,0.8296548956661316,0.780833815865663,0.8421052631578947,0.8771186440677966,0.776557188843617,0.8922902494331065,0.924508240297714,0.8534295360991628,0.8164374445430346,0.8718541021143669,0.9077894736842105,0.001,512,SkipEncoder0_Classifier,10,PKLot,CrossEntropy,3x128x128,camera6,train_classifier.py,SkipEncoder0_Classifier_camera6_512,lucas.ocunha,LOCAL,fae73dae369fa16580455b7cd0cc0abcfe344dde
7178c4c1afde4871b1625d2505da2e93,32,FINISHED,mlflow-artifacts:/32/7178c4c1afde4871b1625d2505da2e93/artifacts,2026-02-25 20:10:59.408000+00:00,2026-02-25 20:15:05.041000+00:00,0.984375,0.9921875,0.06950177811086178,0.04802882904186845,0.558438265042379,0.6050797932119577,0.7894887223099936,0.9186798964624676,0.8930362654320988,0.8961597542242703,0.800376647834275,0.7015619807244932,0.7870004391743523,0.7108458768122634,0.6550046016119586,0.8131741140215717,0.8380753502131733,0.6508062108091968,0.7550546900894929,0.9066298342541437,0.7099722236000199,0.8406637667149992,0.9130133825565298,0.7042113955408753,0.8662708951726292,0.8017195056421279,0.8762886597938144,0.8745603751465416,0.7295864262990456,0.8224317817014446,0.7503832752613241,0.8373460760889543,0.8485005170630817,0.7024954696931719,0.8639455782312925,0.9039411000433087,0.7831968919106425,0.793589174800355,0.8201093735009114,0.8723883654240066,0.001,256,SkipEncoder0_Classifier,10,PKLot,CrossEntropy,3x128x128,camera6,train_classifier.py,SkipEncoder0_Classifier_camera6_256,lucas.ocunha,LOCAL,fae73dae369fa16580455b7cd0cc0abcfe344dde
d96bb37f3bbc459db6f1a66801fa4313,32,FINISHED,mlflow-artifacts:/32/d96bb37f3bbc459db6f1a66801fa4313/artifacts,2026-02-25 20:06:50.147000+00:00,2026-02-25 20:10:59.289000+00:00,0.953125,0.9765625,0.16542542167007923,0.04919463116675615,0.5534249384741592,0.6229355664107932,0.7849583924791962,0.9159228650137741,0.9035493827160493,0.914900153609831,0.8785871964679912,0.7584206586826348,0.82389108476065,0.7079716501985409,0.6562069210545015,0.8348094747682802,0.8668917069610437,0.6391385488205434,0.7847173761339846,0.919265520256485,0.6906789692924924,0.8791958041958042,0.9119750807568067,0.7243600330305533,0.9004842993282299,0.8717948717948718,0.8923766816143498,0.9007324294841826,0.7828307793705718,0.841091492776886,0.7624199288256228,0.8502835538752362,0.9037249283667622,0.7659562574243589,0.891156462585034,0.9095677337674082,0.8283613153878174,0.8381765749778172,0.847057368941642,0.8870864461045891,0.001,128,SkipEncoder0_Classifier,10,PKLot,CrossEntropy,3x128x128,camera6,train_classifier.py,SkipEncoder0_Classifier_camera6_128,lucas.ocunha,LOCAL,fae73dae369fa16580455b7cd0cc0abcfe344dde
222f33e65d874124bb74742c306caa88,32,FINISHED,mlflow-artifacts:/32/222f33e65d874124bb74742c306caa88/artifacts,2026-02-25 20:02:45.103000+00:00,2026-02-25 20:06:50.032000+00:00,0.890625,0.96875,0.3027286231517792,0.054969293996691704,0.5348788318935861,0.5946542964435608,0.7333193306728278,0.8950795175579037,0.8664158950617284,0.9121351766513057,0.7901960784313725,0.6848415174905568,0.7677865612648221,0.6042917166866747,0.5799913862056236,0.7977044476327116,0.8237919491889109,0.6158480143326366,0.7197926789763525,0.9191633691351045,0.6850785452453659,0.8151809918673257,0.8865943700969081,0.6913294797687861,0.8529917200437431,0.7888265169740711,0.8493150684931506,0.8624872132105802,0.7100162745968338,0.7859149277688604,0.7423135254377499,0.8063872255489022,0.8779697624190065,0.6475656196294867,0.8378684807256236,0.8806960117150486,0.7236685398455206,0.7722937000887311,0.781618018289688,0.8421369752962442,0.001,64,SkipEncoder0_Classifier,10,PKLot,CrossEntropy,3x128x128,camera6,train_classifier.py,SkipEncoder0_Classifier_camera6_64,lucas.ocunha,LOCAL,fae73dae369fa16580455b7cd0cc0abcfe344dde
135f0b488e884664b5d0b14b84c2bdd8,32,FINISHED,mlflow-artifacts:/32/135f0b488e884664b5d0b14b84c2bdd8/artifacts,2026-02-25 19:58:30.671000+00:00,2026-02-25 20:02:44.834000+00:00,0.984375,0.998046875,0.10690530017018318,0.011756406049244106,0.7239080701569854,0.6436450839328537,0.8354113374953044,0.9509154217679434,0.9482060185185185,0.9508448540706606,0.9029535864978903,0.8172272992416877,0.8788976723759332,0.7875842644750207,0.7237926972909305,0.8840046271952887,0.8984360278876955,0.8156091370558376,0.8172937771345875,0.9535693557748114,0.8167839844532299,0.9341653101826731,0.9495846792801107,0.7476465730800991,0.9382908920481174,0.9073126692747517,0.9375684556407448,0.9385214007782101,0.8332750786438309,0.865569823434992,0.7784222737819025,0.8708558211256746,0.9335227272727272,0.8351628790126387,0.935374149659864,0.9505843379037453,0.8901675454419314,0.8804347826086957,0.8988943439907396,0.9379570130733437,0.001,1024,SkipEncoder0_Classifier,10,PKLot,CrossEntropy,3x128x128,camera5,train_classifier.py,SkipEncoder0_Classifier_camera5_1024,lucas.ocunha,LOCAL,fae73dae369fa16580455b7cd0cc0abcfe344dde
0385f3c118544a03a3d1c20a385d8e32,32,FINISHED,mlflow-artifacts:/32/0385f3c118544a03a3d1c20a385d8e32/artifacts,2026-02-25 19:54:24.369000+00:00,2026-02-25 19:58:30.546000+00:00,0.984375,0.998046875,0.09518355317413807,0.00729649025015533,0.7692523968847527,0.6625965611761774,0.8073581132335701,0.9458272327964861,0.9421296296296297,0.9477726574500768,0.8972162740899358,0.8235761063703115,0.8786780851998244,0.7420352756487211,0.6814015074353229,0.8825093035619351,0.8904726181545386,0.8473051657211108,0.8094729344729344,0.9505526468877254,0.8425266561453482,0.9273088023088023,0.9445085371481311,0.7653179190751445,0.9401655991251368,0.9088721804511278,0.9249448123620309,0.9404076552046056,0.8225918225918226,0.8623595505617978,0.7891378542810507,0.8688837920489296,0.932648401826484,0.8137595785440613,0.9229024943310657,0.9448630766403234,0.8770495120484714,0.870452528837622,0.8887616088545058,0.9353976386723101,0.001,512,SkipEncoder0_Classifier,10,PKLot,CrossEntropy,3x128x128,camera5,train_classifier.py,SkipEncoder0_Classifier_camera5_512,lucas.ocunha,LOCAL,fae73dae369fa16580455b7cd0cc0abcfe344dde
43f6af3ca6a24ecdabd447a723ebe40a,32,FINISHED,mlflow-artifacts:/32/43f6af3ca6a24ecdabd447a723ebe40a/artifacts,2026-02-25 19:50:14.432000+00:00,2026-02-25 19:54:24.253000+00:00,0.984375,1.0,0.11532736010849476,0.0064467983320355415,0.6735672686340723,0.6411483253588517,0.7704318882670627,0.936353591160221,0.9356674382716049,0.9259600614439324,0.8755186721991701,0.8003439052350019,0.8658322353974528,0.6751777634130576,0.627111665958351,0.8727083333333333,0.8734292478601348,0.7731487011048074,0.73254701944533,0.9320169252468266,0.783697408411807,0.9079475982532751,0.9335486848177204,0.7446738232865401,0.9256366192782378,0.884367681498829,0.9163952225841476,0.9269714636391531,0.7875205254515599,0.8063804173354735,0.7761366927309585,0.826470059341845,0.8886498117267349,0.7683765863396549,0.9126984126984127,0.9397089397089398,0.8464947273484112,0.845829636202307,0.8665669954142848,0.9092274678111588,0.001,256,SkipEncoder0_Classifier,10,PKLot,CrossEntropy,3x128x128,camera5,train_classifier.py,SkipEncoder0_Classifier_camera5_256,lucas.ocunha,LOCAL,fae73dae369fa16580455b7cd0cc0abcfe344dde
0d207342335b4ad399f3d9bbc2a94a27,32,FINISHED,mlflow-artifacts:/32/0d207342335b4ad399f3d9bbc2a94a27/artifacts,2026-02-25 19:46:04.647000+00:00,2026-02-25 19:50:14.311000+00:00,0.984375,0.9921875,0.0277731791138649,0.026848940178751945,0.7314774147775263,0.7565531786682735,0.8113194383884189,0.9202680841229489,0.9212962962962963,0.9176651305683564,0.9408602150537635,0.8681071348188161,0.8797760210803689,0.7502539477329393,0.690286104350923,0.875695311613123,0.8987403573869739,0.7659375933114363,0.828251640293323,0.9189352692075015,0.7341873023677719,0.9353099730458221,0.9203968620212275,0.8310487200660611,0.9371973129198563,0.9403131115459883,0.8631319358816276,0.9348249027237354,0.860347728547392,0.8549357945425361,0.8307692307692308,0.8558325024925224,0.9376543209876543,0.8559573481687529,0.8741496598639455,0.922521838207368,0.8977990148466768,0.8849822537710736,0.9038453693202679,0.9338649155722326,0.001,128,SkipEncoder0_Classifier,10,PKLot,CrossEntropy,3x128x128,camera5,train_classifier.py,SkipEncoder0_Classifier_camera5_128,lucas.ocunha,LOCAL,fae73dae369fa16580455b7cd0cc0abcfe344dde
3824a6190a7c44d7af83a7d50bc13be6,32,FINISHED,mlflow-artifacts:/32/3824a6190a7c44d7af83a7d50bc13be6/artifacts,2026-02-25 19:42:00.089000+00:00,2026-02-25 19:46:04.518000+00:00,0.953125,0.984375,0.10096293687820435,0.029538925737142563,0.6321422243222491,0.6493030080704328,0.7661252010701516,0.908068783068783,0.8779899691358025,0.8915514592933947,0.7958333333333333,0.7278776978417266,0.7988581466842336,0.6760896666358851,0.6321921294067482,0.8154342131775136,0.8372423596304194,0.7283666766198865,0.7308592443998663,0.8996874111963626,0.7462765660735204,0.8493738205524104,0.9037840332256576,0.7514450867052023,0.8717387908139353,0.8226308345120227,0.8313384113166485,0.8762995329215006,0.7404148334380892,0.7907303370786517,0.7791636096845195,0.8073868882733148,0.8636115657392253,0.7166157069853963,0.8242630385487528,0.8867197994089728,0.7911463392072522,0.7968056787932565,0.8226576076818097,0.8797522426313541,0.001,64,SkipEncoder0_Classifier,10,PKLot,CrossEntropy,3x128x128,camera5,train_classifier.py,SkipEncoder0_Classifier_camera5_64,lucas.ocunha,LOCAL,fae73dae369fa16580455b7cd0cc0abcfe344dde
8b421659bceb457d8b2a4e408ff659ae,32,FINISHED,mlflow-artifacts:/32/8b421659bceb457d8b2a4e408ff659ae/artifacts,2026-02-25 19:37:51.354000+00:00,2026-02-25 19:41:59.820000+00:00,0.9375,0.986328125,0.10639683157205582,0.03519746637903154,0.6695679359719877,0.626046511627907,0.7909915330725921,0.9480176211453745,0.9423225308641975,0.9447004608294931,0.8582677165354331,0.7875552282768777,0.8636363636363636,0.719330039708191,0.6662997987053423,0.8732394366197183,0.8857851695304604,0.7637951627351448,0.7997960571040109,0.9483055715106261,0.7719100961607773,0.9130359010108051,0.9455468389478542,0.7288191577208918,0.940009373535385,0.8950581395348837,0.9208025343189018,0.9413023540201774,0.8045401435486563,0.8675762439807384,0.7662966125818389,0.8770033544539695,0.9192650334075724,0.8027782387104421,0.9149659863945578,0.9460093896713615,0.8675130660006475,0.8621339840283939,0.8807960799409078,0.9176972281449893,0.001,1024,SkipEncoder0_Classifier,10,PKLot,CrossEntropy,3x128x128,camera4,train_classifier.py,SkipEncoder0_Classifier_camera4_1024,lucas.ocunha,LOCAL,fae73dae369fa16580455b7cd0cc0abcfe344dde
804b9b4d67e34113a0760da49e4f9d4c,32,FINISHED,mlflow-artifacts:/32/804b9b4d67e34113a0760da49e4f9d4c/artifacts,2026-02-25 19:33:45.496000+00:00,2026-02-25 19:37:51.234000+00:00,0.921875,0.998046875,0.3207777142524719,0.01480243750847876,0.6351007999644953,0.5474511384243401,0.7765578758701179,0.9128034170226065,0.8922646604938271,0.8918586789554531,0.8210922787193974,0.6603744862231694,0.7519762845849802,0.6906108597285068,0.640898270334237,0.7934156378600823,0.8311111111111111,0.7431472081218274,0.7040187738339689,0.9051724137931034,0.7689032171401706,0.8300234558248631,0.9034379326257499,0.6275805119735756,0.8867364474300891,0.8115334207077326,0.8989690721649485,0.8951857741795576,0.714159811985899,0.7927367576243981,0.7067238912732475,0.8229041659523402,0.8292201382033564,0.7200618740938058,0.8888888888888888,0.90479843177363,0.8001451135470145,0.7808340727595386,0.8317077029806604,0.8410443463236705,0.001,512,SkipEncoder0_Classifier,10,PKLot,CrossEntropy,3x128x128,camera4,train_classifier.py,SkipEncoder0_Classifier_camera4_512,lucas.ocunha,LOCAL,fae73dae369fa16580455b7cd0cc0abcfe344dde
de68b5898c6b4c7f8933fa3748b6670e,32,FINISHED,mlflow-artifacts:/32/de68b5898c6b4c7f8933fa3748b6670e/artifacts,2026-02-25 19:29:39.267000+00:00,2026-02-25 19:33:45.357000+00:00,0.90625,1.0,0.416597455739975,0.012186461128294468,0.5558001110069092,0.5334904733844038,0.7486841570063046,0.8822933549432739,0.8360339506172839,0.8635944700460829,0.7666666666666667,0.6098661028893587,0.6918093983311374,0.6433996675593314,0.6083312401676295,0.7550824535380857,0.8066738607122105,0.6484099731263063,0.6742424242424242,0.8832807570977917,0.7115074819764914,0.7615008625646924,0.8659437009690817,0.6061106523534269,0.828776753632245,0.7399521531100478,0.8662041625371655,0.8494918978302665,0.6791055206149545,0.7628410914927769,0.694895740053729,0.8026052104208417,0.7932011331444759,0.645773891346787,0.8469387755102041,0.8617211647958354,0.7171673373109477,0.741681455190772,0.7741756796056003,0.7944180955855528,0.001,256,SkipEncoder0_Classifier,10,PKLot,CrossEntropy,3x128x128,camera4,train_classifier.py,SkipEncoder0_Classifier_camera4_256,lucas.ocunha,LOCAL,fae73dae369fa16580455b7cd0cc0abcfe344dde
39921244fcbe4020a15b1fbdca5ffce4,32,FINISHED,mlflow-artifacts:/32/39921244fcbe4020a15b1fbdca5ffce4/artifacts,2026-02-25 19:25:36.235000+00:00,2026-02-25 19:29:39.149000+00:00,0.890625,0.984375,0.5269742012023926,0.031357319094240665,0.5255076725996626,0.5200076584338503,0.7404251924534323,0.8674388674388674,0.8324652777777778,0.8436251920122888,0.6795665634674922,0.6139383658467628,0.6976284584980237,0.6243997599039616,0.5944180446505194,0.7592657342657343,0.8027042625113364,0.6035682293221857,0.6155810983397191,0.8685094290880909,0.6868934614704322,0.7562989323843416,0.845523765574527,0.5843104872006606,0.8251835650679581,0.7355666429080542,0.8092165898617512,0.8469429626590069,0.6726544148127678,0.6952247191011236,0.6833563970310731,0.7603722984697902,0.7693363844393593,0.6173976402520623,0.7653061224489796,0.8595001213297744,0.6864564543730632,0.7345829636202307,0.7593879217022484,0.7671160917527579,0.001,128,SkipEncoder0_Classifier,10,PKLot,CrossEntropy,3x128x128,camera4,train_classifier.py,SkipEncoder0_Classifier_camera4_128,lucas.ocunha,LOCAL,fae73dae369fa16580455b7cd0cc0abcfe344dde
08e516f52e684cf7beb176281a6c579b,32,FINISHED,mlflow-artifacts:/32/08e516f52e684cf7beb176281a6c579b/artifacts,2026-02-25 19:21:31.896000+00:00,2026-02-25 19:25:36.120000+00:00,0.890625,1.0,0.3425384610891342,0.027359340339899063,0.5597932703319027,0.5574819401444788,0.7427615696546066,0.8992552751344642,0.8978587962962963,0.9023041474654377,0.7771836007130125,0.7126550868486352,0.8029205094422486,0.6236263736263736,0.5923344070867727,0.8275862068965517,0.8465765372873965,0.651000298596596,0.6608863198458574,0.9124449339207048,0.7062984508298678,0.842484392508404,0.8876326718966313,0.6417836498761355,0.8928292454304015,0.8256064690026954,0.872,0.8992953611274221,0.738323444393732,0.7481942215088283,0.7135120855897503,0.7928017170216278,0.8514902363823227,0.6711304307181752,0.854875283446712,0.9085886922744929,0.7522981129457472,0.804902395740905,0.800858949599459,0.8236074270557029,0.001,64,SkipEncoder0_Classifier,10,PKLot,CrossEntropy,3x128x128,camera4,train_classifier.py,SkipEncoder0_Classifier_camera4_64,lucas.ocunha,LOCAL,fae73dae369fa16580455b7cd0cc0abcfe344dde
6c8df6b8c04a464098adb8bc053c9a36,32,FINISHED,mlflow-artifacts:/32/6c8df6b8c04a464098adb8bc053c9a36/artifacts,2026-02-25 19:17:22.790000+00:00,2026-02-25 19:21:31.626000+00:00,0.984375,0.9873046875,0.03358261100947857,0.031264370772987604,0.65293692858992,0.7334470019892014,0.7844304411051867,0.9154913427359248,0.9296875,0.9557603686635945,0.9512195121951219,0.8245870792389713,0.8615502854633289,0.7433281004709577,0.7241533614949524,0.8621707290414253,0.9027297193387159,0.7289340101522843,0.8494795836669335,0.9569120287253142,0.7252296563100625,0.9252629636464292,0.9149746192893401,0.8211395540875309,0.9100140603030776,0.8996835443037975,0.8688118811881188,0.9080166081124241,0.8519593613933236,0.8639646869983949,0.8265812650120096,0.8622511174319383,0.9655797101449275,0.8069570371967074,0.8798185941043084,0.9322301756995445,0.7617449470422275,0.8877551020408163,0.744044495098024,0.9217270838143615,0.001,1024,SkipEncoder0_Classifier,10,PKLot,CrossEntropy,3x128x128,camera3,train_classifier.py,SkipEncoder0_Classifier_camera3_1024,lucas.ocunha,LOCAL,fae73dae369fa16580455b7cd0cc0abcfe344dde
d1e67a9fd64047668df9092d5b24c9f5,32,FINISHED,mlflow-artifacts:/32/d1e67a9fd64047668df9092d5b24c9f5/artifacts,2026-02-25 19:13:17.357000+00:00,2026-02-25 19:17:22.671000+00:00,0.921875,0.97265625,0.23734354227781296,0.0923452612478286,0.5780611586598425,0.6148232611174458,0.7879840567521117,0.8914227015921932,0.8919753086419753,0.9213517665130568,0.8952772073921971,0.6861115550583347,0.7763504611330698,0.7322929171668667,0.69394261424017,0.8082462581191754,0.8464759246336357,0.6697446999104211,0.7320707854703509,0.9290465631929047,0.7084900998253879,0.8320214105793451,0.8780572219658515,0.7161023947151115,0.8673644743008905,0.7952817824377457,0.9416846652267818,0.8772589272806129,0.7382836275106512,0.8136035313001605,0.7582618478413725,0.8354295837023915,0.8720083246618107,0.760347129506008,0.9387755102040817,0.9041916167664671,0.7891546413209379,0.8047914818101154,0.8011483065749548,0.8117867165575304,0.001,512,SkipEncoder0_Classifier,10,PKLot,CrossEntropy,3x128x128,camera3,train_classifier.py,SkipEncoder0_Classifier_camera3_512,lucas.ocunha,LOCAL,fae73dae369fa16580455b7cd0cc0abcfe344dde
4d09a12f09404555ac141911b5d99807,32,FINISHED,mlflow-artifacts:/32/4d09a12f09404555ac141911b5d99807/artifacts,2026-02-25 19:09:09.585000+00:00,2026-02-25 19:13:17.240000+00:00,0.953125,0.99609375,0.13530713319778442,0.012284211348742247,0.6176394293125811,0.6597154072620216,0.7720826696858629,0.9095733389938442,0.912133487654321,0.9517665130568357,0.8851774530271399,0.7365029606408917,0.8188405797101449,0.7258057068981438,0.7066034422198806,0.8367629600316581,0.8749320282762371,0.7103090474768587,0.7674342105263158,0.9550272128329992,0.7297016807015344,0.8702124101020238,0.9017074296262113,0.764822460776218,0.8989220434307139,0.8445130507998877,0.9237472766884531,0.9029257314328583,0.7859003581895149,0.8398876404494382,0.7906498088797412,0.8539531478770132,0.9235457063711912,0.7779394678415719,0.9206349206349206,0.919501634708845,0.7776611858840942,0.8469387755102041,0.7786089915001281,0.8515500794912559,0.001,256,SkipEncoder0_Classifier,10,PKLot,CrossEntropy,3x128x128,camera3,train_classifier.py,SkipEncoder0_Classifier_camera3_256,lucas.ocunha,LOCAL,fae73dae369fa16580455b7cd0cc0abcfe344dde
cf4ea17619744fef9c8850692a173e03,32,FINISHED,mlflow-artifacts:/32/cf4ea17619744fef9c8850692a173e03/artifacts,2026-02-25 19:05:00.335000+00:00,2026-02-25 19:09:09.468000+00:00,0.96875,1.0,0.12385197728872299,0.019653519615530968,0.5655122984876184,0.6217963518817825,0.7644052255540122,0.8986719648645822,0.9052854938271605,0.930568356374808,0.8470588235294118,0.6984932852931542,0.7867808519982433,0.7004455628405208,0.6696464076094737,0.8145530939648586,0.8474993407752484,0.6555165721110779,0.7179720704310868,0.9367655288192501,0.7023407919604213,0.853686261773303,0.8882095062298108,0.7240297274979356,0.8800187470707702,0.816088840736728,0.9104320337197049,0.8869590815425376,0.7434078643022359,0.8017656500802568,0.7632138302394785,0.8272123119972018,0.8866525423728814,0.7254926152691455,0.9036281179138322,0.9145789839944328,0.7518847416863235,0.8075643300798581,0.7668128297498927,0.8306591919582448,0.001,128,SkipEncoder0_Classifier,10,PKLot,CrossEntropy,3x128x128,camera3,train_classifier.py,SkipEncoder0_Classifier_camera3_128,lucas.ocunha,LOCAL,fae73dae369fa16580455b7cd0cc0abcfe344dde
9656611ccb8847ed8096db3c887f9cc3,32,FINISHED,mlflow-artifacts:/32/9656611ccb8847ed8096db3c887f9cc3/artifacts,2026-02-25 19:00:56.571000+00:00,2026-02-25 19:05:00.215000+00:00,0.890625,1.0,0.2761775106191635,0.03187714144587517,0.5463090745905673,0.6427543186180422,0.754929428089123,0.8595691797845899,0.8722029320987654,0.9047619047619048,0.8723849372384938,0.6713087513847128,0.7583443126921388,0.679921968787515,0.6484323996052531,0.7940102948058025,0.828390014786466,0.632994923857868,0.7610041265474553,0.9149753154141524,0.6972287227491071,0.818441517219489,0.8435625288417167,0.7463253509496284,0.8536166224027496,0.7872114619262404,0.9094874591057798,0.8636297482171446,0.7209689629068887,0.8182182985553772,0.7771975630983464,0.8300825206301575,0.8510204081632653,0.6872544347841724,0.9058956916099773,0.8861586046911246,0.7391107025576985,0.7811668145519077,0.7720963119152536,0.7880744398025067,0.001,64,SkipEncoder0_Classifier,10,PKLot,CrossEntropy,3x128x128,camera3,train_classifier.py,SkipEncoder0_Classifier_camera3_64,lucas.ocunha,LOCAL,fae73dae369fa16580455b7cd0cc0abcfe344dde
140998074dc74327a7fdc94279aa9cbd,32,FINISHED,mlflow-artifacts:/32/140998074dc74327a7fdc94279aa9cbd/artifacts,2026-02-25 18:56:48.948000+00:00,2026-02-25 19:00:56.290000+00:00,1.0,0.9833984375,0.0012642554938793182,0.03553154459223151,0.7827228567677563,0.7082554100988512,0.6671158344350656,0.9212068591274148,0.9275655864197531,0.9357910906298003,0.9753363228699552,0.7358815426997245,0.8214756258234519,0.697732939329578,0.8361162449811994,0.8401808531551013,0.8649724156642851,0.8185652433562257,0.799377378069872,0.9406081273088945,0.7969456210264251,0.8963193364437533,0.916243654822335,0.8072667217175887,0.9175128886111545,0.8683457355466514,0.9830508474576272,0.9199514857489387,0.775669099756691,0.8609550561797753,0.8196011748338229,0.8696142991533397,0.9028914348063284,0.917269940024707,0.9829931972789115,0.9324943820224719,0.8751850053189029,0.8344055013309671,0.8690742593771794,0.8797678275290216,0.001,1024,SkipEncoder0_Classifier,10,PKLot,CrossEntropy,3x128x128,camera2,train_classifier.py,SkipEncoder0_Classifier_camera2_1024,lucas.ocunha,LOCAL,fae73dae369fa16580455b7cd0cc0abcfe344dde
0f1d38c8d2674aa090c9efbd7fbec13e,32,FINISHED,mlflow-artifacts:/32/0f1d38c8d2674aa090c9efbd7fbec13e/artifacts,2026-02-25 18:52:36.464000+00:00,2026-02-25 18:56:48.828000+00:00,1.0,0.994140625,0.0010646004229784012,0.02034049923531711,0.6325453031806311,0.6345928185871861,0.7311993743366293,0.8733554283418701,0.8754822530864198,0.8918586789554531,0.9439655172413793,0.6517039483561027,0.7425340360122968,0.7222850678733032,0.775004144660493,0.7873401650494242,0.8322331761680241,0.7348760824126604,0.695664739884393,0.905223478729133,0.757483885065006,0.8095456631482332,0.8545223811721273,0.7392237819983485,0.855803780659272,0.7740880503144654,0.9700996677740864,0.8695775045923414,0.7166691274176878,0.7853130016051364,0.7740088736224416,0.818150917743032,0.8288954635108481,0.826574656875601,0.9693877551020408,0.8912842105263158,0.8438526201378289,0.782941437444543,0.8485149320074148,0.781031075983474,0.001,512,SkipEncoder0_Classifier,10,PKLot,CrossEntropy,3x128x128,camera2,train_classifier.py,SkipEncoder0_Classifier_camera2_512,lucas.ocunha,LOCAL,fae73dae369fa16580455b7cd0cc0abcfe344dde
976ac62c82b1436f98d002e15ffee944,32,FINISHED,mlflow-artifacts:/32/976ac62c82b1436f98d002e15ffee944/artifacts,2026-02-25 18:48:24.577000+00:00,2026-02-25 18:52:36.349000+00:00,1.0,0.9921875,0.0028533972799777985,0.023150707595050335,0.6548443236239377,0.6689155422288856,0.7035165395581724,0.8811570749469,0.8842592592592593,0.9004608294930876,0.9340425531914893,0.6736316856385467,0.7651515151515151,0.7047280450641795,0.7782593086470407,0.8015585861397161,0.8425901781833985,0.7433412959092266,0.7115727002967359,0.9114270092946966,0.7499163526861699,0.8214729645742698,0.864443931702815,0.7730800990916598,0.8606467739415716,0.7808845958312151,0.9658965896589659,0.8732234223990903,0.7329502495085438,0.7997592295345104,0.7957788347205708,0.8277528477735588,0.8453346855983773,0.8261313998751969,0.9648526077097506,0.8980805163920503,0.815555478470006,0.7991348713398403,0.8133366878861636,0.7924322357649627,0.001,256,SkipEncoder0_Classifier,10,PKLot,CrossEntropy,3x128x128,camera2,train_classifier.py,SkipEncoder0_Classifier_camera2_256,lucas.ocunha,LOCAL,fae73dae369fa16580455b7cd0cc0abcfe344dde
f64041ff5a6b47ea9dcc4da406712208,32,FINISHED,mlflow-artifacts:/32/f64041ff5a6b47ea9dcc4da406712208/artifacts,2026-02-25 18:44:12.439000+00:00,2026-02-25 18:48:24.455000+00:00,1.0,1.0,0.014202646911144257,0.03317866940051317,0.6061917404474801,0.6796191456510551,0.7504315607763884,0.8666733648146288,0.8776041666666666,0.8961597542242703,0.9360341151385928,0.6845445890193589,0.7760210803689065,0.7263136023640225,0.7469720464356062,0.8087739032620922,0.8394331913413892,0.6969095252314124,0.6957026713124274,0.9074986316365626,0.7185537424962914,0.8159652119894394,0.8469081679741578,0.7803468208092486,0.8536166224027496,0.7742589308335445,0.9669603524229075,0.8670733437367002,0.7302979882014824,0.7841091492776886,0.7988505747126436,0.8166325835037491,0.842479674796748,0.8294890362864823,0.9659863945578231,0.8922476012566868,0.8363165441006429,0.7951419698314108,0.838681739447534,0.7753010965306489,0.001,128,SkipEncoder0_Classifier,10,PKLot,CrossEntropy,3x128x128,camera2,train_classifier.py,SkipEncoder0_Classifier_camera2_128,lucas.ocunha,LOCAL,fae73dae369fa16580455b7cd0cc0abcfe344dde
8e7b8bcf2bf94f3f9194bf6883e4c957,32,FINISHED,mlflow-artifacts:/32/8e7b8bcf2bf94f3f9194bf6883e4c957/artifacts,2026-02-25 18:39:53.373000+00:00,2026-02-25 18:44:12.318000+00:00,0.9375,1.0,0.18472611904144287,0.04864807240664959,0.6296425480241316,0.7642585551330798,0.5867482966327638,0.8542825361512792,0.8651620370370371,0.8970814132104454,0.9336188436830836,0.6955668247996074,0.7831576635924462,0.6135377227814203,0.704571055907986,0.8115278175398416,0.8464279351505434,0.7111824425201553,0.7455429497568882,0.9071250346548378,0.7158698685466696,0.8086806643685365,0.833756345177665,0.84822460776218,0.8415872519918762,0.7710280373831776,0.9624724061810155,0.8541846419327006,0.7500789390590464,0.8176163723916533,0.8504475183075672,0.8349972771827918,0.8516397709526289,0.7878320723206015,0.9614512471655329,0.880716723549488,0.7444035891031867,0.8087843833185449,0.7249390274252153,0.768139661756683,0.001,64,SkipEncoder0_Classifier,10,PKLot,CrossEntropy,3x128x128,camera2,train_classifier.py,SkipEncoder0_Classifier_camera2_64,lucas.ocunha,LOCAL,fae73dae369fa16580455b7cd0cc0abcfe344dde
a800f018ebee4f84adfbac7dd7b2c3b5,32,FINISHED,mlflow-artifacts:/32/a800f018ebee4f84adfbac7dd7b2c3b5/artifacts,2026-02-25 18:35:35.046000+00:00,2026-02-25 18:39:53.069000+00:00,1.0,0.982421875,0.010678624734282494,0.030534484889358282,0.7213187582456045,0.8247706422018348,0.4687842936816945,0.8859074582717092,0.8651620370370371,0.9112135176651306,0.9033613445378151,0.6247782377291543,0.7059727711901624,0.5921022255055869,0.8104371329071157,0.7593890386343216,0.8117567108392797,0.8068005374738728,0.7564784053156146,0.9190249369571308,0.8054689085483641,0.8079087214754611,0.8754037840332256,0.900578034682081,0.8258084674269646,0.7512010113780025,0.9398907103825137,0.8420008502196401,0.6944767441860465,0.8234349919743178,0.899599733155437,0.8380566801619433,0.8709506107275624,0.7804803490832369,0.937641723356009,0.880879345603272,0.7688300726145877,0.7542147293700089,0.7650677446268463,0.8260441292356187,0.001,1024,SkipEncoder0_Classifier,10,PKLot,CrossEntropy,3x128x128,camera1,train_classifier.py,SkipEncoder0_Classifier_camera1_1024,lucas.ocunha,LOCAL,fae73dae369fa16580455b7cd0cc0abcfe344dde
95989107c28f41218157b89c98eb9083,32,FINISHED,mlflow-artifacts:/32/95989107c28f41218157b89c98eb9083/artifacts,2026-02-25 18:31:21.294000+00:00,2026-02-25 18:35:34.920000+00:00,0.96875,0.986328125,0.031815074384212494,0.04205916682258248,0.7514840920362494,0.8661722025153177,0.3386149249723052,0.8929577464788733,0.8880208333333334,0.9259600614439324,0.944954128440367,0.6717482971132014,0.7531840140535793,0.5451565241481208,0.8203480806766428,0.7865552601595138,0.8316744472826566,0.8111824425201553,0.7736752136752136,0.9318631608707945,0.7981324820430966,0.8474463483613376,0.8860175357637287,0.9248554913294798,0.8712701140446805,0.8149889380530974,0.9417142857142857,0.8773444477523072,0.7306918433678997,0.8348715890850722,0.9219152222412905,0.8461394653206207,0.8903295515937332,0.8254644460849718,0.9421768707482994,0.8977002379064235,0.77611465704639,0.7880434782608695,0.7588789818435406,0.8514462809917356,0.001,512,SkipEncoder0_Classifier,10,PKLot,CrossEntropy,3x128x128,camera1,train_classifier.py,SkipEncoder0_Classifier_camera1_512,lucas.ocunha,LOCAL,fae73dae369fa16580455b7cd0cc0abcfe344dde
616d02f75ab1460fa9aa11af4eb4ccf9,32,FINISHED,mlflow-artifacts:/32/616d02f75ab1460fa9aa11af4eb4ccf9/artifacts,2026-02-25 18:27:09.800000+00:00,2026-02-25 18:31:21.174000+00:00,1.0,0.98828125,0.032156288623809814,0.04333406640216708,0.6756499643255016,0.8037466547725245,0.5845409429280397,0.8606024216951866,0.8415316358024691,0.896774193548387,0.9045643153526971,0.6140501792114695,0.6953227931488801,0.6134684643088004,0.7070352362086559,0.755312582664668,0.8019875776397516,0.7708569722305165,0.7158251231527094,0.908745247148289,0.7786080057699243,0.7742318539409233,0.8392939547761883,0.8872006606110653,0.8222152788626778,0.7396290873596877,0.9467969598262758,0.8419444444444445,0.6740916051788947,0.7949438202247191,0.8878305140417145,0.8198166431593794,0.8381763527054108,0.7397872227809241,0.9444444444444444,0.8639337474120082,0.7602070903288469,0.7348047914818101,0.771157193735534,0.7674460110655006,0.001,256,SkipEncoder0_Classifier,10,PKLot,CrossEntropy,3x128x128,camera1,train_classifier.py,SkipEncoder0_Classifier_camera1_256,lucas.ocunha,LOCAL,fae73dae369fa16580455b7cd0cc0abcfe344dde
757a0695b325458dbea8512d56c88141,32,FINISHED,mlflow-artifacts:/32/757a0695b325458dbea8512d56c88141/artifacts,2026-02-25 18:22:57.288000+00:00,2026-02-25 18:27:09.612000+00:00,0.953125,0.9765625,0.0995950810611248,0.08487995062023401,0.5984782162273165,0.7332595462091865,0.6074539776462854,0.7830386004943906,0.7338927469135802,0.8181259600614439,0.8734177215189873,0.5616257587754024,0.6231884057971014,0.5589158740419244,0.5905876712876034,0.7126590756865372,0.7498613422074321,0.6973872797850105,0.6721556886227545,0.8471863706763035,0.7320404008355147,0.6675328049889567,0.7367328103368712,0.8282411230388109,0.7266052179346977,0.6478565179352581,0.9069003285870756,0.7719572582746937,0.6122396170267822,0.7443820224719101,0.8359621451104101,0.778972935461485,0.75,0.6331635181654603,0.9036281179138322,0.7883390870732643,0.6707194394338837,0.6498447204968945,0.7134541466261496,0.6719973890339426,0.001,128,SkipEncoder0_Classifier,10,PKLot,CrossEntropy,3x128x128,camera1,train_classifier.py,SkipEncoder0_Classifier_camera1_128,lucas.ocunha,LOCAL,fae73dae369fa16580455b7cd0cc0abcfe344dde
8af03d0b6fbc4e52a052e2528c65ef96,32,FINISHED,mlflow-artifacts:/32/8af03d0b6fbc4e52a052e2528c65ef96/artifacts,2026-02-25 18:18:50.585000+00:00,2026-02-25 18:22:57.170000+00:00,0.9375,0.984375,0.15045702457427979,0.18305972963571548,0.6433700997346279,0.7856502242152467,0.42194432157840417,0.8281265695630337,0.8094135802469136,0.8918586789554531,0.9593679458239278,0.625526791089705,0.7037768994290733,0.5021816418875242,0.5760292772186643,0.7549500454132607,0.7847698744769874,0.7315467303672738,0.7500836400133823,0.9011235955056179,0.7399184216616524,0.7461200585651537,0.8026072911859714,0.8654004954582989,0.8034682080924855,0.7275419545903258,0.963718820861678,0.8241543192619514,0.6643525077925758,0.8136035313001605,0.8657552297809257,0.8283761315351931,0.855923159018143,0.7073689969315669,0.963718820861678,0.8376068376068376,0.6999011377827112,0.7147293700088732,0.6962013092475484,0.7407008086253369,0.001,64,SkipEncoder0_Classifier,10,PKLot,CrossEntropy,3x128x128,camera1,train_classifier.py,SkipEncoder0_Classifier_camera1_64,lucas.ocunha,LOCAL,fae73dae369fa16580455b7cd0cc0abcfe344dde
b48d9d48e43740998adb5203f1f9d6f7,32,FINISHED,mlflow-artifacts:/32/b48d9d48e43740998adb5203f1f9d6f7/artifacts,2026-02-25 18:14:33.010000+00:00,2026-02-25 18:18:50.290000+00:00,1.0,0.9990234375,0.00014834292232990265,0.0033217392629012465,0.9453552816610141,0.5641080617495712,0.8863792253963347,0.8773634731171438,0.8296682098765432,0.8233486943164362,0.8368932038834952,0.6027636363636364,0.6757795344751867,0.8642418505863884,0.8158601433424034,0.7373009518726092,0.7926321053508918,0.963257688862347,0.7163554410817772,0.849986955387425,0.9587101320403335,0.7662492546213476,0.8660590678357176,0.6485549132947976,0.7758162787064521,0.6949707602339181,0.9035639412997903,0.8054764809543175,0.669152828595553,0.78330658105939,0.712043301759134,0.8047016274864376,0.7587331159757802,0.740703950491394,0.8956916099773242,0.8533953179478665,0.8149050691457379,0.7240461401952085,0.8403515551954124,0.8180027575339768,0.001,1024,SkipEncoder0_Classifier,10,PKLot,CrossEntropy,3x128x128,UFPR05,train_classifier.py,SkipEncoder0_Classifier_UFPR05_1024,lucas.ocunha,LOCAL,fae73dae369fa16580455b7cd0cc0abcfe344dde
b53701a0b5bb4900bba310e675587e69,32,FINISHED,mlflow-artifacts:/32/b53701a0b5bb4900bba310e675587e69/artifacts,2026-02-25 18:10:13.933000+00:00,2026-02-25 18:14:32.887000+00:00,1.0,0.990234375,0.010006865486502647,0.028541434090584517,0.9156196754725394,0.517640141121129,0.8270747394100687,0.8232512315270936,0.7521219135802469,0.7686635944700461,0.6991869918699187,0.5553660456573077,0.6133069828722003,0.774990765536984,0.7123145332579497,0.7062062062062062,0.7692307692307693,0.9510301582561959,0.6103931811932912,0.814760147601476,0.9460348798947023,0.6832627118644068,0.7930318412551915,0.5795210569777044,0.6911420090610843,0.614492163647466,0.8159392789373814,0.753337492202121,0.63215366399158,0.6747592295345104,0.6747572815533981,0.7325523840950339,0.6960907944514502,0.6279321253532847,0.780045351473923,0.8006206361520558,0.7000601267286435,0.6802351375332741,0.7675398112717203,0.7253472222222223,0.001,512,SkipEncoder0_Classifier,10,PKLot,CrossEntropy,3x128x128,UFPR05,train_classifier.py,SkipEncoder0_Classifier_UFPR05_512,lucas.ocunha,LOCAL,fae73dae369fa16580455b7cd0cc0abcfe344dde
445db48eb96a4df3a2807dad89cfa13c,32,FINISHED,mlflow-artifacts:/32/445db48eb96a4df3a2807dad89cfa13c/artifacts,2026-02-25 18:05:54.748000+00:00,2026-02-25 18:10:13.810000+00:00,0.96875,0.99609375,0.07362687960267067,0.03541913442313671,0.879961322405378,0.5091610414657667,0.7842228154892918,0.7942998760842627,0.709008487654321,0.7619047619047619,0.7104761904761905,0.5413503795445466,0.5888230127360562,0.7023848000738757,0.6488706081127869,0.6846315789473684,0.7512936610608021,0.9309570020901762,0.6379916853213943,0.8018409613909486,0.9253601258927491,0.6557509059186686,0.7701892016612829,0.5654830718414533,0.6588033119825027,0.5959448160535117,0.7738589211618258,0.7230535125538929,0.6214553237025147,0.6867977528089888,0.6674251042851725,0.7187894073139974,0.7047191011235955,0.5778949726130602,0.7528344671201814,0.7640941434044882,0.6309924379075899,0.6588287488908607,0.7273682524427358,0.7264828107291273,0.001,256,SkipEncoder0_Classifier,10,PKLot,CrossEntropy,3x128x128,UFPR05,train_classifier.py,SkipEncoder0_Classifier_UFPR05_256,lucas.ocunha,LOCAL,fae73dae369fa16580455b7cd0cc0abcfe344dde
30f78c2d2ac9441094dbc9af5a73543a,32,FINISHED,mlflow-artifacts:/32/30f78c2d2ac9441094dbc9af5a73543a/artifacts,2026-02-25 18:01:41.037000+00:00,2026-02-25 18:05:54.632000+00:00,0.953125,1.0,0.11404621601104736,0.002468186430633068,0.912457173718587,0.5641810627596764,0.7372866113530971,0.7745437745437745,0.7553047839506173,0.8178187403993855,0.6914893617021277,0.5987826945221254,0.6525032938076416,0.6122102687228738,0.5849122153979776,0.6969842029679273,0.759161852203156,0.9262167811286951,0.7030848329048843,0.8250221304219534,0.916245805511304,0.7410914098812188,0.774803876326719,0.6467382328654004,0.7150445242930792,0.6726094003241491,0.6380368098159509,0.7319223985890653,0.6565249813571962,0.7038523274478331,0.7069461570078093,0.6897856242118537,0.8209042865531415,0.5931813895660313,0.6655328798185941,0.7724051314254956,0.6525455575597798,0.6902173913043478,0.7386413796252607,0.7856138706654171,0.001,128,SkipEncoder0_Classifier,10,PKLot,CrossEntropy,3x128x128,UFPR05,train_classifier.py,SkipEncoder0_Classifier_UFPR05_128,lucas.ocunha,LOCAL,fae73dae369fa16580455b7cd0cc0abcfe344dde
bbef8927c323481e8c32cbfa8efdafcd,32,FINISHED,mlflow-artifacts:/32/bbef8927c323481e8c32cbfa8efdafcd/artifacts,2026-02-25 17:57:26.789000+00:00,2026-02-25 18:01:40.920000+00:00,0.953125,1.0,0.15309013053774834,0.004459738731384277,0.8650552907377983,0.5681222707423581,0.7399121495032825,0.7457396046353102,0.7215470679012346,0.8067588325652841,0.6726342710997443,0.553325160894882,0.5970575318401405,0.6186166774402069,0.5892892968201424,0.6630554535438854,0.7345736173078542,0.9009405792773962,0.6848232848232848,0.8180503326583743,0.8903921762976179,0.6993006993006993,0.7418089524688509,0.6528488852188274,0.6795813154194658,0.6346400204970536,0.6337349397590362,0.707209136331192,0.6244453985973951,0.6920144462279294,0.7122912674514098,0.6821288051356389,0.7984189723320159,0.5985881181428597,0.655328798185941,0.7486724122921563,0.6585611211322325,0.6502883762200532,0.7402582551941312,0.7438803263825929,0.001,64,SkipEncoder0_Classifier,10,PKLot,CrossEntropy,3x128x128,UFPR05,train_classifier.py,SkipEncoder0_Classifier_UFPR05_64,lucas.ocunha,LOCAL,fae73dae369fa16580455b7cd0cc0abcfe344dde
3de6fee2ff134c7daa8e3d298561508a,32,FINISHED,mlflow-artifacts:/32/3de6fee2ff134c7daa8e3d298561508a/artifacts,2026-02-25 17:53:11.425000+00:00,2026-02-25 17:57:26.502000+00:00,1.0,0.994140625,0.008000822737812996,0.018573936307802796,0.9101401483924155,0.7061170212765957,0.9553543212701734,0.21217038539553754,0.552758487654321,0.5643625192012289,0.9354838709677419,0.8939393939393939,0.5891523935002196,0.9527080062794349,0.9853883331460043,0.2745250096936797,0.38501628664495113,0.5836369065392655,0.8333333333333334,0.281661600810537,0.10615384615384615,0.9679572763684913,0.551915089986156,0.600990916597853,0.6238087798781441,0.9766483516483516,0.12340425531914893,0.3712793733681462,0.9471153846153846,0.5746388443017657,0.3053479010925819,0.2638888888888889,0.9652777777777778,0.961076614559424,0.5328798185941043,0.23821258419582717,0.8292805605661163,0.5811889973380656,0.8016364039418794,0.9685185185185186,0.001,1024,SkipEncoder0_Classifier,10,PKLot,CrossEntropy,3x128x128,UFPR04,train_classifier.py,SkipEncoder0_Classifier_UFPR04_1024,lucas.ocunha,LOCAL,fae73dae369fa16580455b7cd0cc0abcfe344dde
e9dad643b17d46b8bd7adf918f5bda0f,32,FINISHED,mlflow-artifacts:/32/e9dad643b17d46b8bd7adf918f5bda0f/artifacts,2026-02-25 17:48:54.900000+00:00,2026-02-25 17:53:11.298000+00:00,1.0,1.0,0.000477837398648262,0.004023668821901083,0.8313142734076348,0.6933399602385686,0.9499927555730342,0.4863957003694995,0.6476658950617284,0.6943164362519201,0.8723404255319149,0.8216855087358684,0.658102766798419,0.9442238433835073,0.9301434824902723,0.5066539923954373,0.6661604657048849,0.6532248432367871,0.8095238095238095,0.597979797979798,0.39930690252670237,0.9013816102906146,0.6472081218274112,0.6782824112303881,0.6969223558818934,0.9265785609397944,0.3076923076923077,0.5654121863799283,0.8744186046511628,0.6258025682182986,0.5888560574081891,0.43943492636008413,0.9378960709759189,0.8670975359661933,0.5816326530612245,0.508807314777464,0.8398085194949355,0.7074090505767524,0.8343189605171104,0.9258312020460358,0.001,512,SkipEncoder0_Classifier,10,PKLot,CrossEntropy,3x128x128,UFPR04,train_classifier.py,SkipEncoder0_Classifier_UFPR04_512,lucas.ocunha,LOCAL,fae73dae369fa16580455b7cd0cc0abcfe344dde
f1e7c0ef73d54766b37656e823d408b6,32,FINISHED,mlflow-artifacts:/32/f1e7c0ef73d54766b37656e823d408b6/artifacts,2026-02-25 17:44:41.532000+00:00,2026-02-25 17:48:54.781000+00:00,0.984375,1.0,0.0200983714312315,0.004541831556707621,0.8550595767383958,0.655811623246493,0.9302815748547106,0.4582396679923915,0.6467013888888888,0.6749615975422427,0.825,0.8627787307032591,0.6599692577953448,0.9213454612614277,0.90103856978634,0.4935404742436631,0.6552847647595464,0.6507763511495969,0.8366164542294322,0.5520745131244708,0.3814359381197937,0.9236216489630754,0.6385556068297185,0.6525185796862097,0.686142790189033,0.9375500400320256,0.2543352601156069,0.538267065042519,0.9039913700107874,0.6302166934189406,0.5544260906395595,0.4393063583815029,0.9644970414201184,0.84624777114505,0.5612244897959183,0.4992481203007519,0.8081465935895658,0.7066326530612245,0.7978693272665808,0.9511844938980617,0.001,256,SkipEncoder0_Classifier,10,PKLot,CrossEntropy,3x128x128,UFPR04,train_classifier.py,SkipEncoder0_Classifier_UFPR04_256,lucas.ocunha,LOCAL,fae73dae369fa16580455b7cd0cc0abcfe344dde
0dab0c6e58ae4f108d3f9aa31b0ab35e,32,FINISHED,mlflow-artifacts:/32/0dab0c6e58ae4f108d3f9aa31b0ab35e/artifacts,2026-02-25 17:40:25.404000+00:00,2026-02-25 17:44:41.410000+00:00,0.96875,0.9921875,0.07856377586722374,0.02766883745789528,0.8185620619489035,0.6276527331189711,0.9301142532182185,0.5482825664290344,0.6644483024691358,0.642089093701997,0.6938775510204082,0.8696629213483146,0.6651295564339043,0.9219803305937759,0.9098780167094855,0.5037422713960299,0.6048463516989305,0.6034263959390863,0.7826839826839826,0.49719464825205006,0.21420858786812016,0.9337377508166123,0.6783571758191047,0.6153592072667217,0.7458209654741447,0.9351032448377581,0.2532588454376164,0.6608296852199291,0.8953907815631262,0.6446629213483146,0.45596823172156037,0.5051690416317407,0.9128367670364501,0.8610677390367788,0.5453514739229025,0.534955219890389,0.8258406179177651,0.6762422360248447,0.817689956728296,0.9494949494949495,0.001,128,SkipEncoder0_Classifier,10,PKLot,CrossEntropy,3x128x128,UFPR04,train_classifier.py,SkipEncoder0_Classifier_UFPR04_128,lucas.ocunha,LOCAL,fae73dae369fa16580455b7cd0cc0abcfe344dde
ed513e7b49794a0d8d091fca1c092fb9,32,FINISHED,mlflow-artifacts:/32/ed513e7b49794a0d8d091fca1c092fb9/artifacts,2026-02-25 17:36:14.977000+00:00,2026-02-25 17:40:25.251000+00:00,0.859375,1.0,0.6803614944219589,0.02869214117527008,0.8316313823163138,0.5693730729701952,0.8862299095683766,0.3645178667624349,0.5908564814814815,0.5637480798771122,0.4578313253012048,0.8012769353551477,0.6035353535353535,0.8669775602548712,0.831031290501759,0.35735896066915823,0.43820733363512904,0.581233203941475,0.7033492822966507,0.3308199811498586,0.10637823371989295,0.8468354430379746,0.5917166589755423,0.5720891824938068,0.6489610998281519,0.8337236533957846,0.14559386973180077,0.487337440109514,0.8368876080691643,0.5818619582664526,0.2995404163287375,0.36073619631901843,0.805045871559633,0.7450668288204505,0.4943310657596372,0.3868169991326973,0.7359540493039175,0.5870674356699201,0.73236820284734,0.8608990670059372,0.001,64,SkipEncoder0_Classifier,10,PKLot,CrossEntropy,3x128x128,UFPR04,train_classifier.py,SkipEncoder0_Classifier_UFPR04_64,lucas.ocunha,LOCAL,fae73dae369fa16580455b7cd0cc0abcfe344dde
2e122776091c4cd4a56d592a98fcaffd,32,FINISHED,mlflow-artifacts:/32/2e122776091c4cd4a56d592a98fcaffd/artifacts,2026-02-25 17:31:59.077000+00:00,2026-02-25 17:36:14.692000+00:00,1.0,1.0,3.312714397907257e-05,0.0003878937568515539,0.8482094828248674,0.77561282212445,0.9237616781244491,0.8852275274602107,0.9189814814814815,0.8912442396313364,0.860125260960334,0.7982744453574363,0.839481774264383,0.9201218949118108,0.9640803936899232,0.8416720814381633,0.8713411764705883,0.8319573006867722,0.7146010722169662,0.8992601024473534,0.7968559645528954,0.9138755980861244,0.8818643285648362,0.8394715111478117,0.9079831276363068,0.8694501617171421,0.8976034858387799,0.9094264185760418,0.8074306645735218,0.7867174959871589,0.8354773188896412,0.8100089365504916,0.8643326039387309,0.9875315036185808,0.8934240362811792,0.9220200519866321,0.985902016557976,0.8483806566104702,0.9859271977031063,0.8713592233009708,0.001,1024,SkipEncoder0_Classifier,10,PKLot,CrossEntropy,3x128x128,PUC,train_classifier.py,SkipEncoder0_Classifier_PUC_1024,lucas.ocunha,LOCAL,fae73dae369fa16580455b7cd0cc0abcfe344dde
eb841ed78051465a8584fdb2ad1a484f,32,FINISHED,mlflow-artifacts:/32/eb841ed78051465a8584fdb2ad1a484f/artifacts,2026-02-25 17:27:44.008000+00:00,2026-02-25 17:31:58.959000+00:00,1.0,0.99609375,0.0016358215361833572,0.006555457832291722,0.7031405651968752,0.6492760858711932,0.9322130876020116,0.8862667977712225,0.8964120370370371,0.8795698924731182,0.8693790149892934,0.74488657493492,0.8098375054896794,0.9220495890663958,0.8871778215097729,0.8222495894909688,0.8470354661131667,0.7927366378023291,0.742409402546523,0.8912922906267332,0.7944140448564637,0.8668272539573296,0.8799030918320259,0.7473162675474814,0.8807998750195282,0.824230662600499,0.8962472406181016,0.8862721717096438,0.7582808208111165,0.8115971107544141,0.7727272727272727,0.8288682340076544,0.8369791666666667,0.943821763520028,0.8934240362811792,0.9036771300448431,0.9666845890569354,0.8120008873114463,0.967635768302991,0.8515641402477431,0.001,512,SkipEncoder0_Classifier,10,PKLot,CrossEntropy,3x128x128,PUC,train_classifier.py,SkipEncoder0_Classifier_PUC_512,lucas.ocunha,LOCAL,fae73dae369fa16580455b7cd0cc0abcfe344dde
4a7216d41f90473791d17d291a4f5ef7,32,FINISHED,mlflow-artifacts:/32/4a7216d41f90473791d17d291a4f5ef7/artifacts,2026-02-25 17:23:29.944000+00:00,2026-02-25 17:27:43.889000+00:00,1.0,1.0,0.0006304774433374405,0.0025522089563310146,0.7662281713977999,0.7134847210541071,0.9417191482191377,0.9048785921140566,0.9144483024691358,0.8970814132104454,0.954233409610984,0.8074331223197876,0.8512296881862099,0.9361206020869887,0.9378670917939251,0.8537190974846162,0.882640586797066,0.8196924455061212,0.8253683075817463,0.9044767607641859,0.8048256246161802,0.8971979296805282,0.9014766958929396,0.8013212221304706,0.9109514138415873,0.8723529411764706,0.952054794520548,0.9123346662565365,0.8173110414489725,0.8770064205457464,0.8088352137295408,0.8822738621086998,0.870950027457441,0.9704744508985297,0.9523809523809523,0.9189287999268806,0.977796471023542,0.8615794143744454,0.9780446881065151,0.8853530950305144,0.001,256,SkipEncoder0_Classifier,10,PKLot,CrossEntropy,3x128x128,PUC,train_classifier.py,SkipEncoder0_Classifier_PUC_256,lucas.ocunha,LOCAL,fae73dae369fa16580455b7cd0cc0abcfe344dde
10711da7d717440f85c7e2b262bf043f,32,FINISHED,mlflow-artifacts:/32/10711da7d717440f85c7e2b262bf043f/artifacts,2026-02-25 17:19:16.251000+00:00,2026-02-25 17:23:29.825000+00:00,0.984375,1.0,0.032281385734677315,0.004777741618454456,0.6703224391313884,0.7735916756368856,0.9165344068277609,0.8582967920609278,0.8668016975308642,0.7855606758832565,0.9316037735849056,0.8590109367570138,0.8522178304787,0.908336411487672,0.9110094235149083,0.8429771348576761,0.8745138178096213,0.6888772767990445,0.8232189973614775,0.7825545171339564,0.61731705077587,0.9031995109027919,0.8583294877711122,0.8016515276630883,0.8978284643024528,0.87847866419295,0.9154113557358053,0.896780303030303,0.8757687576875769,0.8577447833065811,0.7821512787955741,0.8603506007484735,0.8241469816272966,0.9563571121323946,0.9172335600907029,0.8652025378233285,0.964452962397669,0.864019520851819,0.9648900905942446,0.8697380729653882,0.001,128,SkipEncoder0_Classifier,10,PKLot,CrossEntropy,3x128x128,PUC,train_classifier.py,SkipEncoder0_Classifier_PUC_128,lucas.ocunha,LOCAL,fae73dae369fa16580455b7cd0cc0abcfe344dde
6a08d78199b94961bb27eae8e6690de6,32,FINISHED,mlflow-artifacts:/32/6a08d78199b94961bb27eae8e6690de6/artifacts,2026-02-25 17:15:03.662000+00:00,2026-02-25 17:19:16.135000+00:00,0.96875,1.0,0.056214263662695885,0.017218120396137238,0.603799780781878,0.7886467308667005,0.8875486174010336,0.7972201538843385,0.8189621913580247,0.743778801843318,0.963855421686747,0.8814793244030286,0.808300395256917,0.8781858897405116,0.8944011339475549,0.7761538461538462,0.7876930063578564,0.6249776052553001,0.8713978494623655,0.7122153209109731,0.49669391680692476,0.9072722993645563,0.8114905399169359,0.7379025598678778,0.8583033900952977,0.8887708111937656,0.8300907911802854,0.8469198312236287,0.88585291113381,0.8601524879614767,0.6622685677803788,0.8532322594230364,0.8514851485148515,0.9505283980539269,0.8514739229024944,0.8042140398456242,0.9367628694324962,0.7925909494232476,0.9360160047733534,0.8756815703380589,0.001,64,SkipEncoder0_Classifier,10,PKLot,CrossEntropy,3x128x128,PUC,train_classifier.py,SkipEncoder0_Classifier_PUC_64,lucas.ocunha,LOCAL,fae73dae369fa16580455b7cd0cc0abcfe344dde
4abf7548afae4561a4a0e66f77dbd017,32,FINISHED,mlflow-artifacts:/32/4abf7548afae4561a4a0e66f77dbd017/artifacts,2026-02-24 03:06:45.290000+00:00,2026-02-24 03:10:52.550000+00:00,0.984375,0.98046875,0.06994282826781273,0.05429682589601725,0.7663107947805456,0.7190515577612352,0.7614956193730907,0.9403215150847831,0.9293016975308642,0.9293394777265745,0.9293361884368309,0.7841328413284133,0.8588054457619675,0.6584287561178317,0.615195280451118,0.8685877784590231,0.8772345859175483,0.8361973723499552,0.8090783090783091,0.9334105385060799,0.8284188385058685,0.8991159646385856,0.937471158283341,0.8122213047068538,0.9023590064052491,0.8388508891928864,0.9580573951434879,0.9075033298801243,0.7919960474308301,0.8715890850722311,0.8210294349126397,0.879472693032015,0.9117647058823529,0.6766718604414448,0.9569160997732427,0.9340055820653642,0.7591953424910967,0.8507098491570542,0.8058173443389519,0.9100596760443308,0.001,1024,SkipEncoder0_Classifier,10,CNR,CrossEntropy,3x128x128,camera9,train_classifier.py,SkipEncoder0_Classifier_camera9_1024,lucas.ocunha,LOCAL,fae73dae369fa16580455b7cd0cc0abcfe344dde
3d3c17acde1844e19b6f27a9c22e23df,32,FINISHED,mlflow-artifacts:/32/3d3c17acde1844e19b6f27a9c22e23df/artifacts,2026-02-24 03:02:35.176000+00:00,2026-02-24 03:06:45.171000+00:00,0.96875,0.95703125,0.15320340543985367,0.08390405727550387,0.870614891788421,0.8473756906077348,0.8809959931310819,0.9558840380428555,0.9579475308641975,0.906605222734255,0.9883449883449883,0.9079661384849143,0.9333552920509443,0.8560116354234001,0.8024783621258994,0.9323526133957428,0.928892361789412,0.8446327261869214,0.9262360446570973,0.9054138145612943,0.8107169166128577,0.9643804471390678,0.9555837563451777,0.8820809248554913,0.9511013904077488,0.9375588327580797,0.9769585253456221,0.9502305612975036,0.8894500561167228,0.9426163723916533,0.8729989327641409,0.9420113544201135,0.9522251308900523,0.8646227986978032,0.9773242630385488,0.9589299171062547,0.9094745848943158,0.9192546583850931,0.9150439212835106,0.9617246944892783,0.001,512,SkipEncoder0_Classifier,10,CNR,CrossEntropy,3x128x128,camera9,train_classifier.py,SkipEncoder0_Classifier_camera9_512,lucas.ocunha,LOCAL,fae73dae369fa16580455b7cd0cc0abcfe344dde
e994abff6ad14449ae947d243cb0f335,32,FINISHED,mlflow-artifacts:/32/e994abff6ad14449ae947d243cb0f335/artifacts,2026-02-24 02:58:27.076000+00:00,2026-02-24 03:02:35.049000+00:00,0.96875,0.953125,0.1152883842587471,0.0820442670956254,0.7269152800642168,0.6886892177589852,0.8306170120169463,0.9386509752642476,0.9173418209876543,0.9170506912442397,0.9317180616740088,0.7290958531611149,0.8166447079490557,0.7798619447779112,0.7159809520892986,0.8370731707317073,0.8547505728891239,0.8103613018811585,0.7894561227894561,0.9220554272517321,0.8079266909618787,0.8723616420142928,0.9350484540839871,0.7856317093311312,0.8556475550695204,0.7806701030927835,0.9473684210526315,0.8676596963620739,0.751317012705299,0.8617576243980738,0.8006144393241167,0.8729016786570744,0.8982002249718786,0.6700596659180567,0.9467120181405896,0.9245266402465874,0.7482655751352851,0.8172138420585625,0.7964413942703269,0.8997284311677459,0.001,256,SkipEncoder0_Classifier,10,CNR,CrossEntropy,3x128x128,camera9,train_classifier.py,SkipEncoder0_Classifier_camera9_256,lucas.ocunha,LOCAL,fae73dae369fa16580455b7cd0cc0abcfe344dde
4ab7421e5e754846b2eb86f03d3ad087,32,FINISHED,mlflow-artifacts:/32/4ab7421e5e754846b2eb86f03d3ad087/artifacts,2026-02-24 02:54:17.544000+00:00,2026-02-24 02:58:26.949000+00:00,0.953125,0.9609375,0.1423325166106224,0.09390254784375429,0.6347635810103701,0.6689155422288856,0.8171908169937567,0.9254843517138599,0.8890817901234568,0.9112135176651306,0.9396551724137931,0.689911218724778,0.7789855072463768,0.7644173053836919,0.7087742196118647,0.8093930499005776,0.844688070999739,0.7305389668557778,0.7703225806451612,0.919431279620853,0.7473065964759992,0.8321700507614214,0.9192431933548685,0.7730800990916598,0.8319012654272769,0.7436267436267436,0.9656699889258029,0.8517906336088155,0.7353431298288138,0.8499197431781701,0.7957788347205708,0.8645908761766835,0.8674381904260915,0.7057485185345387,0.9648526077097506,0.9012197216973029,0.7732962166412284,0.8020186335403726,0.8062379400566771,0.8687050359712231,0.001,128,SkipEncoder0_Classifier,10,CNR,CrossEntropy,3x128x128,camera9,train_classifier.py,SkipEncoder0_Classifier_camera9_128,lucas.ocunha,LOCAL,fae73dae369fa16580455b7cd0cc0abcfe344dde
18f054dd657c4b63af34e86f797c4a8f,32,FINISHED,mlflow-artifacts:/32/18f054dd657c4b63af34e86f797c4a8f/artifacts,2026-02-24 02:50:07.325000+00:00,2026-02-24 02:54:17.423000+00:00,0.90625,0.90625,0.20708436518907547,0.191306971013546,0.5554573130909201,0.5763950398582817,0.7322428963826254,0.8732544504850229,0.8344907407407407,0.8549923195084486,0.8496583143507973,0.6661858974358974,0.7483530961791831,0.6016714378058916,0.5782758958772489,0.783895907976617,0.8214067811383248,0.6437593311436249,0.768595041322314,0.8681564245810056,0.698511573840089,0.7789587184226741,0.8628287955699123,0.6637489677952105,0.7647242618340884,0.6901811248808389,0.8496583143507973,0.793642093724308,0.7160006078103631,0.8136035313001605,0.7188621927644298,0.8215863260994815,0.8204857444561774,0.603589678884613,0.8503401360544217,0.8549450549450549,0.6691671291799639,0.77273735581189,0.750593296242784,0.8206772189941896,0.001,64,SkipEncoder0_Classifier,10,CNR,CrossEntropy,3x128x128,camera9,train_classifier.py,SkipEncoder0_Classifier_camera9_64,lucas.ocunha,LOCAL,fae73dae369fa16580455b7cd0cc0abcfe344dde
17230cb842104d618c2115df580e88bf,32,FINISHED,mlflow-artifacts:/32/17230cb842104d618c2115df580e88bf/artifacts,2026-02-24 02:45:51.539000+00:00,2026-02-24 02:50:07.024000+00:00,0.890625,0.9794921875,0.3653097003698349,0.03562221140600741,0.6717184189661671,0.636968401045379,0.719188767550702,0.9406678914946504,0.9328703703703703,0.9026113671274961,0.9501084598698482,0.7213114754098361,0.8111550285463329,0.7382029734970912,0.8673694899056266,0.8337200309358082,0.8751010146358984,0.7585995819647656,0.8264347826086956,0.9108298171589311,0.7616914029683562,0.8910040431266847,0.9366635902168897,0.7402146985962015,0.8817372285580378,0.8062157221206582,0.9733333333333334,0.8907805511470206,0.7803042433947158,0.8902487961476726,0.7731795241528479,0.8967729760332138,0.8662386302835741,0.7982958414504888,0.9727891156462585,0.9382650345928686,0.7895391054992831,0.8457187222715173,0.7873904917649808,0.8949208307629035,0.001,1024,SkipEncoder0_Classifier,10,CNR,CrossEntropy,3x128x128,camera8,train_classifier.py,SkipEncoder0_Classifier_camera8_1024,lucas.ocunha,LOCAL,fae73dae369fa16580455b7cd0cc0abcfe344dde
8fb9ec91c81e4a8ba43cc3f8e30109c1,32,FINISHED,mlflow-artifacts:/32/8fb9ec91c81e4a8ba43cc3f8e30109c1/artifacts,2026-02-24 02:41:35.589000+00:00,2026-02-24 02:45:51.415000+00:00,0.921875,0.98046875,0.3166883960366249,0.052274128422141075,0.6768453235165658,0.6553086419753087,0.7989816249723267,0.9527168521988317,0.9462770061728395,0.9093701996927803,0.9530201342281879,0.8333658536585365,0.8958058849363197,0.7274909963985594,0.6687143671607754,0.900010536297545,0.9054205607476635,0.7729322185727082,0.8733741392501913,0.9137679041216019,0.7810016127174289,0.9221260815822002,0.950507614213198,0.7575557390586293,0.9179815653804093,0.8733700376702405,0.9616252821670429,0.9198840225850755,0.8340220385674931,0.9052969502407705,0.7833530106257379,0.9063120285827709,0.9008645533141211,0.7254475248530832,0.9614512471655329,0.9493682392509771,0.8061404421627122,0.8877551020408163,0.8363307113901993,0.9229126628229767,0.001,512,SkipEncoder0_Classifier,10,CNR,CrossEntropy,3x128x128,camera8,train_classifier.py,SkipEncoder0_Classifier_camera8_512,lucas.ocunha,LOCAL,fae73dae369fa16580455b7cd0cc0abcfe344dde
26a84eae90a74592adbfa23205767c3e,32,FINISHED,mlflow-artifacts:/32/26a84eae90a74592adbfa23205767c3e/artifacts,2026-02-24 02:37:21.369000+00:00,2026-02-24 02:41:35.471000+00:00,0.921875,0.98046875,0.3856666162610054,0.05503518832847476,0.6448780255950188,0.6311417042487538,0.7614845995062128,0.9386672560503924,0.9348958333333334,0.9185867895545314,0.9222222222222223,0.8365079365079365,0.8930610452349583,0.659883184042848,0.6168281903662807,0.8964490750584733,0.903486514425336,0.7433860853986265,0.8549707602339182,0.9229427159057866,0.7594704655816622,0.9182062780269058,0.9359713890170743,0.7322873658133774,0.9145446024058741,0.8699681436432088,0.9336332958380202,0.9165522501906941,0.8361454165941903,0.8790128410914928,0.7663928519959649,0.8791340950090198,0.9053051911009697,0.678031087257728,0.9331065759637188,0.9381471639329241,0.7568076175940058,0.8860913930789707,0.8019203104140816,0.9115690062245116,0.001,256,SkipEncoder0_Classifier,10,CNR,CrossEntropy,3x128x128,camera8,train_classifier.py,SkipEncoder0_Classifier_camera8_256,lucas.ocunha,LOCAL,fae73dae369fa16580455b7cd0cc0abcfe344dde
444bac01a5dd451c84abd2fcfab55179,32,FINISHED,mlflow-artifacts:/32/444bac01a5dd451c84abd2fcfab55179/artifacts,2026-02-24 02:33:05.608000+00:00,2026-02-24 02:37:21.255000+00:00,0.921875,0.9921875,0.44620314985513687,0.02196168713271618,0.6325155713740943,0.6491915727584517,0.7516630597104319,0.9283565459610028,0.9260223765432098,0.9179723502304148,0.9427207637231504,0.8271802035521852,0.8806543697848046,0.6410448794902577,0.6038312013241125,0.8840780633464861,0.8912267518316739,0.7325619587936697,0.8495539334955393,0.921677911410971,0.7534308799845834,0.9121731289449955,0.9258191047531149,0.7509496284062758,0.9031401343540072,0.8637162954279015,0.9207459207459208,0.9048203868590727,0.824469933958985,0.8595505617977528,0.7784958871915394,0.8568507157464212,0.9117817759721416,0.6512779364397273,0.9229024943310657,0.9295231094367362,0.7282792192775542,0.871561668145519,0.7846660649405987,0.9086150490730643,0.001,128,SkipEncoder0_Classifier,10,CNR,CrossEntropy,3x128x128,camera8,train_classifier.py,SkipEncoder0_Classifier_camera8_128,lucas.ocunha,LOCAL,fae73dae369fa16580455b7cd0cc0abcfe344dde
007aa722441a4267a61856f380bf7f1d,32,FINISHED,mlflow-artifacts:/32/007aa722441a4267a61856f380bf7f1d/artifacts,2026-02-24 02:28:50.957000+00:00,2026-02-24 02:33:05.488000+00:00,0.875,1.0,0.3707817494869232,0.06536983884871006,0.6060316955530821,0.6068745731846119,0.7306610462368174,0.9145326850351162,0.8999807098765432,0.8921658986175115,0.8685344827586207,0.7660356552104393,0.8384936319718929,0.5987741250346292,0.5765736018882,0.8500050983991027,0.8565014367816092,0.7106897581367573,0.7904624277456648,0.9013767912334926,0.7468516486387626,0.8649244866791108,0.9087448084910014,0.7048720066061106,0.8767380096859866,0.8155525238744884,0.8925802879291251,0.8834047583862864,0.7637732222934016,0.8362760834670947,0.7489815985391206,0.8428351309707242,0.8563801388147357,0.5803897009060698,0.8900226757369615,0.907666280829846,0.6363257943665881,0.822759538598048,0.7326396858184786,0.8698869475847893,0.001,64,SkipEncoder0_Classifier,10,CNR,CrossEntropy,3x128x128,camera8,train_classifier.py,SkipEncoder0_Classifier_camera8_64,lucas.ocunha,LOCAL,fae73dae369fa16580455b7cd0cc0abcfe344dde
081cc5a770a1476d80c4562ff8b808f2,32,FINISHED,mlflow-artifacts:/32/081cc5a770a1476d80c4562ff8b808f2/artifacts,2026-02-24 02:24:38.870000+00:00,2026-02-24 02:28:50.677000+00:00,0.953125,0.9833984375,0.10917427763342857,0.047452469007112086,0.7833116979147838,0.7196675900277009,0.871855659084947,0.9631202503352705,0.9486882716049383,0.9213517665130568,0.9175946547884187,0.8621966269025092,0.9073342116820378,0.8477583341028719,0.8063658093851657,0.9085392284351972,0.9213957055214724,0.818766796058525,0.8776534156696256,0.9230769230769231,0.7970372351987159,0.9422156790577844,0.9619289340101523,0.8117258464079273,0.9479768786127167,0.9290362565850635,0.9279279279279279,0.9473850529309528,0.8675090252707581,0.9063001605136437,0.8200757575757576,0.9068793619142572,0.9354445797807551,0.7497643147191781,0.927437641723356,0.9506126995915336,0.8122889783081264,0.90905057675244,0.8339275210352677,0.9453707766564282,0.001,1024,SkipEncoder0_Classifier,10,CNR,CrossEntropy,3x128x128,camera7,train_classifier.py,SkipEncoder0_Classifier_camera7_1024,lucas.ocunha,LOCAL,fae73dae369fa16580455b7cd0cc0abcfe344dde
fe8add4ea798412297788f56dcd47902,32,FINISHED,mlflow-artifacts:/32/fe8add4ea798412297788f56dcd47902/artifacts,2026-02-24 02:20:33.545000+00:00,2026-02-24 02:24:38.751000+00:00,0.953125,0.994140625,0.1785290762782097,0.031373594887554646,0.687791015703174,0.72208298524088,0.832809261773744,0.9482342618995394,0.9490740740740741,0.906605222734255,0.9330453563714903,0.8632636326363263,0.9097496706192358,0.7839597377412504,0.7208870743249512,0.9110774556469061,0.9205803741886216,0.771498954911914,0.8399562522785271,0.9088182363527294,0.7710785706807066,0.9320876751706791,0.9455468389478542,0.8132122213047068,0.929854710201531,0.8989473684210526,0.9578713968957872,0.9301384782946942,0.8635386819484241,0.8878410914927769,0.8209593161310749,0.8918134313915231,0.9192961165048543,0.747229734847641,0.9569160997732427,0.9515774027879678,0.8190879237778086,0.9077196095829636,0.8427521884642056,0.9143401015228426,0.001,512,SkipEncoder0_Classifier,10,CNR,CrossEntropy,3x128x128,camera7,train_classifier.py,SkipEncoder0_Classifier_camera7_512,lucas.ocunha,LOCAL,fae73dae369fa16580455b7cd0cc0abcfe344dde
866b98380fee4d8ead0b103c6327f84c,32,FINISHED,mlflow-artifacts:/32/866b98380fee4d8ead0b103c6327f84c/artifacts,2026-02-24 02:16:20.017000+00:00,2026-02-24 02:20:33.416000+00:00,0.9375,0.9921875,0.21776381880044937,0.026218309067189693,0.6285311800367268,0.7523866348448688,0.7756932778324879,0.9206036745406824,0.9293981481481481,0.8685099846390169,0.8856548856548857,0.8673426277989016,0.9025032938076416,0.687124849939976,0.6371521405168781,0.9024175824175824,0.9205278874867546,0.7139220662884443,0.823404255319149,0.8659987476518473,0.7228333586466763,0.916154680159017,0.916243654822335,0.8292320396366639,0.906733322918294,0.8801213960546282,0.9260869565217391,0.9066750039080819,0.8704682091455639,0.8796147672552167,0.8298782494241527,0.88558352402746,0.9171087533156499,0.7033282262227921,0.9229024943310657,0.9326710816777042,0.780638615235188,0.9084960070984915,0.8165908151599891,0.8853596970971813,0.001,256,SkipEncoder0_Classifier,10,CNR,CrossEntropy,3x128x128,camera7,train_classifier.py,SkipEncoder0_Classifier_camera7_256,lucas.ocunha,LOCAL,fae73dae369fa16580455b7cd0cc0abcfe344dde
b64936e2e30a40e8b76e011d7e16b212,32,FINISHED,mlflow-artifacts:/32/b64936e2e30a40e8b76e011d7e16b212/artifacts,2026-02-24 02:12:14.782000+00:00,2026-02-24 02:16:19.895000+00:00,0.859375,0.9921875,0.4425622224807739,0.024276099167764187,0.6279888532258466,0.7032555459521752,0.7604763218092442,0.8959246275197196,0.8953510802469136,0.8159754224270354,0.8973799126637555,0.8460229689493832,0.8779095300834431,0.6591559700803399,0.6168087794094426,0.8773709748566387,0.912502430488042,0.7149522245446401,0.805242082271569,0.8108620145247869,0.7255700969506191,0.8914043806368489,0.890401476695893,0.782824112303881,0.8639275113263553,0.8243675487060191,0.9163879598662207,0.8668399327319982,0.8700407860585836,0.8501203852327448,0.7878005486525739,0.8555405144072713,0.8669817690749494,0.6711886614575844,0.9149659863945578,0.899266549066939,0.746048402016558,0.9001774622892635,0.7927509666400089,0.8630223723089911,0.001,128,SkipEncoder0_Classifier,10,CNR,CrossEntropy,3x128x128,camera7,train_classifier.py,SkipEncoder0_Classifier_camera7_128,lucas.ocunha,LOCAL,fae73dae369fa16580455b7cd0cc0abcfe344dde
4a31b44f26424b8598e5c8901704a591,32,FINISHED,mlflow-artifacts:/32/4a31b44f26424b8598e5c8901704a591/artifacts,2026-02-24 02:08:00.261000+00:00,2026-02-24 02:12:14.664000+00:00,0.78125,0.984375,0.9596087038516998,0.021362975239753723,0.5613758960637583,0.7226117440841368,0.7740019739305041,0.7724445487618824,0.7938850308641975,0.7210445468509985,0.8652849740932642,0.8112971757060735,0.794137022397892,0.6933927417120694,0.6474733096085409,0.7759053424166368,0.8027801911381407,0.6253956404896984,0.8159663865546218,0.6985391766268261,0.6099339292654489,0.8423529411764706,0.7763036455929857,0.717588769611891,0.8187783158881424,0.8140362225097024,0.8096969696969697,0.8127219890216338,0.8563484708063022,0.8154093097913323,0.6585463258785943,0.8084929225645295,0.7933634992458521,0.6965838647816973,0.8219954648526077,0.7865774493158894,0.753136418297026,0.7985803016858918,0.785315833268391,0.7966594045025418,0.001,64,SkipEncoder0_Classifier,10,CNR,CrossEntropy,3x128x128,camera7,train_classifier.py,SkipEncoder0_Classifier_camera7_64,lucas.ocunha,LOCAL,fae73dae369fa16580455b7cd0cc0abcfe344dde
289c0b070d664ef09e74639bc3810a67,32,FINISHED,mlflow-artifacts:/32/289c0b070d664ef09e74639bc3810a67/artifacts,2026-02-24 02:03:47.759000+00:00,2026-02-24 02:07:59.959000+00:00,0.953125,0.9970703125,0.11095176637172699,0.016618118388578296,0.6144530951418994,0.609573502722323,0.8388270223521964,0.9240546552272005,0.8908179012345679,0.8970814132104454,0.8250950570342205,0.6761310452418097,0.7685551163812033,0.7913357650752608,0.7250797663270496,0.8043801039346696,0.8402622045885803,0.7178411466109287,0.7549177684617865,0.908244316625582,0.7485832113875216,0.8298306148055207,0.9172819566220581,0.7093311312964492,0.8615841274800813,0.7826530612244897,0.8994818652849741,0.8738251210481345,0.7267979707549985,0.8308587479935795,0.7532940846649846,0.847420814479638,0.843765903307888,0.6870431947379266,0.8900226757369615,0.9033634966706505,0.7659393645067296,0.7945874001774623,0.8077023554502144,0.8635913680459315,0.001,1024,SkipEncoder0_Classifier,10,CNR,CrossEntropy,3x128x128,camera6,train_classifier.py,SkipEncoder0_Classifier_camera6_1024,lucas.ocunha,LOCAL,fae73dae369fa16580455b7cd0cc0abcfe344dde
78005844ed6244b2ace6692a4c8efc27,32,FINISHED,mlflow-artifacts:/32/78005844ed6244b2ace6692a4c8efc27/artifacts,2026-02-24 01:59:37.765000+00:00,2026-02-24 02:03:47.635000+00:00,0.953125,0.9921875,0.09911938011646271,0.019300253596156836,0.642490775540045,0.6502559103095296,0.8115207611562129,0.9339065018807093,0.9058641975308642,0.900768049155146,0.9069767441860465,0.7278266756939743,0.8162055335968379,0.7475528673007664,0.6848091691878054,0.8370644344948414,0.8602569782897652,0.7475813675724097,0.7955897794889745,0.9090909090909091,0.7688721804511278,0.8561397779229262,0.9290493770189202,0.7534269199009084,0.8817372285580378,0.8145961899651194,0.9407894736842105,0.8891492165763655,0.7592679493195683,0.8525280898876404,0.7813735539610485,0.8608218140503693,0.8650241028387788,0.6650427436077301,0.9387755102040817,0.9148490664805444,0.7458576152814393,0.8250887311446318,0.7969645253144825,0.884028484231943,0.001,512,SkipEncoder0_Classifier,10,CNR,CrossEntropy,3x128x128,camera6,train_classifier.py,SkipEncoder0_Classifier_camera6_512,lucas.ocunha,LOCAL,fae73dae369fa16580455b7cd0cc0abcfe344dde
31a0e87a6c804565a1611c0fb21700b7,32,FINISHED,mlflow-artifacts:/32/31a0e87a6c804565a1611c0fb21700b7/artifacts,2026-02-24 01:55:27.400000+00:00,2026-02-24 01:59:37.644000+00:00,0.953125,0.9921875,0.0821052361279726,0.020624682307243347,0.6468973803241613,0.6779617834394904,0.8283486190082208,0.9372757908468312,0.9194637345679012,0.9185867895545314,0.9063829787234042,0.7462061747776033,0.8305884936319718,0.7748868778280543,0.7094011939938492,0.847212595306466,0.8676338885903636,0.7475440429979098,0.8133191640099185,0.9237848720161058,0.7645850880917742,0.87833977482776,0.9334333179510844,0.7805119735755573,0.8737697234807061,0.8055407565263719,0.9372937293729373,0.882147024504084,0.7720752311125278,0.8685794542536116,0.8001804239963916,0.8751667619592148,0.8967057509771078,0.68327983868081,0.935374149659864,0.9260341925768447,0.764707922852782,0.8360692102928128,0.8084736908980531,0.8964441671865253,0.001,256,SkipEncoder0_Classifier,10,CNR,CrossEntropy,3x128x128,camera6,train_classifier.py,SkipEncoder0_Classifier_camera6_256,lucas.ocunha,LOCAL,fae73dae369fa16580455b7cd0cc0abcfe344dde
18876cdb21ef45b4a8a584653bf738e5,32,FINISHED,mlflow-artifacts:/32/18876cdb21ef45b4a8a584653bf738e5/artifacts,2026-02-24 01:51:17.160000+00:00,2026-02-24 01:55:27.280000+00:00,0.921875,0.9921875,0.2311420440673828,0.0159283559769392,0.5429673698182755,0.5837204158372041,0.7624578947793565,0.8949424788365531,0.8765432098765432,0.880184331797235,0.935,0.6899665551839465,0.7700922266139657,0.6605526826115061,0.6168071619943802,0.7976029383336555,0.8384764591782754,0.6285309047476859,0.8062229224103978,0.8869565217391304,0.6956080254465378,0.8321872953503602,0.8883248730964467,0.6748142031379025,0.8340884236837994,0.775974025974026,0.8915375446960667,0.8437775816416593,0.7372093023255814,0.8256420545746388,0.7283013660825169,0.8249042917590167,0.8673469387755102,0.6263488298087772,0.8968253968253969,0.8881705399266119,0.7002942740853799,0.7968056787932565,0.7696508514869084,0.8546849087893864,0.001,128,SkipEncoder0_Classifier,10,CNR,CrossEntropy,3x128x128,camera6,train_classifier.py,SkipEncoder0_Classifier_camera6_128,lucas.ocunha,LOCAL,fae73dae369fa16580455b7cd0cc0abcfe344dde
536595f61a8149a7a1625ecec8910a23,32,FINISHED,mlflow-artifacts:/32/536595f61a8149a7a1625ecec8910a23/artifacts,2026-02-24 01:47:04.346000+00:00,2026-02-24 01:51:17.038000+00:00,0.921875,1.0,0.17771747708320618,0.024725669994950294,0.49568219583803286,0.5779135748581405,0.7171343156744616,0.8934506353861192,0.876929012345679,0.8943164362519201,0.8994845360824743,0.703216879972328,0.7786561264822134,0.5696740234555361,0.559175028398334,0.8013401655498621,0.8357023042288337,0.5538668259181845,0.7570515231289958,0.9,0.6583117982024836,0.8334975369458129,0.88682510383018,0.6677126341866226,0.8379940634275894,0.7865667499306134,0.8440145102781137,0.8453392990305743,0.7355089355089355,0.7879213483146067,0.7246852764094144,0.792051937831989,0.8825541619156214,0.5772795306632456,0.8537414965986394,0.888344417220861,0.6320215299939873,0.793589174800355,0.730802008987576,0.8538509445713099,0.001,64,SkipEncoder0_Classifier,10,CNR,CrossEntropy,3x128x128,camera6,train_classifier.py,SkipEncoder0_Classifier_camera6_64,lucas.ocunha,LOCAL,fae73dae369fa16580455b7cd0cc0abcfe344dde
a6fb7deab614487ab5eb0230ca78a696,32,FINISHED,mlflow-artifacts:/32/a6fb7deab614487ab5eb0230ca78a696/artifacts,2026-02-24 01:42:50.999000+00:00,2026-02-24 01:47:04.078000+00:00,0.96875,0.998046875,0.04720737040042877,0.0073286620900034904,0.7676573290913323,0.7643217571979816,0.7868292395594039,0.9516328133767255,0.9466628086419753,0.928110599078341,0.9142857142857143,0.8767210336793052,0.9111769872639438,0.707579185520362,0.6533672456922454,0.9109717178386706,0.9067707837348824,0.8188414452075247,0.8711680248350796,0.9309734513274336,0.8030130848404169,0.9360306178239475,0.9502768804799262,0.8439306358381503,0.9507889392282456,0.9249771271729186,0.930648769574944,0.9506346967559943,0.848814405419861,0.8974719101123596,0.844954881050041,0.8978204359128175,0.926056338028169,0.7795664978315674,0.9297052154195011,0.9489145496535797,0.8489894084454928,0.8914152617568767,0.8662351230104267,0.9378456093784561,0.001,1024,SkipEncoder0_Classifier,10,CNR,CrossEntropy,3x128x128,camera5,train_classifier.py,SkipEncoder0_Classifier_camera5_1024,lucas.ocunha,LOCAL,fae73dae369fa16580455b7cd0cc0abcfe344dde
527f516f0ef4436cb5f6592fc1013dab,32,FINISHED,mlflow-artifacts:/32/527f516f0ef4436cb5f6592fc1013dab/artifacts,2026-02-24 01:38:35.937000+00:00,2026-02-24 01:42:50.879000+00:00,0.953125,0.998046875,0.12850861251354218,0.0054905961733311415,0.7632707034599009,0.75,0.8424652563590841,0.9472634611123422,0.9333526234567902,0.919815668202765,0.9189765458422174,0.8407168747482884,0.8921826965305226,0.7995428940807092,0.7376020586459955,0.8947706815259323,0.9005936116084048,0.8318453269632726,0.8403580753450205,0.9259574468085107,0.8234335073445265,0.9102948966978633,0.9450853714813106,0.8398018166804294,0.9353226058428371,0.8929824561403509,0.9493392070484582,0.9365225390984361,0.8353434714210802,0.8798154093097913,0.8445014427701186,0.882664054848188,0.8874388254486134,0.795503703218195,0.9478458049886621,0.9371875284065085,0.8632088016280468,0.8829858030168589,0.8777730998018891,0.9221311475409836,0.001,512,SkipEncoder0_Classifier,10,CNR,CrossEntropy,3x128x128,camera5,train_classifier.py,SkipEncoder0_Classifier_camera5_512,lucas.ocunha,LOCAL,fae73dae369fa16580455b7cd0cc0abcfe344dde
b079bd03c6884461960009d807ce36f1,32,FINISHED,mlflow-artifacts:/32/b079bd03c6884461960009d807ce36f1/artifacts,2026-02-24 01:34:30.788000+00:00,2026-02-24 01:38:35.812000+00:00,0.984375,1.0,0.046660205349326134,0.0026752129197120667,0.7241742750615918,0.6613102595797281,0.7771177771177771,0.9486209964412812,0.9297839506172839,0.9321044546850998,0.9190371991247265,0.7862767154105736,0.8559508124725516,0.6881521839505033,0.637062085756797,0.8647422680412371,0.875204955365276,0.8153926545237384,0.7991376212720086,0.936071738501591,0.8163577496584091,0.9031129765652326,0.9467005076142132,0.7653179190751445,0.9161068583033901,0.8656971770744226,0.9375,0.9187471629596006,0.7893526125534013,0.8477126805778491,0.7901343966917738,0.8542346840791243,0.9136081309994354,0.681929169849103,0.9365079365079365,0.9341534008683068,0.7640719670690532,0.8480479148181012,0.8085246147782511,0.9267709691438505,0.001,256,SkipEncoder0_Classifier,10,CNR,CrossEntropy,3x128x128,camera5,train_classifier.py,SkipEncoder0_Classifier_camera5_256,lucas.ocunha,LOCAL,fae73dae369fa16580455b7cd0cc0abcfe344dde
8c4e0f6a312941e19d6e7beb24acd545,32,FINISHED,mlflow-artifacts:/32/8c4e0f6a312941e19d6e7beb24acd545/artifacts,2026-02-24 01:30:26.991000+00:00,2026-02-24 01:34:30.663000+00:00,0.984375,1.0,0.05160895362496376,0.003062981180846691,0.6622356421303286,0.6829331267751098,0.7860486108789408,0.9392374464344577,0.9273726851851852,0.922273425499232,0.9145299145299145,0.8019649393180505,0.8648440931049627,0.7045202696463201,0.6498300212818883,0.8711938892958041,0.8786656891495601,0.7586891609435652,0.7606951871657754,0.9268151576511426,0.769482001255063,0.8991816123977016,0.9362021227503461,0.7838150289017342,0.9042337134822684,0.8508598815900761,0.9437706725468578,0.9078056850654234,0.7963455149501661,0.826645264847512,0.8016366116078194,0.8404726735598228,0.9045736871823828,0.713315363435668,0.9421768707482994,0.9320458442378846,0.7966011054067804,0.8531499556344276,0.8306322136504231,0.9072383782636383,0.001,128,SkipEncoder0_Classifier,10,CNR,CrossEntropy,3x128x128,camera5,train_classifier.py,SkipEncoder0_Classifier_camera5_128,lucas.ocunha,LOCAL,fae73dae369fa16580455b7cd0cc0abcfe344dde
a00d0bf8f88d4e92b35bf09814834644,32,FINISHED,mlflow-artifacts:/32/a00d0bf8f88d4e92b35bf09814834644/artifacts,2026-02-24 01:26:23.243000+00:00,2026-02-24 01:30:26.868000+00:00,0.96875,1.0,0.08415424451231956,0.02133638598024845,0.6291151633826949,0.7158931082981715,0.7744886796830974,0.9233523553765246,0.9053819444444444,0.869431643625192,0.9107551487414187,0.8228030458942169,0.8650636802810716,0.6858897405115892,0.6367427029678685,0.8667750677506775,0.8762385492615442,0.7188638399522246,0.8013269443420568,0.8704663212435233,0.7318948395042393,0.9005331862474719,0.9209736963544071,0.8033030553261767,0.8993907201999688,0.8688475390156063,0.908675799086758,0.899906745414983,0.8072683430933517,0.84169341894061,0.8103805126572202,0.8464084095775745,0.8952978056426333,0.7299437159477197,0.909297052154195,0.908972812471003,0.8084154294435965,0.8531499556344276,0.8370956641431521,0.9074114800967671,0.001,64,SkipEncoder0_Classifier,10,CNR,CrossEntropy,3x128x128,camera5,train_classifier.py,SkipEncoder0_Classifier_camera5_64,lucas.ocunha,LOCAL,fae73dae369fa16580455b7cd0cc0abcfe344dde
e939481f59f944668ccacb722d371b98,32,FINISHED,mlflow-artifacts:/32/e939481f59f944668ccacb722d371b98/artifacts,2026-02-24 01:22:14.998000+00:00,2026-02-24 01:26:22.969000+00:00,0.984375,0.990234375,0.20314983278512955,0.021235699648968875,0.7198883366242255,0.6833590138674884,0.8570932630848087,0.9535479558872675,0.9471450617283951,0.9241167434715822,0.9708520179372198,0.8058635594813005,0.8780193236714976,0.8384430695355065,0.8285494314592545,0.885310209559203,0.9064168618266979,0.8024335622573903,0.8654992548435171,0.9285507665606016,0.7997972707192351,0.922696787857395,0.9518920166128289,0.7856317093311312,0.9496953600999843,0.9112426035502958,0.9785310734463277,0.9503239740820735,0.8365900051876188,0.9073033707865169,0.8039274924471299,0.9095536413469069,0.9062676453980801,0.831565519099542,0.9784580498866213,0.9501999272991639,0.846908098607835,0.8891969831410825,0.8509940296323807,0.933071724438631,0.001,1024,SkipEncoder0_Classifier,10,CNR,CrossEntropy,3x128x128,camera4,train_classifier.py,SkipEncoder0_Classifier_camera4_1024,lucas.ocunha,LOCAL,fae73dae369fa16580455b7cd0cc0abcfe344dde
076d533ba0d5495cbd358380d70a2799,32,FINISHED,mlflow-artifacts:/32/076d533ba0d5495cbd358380d70a2799/artifacts,2026-02-24 01:18:08.321000+00:00,2026-02-24 01:22:14.878000+00:00,0.984375,0.998046875,0.1568472757935524,0.016164846252650023,0.7616795686617067,0.7057081313947227,0.8285304685515189,0.9503196142200292,0.9452160493827161,0.9102918586789555,0.9478458049886621,0.861231212682726,0.9059068950373298,0.7818588974051159,0.7255204195137455,0.9070801257725252,0.9124353324391646,0.820759928336817,0.8124774612333213,0.9154113557358053,0.8081560255355188,0.9376146788990826,0.9488924780802953,0.8021469859620148,0.9628183096391189,0.9344660194174758,0.95,0.962800875273523,0.858636855391273,0.8613563402889246,0.8139751552795031,0.8670386761593227,0.8946772366930917,0.8355752658791878,0.9501133786848073,0.9473489061920652,0.8675159567087554,0.8986246672582077,0.8740460218044307,0.9359399160592003,0.001,512,SkipEncoder0_Classifier,10,CNR,CrossEntropy,3x128x128,camera4,train_classifier.py,SkipEncoder0_Classifier_camera4_512,lucas.ocunha,LOCAL,fae73dae369fa16580455b7cd0cc0abcfe344dde
83257315446a4d1f8c53c759803c2ff1,32,FINISHED,mlflow-artifacts:/32/83257315446a4d1f8c53c759803c2ff1/artifacts,2026-02-24 01:14:03.012000+00:00,2026-02-24 01:18:08.200000+00:00,0.96875,1.0,0.07310486026108265,0.00789355719462037,0.601187316513016,0.6249120337790288,0.7791239206457066,0.9359723123512871,0.933641975308642,0.9127496159754225,0.896049896049896,0.7876008804108584,0.8649538866930171,0.6923307784652323,0.6405330281229562,0.8747199022204115,0.876418777808045,0.7008062108091968,0.7389366443807704,0.9203589455973079,0.734692526643278,0.9037860368183397,0.9317028149515459,0.725681255161024,0.9354788314325887,0.8866839229220592,0.9369565217391305,0.9372245022039823,0.7884332625388009,0.8148073836276083,0.7623408212905995,0.8341419586702605,0.872872340425532,0.7729368487256175,0.9342403628117913,0.9379956741167988,0.8470352897645808,0.8490461401952085,0.8658887694896698,0.8910626029654036,0.001,256,SkipEncoder0_Classifier,10,CNR,CrossEntropy,3x128x128,camera4,train_classifier.py,SkipEncoder0_Classifier_camera4_256,lucas.ocunha,LOCAL,fae73dae369fa16580455b7cd0cc0abcfe344dde
b894b7b993f14e98b45e79cd1c95fd12,32,FINISHED,mlflow-artifacts:/32/b894b7b993f14e98b45e79cd1c95fd12/artifacts,2026-02-24 01:09:58.767000+00:00,2026-02-24 01:14:02.896000+00:00,0.953125,0.9921875,0.10421352460980415,0.020812734961509705,0.595670429140084,0.6207551650439326,0.7998919182762708,0.9351892127011744,0.9302662037037037,0.9161290322580645,0.9244060475161987,0.8033559577677225,0.8739569609134826,0.7349939975990396,0.6803220354061027,0.881282316442606,0.8888271261812117,0.6923260674828307,0.8217437345570067,0.9223328591749644,0.7260594459509757,0.9034796293058227,0.9312413474850023,0.7177539223781998,0.9395406967661303,0.8991473096148191,0.9490022172949002,0.940489005074581,0.8127753303964758,0.8794141252006421,0.7536399019749171,0.8856762412022066,0.88627665390924,0.7958866288369072,0.9478458049886621,0.9346115582888668,0.8458790065214374,0.8669032830523514,0.8584844061048441,0.8947149396587599,0.001,128,SkipEncoder0_Classifier,10,CNR,CrossEntropy,3x128x128,camera4,train_classifier.py,SkipEncoder0_Classifier_camera4_128,lucas.ocunha,LOCAL,fae73dae369fa16580455b7cd0cc0abcfe344dde
59708873d7ec4b899290ac56cc282aba,32,FINISHED,mlflow-artifacts:/32/59708873d7ec4b899290ac56cc282aba/artifacts,2026-02-24 01:05:56.689000+00:00,2026-02-24 01:09:58.649000+00:00,0.90625,0.984375,0.25310656428337097,0.02973012812435627,0.5346263277693475,0.5702054794520548,0.7381936615307528,0.9123322147651006,0.9039351851851852,0.9001536098310292,0.8977505112474438,0.7508710801393729,0.836846728151076,0.613999445932219,0.5860328667677697,0.8529586384326143,0.8626961483594865,0.6158629441624366,0.7643042912873862,0.9103448275862069,0.68660970396039,0.8510672703751617,0.9035532994923858,0.6581337737407101,0.8998593969692236,0.8348299319727891,0.9461206896551724,0.9054153755348975,0.765022137887413,0.8398876404494382,0.7201946472019465,0.854909090909091,0.850954100051573,0.6738714802127148,0.9433106575963719,0.9135566741885089,0.7532896258267425,0.8291925465838509,0.8002350011235113,0.8453167508744656,0.001,64,SkipEncoder0_Classifier,10,CNR,CrossEntropy,3x128x128,camera4,train_classifier.py,SkipEncoder0_Classifier_camera4_64,lucas.ocunha,LOCAL,fae73dae369fa16580455b7cd0cc0abcfe344dde
eea58b369e56424a9d86dffcc2b4773e,32,FINISHED,mlflow-artifacts:/32/eea58b369e56424a9d86dffcc2b4773e/artifacts,2026-02-24 01:01:49.094000+00:00,2026-02-24 01:05:56.404000+00:00,0.96875,0.99609375,0.04387937858700752,0.015283973305486143,0.604599414781767,0.7294020391292367,0.8125153892152379,0.9257399294796452,0.9243827160493827,0.9517665130568357,0.9840546697038725,0.7812954876273653,0.860122968818621,0.7539015606242497,0.6953969353042116,0.8708172784425066,0.8803116788982513,0.7017169304269931,0.8336295769640952,0.9550786838340486,0.7311796127608616,0.883462445267767,0.919820027688048,0.8247729149463253,0.90829557881581,0.8511588941636414,0.9840546697038725,0.9121651952715846,0.7905614320585842,0.8902487961476726,0.833044846577498,0.8955508879129273,0.9226091763405196,0.7443565203930175,0.9841269841269841,0.93047179851011,0.8085744183895287,0.8534826974267968,0.8315814371059506,0.8718051921915878,0.001,1024,SkipEncoder0_Classifier,10,CNR,CrossEntropy,3x128x128,camera3,train_classifier.py,SkipEncoder0_Classifier_camera3_1024,lucas.ocunha,LOCAL,fae73dae369fa16580455b7cd0cc0abcfe344dde
4644529269ff47879fdf59aecec28cb0,32,FINISHED,mlflow-artifacts:/32/4644529269ff47879fdf59aecec28cb0/artifacts,2026-02-24 00:57:42.584000+00:00,2026-02-24 01:01:48.971000+00:00,0.953125,0.986328125,0.060033392161130905,0.03752192738465965,0.5687387368726309,0.6651526621246531,0.78036266989638,0.909324483460015,0.9077932098765432,0.9416282642089093,0.9714964370546318,0.7545454545454545,0.834211682037769,0.6985640410010158,0.6477923311084425,0.8486367281475541,0.8664805978211938,0.6604434159450582,0.8281649033199562,0.9457452884066248,0.7071306699288543,0.8635911052107534,0.9022842639593909,0.7659785301403799,0.8956413060459303,0.8374930671103716,0.9511627906976744,0.900417412045319,0.7742558326629123,0.8745987158908507,0.7881596651218419,0.8789932236205228,0.9118942731277533,0.7128877021679472,0.9523809523809523,0.9158746920098557,0.7803929050460201,0.8355146406388643,0.8113774387851883,0.8578065037366188,0.001,512,SkipEncoder0_Classifier,10,CNR,CrossEntropy,3x128x128,camera3,train_classifier.py,SkipEncoder0_Classifier_camera3_512,lucas.ocunha,LOCAL,fae73dae369fa16580455b7cd0cc0abcfe344dde
305af5900852492a828d51fe231120cb,32,FINISHED,mlflow-artifacts:/32/305af5900852492a828d51fe231120cb/artifacts,2026-02-24 00:53:26.067000+00:00,2026-02-24 00:57:42.449000+00:00,0.875,0.9921875,0.2564436346292496,0.03643479011952877,0.5160157000521505,0.6257825179689311,0.801047623204854,0.8803315140489185,0.8817515432098766,0.8952380952380953,0.9159663865546218,0.700552127314063,0.7918313570487484,0.7369447779111644,0.682068893745447,0.8198403648802737,0.8455722603632572,0.58748880262765,0.7512722646310432,0.907563025210084,0.6711888611210282,0.8200498132004981,0.8634056299030919,0.7289843104872007,0.8684580534291517,0.7921406411582212,0.9530054644808743,0.879196556671449,0.7354497354497355,0.8306581059390048,0.766870294075863,0.8484195402298851,0.835746380429356,0.7122543903019649,0.9512471655328798,0.8957660261860227,0.7663411729337218,0.8029059449866903,0.7937958392326433,0.7912427325581395,0.001,256,SkipEncoder0_Classifier,10,CNR,CrossEntropy,3x128x128,camera3,train_classifier.py,SkipEncoder0_Classifier_camera3_256,lucas.ocunha,LOCAL,fae73dae369fa16580455b7cd0cc0abcfe344dde
ac0e38e002054f299f0cc9fb9b81d7cf,32,FINISHED,mlflow-artifacts:/32/ac0e38e002054f299f0cc9fb9b81d7cf/artifacts,2026-02-24 00:49:23.740000+00:00,2026-02-24 00:53:25.951000+00:00,0.90625,1.0,0.13807138800621033,0.028217503800988197,0.5358608143675492,0.6422403158154454,0.7684075342465754,0.9126483481235967,0.9118441358024691,0.9367127496159754,0.9543269230769231,0.7880844645550528,0.8561703996486605,0.6752701080432173,0.6290605202857528,0.8645294725956567,0.8810830589096231,0.6166840848014332,0.8067019400352734,0.9414772727272728,0.6832361740846982,0.8703951774949765,0.9057452699584679,0.7402146985962015,0.8976722387127012,0.8484762176018228,0.928654970760234,0.9009526689853319,0.7973509933774835,0.8625601926163724,0.7679598760879186,0.8697471002091652,0.9034896401308615,0.7169057648435965,0.9308390022675737,0.9191865605658709,0.7918256556125989,0.8558118899733806,0.8233337340205528,0.8599637316139431,0.001,128,SkipEncoder0_Classifier,10,CNR,CrossEntropy,3x128x128,camera3,train_classifier.py,SkipEncoder0_Classifier_camera3_128,lucas.ocunha,LOCAL,fae73dae369fa16580455b7cd0cc0abcfe344dde
1deb8d22f4af4e74a3213860511e090a,32,FINISHED,mlflow-artifacts:/32/1deb8d22f4af4e74a3213860511e090a/artifacts,2026-02-24 00:45:21.063000+00:00,2026-02-24 00:49:23.627000+00:00,0.875,0.984375,0.2584623694419861,0.06360546872019768,0.48131685877767644,0.5424745152908255,0.7255674616891347,0.8576598311218335,0.8481867283950617,0.901689708141321,0.8699360341151386,0.6463820768997881,0.732981993851559,0.5876004247852987,0.5696898785327431,0.7783448778709442,0.8135050938789257,0.5277172290235891,0.7121495327102804,0.9122807017543859,0.6472447881528399,0.786890243902439,0.8366405168435626,0.6199834847233692,0.8428370567098891,0.7665310274669379,0.8986784140969163,0.8569803810065396,0.6916249105225483,0.7869181380417335,0.7022900763358778,0.8115015974440895,0.8481141692150866,0.5816574838529448,0.8956916099773242,0.8677088586317028,0.6385574210258544,0.7543256433007985,0.7343457864500119,0.7675422813961856,0.001,64,SkipEncoder0_Classifier,10,CNR,CrossEntropy,3x128x128,camera3,train_classifier.py,SkipEncoder0_Classifier_camera3_64,lucas.ocunha,LOCAL,fae73dae369fa16580455b7cd0cc0abcfe344dde
d2d8bc73bafe4e13b421aae1161463ae,32,FINISHED,mlflow-artifacts:/32/d2d8bc73bafe4e13b421aae1161463ae/artifacts,2026-02-24 00:41:12.422000+00:00,2026-02-24 00:45:20.766000+00:00,1.0,0.998046875,0.00012268126010894775,0.007874339469708502,0.6854784877723162,0.7297675721086531,0.8362272369774336,0.9138481174218251,0.9283371913580247,0.9219662058371736,0.9668141592920354,0.7455861581920904,0.8260869565217391,0.8125173146181549,0.7990827102443536,0.842073778664008,0.8800952642667399,0.7438862346969245,0.820021299254526,0.9254694835680751,0.724816926939211,0.8956431892543482,0.9065528380249193,0.8208092485549133,0.9032963599437588,0.8378231292517007,0.9809203142536476,0.9086616496975063,0.797344398340249,0.8754012841091493,0.8276957281245038,0.8815111619919863,0.9157955865272939,0.8098774214731312,0.9807256235827665,0.9333333333333333,0.8256758475556172,0.8548136645962733,0.8307460868540186,0.8571428571428571,0.001,1024,SkipEncoder0_Classifier,10,CNR,CrossEntropy,3x128x128,camera2,train_classifier.py,SkipEncoder0_Classifier_camera2_1024,lucas.ocunha,LOCAL,fae73dae369fa16580455b7cd0cc0abcfe344dde
6c53cdbbeb6b4507970d9032dd779e2f,32,FINISHED,mlflow-artifacts:/32/6c53cdbbeb6b4507970d9032dd779e2f/artifacts,2026-02-24 00:37:07.761000+00:00,2026-02-24 00:41:12.302000+00:00,1.0,0.984375,0.004826327785849571,0.039483174216002226,0.6959255824736293,0.7274959083469722,0.8136080785480987,0.9306051748403161,0.9234182098765432,0.9339477726574501,0.9665924276169265,0.7338304144269118,0.8167545015371103,0.7845946070735986,0.7708526544903946,0.8352906345603474,0.8708888284860016,0.763235294117647,0.7729549248747913,0.9362962962962963,0.7517784890864553,0.8914541695382495,0.9260498384863867,0.8252683732452518,0.8990782690204655,0.8346049046321525,0.9774774774774775,0.9046072061429415,0.7820992676973149,0.84169341894061,0.8344806007509387,0.8544011810297103,0.9354647720544701,0.7606121133007251,0.9773242630385488,0.9287381080595943,0.7856944637158318,0.8419476486246673,0.7965018610626173,0.8867340623065814,0.001,512,SkipEncoder0_Classifier,10,CNR,CrossEntropy,3x128x128,camera2,train_classifier.py,SkipEncoder0_Classifier_camera2_512,lucas.ocunha,LOCAL,fae73dae369fa16580455b7cd0cc0abcfe344dde
082618579bca474ba104c475113c3f13,32,FINISHED,mlflow-artifacts:/32/082618579bca474ba104c475113c3f13/artifacts,2026-02-24 00:33:03.295000+00:00,2026-02-24 00:37:07.644000+00:00,0.984375,0.99609375,0.027527743950486183,0.02383624901995063,0.5549422519691466,0.6101465614430666,0.779449869599345,0.8521978562297178,0.822241512345679,0.8857142857142857,0.923728813559322,0.6093994036632117,0.6898331137461572,0.6983678086619263,0.6485343895279428,0.7523884652467351,0.7963206307490145,0.641751269035533,0.6520896761693883,0.8994594594594595,0.6938822373750582,0.7518374405533939,0.8266035994462391,0.7111478117258464,0.7905014841431026,0.6997051485597641,0.9571899012074643,0.8214618559446145,0.6655683690280065,0.7341492776886035,0.7557603686635944,0.7805201258903429,0.8262164846077458,0.6239413835759825,0.95578231292517,0.8498818929705955,0.6790186624115443,0.7249334516415262,0.7392073278139862,0.7497836996020073,0.001,256,SkipEncoder0_Classifier,10,CNR,CrossEntropy,3x128x128,camera2,train_classifier.py,SkipEncoder0_Classifier_camera2_256,lucas.ocunha,LOCAL,fae73dae369fa16580455b7cd0cc0abcfe344dde
3eec4e94170d4201b40950868fbb3c17,32,FINISHED,mlflow-artifacts:/32/3eec4e94170d4201b40950868fbb3c17/artifacts,2026-02-24 00:28:59.609000+00:00,2026-02-24 00:33:03.180000+00:00,0.9375,0.9921875,0.15769750624895096,0.030201866291463375,0.5079146783825443,0.582561894510226,0.7612032923961327,0.7953804600912732,0.7670717592592593,0.8534562211981567,0.897119341563786,0.5767940979208585,0.646354852876592,0.6624342044510112,0.619962225000665,0.7275188224346502,0.764570247276775,0.5741564646163033,0.5908419497784343,0.8743745061890966,0.658619781692838,0.6943225634888978,0.7465389940009229,0.6764657308009909,0.7144196219340728,0.6321576763485477,0.9427027027027027,0.7692501893461248,0.6256343526350032,0.6617174959871589,0.7342287342287342,0.7400555041628122,0.7863571766935101,0.6076402823134386,0.9399092970521542,0.8121937942297224,0.6673199666990426,0.671583850931677,0.7414796977348082,0.6727587836773279,0.001,128,SkipEncoder0_Classifier,10,CNR,CrossEntropy,3x128x128,camera2,train_classifier.py,SkipEncoder0_Classifier_camera2_128,lucas.ocunha,LOCAL,fae73dae369fa16580455b7cd0cc0abcfe344dde
2b9a4915872e40a9b01a88180bb6f4c5,32,FINISHED,mlflow-artifacts:/32/2b9a4915872e40a9b01a88180bb6f4c5/artifacts,2026-02-24 00:24:56.472000+00:00,2026-02-24 00:28:59.468000+00:00,0.953125,1.0,0.3411085829138756,0.04264082759618759,0.5343055078669386,0.656009913258984,0.7132894385986503,0.8266113088177145,0.8174189814814815,0.8377880184331797,0.925531914893617,0.6375282592313489,0.7210144927536232,0.6773016899067319,0.6923980567059573,0.7690209980910826,0.8202141327623126,0.6120707673932517,0.7199873297434273,0.8568329718004338,0.6706425914071859,0.7494569152787834,0.7976465159206276,0.7577208918249381,0.7831588814247774,0.6989322191272052,0.9570957095709571,0.8126855600539811,0.7058823529411765,0.7923354735152488,0.7830202632746636,0.8145493639132771,0.7892107892107892,0.7190324860502242,0.95578231292517,0.8453810340602793,0.7545095046482586,0.7671916592724046,0.7740734040628692,0.7301781348236116,0.001,64,SkipEncoder0_Classifier,10,CNR,CrossEntropy,3x128x128,camera2,train_classifier.py,SkipEncoder0_Classifier_camera2_64,lucas.ocunha,LOCAL,fae73dae369fa16580455b7cd0cc0abcfe344dde
ee0d958d0d70431780f7b7414fabb19a,32,FINISHED,mlflow-artifacts:/32/ee0d958d0d70431780f7b7414fabb19a/artifacts,2026-02-24 00:20:49.278000+00:00,2026-02-24 00:24:56.199000+00:00,0.953125,0.986328125,0.06679534912109375,0.03969922778196633,0.8313253012048193,0.8859416445623343,0.17920999476322286,0.9114060645300529,0.8932291666666666,0.8857142857142857,0.959731543624161,0.681119559941757,0.7664690382081687,0.4934204451011174,0.7744907856450048,0.7983312790366929,0.85675430643699,0.8290459838757838,0.8290371493555724,0.8939566704675028,0.7971154442446202,0.8605761036304755,0.9052838024919243,0.9342691990090835,0.8570535853772848,0.7816121555498327,0.9683972911963883,0.8690050107372942,0.7697947214076246,0.8619582664526485,0.9306861720654824,0.8640853417621494,0.8605927552140505,0.7011705881266279,0.9682539682539683,0.9012048192771084,0.6871675685675963,0.8247559893522627,0.6778744835633238,0.8659011687512815,0.001,1024,SkipEncoder0_Classifier,10,CNR,CrossEntropy,3x128x128,camera1,train_classifier.py,SkipEncoder0_Classifier_camera1_1024,lucas.ocunha,LOCAL,fae73dae369fa16580455b7cd0cc0abcfe344dde
c40b6268e5f74e4ca5760c838afdc549,32,FINISHED,mlflow-artifacts:/32/c40b6268e5f74e4ca5760c838afdc549/artifacts,2026-02-24 00:16:44.528000+00:00,2026-02-24 00:20:49.158000+00:00,0.9375,0.98828125,0.12895162403583527,0.027943945489823818,0.7701524714116104,0.8049072411729503,0.5217227487464858,0.9026341047243255,0.8738425925925926,0.880184331797235,0.9617977528089887,0.6470498551608477,0.7324330259112868,0.6190322282759257,0.8286227214141042,0.7769336384439359,0.8388520971302428,0.8195356822932218,0.8074648928307465,0.8913649025069638,0.8030918850235801,0.8254198966408268,0.8946700507614214,0.8863748967795211,0.8204967973754101,0.7393969110075999,0.9683257918552036,0.8399944297451608,0.7383802269547645,0.8475120385232745,0.8866183256427159,0.8518518518518519,0.8403361344537815,0.6756774187147152,0.9682539682539683,0.8865568083261058,0.703023102539198,0.7975820763087844,0.7261371300312156,0.8486063765791056,0.001,512,SkipEncoder0_Classifier,10,CNR,CrossEntropy,3x128x128,camera1,train_classifier.py,SkipEncoder0_Classifier_camera1_512,lucas.ocunha,LOCAL,fae73dae369fa16580455b7cd0cc0abcfe344dde
a421d9db581745b387d1fe8e0fd35abc,32,FINISHED,mlflow-artifacts:/32/a421d9db581745b387d1fe8e0fd35abc/artifacts,2026-02-24 00:12:39.753000+00:00,2026-02-24 00:16:44.410000+00:00,0.953125,0.98828125,0.12200876697897911,0.047250973992049694,0.7495595136332711,0.8584445167588676,0.24377996687298403,0.9050021939447126,0.8893711419753086,0.8970814132104454,0.9630484988452656,0.6919590397851267,0.7717391304347826,0.4993420445101117,0.6940335550481486,0.7986050566695728,0.8518045935107547,0.7749328157659002,0.835027365129007,0.9012673150604185,0.7402742841390717,0.8576548899129545,0.9000922934933088,0.913625103220479,0.8554913294797688,0.7883443708609271,0.9564220183486238,0.8654936745673986,0.7685855263157895,0.8575441412520064,0.9098120365580272,0.8574869530309113,0.8957234915055653,0.6889354974024717,0.9569160997732427,0.897561846923283,0.6675512233476713,0.8196539485359361,0.6499205513311457,0.8728311468472281,0.001,256,SkipEncoder0_Classifier,10,CNR,CrossEntropy,3x128x128,camera1,train_classifier.py,SkipEncoder0_Classifier_camera1_256,lucas.ocunha,LOCAL,fae73dae369fa16580455b7cd0cc0abcfe344dde
6b7104837a304003806da63529dbcac1,32,FINISHED,mlflow-artifacts:/32/6b7104837a304003806da63529dbcac1/artifacts,2026-02-24 00:08:34.503000+00:00,2026-02-24 00:12:39.633000+00:00,0.96875,0.984375,0.16335311345756054,0.04620181117206812,0.6862258009251327,0.816426601287159,0.5003506999971944,0.8646545378062888,0.8297646604938271,0.8940092165898618,0.9597156398104265,0.6325072221377528,0.7120114185331576,0.5888586203712254,0.7429595067488752,0.7603033902951658,0.8092405827083872,0.7560988354732756,0.767658659017569,0.9015129888666857,0.7463374868988005,0.7748884443760579,0.8515228426395939,0.8908340214698596,0.7978440868614279,0.7176215695714974,0.9407665505226481,0.8216648291069459,0.6996571769265166,0.8132022471910112,0.8896309901486058,0.8214080184154997,0.8690148596587782,0.6743804872486793,0.9421768707482994,0.8508912731266368,0.7104984737061191,0.754547471162378,0.7392272300004947,0.8030865403399101,0.001,128,SkipEncoder0_Classifier,10,CNR,CrossEntropy,3x128x128,camera1,train_classifier.py,SkipEncoder0_Classifier_camera1_128,lucas.ocunha,LOCAL,fae73dae369fa16580455b7cd0cc0abcfe344dde
705dc0dc4546447ba2d3ff04fad112c5,32,FINISHED,mlflow-artifacts:/32/705dc0dc4546447ba2d3ff04fad112c5/artifacts,2026-02-24 00:04:33.499000+00:00,2026-02-24 00:08:34.381000+00:00,0.953125,0.984375,0.1422581896185875,0.08363983035087585,0.6885058680331194,0.8493017213380968,0.3857051157652749,0.8761753710207318,0.8599537037037037,0.9124423963133641,0.9712793733681462,0.6871197636015992,0.7570267896354853,0.524990765536984,0.6555538641091998,0.7813025002470599,0.8273193557095294,0.7486413854882055,0.8285949732179646,0.9136101849045165,0.7312861110224407,0.8329335161069226,0.8739040147669589,0.9050371593724195,0.8509607873769723,0.8023648648648649,0.9051094890510949,0.8566275924256087,0.7389487220704067,0.8336677367576244,0.9009474590869939,0.829107400535972,0.9342839429634222,0.6950308820084447,0.9115646258503401,0.8700554859495256,0.6956373433236206,0.7871561668145519,0.6979459521487177,0.8715348208248817,0.001,64,SkipEncoder0_Classifier,10,CNR,CrossEntropy,3x128x128,camera1,train_classifier.py,SkipEncoder0_Classifier_camera1_64,lucas.ocunha,LOCAL,fae73dae369fa16580455b7cd0cc0abcfe344dde
a733aeeae0d843e8b65c2fcdaaa8615b,32,FINISHED,mlflow-artifacts:/32/a733aeeae0d843e8b65c2fcdaaa8615b/artifacts,2026-02-24 00:00:23.941000+00:00,2026-02-24 00:04:33.211000+00:00,1.0,0.99609375,0.0003708750009536743,0.020995931117795408,0.9232031775731613,0.5803886925795053,0.7813090619715508,0.8442453480358374,0.8062307098765432,0.8224270353302612,0.8212290502793296,0.6369137670196672,0.6994949494949495,0.695470495890664,0.6424598522234642,0.734658264663112,0.8051878830949631,0.9463123320394148,0.6929505813953488,0.8312901342673672,0.9399104337945324,0.7782979434877111,0.8435625288417167,0.6700247729149463,0.7220746758319012,0.6651685393258427,0.7377666248431619,0.7496834107218235,0.7120188531029065,0.7267255216693419,0.7245657568238213,0.7368624420401855,0.8183908045977012,0.5869334076574484,0.7630385487528345,0.8225108225108225,0.6443561814902179,0.7567657497781721,0.734950816281685,0.8514828544949027,0.001,1024,SkipEncoder0_Classifier,10,CNR,CrossEntropy,3x128x128,UFPR05,train_classifier.py,SkipEncoder0_Classifier_UFPR05_1024,lucas.ocunha,LOCAL,fae73dae369fa16580455b7cd0cc0abcfe344dde
67312b2c28b54024889d037a93799461,32,FINISHED,mlflow-artifacts:/32/67312b2c28b54024889d037a93799461/artifacts,2026-02-23 23:56:16.984000+00:00,2026-02-24 00:00:23.816000+00:00,1.0,0.9921875,0.0020034387707710266,0.014988882234320045,0.9010594587787101,0.5666162815806521,0.7808460488773105,0.8232991826867734,0.7854938271604939,0.8110599078341014,0.8418079096045198,0.5966346153846154,0.653052261747914,0.6941199556745775,0.6411255822796844,0.7020554403168018,0.7918674962755237,0.9417139444610332,0.6629213483146067,0.8210648821646785,0.9361486375977234,0.7561697926949654,0.8229118597138901,0.6516928158546655,0.6833307295735042,0.6298622855762261,0.7515762925598991,0.7200662891865764,0.6930510814542108,0.6998394863563403,0.7133342394997961,0.716236722306525,0.8058252427184466,0.5751482177112646,0.7766439909297053,0.8051857042747022,0.6282925165348504,0.7365794143744454,0.7280199500402935,0.8322085175703979,0.001,512,SkipEncoder0_Classifier,10,CNR,CrossEntropy,3x128x128,UFPR05,train_classifier.py,SkipEncoder0_Classifier_UFPR05_512,lucas.ocunha,LOCAL,fae73dae369fa16580455b7cd0cc0abcfe344dde
6412ece14e4345ccb60267052fe18774,32,FINISHED,mlflow-artifacts:/32/6412ece14e4345ccb60267052fe18774/artifacts,2026-02-23 23:52:12.836000+00:00,2026-02-23 23:56:16.866000+00:00,1.0,0.9921875,0.0044077616184949875,0.03993901377543807,0.9102217764764878,0.6173361522198731,0.8102802286030009,0.8783056668574699,0.8365162037037037,0.8463901689708141,0.9025069637883009,0.6527708850289495,0.7234299516908212,0.7463293009511497,0.6845752129770102,0.7580443761406205,0.8252968693774739,0.9399671543744401,0.7296793437733035,0.8503889886295631,0.9333056891690165,0.8111016225448334,0.877365020766036,0.7147811725846408,0.7506639587564443,0.6896725440806045,0.8120300751879699,0.7743212669683258,0.7369858611825193,0.7608346709470305,0.7526850923671774,0.7665491578535056,0.8580917874396136,0.6084189639288499,0.8299319727891157,0.8485660680782632,0.6751913648767403,0.7846051464063887,0.7534704319417963,0.8828538550057538,0.001,256,SkipEncoder0_Classifier,10,CNR,CrossEntropy,3x128x128,UFPR05,train_classifier.py,SkipEncoder0_Classifier_UFPR05_256,lucas.ocunha,LOCAL,fae73dae369fa16580455b7cd0cc0abcfe344dde
e5d620c873f34cbe8be4e3085aa1ad05,32,FINISHED,mlflow-artifacts:/32/e5d620c873f34cbe8be4e3085aa1ad05/artifacts,2026-02-23 23:48:05.583000+00:00,2026-02-23 23:52:12.716000+00:00,1.0,1.0,0.015074733644723892,0.014263955876231194,0.8945676947546198,0.5747276688453159,0.778975763543537,0.8079320113314448,0.7605131172839507,0.8208909370199693,0.7223880597014926,0.5973860376155563,0.6548089591567853,0.6916728229753439,0.6398075276271256,0.7045112781954888,0.7805431840013972,0.9206180949537175,0.6918518518518518,0.8276677505172924,0.9111968467114273,0.7413355874894336,0.8044531610521458,0.6630883567299752,0.71707545695985,0.6668389764797105,0.6253229974160207,0.740209439104863,0.6813538649184326,0.7215088282504013,0.7211591033351559,0.7291178766588603,0.8249852681202121,0.558809761945654,0.671201814058957,0.779347729494357,0.5992553535914158,0.7212732919254659,0.7053567633281475,0.8038331454340474,0.001,128,SkipEncoder0_Classifier,10,CNR,CrossEntropy,3x128x128,UFPR05,train_classifier.py,SkipEncoder0_Classifier_UFPR05_128,lucas.ocunha,LOCAL,fae73dae369fa16580455b7cd0cc0abcfe344dde
2bec6352328c4666b94514ebf35aecb9,32,FINISHED,mlflow-artifacts:/32/2bec6352328c4666b94514ebf35aecb9/artifacts,2026-02-23 23:44:03.524000+00:00,2026-02-23 23:48:05.464000+00:00,0.953125,1.0,0.14970572292804718,0.026498278602957726,0.7897438153476163,0.5620887285077478,0.7340418910086832,0.8031370766083201,0.7514467592592593,0.8064516129032258,0.8214285714285714,0.6011607286796711,0.6584321475625824,0.6054344814849016,0.5806233229117944,0.7056485949474879,0.7713298791018999,0.8563451776649746,0.6808349146110056,0.811377245508982,0.8484175370606677,0.729968349158754,0.8001845869866174,0.6464079273327829,0.7326980159350102,0.6895611883346962,0.6397774687065368,0.7473046817309112,0.6677631578947368,0.7048555377207063,0.7121151001748016,0.7092310733346511,0.8192261185006046,0.5721337252564841,0.7063492063492064,0.772771360550216,0.622149761805652,0.7062999112688554,0.7222179719310773,0.801497277676951,0.001,64,SkipEncoder0_Classifier,10,CNR,CrossEntropy,3x128x128,UFPR05,train_classifier.py,SkipEncoder0_Classifier_UFPR05_64,lucas.ocunha,LOCAL,fae73dae369fa16580455b7cd0cc0abcfe344dde
a9790a0c646a423099ab1d95c7452d00,32,FINISHED,mlflow-artifacts:/32/a9790a0c646a423099ab1d95c7452d00/artifacts,2026-02-23 23:39:56.129000+00:00,2026-02-23 23:44:03.244000+00:00,1.0,0.99609375,0.000814434140920639,0.008065527654252946,0.7472123870422237,0.6525126606934164,0.9535742253048439,0.6810669759350536,0.7236689814814815,0.7038402457757297,0.8398268398268398,0.7563582749723553,0.6733640755379886,0.9473058454150891,0.9184085254765216,0.5797429015397655,0.7695395250306611,0.7010376231710959,0.7698343504795118,0.6381381381381381,0.5854441189561833,0.8946696457069901,0.7461928934010152,0.6791081750619323,0.6439618809561006,0.7427728613569321,0.5791044776119403,0.5249114029601835,0.8464557272504293,0.6378410914927769,0.6329113924050633,0.49453934472136657,0.869120654396728,0.8501091703056769,0.6802721088435374,0.6617872742297249,0.8876526293880949,0.7707409050576752,0.8937879694686529,0.9366028708133971,0.001,1024,SkipEncoder0_Classifier,10,CNR,CrossEntropy,3x128x128,UFPR04,train_classifier.py,SkipEncoder0_Classifier_UFPR04_1024,lucas.ocunha,LOCAL,fae73dae369fa16580455b7cd0cc0abcfe344dde
c19b87a00e1f4c87a4902c5c5306b73a,32,FINISHED,mlflow-artifacts:/32/c19b87a00e1f4c87a4902c5c5306b73a/artifacts,2026-02-23 23:35:53.367000+00:00,2026-02-23 23:39:55.990000+00:00,1.0,0.998046875,0.0008382536470890045,0.006613402161747217,0.767722069750318,0.6515637530072174,0.945786051770787,0.6323396567299007,0.6903935185185185,0.6814132104454685,0.772020725388601,0.7451219512195122,0.653052261747914,0.9380136670052637,0.9047904191616767,0.5370641664225022,0.7620447862474553,0.6807778441325769,0.7430313588850174,0.6025297048677655,0.5175599905233588,0.8824586628324946,0.7182741116751269,0.6746490503715937,0.6466177159818778,0.7634880803011292,0.47151898734177217,0.518313458262351,0.8529113924050633,0.6256019261637239,0.6226053639846744,0.4776035834266517,0.8515709642470206,0.8391554582746268,0.6213151927437641,0.604679802955665,0.8754336062161787,0.7666370896184561,0.8822301175184477,0.9325044404973357,0.001,512,SkipEncoder0_Classifier,10,CNR,CrossEntropy,3x128x128,UFPR04,train_classifier.py,SkipEncoder0_Classifier_UFPR04_512,lucas.ocunha,LOCAL,fae73dae369fa16580455b7cd0cc0abcfe344dde
98e4fbc22dd64c2582c72a85d62102fb,32,FINISHED,mlflow-artifacts:/32/98e4fbc22dd64c2582c72a85d62102fb/artifacts,2026-02-23 23:31:47.927000+00:00,2026-02-23 23:35:53.249000+00:00,1.0,0.98828125,0.010056428611278534,0.026684931479394436,0.8101118787063643,0.6512437810945274,0.9597301547885109,0.5123038810900082,0.6346450617283951,0.6125960061443932,0.7388059701492538,0.7236207820032137,0.6123188405797102,0.9550743374272787,0.9394725114451242,0.43349911759987164,0.6461460830074429,0.6370856972230516,0.7557160048134778,0.4529284164859002,0.35280492025879284,0.8787878787878788,0.6593216428241809,0.650206440957886,0.6158412748008124,0.7501945525291829,0.34554973821989526,0.4394802826532938,0.8438220757825371,0.598916532905297,0.5527871621621622,0.3858678955453149,0.8432956381260097,0.8807790120198652,0.5748299319727891,0.4869989165763814,0.8653247999629989,0.6888864241348713,0.8630874889430268,0.9315315315315316,0.001,256,SkipEncoder0_Classifier,10,CNR,CrossEntropy,3x128x128,UFPR04,train_classifier.py,SkipEncoder0_Classifier_UFPR04_256,lucas.ocunha,LOCAL,fae73dae369fa16580455b7cd0cc0abcfe344dde
ade42be986114cfa930089d641a618b4,32,FINISHED,mlflow-artifacts:/32/ade42be986114cfa930089d641a618b4/artifacts,2026-02-23 23:27:47.331000+00:00,2026-02-23 23:31:47.810000+00:00,0.984375,0.9609375,0.05368138663470745,0.09483717754483223,0.8788703640694113,0.6512415349887133,0.9483611954882427,0.36474726902425475,0.5750385802469136,0.5348694316436252,0.6222222222222222,0.8799559471365639,0.5963987703118138,0.9438775510204082,0.9525089605734767,0.3029958285930982,0.41254177940474296,0.5779785010450881,0.8607068607068608,0.2306910569105691,0.08372771474878445,0.9355140186915888,0.6041762805722196,0.5940545004128819,0.6009998437744103,0.8925501432664756,0.11570247933884298,0.32789473684210524,0.9317038102084831,0.5832664526484751,0.3194905869324474,0.28502581755593803,0.8049645390070922,0.8907513557663299,0.5147392290249433,0.31242197253433207,0.8053050275195411,0.5906166814551908,0.7823563626963097,0.9742828882294757,0.001,128,SkipEncoder0_Classifier,10,CNR,CrossEntropy,3x128x128,UFPR04,train_classifier.py,SkipEncoder0_Classifier_UFPR04_128,lucas.ocunha,LOCAL,fae73dae369fa16580455b7cd0cc0abcfe344dde
5d11471356604171ac2eb50cf141f006,32,FINISHED,mlflow-artifacts:/32/5d11471356604171ac2eb50cf141f006/artifacts,2026-02-23 23:23:47.192000+00:00,2026-02-23 23:27:47.214000+00:00,0.90625,0.984375,0.2980852797627449,0.059680789709091187,0.780494430861179,0.6011372867587328,0.9296914001609732,0.36581441087073124,0.5739776234567902,0.5486943164362519,0.5802469135802469,0.6910324039186134,0.5763065436978481,0.9203412134084403,0.8968960704527137,0.3221500087827156,0.4700218818380744,0.5767691848312929,0.6344647519582245,0.29880668257756565,0.09202139585535377,0.8047650562541363,0.590793724042455,0.5909165978530141,0.5536634900796751,0.6145930776426567,0.18076923076923077,0.31503236633900744,0.8206826286296485,0.554975922953451,0.3740207227697751,0.3047021943573668,0.7652811735941321,0.7225699487192669,0.5170068027210885,0.35508833406336693,0.6985309421395866,0.5970496894409938,0.6831787540290364,0.8503740648379052,0.001,64,SkipEncoder0_Classifier,10,CNR,CrossEntropy,3x128x128,UFPR04,train_classifier.py,SkipEncoder0_Classifier_UFPR04_64,lucas.ocunha,LOCAL,fae73dae369fa16580455b7cd0cc0abcfe344dde
14f53486ffdb4028b1d0942df198f585,32,FINISHED,mlflow-artifacts:/32/14f53486ffdb4028b1d0942df198f585/artifacts,2026-02-23 23:19:44.129000+00:00,2026-02-23 23:23:46.925000+00:00,1.0,1.0,0.0001330636441707611,0.0014356045285239816,0.8214063940688332,0.7740432612312812,0.9400431404577915,0.87170647623738,0.8844521604938271,0.8390168970814132,0.9132791327913279,0.8738926524231371,0.8357487922705314,0.9339043309631545,0.9309000414765657,0.817649926864944,0.8881211259018392,0.8163630934607345,0.8778448676265675,0.8287581699346406,0.780168716042322,0.9484402079722704,0.8797877249653899,0.8218001651527663,0.8857990938915794,0.9129223267154302,0.8341584158415841,0.8776159383894191,0.8830066680137402,0.8400882825040128,0.811725702320712,0.8258684727987765,0.9228529839883551,0.9698054465961584,0.8480725623582767,0.8796463733172594,0.9816179871421303,0.8778837622005324,0.9819092189300295,0.9485530546623794,0.001,1024,SkipEncoder0_Classifier,10,CNR,CrossEntropy,3x128x128,PUC,train_classifier.py,SkipEncoder0_Classifier_PUC_1024,lucas.ocunha,LOCAL,fae73dae369fa16580455b7cd0cc0abcfe344dde
b2cdc920a58041b782c23cf71b451e4e,32,FINISHED,mlflow-artifacts:/32/b2cdc920a58041b782c23cf71b451e4e/artifacts,2026-02-23 23:15:42.472000+00:00,2026-02-23 23:19:44.003000+00:00,1.0,0.99609375,0.0013078060001134872,0.017700099851936102,0.676179822414878,0.7260940032414911,0.9286323448447098,0.8636638087187538,0.8538773148148148,0.7895545314900153,0.7577937649880095,0.8348384030418251,0.8300395256916996,0.9236887062517315,0.9484024608057154,0.8194541637508748,0.8603385731559855,0.7494625261272021,0.7928658289420348,0.778818211172102,0.7423777211458749,0.8960016573441061,0.8697508075680664,0.7801816680429398,0.8411185752226215,0.8366160800774943,0.7383177570093458,0.8359412808517502,0.8483704292527822,0.8035714285714286,0.7709516434348649,0.7998364342670211,0.8547129695251595,0.9670381442200373,0.746031746031746,0.8509591736350222,0.9797187919152676,0.8462732919254659,0.9800600245555,0.9190439475713185,0.001,512,SkipEncoder0_Classifier,10,CNR,CrossEntropy,3x128x128,PUC,train_classifier.py,SkipEncoder0_Classifier_PUC_512,lucas.ocunha,LOCAL,fae73dae369fa16580455b7cd0cc0abcfe344dde
be07d1daf2fc43fca34df865c0dd41db,32,FINISHED,mlflow-artifacts:/32/be07d1daf2fc43fca34df865c0dd41db/artifacts,2026-02-23 23:11:41.088000+00:00,2026-02-23 23:15:42.349000+00:00,1.0,1.0,0.003887780010700226,0.005354409571737051,0.7829055098134182,0.8139223560910308,0.9102741961808389,0.8097380259327864,0.8171296296296297,0.7683563748079877,0.9122137404580153,0.9123387363546146,0.7943566095740009,0.8984670791393481,0.8791724137931034,0.7465150899986467,0.8561605855606077,0.7444908928038221,0.9145047169811321,0.7287769784172662,0.6648256952604779,0.9531332280147446,0.8341024457775726,0.7821635012386458,0.8554913294797688,0.9510982179859097,0.68188302425107,0.8322756119673618,0.9357575757575758,0.7957463884430177,0.734447352526676,0.7529126213592233,0.9259597806215722,0.9467296661807661,0.7471655328798186,0.7924693520140105,0.9607268396466399,0.8561446317657497,0.9614699609764952,0.9659090909090909,0.001,256,SkipEncoder0_Classifier,10,CNR,CrossEntropy,3x128x128,PUC,train_classifier.py,SkipEncoder0_Classifier_PUC_256,lucas.ocunha,LOCAL,fae73dae369fa16580455b7cd0cc0abcfe344dde
47d97cefe9b1481ca32f81acbb763c49,32,FINISHED,mlflow-artifacts:/32/47d97cefe9b1481ca32f81acbb763c49/artifacts,2026-02-23 23:07:38.931000+00:00,2026-02-23 23:11:40.971000+00:00,1.0,1.0,0.011677490547299385,0.011848896741867065,0.6308962520369364,0.8819652486518874,0.9122549840844363,0.7952537903757416,0.816358024691358,0.7591397849462366,0.8896797153024911,0.9149529452771,0.7820597277119016,0.9032689999076554,0.9033636099705529,0.7256392536281963,0.8172043010752689,0.6512988951925948,0.9222160044767768,0.7167630057803468,0.5542152577634417,0.9402564102564103,0.820835256114444,0.7603633360858795,0.8404936728636151,0.9111023310944291,0.6944444444444444,0.8187466714006746,0.9277922077922078,0.8164125200642055,0.6698521046643914,0.782711944906198,0.9168207024029574,0.946856085882532,0.7505668934240363,0.7938947824204373,0.9396449054160307,0.822759538598048,0.9393751978095047,0.9439749608763693,0.001,128,SkipEncoder0_Classifier,10,CNR,CrossEntropy,3x128x128,PUC,train_classifier.py,SkipEncoder0_Classifier_PUC_128,lucas.ocunha,LOCAL,fae73dae369fa16580455b7cd0cc0abcfe344dde
d478f854907f4c998b1b8b1f18c5fade,32,FINISHED,mlflow-artifacts:/32/d478f854907f4c998b1b8b1f18c5fade/artifacts,2026-02-23 23:03:35.800000+00:00,2026-02-23 23:07:38.818000+00:00,1.0,1.0,0.04734504967927933,0.05169392377138138,0.6178251392589005,0.8865826538176427,0.8658854843572922,0.7592391304347826,0.7901234567901234,0.7253456221198157,0.979253112033195,0.9297052154195011,0.7703118137900746,0.8511058269461631,0.8515859868703601,0.7016543069024529,0.7801047120418848,0.633987757539564,0.9514687100893997,0.6636568848758465,0.5099399306353759,0.9377076411960132,0.7955699123211813,0.7220478943022296,0.8212779253241681,0.9328028293545535,0.6941176470588235,0.7867263236390754,0.933371298405467,0.7973515248796148,0.5869938650306749,0.7468671679197995,0.9074074074074074,0.9210365509999466,0.764172335600907,0.7568715083798883,0.9085958096295268,0.7950310559006211,0.9075757487182785,0.9407407407407408,0.001,64,SkipEncoder0_Classifier,10,CNR,CrossEntropy,3x128x128,PUC,train_classifier.py,SkipEncoder0_Classifier_PUC_64,lucas.ocunha,LOCAL,fae73dae369fa16580455b7cd0cc0abcfe344dde
4938962a80c44cc18b4f1d1d60cf9abb,32,FAILED,mlflow-artifacts:/32/4938962a80c44cc18b4f1d1d60cf9abb/artifacts,2026-02-23 20:27:13.677000+00:00,2026-02-23 20:30:53.945000+00:00,1.0,0.994140625,0.0011030379682779312,0.018761873012408614,,,,,,,,,,,,,,,,,,,,,,,,,,,,,,,,,,,,,0.001,512,SkipEncoder0_Classifier,10,CNR,CrossEntropy,3x128x128,UFPR04,train_classifier.py,SkipEncoder0_Classifier_UFPR04_512,lucas.ocunha,LOCAL,fae73dae369fa16580455b7cd0cc0abcfe344dde
9a8d552244b040918497241bed31f392,32,FINISHED,mlflow-artifacts:/32/9a8d552244b040918497241bed31f392/artifacts,2026-02-23 20:22:23.044000+00:00,2026-02-23 20:27:13.551000+00:00,1.0,0.984375,0.00924111157655716,0.03500850358977914,0.8421839940164547,0.603448275862069,0.950054907064709,0.56875,0.6478587962962963,0.6294930875576037,0.6984126984126984,0.6701592623637888,0.6097935880544576,0.9433003970819097,0.9148552853170407,0.47363744075829384,0.7033681765389083,0.6706404896984174,0.6835769561478934,0.5093572009764036,0.44954025426372063,0.8268113134444014,0.68158744808491,0.6389760528488853,0.6014685205436651,0.6625368731563421,0.42038216560509556,0.46820929747759016,0.8144163528778914,0.5993178170144462,0.5903298350824587,0.44326735433509895,0.810880829015544,0.8200467906991549,0.5873015873015873,0.5389569390074505,0.8470757596780908,0.7167258207630879,0.853885289097327,0.9054726368159204,0.001,256,SkipEncoder0_Classifier,10,CNR,CrossEntropy,3x128x128,UFPR04,train_classifier.py,SkipEncoder0_Classifier_UFPR04_256,lucas.ocunha,LOCAL,fae73dae369fa16580455b7cd0cc0abcfe344dde
170693c5234f4cca931569cd13b47d92,32,FINISHED,mlflow-artifacts:/32/170693c5234f4cca931569cd13b47d92/artifacts,2026-02-23 20:17:34.176000+00:00,2026-02-23 20:22:22.921000+00:00,0.984375,0.9921875,0.04349769651889801,0.04656313732266426,0.7535600603116099,0.57981220657277,0.9396096015796943,0.427061310782241,0.5901813271604939,0.5493087557603686,0.7051282051282052,0.7694704049844237,0.5966183574879227,0.9322190414627389,0.9144979180012812,0.3497345132743363,0.4812074578277597,0.5839504329650642,0.7279102384291725,0.2977501196744854,0.1389772902827128,0.8752584424534804,0.6248269497000462,0.5834847233691164,0.5961568504921106,0.7512147716229349,0.2127659574468085,0.37424352457032195,0.8713826366559485,0.5788523274478331,0.37012987012987014,0.33088938476251195,0.771712158808933,0.8503249364809826,0.5385487528344671,0.3741346295477979,0.8155583691781139,0.6111357586512866,0.8067715510061931,0.942457231726283,0.001,128,SkipEncoder0_Classifier,10,CNR,CrossEntropy,3x128x128,UFPR04,train_classifier.py,SkipEncoder0_Classifier_UFPR04_128,lucas.ocunha,LOCAL,fae73dae369fa16580455b7cd0cc0abcfe344dde
0fabe67245ec457e989f670abbaf4bdc,32,FINISHED,mlflow-artifacts:/32/0fabe67245ec457e989f670abbaf4bdc/artifacts,2026-02-23 20:12:51.632000+00:00,2026-02-23 20:17:34.043000+00:00,0.84375,0.984375,0.361481636762619,0.11883120983839035,0.760989010989011,0.626253418413856,0.9123310776892031,0.35123367198838895,0.5700231481481481,0.5394777265745008,0.6,0.7119205298013245,0.5768555116381203,0.8992058361806261,0.8684059633027523,0.30857552924291354,0.43970566151073737,0.5755374738727979,0.6775777414075287,0.2719766877124818,0.08878062851556866,0.8249630723781388,0.5874480849100139,0.5955408753096615,0.5639743790032807,0.6631689401888772,0.17509727626459143,0.3117139334155364,0.8285229202037352,0.5571829855537721,0.35940360973057806,0.2728171334431631,0.7506702412868632,0.7234104721832632,0.5192743764172335,0.3338314405260012,0.6972127792424032,0.5861801242236024,0.6802333568399748,0.8627450980392157,0.001,64,SkipEncoder0_Classifier,10,CNR,CrossEntropy,3x128x128,UFPR04,train_classifier.py,SkipEncoder0_Classifier_UFPR04_64,lucas.ocunha,LOCAL,fae73dae369fa16580455b7cd0cc0abcfe344dde
3183d044fb5d4da39bb7643a14e08ebc,32,FINISHED,mlflow-artifacts:/32/3183d044fb5d4da39bb7643a14e08ebc/artifacts,2026-02-23 20:08:02.802000+00:00,2026-02-23 20:12:51.351000+00:00,1.0,1.0,0.00016339868307113647,0.0007166435243561864,0.8003255130800683,0.8142193640585924,0.9232822028384593,0.8530005042864347,0.8753858024691358,0.8328725038402458,0.9232954545454546,0.9005540166204986,0.8381642512077294,0.919694800997322,0.9645630285016474,0.8151955867602808,0.8835082614569261,0.7872573902657509,0.9116302691721686,0.8216393442622951,0.7388838496284691,0.9568654019873533,0.8654822335025381,0.8402972749793559,0.8834557100453054,0.9296134208606857,0.8217446270543616,0.8723477070499658,0.8985415345592898,0.838884430176565,0.8249773755656109,0.817209196448896,0.9186217008797654,0.9858892682815042,0.8401360544217688,0.867704280155642,0.9886192821793627,0.8756654835847383,0.9886902590295512,0.9551101072840203,0.001,1024,SkipEncoder0_Classifier,10,CNR,CrossEntropy,3x128x128,PUC,train_classifier.py,SkipEncoder0_Classifier_PUC_1024,lucas.ocunha,LOCAL,fae73dae369fa16580455b7cd0cc0abcfe344dde
bc0502054efa4f409cae48363738d150,32,FINISHED,mlflow-artifacts:/32/bc0502054efa4f409cae48363738d150/artifacts,2026-02-23 20:03:24.869000+00:00,2026-02-23 20:08:02.677000+00:00,1.0,1.0,0.000525888055562973,0.004304419970139861,0.7392024821069704,0.8005475166210403,0.9403594944212733,0.8260087381135954,0.8344907407407407,0.7818740399385561,0.8477611940298507,0.8881818181818182,0.8019323671497585,0.9349662942099917,0.9413360461173279,0.7646751891468824,0.8550615961435458,0.7639369961182443,0.8915784165405951,0.7568493150684932,0.7261769722999125,0.9393498301795244,0.8437932625749884,0.8036333608587943,0.8553351038900172,0.9047619047619048,0.7338501291989664,0.8400690846286701,0.8982669367544452,0.8252407704654896,0.7749384819231497,0.8023598820058997,0.8954619124797407,0.9798467507385334,0.7664399092970522,0.8186046511627907,0.9838004717635632,0.8499334516415262,0.9839227926832067,0.9475235849056604,0.001,512,SkipEncoder0_Classifier,10,CNR,CrossEntropy,3x128x128,PUC,train_classifier.py,SkipEncoder0_Classifier_PUC_512,lucas.ocunha,LOCAL,fae73dae369fa16580455b7cd0cc0abcfe344dde
deac0b83c11b436286055a742a87b3f9,32,FINISHED,mlflow-artifacts:/32/deac0b83c11b436286055a742a87b3f9/artifacts,2026-02-23 19:58:47.887000+00:00,2026-02-23 20:03:24.751000+00:00,1.0,1.0,0.004646351560950279,0.003649624530225992,0.6933989916754602,0.7791754018169113,0.9228223350253807,0.8589775253148926,0.8532986111111112,0.7978494623655914,0.8787878787878788,0.8656557595105081,0.822463768115942,0.9122495151906916,0.8873638174079426,0.8009846153846154,0.8703476482617587,0.7583681696028666,0.8857142857142857,0.7805203468979319,0.7451119353035207,0.9137220897463689,0.8682510383017997,0.8137076796036333,0.8584596156850492,0.8847231955150666,0.7955112219451371,0.8478844862323707,0.8707037643207856,0.8386837881219904,0.7981388690050107,0.8222811671087533,0.8917682926829268,0.94183888539129,0.8140589569160998,0.8471510400964727,0.9649010221543869,0.8593611357586513,0.9659147053539346,0.9379719525350594,0.001,256,SkipEncoder0_Classifier,10,CNR,CrossEntropy,3x128x128,PUC,train_classifier.py,SkipEncoder0_Classifier_PUC_256,lucas.ocunha,LOCAL,fae73dae369fa16580455b7cd0cc0abcfe344dde
ac17a95fa4cf443cbea873de61e4ee39,32,FINISHED,mlflow-artifacts:/32/ac17a95fa4cf443cbea873de61e4ee39/artifacts,2026-02-23 19:54:11.004000+00:00,2026-02-23 19:58:47.773000+00:00,1.0,0.9921875,0.013799287378787994,0.01792830228805542,0.6590364311723482,0.876665022200296,0.8975482222865296,0.835813302810632,0.8377700617283951,0.7674347158218126,0.9023569023569024,0.9109947643979057,0.8136802810715854,0.8814872102687229,0.8496533222497213,0.7770918166294496,0.8561095890410959,0.6911167512690355,0.9225571725571725,0.7316554413328606,0.6351532465700279,0.9356530028598665,0.8510613751730502,0.801981833195706,0.858147164505546,0.915215745647237,0.7282608695652174,0.8419220055710307,0.9227498228206945,0.8398876404494382,0.7477382705659583,0.8164673413063478,0.9092511013215859,0.9140029054192145,0.7732426303854876,0.8235787707153346,0.9316174090005087,0.8543700088731144,0.933288212069938,0.9461560610423265,0.001,128,SkipEncoder0_Classifier,10,CNR,CrossEntropy,3x128x128,PUC,train_classifier.py,SkipEncoder0_Classifier_PUC_128,lucas.ocunha,LOCAL,fae73dae369fa16580455b7cd0cc0abcfe344dde
5eac0629681c495e81b75fb80353f841,32,FINISHED,mlflow-artifacts:/32/5eac0629681c495e81b75fb80353f841/artifacts,2026-02-23 19:49:35.512000+00:00,2026-02-23 19:54:10.881000+00:00,1.0,0.984375,0.04509609378874302,0.05585697293281555,0.593021904595898,0.8830155979202773,0.8736360436466033,0.7402164862614488,0.7822145061728395,0.7265745007680492,0.9783549783549783,0.9342049768030367,0.7467061923583662,0.859105180533752,0.8556537962362103,0.6575627133739053,0.7541345093715546,0.6091594505822634,0.9445234708392604,0.6618541033434651,0.43812712619254585,0.94,0.7840332256575911,0.6957886044591247,0.8083112013747852,0.9428436466698158,0.6746268656716418,0.7648974899406017,0.9409966371140324,0.764446227929374,0.5252577319587629,0.6934725848563968,0.9207188160676533,0.9291925990254257,0.7528344671201814,0.7445123331070378,0.9097376393321308,0.7773957409050577,0.9079926335174954,0.9470880681818182,0.001,64,SkipEncoder0_Classifier,10,CNR,CrossEntropy,3x128x128,PUC,train_classifier.py,SkipEncoder0_Classifier_PUC_64,lucas.ocunha,LOCAL,fae73dae369fa16580455b7cd0cc0abcfe344dde
5c9c8eb7cfce48f980d86e41ec125083,32,FAILED,mlflow-artifacts:/32/5c9c8eb7cfce48f980d86e41ec125083/artifacts,2026-02-23 19:47:37.884000+00:00,2026-02-23 19:47:49.800000+00:00,0.96875,0.953125,0.054054442793130875,0.0721407663077116,,,,,,,,,,,,,,,,,,,,,,,,,,,,,,,,,,,,,0.001,64,SkipEncoder0_Classifier,10,CNR,CrossEntropy,3x128x128,PUC,train_classifier.py,SkipEncoder0_Classifier_PUC_64,lucas.ocunha,LOCAL,fae73dae369fa16580455b7cd0cc0abcfe344dde
83e3b7b145d24db19ab1d7d3c81d2e9b,32,RUNNING,mlflow-artifacts:/32/83e3b7b145d24db19ab1d7d3c81d2e9b/artifacts,2026-02-23 19:42:13.503000+00:00,,1.0,0.96875,0.04840144142508507,0.05369823798537254,,,,,,,,,,,,,,,,,,,,,,,,,,,,,,,,,,,,,0.001,64,SkipEncoder0_Classifier,10,CNR,CrossEntropy,3x128x128,PUC,train_classifier.py,SkipEncoder0_Classifier_PUC_64,lucas.ocunha,LOCAL,fae73dae369fa16580455b7cd0cc0abcfe344dde
8f23cb1a03404bdb81b4cf1b95d0656e,32,FAILED,mlflow-artifacts:/32/8f23cb1a03404bdb81b4cf1b95d0656e/artifacts,2026-02-23 19:33:57.397000+00:00,2026-02-23 19:37:40.945000+00:00,1.0,0.98828125,0.00919419713318348,0.03888049116358161,,,,,,,,,,,,,,,,,,,,,,,,,,,,,,,,,,,,,0.001,256,SkipEncoder0_Classifier,10,CNR,CrossEntropy,3x128x128,UFPR04,train_classifier.py,SkipEncoder0_Classifier_UFPR04_256,lucas.ocunha,LOCAL,fae73dae369fa16580455b7cd0cc0abcfe344dde
b6f6bcfdc0a2456ea2d1d7bccf7b625c,32,FINISHED,mlflow-artifacts:/32/b6f6bcfdc0a2456ea2d1d7bccf7b625c/artifacts,2026-02-23 19:29:15.351000+00:00,2026-02-23 19:33:41.230000+00:00,1.0,0.984375,0.03374116122722626,0.04102336708456278,0.7904599659284497,0.5746496039000609,0.9468802698145026,0.4495827538247566,0.6081211419753086,0.5717357910906298,0.7325581395348837,0.7282117495158167,0.5982652613087396,0.9403684550743374,0.9214128477086252,0.38140321217244294,0.5461645746164575,0.5944461033144223,0.7006451612903226,0.3534322820037106,0.18170863959513195,0.8712871287128713,0.6347485002307337,0.5902559867877787,0.5855335103890017,0.6930352536543423,0.24,0.3779601406799531,0.8595258999122037,0.5760433386837881,0.43187542935653767,0.33948108783994996,0.8106382978723404,0.8261020458230862,0.5476190476190477,0.42409638554216866,0.8133701031404653,0.6390860692102928,0.8104907831396031,0.9493392070484582,0.001,128,SkipEncoder0_Classifier,10,CNR,CrossEntropy,3x128x128,UFPR04,train_classifier.py,SkipEncoder0_Classifier_UFPR04_128,lucas.ocunha,LOCAL,fae73dae369fa16580455b7cd0cc0abcfe344dde
c9ac6e9a0e394469a1cb37e916c3baa6,32,FINISHED,mlflow-artifacts:/32/c9ac6e9a0e394469a1cb37e916c3baa6/artifacts,2026-02-23 19:24:39.257000+00:00,2026-02-23 19:28:59.249000+00:00,0.875,0.96875,0.3226761966943741,0.14403071254491806,0.8050485436893204,0.6585879873551106,0.9056943461110549,0.3577028258887876,0.5633680555555556,0.533026113671275,0.6176470588235294,0.7619926199261993,0.5830039525691699,0.8923723335488042,0.8678956346437156,0.30311926605504586,0.40752838699642246,0.5730815168707076,0.708041958041958,0.24075924075924077,0.06759488717881831,0.8354011579818031,0.5935625288417167,0.5995045417010735,0.5730354632088737,0.711825487944891,0.16568047337278108,0.3121067203624465,0.852309694209499,0.5613964686998395,0.3401360544217687,0.2703604806408545,0.7626582278481012,0.7388024296205221,0.5204081632653061,0.3085382617992974,0.7049049535174137,0.5775288376220054,0.6841577664195636,0.8958904109589041,0.001,64,SkipEncoder0_Classifier,10,CNR,CrossEntropy,3x128x128,UFPR04,train_classifier.py,SkipEncoder0_Classifier_UFPR04_64,lucas.ocunha,LOCAL,fae73dae369fa16580455b7cd0cc0abcfe344dde
6102bf4a5ef94672adda50f7f229138b,32,FINISHED,mlflow-artifacts:/32/6102bf4a5ef94672adda50f7f229138b/artifacts,2026-02-23 19:20:04.748000+00:00,2026-02-23 19:24:21.805000+00:00,1.0,0.9970703125,0.0006445366889238358,0.007637754431925714,0.8404070650522936,0.7992660550458716,0.8922090797998663,0.8312831801113557,0.8517554012345679,0.8098310291858679,0.9260355029585798,0.8974507531865585,0.8219148001756698,0.8920722135007849,0.9806386213887481,0.7925300588385776,0.868754021016513,0.7955733054643177,0.9096671949286846,0.7882312692439275,0.7388098848798725,0.959835470602468,0.8496769727734195,0.8191577208918249,0.8633026089673489,0.9277756434882828,0.8056628056628057,0.8466257668711656,0.9136220117275597,0.8248394863563403,0.7991194276279582,0.797776233495483,0.931285367825384,0.9852365152876662,0.828798185941043,0.8377151303980572,0.985312312103973,0.8642413487133984,0.9853642237219981,0.963096309630963,0.001,1024,SkipEncoder0_Classifier,10,CNR,CrossEntropy,3x128x128,PUC,train_classifier.py,SkipEncoder0_Classifier_PUC_1024,lucas.ocunha,LOCAL,fae73dae369fa16580455b7cd0cc0abcfe344dde
eaec7cdebb4445fe9ef9b52888b24192,32,FINISHED,mlflow-artifacts:/32/eaec7cdebb4445fe9ef9b52888b24192/artifacts,2026-02-23 19:15:33.543000+00:00,2026-02-23 19:19:48.445000+00:00,1.0,1.0,0.0015780236572027206,0.006320512620732188,0.7268223850126095,0.7415394824153948,0.9488861150485539,0.8532871115513185,0.8674768518518519,0.8254992319508448,0.8613333333333333,0.8469623173545244,0.8178524374176548,0.9442238433835073,0.9491873359857784,0.7993226079593565,0.8622123086282064,0.7869438638399522,0.8748235294117647,0.8137704918032787,0.7723585665632452,0.9236853356135101,0.863290263036456,0.7902559867877786,0.8525230432744884,0.8697738176833447,0.7936117936117936,0.8431893687707641,0.8553610943472139,0.8332664526484751,0.7787456445993032,0.817322488459002,0.9098240469208211,0.96956502196802,0.8095238095238095,0.8628194888178914,0.9814792331529532,0.849267968056788,0.9817747372313644,0.9346352047735286,0.001,512,SkipEncoder0_Classifier,10,CNR,CrossEntropy,3x128x128,PUC,train_classifier.py,SkipEncoder0_Classifier_PUC_512,lucas.ocunha,LOCAL,fae73dae369fa16580455b7cd0cc0abcfe344dde
c5458e7ec6fd43a6939c319014dfb1b7,32,FINISHED,mlflow-artifacts:/32/c5458e7ec6fd43a6939c319014dfb1b7/artifacts,2026-02-23 19:11:01.243000+00:00,2026-02-23 19:15:17.361000+00:00,1.0,1.0,0.004421159625053406,0.006986760068684816,0.7393385131076708,0.805366269165247,0.8424007264921984,0.7901921802518224,0.8157793209876543,0.754531490015361,0.8550295857988166,0.8796783173523044,0.7901844532279315,0.8457498383968972,0.9521448185768748,0.7485195420450059,0.8244123165213553,0.7457748581666169,0.8705647176411794,0.7149482697110239,0.691443482042547,0.928928928928929,0.8173742501153669,0.7866226259289844,0.8253397906577097,0.8806600153491941,0.7438867438867439,0.804134548002803,0.8958982969537059,0.8111958266452648,0.745368545526212,0.7873446327683615,0.8970456580125336,0.9776530451660285,0.7743764172335601,0.79537175916006,0.9720757596780908,0.8235359361135759,0.9720102223535753,0.9448494453248811,0.001,256,SkipEncoder0_Classifier,10,CNR,CrossEntropy,3x128x128,PUC,train_classifier.py,SkipEncoder0_Classifier_PUC_256,lucas.ocunha,LOCAL,fae73dae369fa16580455b7cd0cc0abcfe344dde
6d6faa7f39944360bd8250c918dc2a1e,32,FINISHED,mlflow-artifacts:/32/6d6faa7f39944360bd8250c918dc2a1e/artifacts,2026-02-23 19:06:27.906000+00:00,2026-02-23 19:10:45.081000+00:00,1.0,1.0,0.017244745045900345,0.011457407847046852,0.6428893201192044,0.8398722627737226,0.9056351385076117,0.8239499553172476,0.8290895061728395,0.7683563748079877,0.8842443729903537,0.8840756558877364,0.7971014492753623,0.8908832763874781,0.8575993042557616,0.7582417582417582,0.844690794478861,0.6844804419229621,0.9096074380165289,0.7354385964912281,0.6371214917966637,0.9235154394299288,0.8409090909090909,0.7958711808422791,0.8378378378378378,0.8808118081180811,0.7333333333333333,0.821403991741225,0.9018333720120678,0.8318619582664526,0.7486783245221634,0.8077981651376147,0.9003436426116839,0.921234757772163,0.7732426303854876,0.8144113950565564,0.9416684010915314,0.8415039929015085,0.9432566876348002,0.9372640139413302,0.001,128,SkipEncoder0_Classifier,10,CNR,CrossEntropy,3x128x128,PUC,train_classifier.py,SkipEncoder0_Classifier_PUC_128,lucas.ocunha,LOCAL,fae73dae369fa16580455b7cd0cc0abcfe344dde
c0460a50b4af4cff8c6ea7ffd53e7e5a,32,FINISHED,mlflow-artifacts:/32/c0460a50b4af4cff8c6ea7ffd53e7e5a/artifacts,2026-02-23 19:01:47.220000+00:00,2026-02-23 19:06:11.524000+00:00,1.0,0.984375,0.033952346071600914,0.03830062039196491,0.5719967912293602,0.8434182590233545,0.8829600462760937,0.8105369807497467,0.8134645061728395,0.7529953917050691,0.8915254237288136,0.892483056069008,0.8003952569169961,0.8668736725459415,0.8487231012349533,0.7611665790856542,0.8301136990837841,0.6256718423409973,0.9087221095334685,0.7150956768249468,0.5771815475939527,0.9006591337099812,0.8274111675126904,0.7635012386457474,0.8361193563505702,0.8831653602090332,0.7166212534059946,0.8185435045839821,0.902327813774898,0.8370786516853933,0.6893709327548807,0.8152866242038217,0.8882042253521126,0.9096186301493991,0.764172335600907,0.7982474441894429,0.9164498635585773,0.8293034605146407,0.9174513684799777,0.9127210496292071,0.001,64,SkipEncoder0_Classifier,10,CNR,CrossEntropy,3x128x128,PUC,train_classifier.py,SkipEncoder0_Classifier_PUC_64,lucas.ocunha,LOCAL,fae73dae369fa16580455b7cd0cc0abcfe344dde
022f6ee0b588492790029f06793a1257,32,RUNNING,mlflow-artifacts:/32/022f6ee0b588492790029f06793a1257/artifacts,2026-02-22 19:27:06.901000+00:00,,1.0,1.0,0.029681464657187462,0.05153053626418114,,,,,,,,,,,,,,,,,,,,,,,,,,,,,,,,,,,,,0.001,64,SkipEncoder0_Classifier,10,CNR,CrossEntropy,3x128x128,PUC,train_classifier.py,SkipEncoder0_Classifier_PUC_64,lucas.ocunha,LOCAL,fae73dae369fa16580455b7cd0cc0abcfe344dde
