Fusao,Base do Autoencoder,Base de Treino,Base de Teste,Acuracia,Batch
SumFusion,CNR,PUC,PUC,0.501,64
SumFusion,CNR,PUC,PUC,0.502,128
SumFusion,CNR,PUC,PUC,0.502,256
SumFusion,CNR,PUC,PUC,0.501,512
SumFusion,CNR,PUC,PUC,0.501,1024
SumFusion,CNR,PUC,UFPR04,0.507,64
SumFusion,CNR,PUC,UFPR04,0.506,128
SumFusion,CNR,PUC,UFPR04,0.503,256
SumFusion,CNR,PUC,UFPR04,0.501,512
SumFusion,CNR,PUC,UFPR04,0.501,1024
SumFusion,CNR,PUC,UFPR05,0.51,64
SumFusion,CNR,PUC,UFPR05,0.51,128
SumFusion,CNR,PUC,UFPR05,0.517,256
SumFusion,CNR,PUC,UFPR05,0.515,512
SumFusion,CNR,PUC,UFPR05,0.517,1024
SumFusion,CNR,UFPR04,PUC,0.501,64
SumFusion,CNR,UFPR04,PUC,0.5,128
SumFusion,CNR,UFPR04,PUC,0.501,256
SumFusion,CNR,UFPR04,PUC,0.501,512
SumFusion,CNR,UFPR04,PUC,0.501,1024
SumFusion,CNR,UFPR04,UFPR04,0.505,64
SumFusion,CNR,UFPR04,UFPR04,0.505,128
SumFusion,CNR,UFPR04,UFPR04,0.506,256
SumFusion,CNR,UFPR04,UFPR04,0.506,512
SumFusion,CNR,UFPR04,UFPR04,0.505,1024
SumFusion,CNR,UFPR04,UFPR05,0.54,64
SumFusion,CNR,UFPR04,UFPR05,0.529,128
SumFusion,CNR,UFPR04,UFPR05,0.515,256
SumFusion,CNR,UFPR04,UFPR05,0.522,512
SumFusion,CNR,UFPR04,UFPR05,0.523,1024
SumFusion,CNR,UFPR05,PUC,0.501,64
SumFusion,CNR,UFPR05,PUC,0.502,128
SumFusion,CNR,UFPR05,PUC,0.501,256
SumFusion,CNR,UFPR05,PUC,0.501,512
SumFusion,CNR,UFPR05,PUC,0.5,1024
SumFusion,CNR,UFPR05,UFPR04,0.524,64
SumFusion,CNR,UFPR05,UFPR04,0.52,128
SumFusion,CNR,UFPR05,UFPR04,0.518,256
SumFusion,CNR,UFPR05,UFPR04,0.512,512
SumFusion,CNR,UFPR05,UFPR04,0.508,1024
SumFusion,CNR,UFPR05,UFPR05,0.508,64
SumFusion,CNR,UFPR05,UFPR05,0.51,128
SumFusion,CNR,UFPR05,UFPR05,0.51,256
SumFusion,CNR,UFPR05,UFPR05,0.51,512
SumFusion,CNR,UFPR05,UFPR05,0.51,1024
MultFusion,CNR,PUC,PUC,0.501,64
MultFusion,CNR,PUC,PUC,0.502,128
MultFusion,CNR,PUC,PUC,0.501,256
MultFusion,CNR,PUC,PUC,0.501,512
MultFusion,CNR,PUC,PUC,0.501,1024
MultFusion,CNR,PUC,UFPR04,0.506,64
MultFusion,CNR,PUC,UFPR04,0.505,128
MultFusion,CNR,PUC,UFPR04,0.503,256
MultFusion,CNR,PUC,UFPR04,0.501,512
MultFusion,CNR,PUC,UFPR04,0.501,1024
MultFusion,CNR,PUC,UFPR05,0.509,64
MultFusion,CNR,PUC,UFPR05,0.511,128
MultFusion,CNR,PUC,UFPR05,0.518,256
MultFusion,CNR,PUC,UFPR05,0.516,512
MultFusion,CNR,PUC,UFPR05,0.517,1024
MultFusion,CNR,UFPR04,PUC,0.501,64
MultFusion,CNR,UFPR04,PUC,0.501,128
MultFusion,CNR,UFPR04,PUC,0.501,256
MultFusion,CNR,UFPR04,PUC,0.501,512
MultFusion,CNR,UFPR04,PUC,0.501,1024
MultFusion,CNR,UFPR04,UFPR04,0.505,64
MultFusion,CNR,UFPR04,UFPR04,0.505,128
MultFusion,CNR,UFPR04,UFPR04,0.506,256
MultFusion,CNR,UFPR04,UFPR04,0.506,512
MultFusion,CNR,UFPR04,UFPR04,0.505,1024
MultFusion,CNR,UFPR04,UFPR05,0.535,64
MultFusion,CNR,UFPR04,UFPR05,0.529,128
MultFusion,CNR,UFPR04,UFPR05,0.513,256
MultFusion,CNR,UFPR04,UFPR05,0.522,512
MultFusion,CNR,UFPR04,UFPR05,0.523,1024
MultFusion,CNR,UFPR05,PUC,0.501,64
MultFusion,CNR,UFPR05,PUC,0.502,128
MultFusion,CNR,UFPR05,PUC,0.501,256
MultFusion,CNR,UFPR05,PUC,0.501,512
MultFusion,CNR,UFPR05,PUC,0.501,1024
MultFusion,CNR,UFPR05,UFPR04,0.526,64
MultFusion,CNR,UFPR05,UFPR04,0.523,128
MultFusion,CNR,UFPR05,UFPR04,0.517,256
MultFusion,CNR,UFPR05,UFPR04,0.512,512
MultFusion,CNR,UFPR05,UFPR04,0.508,1024
MultFusion,CNR,UFPR05,UFPR05,0.509,64
MultFusion,CNR,UFPR05,UFPR05,0.51,128
MultFusion,CNR,UFPR05,UFPR05,0.51,256
MultFusion,CNR,UFPR05,UFPR05,0.51,512
MultFusion,CNR,UFPR05,UFPR05,0.51,1024
VoteFusion,CNR,PUC,PUC,0.501,64
VoteFusion,CNR,PUC,PUC,0.502,128
VoteFusion,CNR,PUC,PUC,0.501,256
VoteFusion,CNR,PUC,PUC,0.501,512
VoteFusion,CNR,PUC,PUC,0.501,1024
VoteFusion,CNR,PUC,UFPR04,0.506,64
VoteFusion,CNR,PUC,UFPR04,0.505,128
VoteFusion,CNR,PUC,UFPR04,0.502,256
VoteFusion,CNR,PUC,UFPR04,0.5,512
VoteFusion,CNR,PUC,UFPR04,0.501,1024
VoteFusion,CNR,PUC,UFPR05,0.515,64
VoteFusion,CNR,PUC,UFPR05,0.513,128
VoteFusion,CNR,PUC,UFPR05,0.519,256
VoteFusion,CNR,PUC,UFPR05,0.517,512
VoteFusion,CNR,PUC,UFPR05,0.519,1024
VoteFusion,CNR,UFPR04,PUC,0.501,64
VoteFusion,CNR,UFPR04,PUC,0.501,128
VoteFusion,CNR,UFPR04,PUC,0.501,256
VoteFusion,CNR,UFPR04,PUC,0.501,512
VoteFusion,CNR,UFPR04,PUC,0.501,1024
VoteFusion,CNR,UFPR04,UFPR04,0.505,64
VoteFusion,CNR,UFPR04,UFPR04,0.505,128
VoteFusion,CNR,UFPR04,UFPR04,0.506,256
VoteFusion,CNR,UFPR04,UFPR04,0.506,512
VoteFusion,CNR,UFPR04,UFPR04,0.505,1024
VoteFusion,CNR,UFPR04,UFPR05,0.55,64
VoteFusion,CNR,UFPR04,UFPR05,0.529,128
VoteFusion,CNR,UFPR04,UFPR05,0.518,256
VoteFusion,CNR,UFPR04,UFPR05,0.524,512
VoteFusion,CNR,UFPR04,UFPR05,0.525,1024
VoteFusion,CNR,UFPR05,PUC,0.502,64
VoteFusion,CNR,UFPR05,PUC,0.502,128
VoteFusion,CNR,UFPR05,PUC,0.501,256
VoteFusion,CNR,UFPR05,PUC,0.5,512
VoteFusion,CNR,UFPR05,PUC,0.5,1024
VoteFusion,CNR,UFPR05,UFPR04,0.521,64
VoteFusion,CNR,UFPR05,UFPR04,0.517,128
VoteFusion,CNR,UFPR05,UFPR04,0.517,256
VoteFusion,CNR,UFPR05,UFPR04,0.511,512
VoteFusion,CNR,UFPR05,UFPR04,0.507,1024
VoteFusion,CNR,UFPR05,UFPR05,0.509,64
VoteFusion,CNR,UFPR05,UFPR05,0.51,128
VoteFusion,CNR,UFPR05,UFPR05,0.51,256
VoteFusion,CNR,UFPR05,UFPR05,0.51,512
VoteFusion,CNR,UFPR05,UFPR05,0.51,1024
SumFusion,PKLot,camera1,camera1,0.92,64
SumFusion,PKLot,camera1,camera1,0.938,128
SumFusion,PKLot,camera1,camera1,0.947,256
SumFusion,PKLot,camera1,camera1,0.947,512
SumFusion,PKLot,camera1,camera1,0.964,1024
SumFusion,PKLot,camera1,camera2,0.517,64
SumFusion,PKLot,camera1,camera2,0.512,128
SumFusion,PKLot,camera1,camera2,0.509,256
SumFusion,PKLot,camera1,camera2,0.517,512
SumFusion,PKLot,camera1,camera2,0.508,1024
SumFusion,PKLot,camera1,camera3,0.503,64
SumFusion,PKLot,camera1,camera3,0.502,128
SumFusion,PKLot,camera1,camera3,0.503,256
SumFusion,PKLot,camera1,camera3,0.501,512
SumFusion,PKLot,camera1,camera3,0.502,1024
SumFusion,PKLot,camera1,camera4,0.501,64
SumFusion,PKLot,camera1,camera4,0.501,128
SumFusion,PKLot,camera1,camera4,0.499,256
SumFusion,PKLot,camera1,camera4,0.5,512
SumFusion,PKLot,camera1,camera4,0.5,1024
SumFusion,PKLot,camera1,camera5,0.501,64
SumFusion,PKLot,camera1,camera5,0.5,128
SumFusion,PKLot,camera1,camera5,0.501,256
SumFusion,PKLot,camera1,camera5,0.501,512
SumFusion,PKLot,camera1,camera5,0.5,1024
SumFusion,PKLot,camera1,camera6,0.504,64
SumFusion,PKLot,camera1,camera6,0.506,128
SumFusion,PKLot,camera1,camera6,0.505,256
SumFusion,PKLot,camera1,camera6,0.508,512
SumFusion,PKLot,camera1,camera6,0.507,1024
SumFusion,PKLot,camera1,camera7,0.493,64
SumFusion,PKLot,camera1,camera7,0.497,128
SumFusion,PKLot,camera1,camera7,0.499,256
SumFusion,PKLot,camera1,camera7,0.499,512
SumFusion,PKLot,camera1,camera7,0.496,1024
SumFusion,PKLot,camera1,camera8,0.497,64
SumFusion,PKLot,camera1,camera8,0.499,128
SumFusion,PKLot,camera1,camera8,0.5,256
SumFusion,PKLot,camera1,camera8,0.497,512
SumFusion,PKLot,camera1,camera8,0.498,1024
SumFusion,PKLot,camera1,camera9,0.494,64
SumFusion,PKLot,camera1,camera9,0.488,128
SumFusion,PKLot,camera1,camera9,0.49,256
SumFusion,PKLot,camera1,camera9,0.492,512
SumFusion,PKLot,camera1,camera9,0.495,1024
SumFusion,PKLot,camera2,camera1,0.509,64
SumFusion,PKLot,camera2,camera1,0.509,128
SumFusion,PKLot,camera2,camera1,0.503,256
SumFusion,PKLot,camera2,camera1,0.501,512
SumFusion,PKLot,camera2,camera1,0.504,1024
SumFusion,PKLot,camera2,camera2,0.96,64
SumFusion,PKLot,camera2,camera2,0.972,128
SumFusion,PKLot,camera2,camera2,0.974,256
SumFusion,PKLot,camera2,camera2,0.98,512
SumFusion,PKLot,camera2,camera2,0.984,1024
SumFusion,PKLot,camera2,camera3,0.498,64
SumFusion,PKLot,camera2,camera3,0.5,128
SumFusion,PKLot,camera2,camera3,0.497,256
SumFusion,PKLot,camera2,camera3,0.5,512
SumFusion,PKLot,camera2,camera3,0.502,1024
SumFusion,PKLot,camera2,camera4,0.504,64
SumFusion,PKLot,camera2,camera4,0.503,128
SumFusion,PKLot,camera2,camera4,0.503,256
SumFusion,PKLot,camera2,camera4,0.502,512
SumFusion,PKLot,camera2,camera4,0.502,1024
SumFusion,PKLot,camera2,camera5,0.502,64
SumFusion,PKLot,camera2,camera5,0.505,128
SumFusion,PKLot,camera2,camera5,0.503,256
SumFusion,PKLot,camera2,camera5,0.502,512
SumFusion,PKLot,camera2,camera5,0.499,1024
SumFusion,PKLot,camera2,camera6,0.503,64
SumFusion,PKLot,camera2,camera6,0.505,128
SumFusion,PKLot,camera2,camera6,0.506,256
SumFusion,PKLot,camera2,camera6,0.506,512
SumFusion,PKLot,camera2,camera6,0.505,1024
SumFusion,PKLot,camera2,camera7,0.486,64
SumFusion,PKLot,camera2,camera7,0.491,128
SumFusion,PKLot,camera2,camera7,0.495,256
SumFusion,PKLot,camera2,camera7,0.494,512
SumFusion,PKLot,camera2,camera7,0.494,1024
SumFusion,PKLot,camera2,camera8,0.496,64
SumFusion,PKLot,camera2,camera8,0.496,128
SumFusion,PKLot,camera2,camera8,0.496,256
SumFusion,PKLot,camera2,camera8,0.496,512
SumFusion,PKLot,camera2,camera8,0.498,1024
SumFusion,PKLot,camera2,camera9,0.492,64
SumFusion,PKLot,camera2,camera9,0.49,128
SumFusion,PKLot,camera2,camera9,0.492,256
SumFusion,PKLot,camera2,camera9,0.492,512
SumFusion,PKLot,camera2,camera9,0.492,1024
SumFusion,PKLot,camera3,camera1,0.506,64
SumFusion,PKLot,camera3,camera1,0.503,128
SumFusion,PKLot,camera3,camera1,0.497,256
SumFusion,PKLot,camera3,camera1,0.499,512
SumFusion,PKLot,camera3,camera1,0.503,1024
SumFusion,PKLot,camera3,camera2,0.524,64
SumFusion,PKLot,camera3,camera2,0.508,128
SumFusion,PKLot,camera3,camera2,0.51,256
SumFusion,PKLot,camera3,camera2,0.51,512
SumFusion,PKLot,camera3,camera2,0.508,1024
SumFusion,PKLot,camera3,camera3,0.967,64
SumFusion,PKLot,camera3,camera3,0.965,128
SumFusion,PKLot,camera3,camera3,0.966,256
SumFusion,PKLot,camera3,camera3,0.975,512
SumFusion,PKLot,camera3,camera3,0.978,1024
SumFusion,PKLot,camera3,camera4,0.504,64
SumFusion,PKLot,camera3,camera4,0.503,128
SumFusion,PKLot,camera3,camera4,0.502,256
SumFusion,PKLot,camera3,camera4,0.503,512
SumFusion,PKLot,camera3,camera4,0.502,1024
SumFusion,PKLot,camera3,camera5,0.497,64
SumFusion,PKLot,camera3,camera5,0.497,128
SumFusion,PKLot,camera3,camera5,0.5,256
SumFusion,PKLot,camera3,camera5,0.502,512
SumFusion,PKLot,camera3,camera5,0.503,1024
SumFusion,PKLot,camera3,camera6,0.505,64
SumFusion,PKLot,camera3,camera6,0.505,128
SumFusion,PKLot,camera3,camera6,0.504,256
SumFusion,PKLot,camera3,camera6,0.505,512
SumFusion,PKLot,camera3,camera6,0.504,1024
SumFusion,PKLot,camera3,camera7,0.49,64
SumFusion,PKLot,camera3,camera7,0.49,128
SumFusion,PKLot,camera3,camera7,0.49,256
SumFusion,PKLot,camera3,camera7,0.493,512
SumFusion,PKLot,camera3,camera7,0.493,1024
SumFusion,PKLot,camera3,camera8,0.497,64
SumFusion,PKLot,camera3,camera8,0.495,128
SumFusion,PKLot,camera3,camera8,0.496,256
SumFusion,PKLot,camera3,camera8,0.495,512
SumFusion,PKLot,camera3,camera8,0.496,1024
SumFusion,PKLot,camera3,camera9,0.486,64
SumFusion,PKLot,camera3,camera9,0.49,128
SumFusion,PKLot,camera3,camera9,0.49,256
SumFusion,PKLot,camera3,camera9,0.491,512
SumFusion,PKLot,camera3,camera9,0.492,1024
SumFusion,PKLot,camera4,camera1,0.514,64
SumFusion,PKLot,camera4,camera1,0.508,128
SumFusion,PKLot,camera4,camera1,0.507,256
SumFusion,PKLot,camera4,camera1,0.506,512
SumFusion,PKLot,camera4,camera1,0.506,1024
SumFusion,PKLot,camera4,camera2,0.525,64
SumFusion,PKLot,camera4,camera2,0.516,128
SumFusion,PKLot,camera4,camera2,0.518,256
SumFusion,PKLot,camera4,camera2,0.518,512
SumFusion,PKLot,camera4,camera2,0.515,1024
SumFusion,PKLot,camera4,camera3,0.5,64
SumFusion,PKLot,camera4,camera3,0.498,128
SumFusion,PKLot,camera4,camera3,0.497,256
SumFusion,PKLot,camera4,camera3,0.498,512
SumFusion,PKLot,camera4,camera3,0.496,1024
SumFusion,PKLot,camera4,camera4,0.954,64
SumFusion,PKLot,camera4,camera4,0.942,128
SumFusion,PKLot,camera4,camera4,0.957,256
SumFusion,PKLot,camera4,camera4,0.957,512
SumFusion,PKLot,camera4,camera4,0.957,1024
SumFusion,PKLot,camera4,camera5,0.502,64
SumFusion,PKLot,camera4,camera5,0.502,128
SumFusion,PKLot,camera4,camera5,0.502,256
SumFusion,PKLot,camera4,camera5,0.503,512
SumFusion,PKLot,camera4,camera5,0.502,1024
SumFusion,PKLot,camera4,camera6,0.501,64
SumFusion,PKLot,camera4,camera6,0.506,128
SumFusion,PKLot,camera4,camera6,0.503,256
SumFusion,PKLot,camera4,camera6,0.503,512
SumFusion,PKLot,camera4,camera6,0.505,1024
SumFusion,PKLot,camera4,camera7,0.483,64
SumFusion,PKLot,camera4,camera7,0.486,128
SumFusion,PKLot,camera4,camera7,0.489,256
SumFusion,PKLot,camera4,camera7,0.488,512
SumFusion,PKLot,camera4,camera7,0.492,1024
SumFusion,PKLot,camera4,camera8,0.495,64
SumFusion,PKLot,camera4,camera8,0.494,128
SumFusion,PKLot,camera4,camera8,0.494,256
SumFusion,PKLot,camera4,camera8,0.494,512
SumFusion,PKLot,camera4,camera8,0.495,1024
SumFusion,PKLot,camera4,camera9,0.493,64
SumFusion,PKLot,camera4,camera9,0.491,128
SumFusion,PKLot,camera4,camera9,0.489,256
SumFusion,PKLot,camera4,camera9,0.491,512
SumFusion,PKLot,camera4,camera9,0.491,1024
SumFusion,PKLot,camera5,camera1,0.511,64
SumFusion,PKLot,camera5,camera1,0.504,128
SumFusion,PKLot,camera5,camera1,0.502,256
SumFusion,PKLot,camera5,camera1,0.501,512
SumFusion,PKLot,camera5,camera1,0.499,1024
SumFusion,PKLot,camera5,camera2,0.514,64
SumFusion,PKLot,camera5,camera2,0.51,128
SumFusion,PKLot,camera5,camera2,0.52,256
SumFusion,PKLot,camera5,camera2,0.517,512
SumFusion,PKLot,camera5,camera2,0.51,1024
SumFusion,PKLot,camera5,camera3,0.497,64
SumFusion,PKLot,camera5,camera3,0.5,128
SumFusion,PKLot,camera5,camera3,0.5,256
SumFusion,PKLot,camera5,camera3,0.498,512
SumFusion,PKLot,camera5,camera3,0.499,1024
SumFusion,PKLot,camera5,camera4,0.501,64
SumFusion,PKLot,camera5,camera4,0.502,128
SumFusion,PKLot,camera5,camera4,0.503,256
SumFusion,PKLot,camera5,camera4,0.502,512
SumFusion,PKLot,camera5,camera4,0.502,1024
SumFusion,PKLot,camera5,camera5,0.888,64
SumFusion,PKLot,camera5,camera5,0.905,128
SumFusion,PKLot,camera5,camera5,0.937,256
SumFusion,PKLot,camera5,camera5,0.947,512
SumFusion,PKLot,camera5,camera5,0.953,1024
SumFusion,PKLot,camera5,camera6,0.507,64
SumFusion,PKLot,camera5,camera6,0.507,128
SumFusion,PKLot,camera5,camera6,0.507,256
SumFusion,PKLot,camera5,camera6,0.506,512
SumFusion,PKLot,camera5,camera6,0.506,1024
SumFusion,PKLot,camera5,camera7,0.487,64
SumFusion,PKLot,camera5,camera7,0.494,128
SumFusion,PKLot,camera5,camera7,0.494,256
SumFusion,PKLot,camera5,camera7,0.495,512
SumFusion,PKLot,camera5,camera7,0.494,1024
SumFusion,PKLot,camera5,camera8,0.497,64
SumFusion,PKLot,camera5,camera8,0.495,128
SumFusion,PKLot,camera5,camera8,0.496,256
SumFusion,PKLot,camera5,camera8,0.497,512
SumFusion,PKLot,camera5,camera8,0.497,1024
SumFusion,PKLot,camera5,camera9,0.495,64
SumFusion,PKLot,camera5,camera9,0.489,128
SumFusion,PKLot,camera5,camera9,0.49,256
SumFusion,PKLot,camera5,camera9,0.491,512
SumFusion,PKLot,camera5,camera9,0.489,1024
SumFusion,PKLot,camera6,camera1,0.509,64
SumFusion,PKLot,camera6,camera1,0.508,128
SumFusion,PKLot,camera6,camera1,0.508,256
SumFusion,PKLot,camera6,camera1,0.506,512
SumFusion,PKLot,camera6,camera1,0.509,1024
SumFusion,PKLot,camera6,camera2,0.511,64
SumFusion,PKLot,camera6,camera2,0.503,128
SumFusion,PKLot,camera6,camera2,0.528,256
SumFusion,PKLot,camera6,camera2,0.523,512
SumFusion,PKLot,camera6,camera2,0.516,1024
SumFusion,PKLot,camera6,camera3,0.5,64
SumFusion,PKLot,camera6,camera3,0.5,128
SumFusion,PKLot,camera6,camera3,0.501,256
SumFusion,PKLot,camera6,camera3,0.498,512
SumFusion,PKLot,camera6,camera3,0.5,1024
SumFusion,PKLot,camera6,camera4,0.501,64
SumFusion,PKLot,camera6,camera4,0.504,128
SumFusion,PKLot,camera6,camera4,0.502,256
SumFusion,PKLot,camera6,camera4,0.505,512
SumFusion,PKLot,camera6,camera4,0.504,1024
SumFusion,PKLot,camera6,camera5,0.499,64
SumFusion,PKLot,camera6,camera5,0.5,128
SumFusion,PKLot,camera6,camera5,0.498,256
SumFusion,PKLot,camera6,camera5,0.499,512
SumFusion,PKLot,camera6,camera5,0.5,1024
SumFusion,PKLot,camera6,camera6,0.941,64
SumFusion,PKLot,camera6,camera6,0.942,128
SumFusion,PKLot,camera6,camera6,0.956,256
SumFusion,PKLot,camera6,camera6,0.951,512
SumFusion,PKLot,camera6,camera6,0.968,1024
SumFusion,PKLot,camera6,camera7,0.492,64
SumFusion,PKLot,camera6,camera7,0.491,128
SumFusion,PKLot,camera6,camera7,0.487,256
SumFusion,PKLot,camera6,camera7,0.489,512
SumFusion,PKLot,camera6,camera7,0.491,1024
SumFusion,PKLot,camera6,camera8,0.498,64
SumFusion,PKLot,camera6,camera8,0.496,128
SumFusion,PKLot,camera6,camera8,0.495,256
SumFusion,PKLot,camera6,camera8,0.495,512
SumFusion,PKLot,camera6,camera8,0.496,1024
SumFusion,PKLot,camera6,camera9,0.49,64
SumFusion,PKLot,camera6,camera9,0.49,128
SumFusion,PKLot,camera6,camera9,0.493,256
SumFusion,PKLot,camera6,camera9,0.49,512
SumFusion,PKLot,camera6,camera9,0.495,1024
SumFusion,PKLot,camera7,camera1,0.492,64
SumFusion,PKLot,camera7,camera1,0.496,128
SumFusion,PKLot,camera7,camera1,0.496,256
SumFusion,PKLot,camera7,camera1,0.499,512
SumFusion,PKLot,camera7,camera1,0.5,1024
SumFusion,PKLot,camera7,camera2,0.503,64
SumFusion,PKLot,camera7,camera2,0.508,128
SumFusion,PKLot,camera7,camera2,0.512,256
SumFusion,PKLot,camera7,camera2,0.514,512
SumFusion,PKLot,camera7,camera2,0.517,1024
SumFusion,PKLot,camera7,camera3,0.5,64
SumFusion,PKLot,camera7,camera3,0.501,128
SumFusion,PKLot,camera7,camera3,0.5,256
SumFusion,PKLot,camera7,camera3,0.503,512
SumFusion,PKLot,camera7,camera3,0.503,1024
SumFusion,PKLot,camera7,camera4,0.503,64
SumFusion,PKLot,camera7,camera4,0.501,128
SumFusion,PKLot,camera7,camera4,0.499,256
SumFusion,PKLot,camera7,camera4,0.5,512
SumFusion,PKLot,camera7,camera4,0.502,1024
SumFusion,PKLot,camera7,camera5,0.499,64
SumFusion,PKLot,camera7,camera5,0.498,128
SumFusion,PKLot,camera7,camera5,0.501,256
SumFusion,PKLot,camera7,camera5,0.499,512
SumFusion,PKLot,camera7,camera5,0.498,1024
SumFusion,PKLot,camera7,camera6,0.507,64
SumFusion,PKLot,camera7,camera6,0.505,128
SumFusion,PKLot,camera7,camera6,0.504,256
SumFusion,PKLot,camera7,camera6,0.506,512
SumFusion,PKLot,camera7,camera6,0.506,1024
SumFusion,PKLot,camera7,camera7,0.931,64
SumFusion,PKLot,camera7,camera7,0.932,128
SumFusion,PKLot,camera7,camera7,0.921,256
SumFusion,PKLot,camera7,camera7,0.928,512
SumFusion,PKLot,camera7,camera7,0.925,1024
SumFusion,PKLot,camera7,camera8,0.503,64
SumFusion,PKLot,camera7,camera8,0.501,128
SumFusion,PKLot,camera7,camera8,0.499,256
SumFusion,PKLot,camera7,camera8,0.498,512
SumFusion,PKLot,camera7,camera8,0.5,1024
SumFusion,PKLot,camera7,camera9,0.491,64
SumFusion,PKLot,camera7,camera9,0.487,128
SumFusion,PKLot,camera7,camera9,0.49,256
SumFusion,PKLot,camera7,camera9,0.492,512
SumFusion,PKLot,camera7,camera9,0.492,1024
SumFusion,PKLot,camera8,camera1,0.51,64
SumFusion,PKLot,camera8,camera1,0.508,128
SumFusion,PKLot,camera8,camera1,0.506,256
SumFusion,PKLot,camera8,camera1,0.508,512
SumFusion,PKLot,camera8,camera1,0.507,1024
SumFusion,PKLot,camera8,camera2,0.531,64
SumFusion,PKLot,camera8,camera2,0.534,128
SumFusion,PKLot,camera8,camera2,0.527,256
SumFusion,PKLot,camera8,camera2,0.523,512
SumFusion,PKLot,camera8,camera2,0.515,1024
SumFusion,PKLot,camera8,camera3,0.501,64
SumFusion,PKLot,camera8,camera3,0.5,128
SumFusion,PKLot,camera8,camera3,0.499,256
SumFusion,PKLot,camera8,camera3,0.499,512
SumFusion,PKLot,camera8,camera3,0.499,1024
SumFusion,PKLot,camera8,camera4,0.506,64
SumFusion,PKLot,camera8,camera4,0.501,128
SumFusion,PKLot,camera8,camera4,0.503,256
SumFusion,PKLot,camera8,camera4,0.503,512
SumFusion,PKLot,camera8,camera4,0.5,1024
SumFusion,PKLot,camera8,camera5,0.499,64
SumFusion,PKLot,camera8,camera5,0.499,128
SumFusion,PKLot,camera8,camera5,0.5,256
SumFusion,PKLot,camera8,camera5,0.504,512
SumFusion,PKLot,camera8,camera5,0.501,1024
SumFusion,PKLot,camera8,camera6,0.506,64
SumFusion,PKLot,camera8,camera6,0.505,128
SumFusion,PKLot,camera8,camera6,0.506,256
SumFusion,PKLot,camera8,camera6,0.504,512
SumFusion,PKLot,camera8,camera6,0.504,1024
SumFusion,PKLot,camera8,camera7,0.488,64
SumFusion,PKLot,camera8,camera7,0.493,128
SumFusion,PKLot,camera8,camera7,0.491,256
SumFusion,PKLot,camera8,camera7,0.491,512
SumFusion,PKLot,camera8,camera7,0.491,1024
SumFusion,PKLot,camera8,camera8,0.943,64
SumFusion,PKLot,camera8,camera8,0.958,128
SumFusion,PKLot,camera8,camera8,0.967,256
SumFusion,PKLot,camera8,camera8,0.965,512
SumFusion,PKLot,camera8,camera8,0.97,1024
SumFusion,PKLot,camera8,camera9,0.495,64
SumFusion,PKLot,camera8,camera9,0.492,128
SumFusion,PKLot,camera8,camera9,0.493,256
SumFusion,PKLot,camera8,camera9,0.492,512
SumFusion,PKLot,camera8,camera9,0.493,1024
SumFusion,PKLot,camera9,camera1,0.509,64
SumFusion,PKLot,camera9,camera1,0.507,128
SumFusion,PKLot,camera9,camera1,0.502,256
SumFusion,PKLot,camera9,camera1,0.502,512
SumFusion,PKLot,camera9,camera1,0.499,1024
SumFusion,PKLot,camera9,camera2,0.517,64
SumFusion,PKLot,camera9,camera2,0.51,128
SumFusion,PKLot,camera9,camera2,0.51,256
SumFusion,PKLot,camera9,camera2,0.506,512
SumFusion,PKLot,camera9,camera2,0.505,1024
SumFusion,PKLot,camera9,camera3,0.5,64
SumFusion,PKLot,camera9,camera3,0.502,128
SumFusion,PKLot,camera9,camera3,0.5,256
SumFusion,PKLot,camera9,camera3,0.5,512
SumFusion,PKLot,camera9,camera3,0.498,1024
SumFusion,PKLot,camera9,camera4,0.504,64
SumFusion,PKLot,camera9,camera4,0.505,128
SumFusion,PKLot,camera9,camera4,0.503,256
SumFusion,PKLot,camera9,camera4,0.502,512
SumFusion,PKLot,camera9,camera4,0.503,1024
SumFusion,PKLot,camera9,camera5,0.5,64
SumFusion,PKLot,camera9,camera5,0.5,128
SumFusion,PKLot,camera9,camera5,0.5,256
SumFusion,PKLot,camera9,camera5,0.5,512
SumFusion,PKLot,camera9,camera5,0.499,1024
SumFusion,PKLot,camera9,camera6,0.505,64
SumFusion,PKLot,camera9,camera6,0.507,128
SumFusion,PKLot,camera9,camera6,0.506,256
SumFusion,PKLot,camera9,camera6,0.506,512
SumFusion,PKLot,camera9,camera6,0.506,1024
SumFusion,PKLot,camera9,camera7,0.488,64
SumFusion,PKLot,camera9,camera7,0.489,128
SumFusion,PKLot,camera9,camera7,0.491,256
SumFusion,PKLot,camera9,camera7,0.491,512
SumFusion,PKLot,camera9,camera7,0.492,1024
SumFusion,PKLot,camera9,camera8,0.497,64
SumFusion,PKLot,camera9,camera8,0.499,128
SumFusion,PKLot,camera9,camera8,0.496,256
SumFusion,PKLot,camera9,camera8,0.497,512
SumFusion,PKLot,camera9,camera8,0.497,1024
SumFusion,PKLot,camera9,camera9,0.931,64
SumFusion,PKLot,camera9,camera9,0.925,128
SumFusion,PKLot,camera9,camera9,0.938,256
SumFusion,PKLot,camera9,camera9,0.949,512
SumFusion,PKLot,camera9,camera9,0.952,1024
MultFusion,PKLot,camera1,camera1,0.924,64
MultFusion,PKLot,camera1,camera1,0.937,128
MultFusion,PKLot,camera1,camera1,0.947,256
MultFusion,PKLot,camera1,camera1,0.945,512
MultFusion,PKLot,camera1,camera1,0.964,1024
MultFusion,PKLot,camera1,camera2,0.516,64
MultFusion,PKLot,camera1,camera2,0.514,128
MultFusion,PKLot,camera1,camera2,0.508,256
MultFusion,PKLot,camera1,camera2,0.517,512
MultFusion,PKLot,camera1,camera2,0.51,1024
MultFusion,PKLot,camera1,camera3,0.502,64
MultFusion,PKLot,camera1,camera3,0.502,128
MultFusion,PKLot,camera1,camera3,0.504,256
MultFusion,PKLot,camera1,camera3,0.502,512
MultFusion,PKLot,camera1,camera3,0.502,1024
MultFusion,PKLot,camera1,camera4,0.501,64
MultFusion,PKLot,camera1,camera4,0.5,128
MultFusion,PKLot,camera1,camera4,0.499,256
MultFusion,PKLot,camera1,camera4,0.501,512
MultFusion,PKLot,camera1,camera4,0.5,1024
MultFusion,PKLot,camera1,camera5,0.502,64
MultFusion,PKLot,camera1,camera5,0.5,128
MultFusion,PKLot,camera1,camera5,0.501,256
MultFusion,PKLot,camera1,camera5,0.501,512
MultFusion,PKLot,camera1,camera5,0.501,1024
MultFusion,PKLot,camera1,camera6,0.504,64
MultFusion,PKLot,camera1,camera6,0.507,128
MultFusion,PKLot,camera1,camera6,0.505,256
MultFusion,PKLot,camera1,camera6,0.508,512
MultFusion,PKLot,camera1,camera6,0.508,1024
MultFusion,PKLot,camera1,camera7,0.493,64
MultFusion,PKLot,camera1,camera7,0.497,128
MultFusion,PKLot,camera1,camera7,0.499,256
MultFusion,PKLot,camera1,camera7,0.499,512
MultFusion,PKLot,camera1,camera7,0.496,1024
MultFusion,PKLot,camera1,camera8,0.497,64
MultFusion,PKLot,camera1,camera8,0.498,128
MultFusion,PKLot,camera1,camera8,0.499,256
MultFusion,PKLot,camera1,camera8,0.497,512
MultFusion,PKLot,camera1,camera8,0.498,1024
MultFusion,PKLot,camera1,camera9,0.494,64
MultFusion,PKLot,camera1,camera9,0.489,128
MultFusion,PKLot,camera1,camera9,0.489,256
MultFusion,PKLot,camera1,camera9,0.492,512
MultFusion,PKLot,camera1,camera9,0.495,1024
MultFusion,PKLot,camera2,camera1,0.51,64
MultFusion,PKLot,camera2,camera1,0.508,128
MultFusion,PKLot,camera2,camera1,0.504,256
MultFusion,PKLot,camera2,camera1,0.503,512
MultFusion,PKLot,camera2,camera1,0.504,1024
MultFusion,PKLot,camera2,camera2,0.96,64
MultFusion,PKLot,camera2,camera2,0.972,128
MultFusion,PKLot,camera2,camera2,0.974,256
MultFusion,PKLot,camera2,camera2,0.983,512
MultFusion,PKLot,camera2,camera2,0.984,1024
MultFusion,PKLot,camera2,camera3,0.498,64
MultFusion,PKLot,camera2,camera3,0.5,128
MultFusion,PKLot,camera2,camera3,0.497,256
MultFusion,PKLot,camera2,camera3,0.5,512
MultFusion,PKLot,camera2,camera3,0.503,1024
MultFusion,PKLot,camera2,camera4,0.504,64
MultFusion,PKLot,camera2,camera4,0.501,128
MultFusion,PKLot,camera2,camera4,0.502,256
MultFusion,PKLot,camera2,camera4,0.503,512
MultFusion,PKLot,camera2,camera4,0.503,1024
MultFusion,PKLot,camera2,camera5,0.503,64
MultFusion,PKLot,camera2,camera5,0.505,128
MultFusion,PKLot,camera2,camera5,0.501,256
MultFusion,PKLot,camera2,camera5,0.503,512
MultFusion,PKLot,camera2,camera5,0.5,1024
MultFusion,PKLot,camera2,camera6,0.503,64
MultFusion,PKLot,camera2,camera6,0.506,128
MultFusion,PKLot,camera2,camera6,0.506,256
MultFusion,PKLot,camera2,camera6,0.507,512
MultFusion,PKLot,camera2,camera6,0.505,1024
MultFusion,PKLot,camera2,camera7,0.484,64
MultFusion,PKLot,camera2,camera7,0.491,128
MultFusion,PKLot,camera2,camera7,0.495,256
MultFusion,PKLot,camera2,camera7,0.494,512
MultFusion,PKLot,camera2,camera7,0.495,1024
MultFusion,PKLot,camera2,camera8,0.497,64
MultFusion,PKLot,camera2,camera8,0.497,128
MultFusion,PKLot,camera2,camera8,0.496,256
MultFusion,PKLot,camera2,camera8,0.496,512
MultFusion,PKLot,camera2,camera8,0.498,1024
MultFusion,PKLot,camera2,camera9,0.491,64
MultFusion,PKLot,camera2,camera9,0.488,128
MultFusion,PKLot,camera2,camera9,0.492,256
MultFusion,PKLot,camera2,camera9,0.492,512
MultFusion,PKLot,camera2,camera9,0.493,1024
MultFusion,PKLot,camera3,camera1,0.505,64
MultFusion,PKLot,camera3,camera1,0.502,128
MultFusion,PKLot,camera3,camera1,0.498,256
MultFusion,PKLot,camera3,camera1,0.499,512
MultFusion,PKLot,camera3,camera1,0.503,1024
MultFusion,PKLot,camera3,camera2,0.523,64
MultFusion,PKLot,camera3,camera2,0.505,128
MultFusion,PKLot,camera3,camera2,0.51,256
MultFusion,PKLot,camera3,camera2,0.509,512
MultFusion,PKLot,camera3,camera2,0.509,1024
MultFusion,PKLot,camera3,camera3,0.966,64
MultFusion,PKLot,camera3,camera3,0.965,128
MultFusion,PKLot,camera3,camera3,0.967,256
MultFusion,PKLot,camera3,camera3,0.975,512
MultFusion,PKLot,camera3,camera3,0.978,1024
MultFusion,PKLot,camera3,camera4,0.504,64
MultFusion,PKLot,camera3,camera4,0.501,128
MultFusion,PKLot,camera3,camera4,0.503,256
MultFusion,PKLot,camera3,camera4,0.502,512
MultFusion,PKLot,camera3,camera4,0.501,1024
MultFusion,PKLot,camera3,camera5,0.498,64
MultFusion,PKLot,camera3,camera5,0.498,128
MultFusion,PKLot,camera3,camera5,0.5,256
MultFusion,PKLot,camera3,camera5,0.503,512
MultFusion,PKLot,camera3,camera5,0.502,1024
MultFusion,PKLot,camera3,camera6,0.504,64
MultFusion,PKLot,camera3,camera6,0.505,128
MultFusion,PKLot,camera3,camera6,0.503,256
MultFusion,PKLot,camera3,camera6,0.504,512
MultFusion,PKLot,camera3,camera6,0.504,1024
MultFusion,PKLot,camera3,camera7,0.49,64
MultFusion,PKLot,camera3,camera7,0.49,128
MultFusion,PKLot,camera3,camera7,0.491,256
MultFusion,PKLot,camera3,camera7,0.493,512
MultFusion,PKLot,camera3,camera7,0.492,1024
MultFusion,PKLot,camera3,camera8,0.496,64
MultFusion,PKLot,camera3,camera8,0.497,128
MultFusion,PKLot,camera3,camera8,0.496,256
MultFusion,PKLot,camera3,camera8,0.495,512
MultFusion,PKLot,camera3,camera8,0.496,1024
MultFusion,PKLot,camera3,camera9,0.486,64
MultFusion,PKLot,camera3,camera9,0.492,128
MultFusion,PKLot,camera3,camera9,0.489,256
MultFusion,PKLot,camera3,camera9,0.49,512
MultFusion,PKLot,camera3,camera9,0.492,1024
MultFusion,PKLot,camera4,camera1,0.512,64
MultFusion,PKLot,camera4,camera1,0.508,128
MultFusion,PKLot,camera4,camera1,0.506,256
MultFusion,PKLot,camera4,camera1,0.505,512
MultFusion,PKLot,camera4,camera1,0.505,1024
MultFusion,PKLot,camera4,camera2,0.527,64
MultFusion,PKLot,camera4,camera2,0.517,128
MultFusion,PKLot,camera4,camera2,0.518,256
MultFusion,PKLot,camera4,camera2,0.52,512
MultFusion,PKLot,camera4,camera2,0.515,1024
MultFusion,PKLot,camera4,camera3,0.501,64
MultFusion,PKLot,camera4,camera3,0.499,128
MultFusion,PKLot,camera4,camera3,0.498,256
MultFusion,PKLot,camera4,camera3,0.497,512
MultFusion,PKLot,camera4,camera3,0.496,1024
MultFusion,PKLot,camera4,camera4,0.957,64
MultFusion,PKLot,camera4,camera4,0.944,128
MultFusion,PKLot,camera4,camera4,0.958,256
MultFusion,PKLot,camera4,camera4,0.957,512
MultFusion,PKLot,camera4,camera4,0.958,1024
MultFusion,PKLot,camera4,camera5,0.502,64
MultFusion,PKLot,camera4,camera5,0.501,128
MultFusion,PKLot,camera4,camera5,0.502,256
MultFusion,PKLot,camera4,camera5,0.502,512
MultFusion,PKLot,camera4,camera5,0.502,1024
MultFusion,PKLot,camera4,camera6,0.502,64
MultFusion,PKLot,camera4,camera6,0.506,128
MultFusion,PKLot,camera4,camera6,0.504,256
MultFusion,PKLot,camera4,camera6,0.504,512
MultFusion,PKLot,camera4,camera6,0.505,1024
MultFusion,PKLot,camera4,camera7,0.484,64
MultFusion,PKLot,camera4,camera7,0.485,128
MultFusion,PKLot,camera4,camera7,0.488,256
MultFusion,PKLot,camera4,camera7,0.489,512
MultFusion,PKLot,camera4,camera7,0.492,1024
MultFusion,PKLot,camera4,camera8,0.494,64
MultFusion,PKLot,camera4,camera8,0.494,128
MultFusion,PKLot,camera4,camera8,0.494,256
MultFusion,PKLot,camera4,camera8,0.495,512
MultFusion,PKLot,camera4,camera8,0.495,1024
MultFusion,PKLot,camera4,camera9,0.492,64
MultFusion,PKLot,camera4,camera9,0.491,128
MultFusion,PKLot,camera4,camera9,0.49,256
MultFusion,PKLot,camera4,camera9,0.49,512
MultFusion,PKLot,camera4,camera9,0.493,1024
MultFusion,PKLot,camera5,camera1,0.513,64
MultFusion,PKLot,camera5,camera1,0.502,128
MultFusion,PKLot,camera5,camera1,0.504,256
MultFusion,PKLot,camera5,camera1,0.502,512
MultFusion,PKLot,camera5,camera1,0.5,1024
MultFusion,PKLot,camera5,camera2,0.514,64
MultFusion,PKLot,camera5,camera2,0.511,128
MultFusion,PKLot,camera5,camera2,0.519,256
MultFusion,PKLot,camera5,camera2,0.517,512
MultFusion,PKLot,camera5,camera2,0.511,1024
MultFusion,PKLot,camera5,camera3,0.498,64
MultFusion,PKLot,camera5,camera3,0.498,128
MultFusion,PKLot,camera5,camera3,0.497,256
MultFusion,PKLot,camera5,camera3,0.498,512
MultFusion,PKLot,camera5,camera3,0.5,1024
MultFusion,PKLot,camera5,camera4,0.501,64
MultFusion,PKLot,camera5,camera4,0.503,128
MultFusion,PKLot,camera5,camera4,0.502,256
MultFusion,PKLot,camera5,camera4,0.501,512
MultFusion,PKLot,camera5,camera4,0.502,1024
MultFusion,PKLot,camera5,camera5,0.893,64
MultFusion,PKLot,camera5,camera5,0.906,128
MultFusion,PKLot,camera5,camera5,0.938,256
MultFusion,PKLot,camera5,camera5,0.948,512
MultFusion,PKLot,camera5,camera5,0.952,1024
MultFusion,PKLot,camera5,camera6,0.507,64
MultFusion,PKLot,camera5,camera6,0.507,128
MultFusion,PKLot,camera5,camera6,0.506,256
MultFusion,PKLot,camera5,camera6,0.505,512
MultFusion,PKLot,camera5,camera6,0.506,1024
MultFusion,PKLot,camera5,camera7,0.488,64
MultFusion,PKLot,camera5,camera7,0.494,128
MultFusion,PKLot,camera5,camera7,0.493,256
MultFusion,PKLot,camera5,camera7,0.494,512
MultFusion,PKLot,camera5,camera7,0.494,1024
MultFusion,PKLot,camera5,camera8,0.497,64
MultFusion,PKLot,camera5,camera8,0.496,128
MultFusion,PKLot,camera5,camera8,0.495,256
MultFusion,PKLot,camera5,camera8,0.497,512
MultFusion,PKLot,camera5,camera8,0.497,1024
MultFusion,PKLot,camera5,camera9,0.494,64
MultFusion,PKLot,camera5,camera9,0.49,128
MultFusion,PKLot,camera5,camera9,0.491,256
MultFusion,PKLot,camera5,camera9,0.492,512
MultFusion,PKLot,camera5,camera9,0.491,1024
MultFusion,PKLot,camera6,camera1,0.506,64
MultFusion,PKLot,camera6,camera1,0.506,128
MultFusion,PKLot,camera6,camera1,0.507,256
MultFusion,PKLot,camera6,camera1,0.507,512
MultFusion,PKLot,camera6,camera1,0.51,1024
MultFusion,PKLot,camera6,camera2,0.511,64
MultFusion,PKLot,camera6,camera2,0.51,128
MultFusion,PKLot,camera6,camera2,0.528,256
MultFusion,PKLot,camera6,camera2,0.526,512
MultFusion,PKLot,camera6,camera2,0.518,1024
MultFusion,PKLot,camera6,camera3,0.502,64
MultFusion,PKLot,camera6,camera3,0.5,128
MultFusion,PKLot,camera6,camera3,0.499,256
MultFusion,PKLot,camera6,camera3,0.496,512
MultFusion,PKLot,camera6,camera3,0.499,1024
MultFusion,PKLot,camera6,camera4,0.501,64
MultFusion,PKLot,camera6,camera4,0.503,128
MultFusion,PKLot,camera6,camera4,0.502,256
MultFusion,PKLot,camera6,camera4,0.505,512
MultFusion,PKLot,camera6,camera4,0.503,1024
MultFusion,PKLot,camera6,camera5,0.499,64
MultFusion,PKLot,camera6,camera5,0.501,128
MultFusion,PKLot,camera6,camera5,0.499,256
MultFusion,PKLot,camera6,camera5,0.499,512
MultFusion,PKLot,camera6,camera5,0.499,1024
MultFusion,PKLot,camera6,camera6,0.942,64
MultFusion,PKLot,camera6,camera6,0.942,128
MultFusion,PKLot,camera6,camera6,0.956,256
MultFusion,PKLot,camera6,camera6,0.95,512
MultFusion,PKLot,camera6,camera6,0.97,1024
MultFusion,PKLot,camera6,camera7,0.491,64
MultFusion,PKLot,camera6,camera7,0.492,128
MultFusion,PKLot,camera6,camera7,0.488,256
MultFusion,PKLot,camera6,camera7,0.489,512
MultFusion,PKLot,camera6,camera7,0.491,1024
MultFusion,PKLot,camera6,camera8,0.498,64
MultFusion,PKLot,camera6,camera8,0.496,128
MultFusion,PKLot,camera6,camera8,0.495,256
MultFusion,PKLot,camera6,camera8,0.495,512
MultFusion,PKLot,camera6,camera8,0.497,1024
MultFusion,PKLot,camera6,camera9,0.492,64
MultFusion,PKLot,camera6,camera9,0.489,128
MultFusion,PKLot,camera6,camera9,0.493,256
MultFusion,PKLot,camera6,camera9,0.493,512
MultFusion,PKLot,camera6,camera9,0.495,1024
MultFusion,PKLot,camera7,camera1,0.493,64
MultFusion,PKLot,camera7,camera1,0.496,128
MultFusion,PKLot,camera7,camera1,0.495,256
MultFusion,PKLot,camera7,camera1,0.498,512
MultFusion,PKLot,camera7,camera1,0.499,1024
MultFusion,PKLot,camera7,camera2,0.507,64
MultFusion,PKLot,camera7,camera2,0.51,128
MultFusion,PKLot,camera7,camera2,0.51,256
MultFusion,PKLot,camera7,camera2,0.514,512
MultFusion,PKLot,camera7,camera2,0.517,1024
MultFusion,PKLot,camera7,camera3,0.5,64
MultFusion,PKLot,camera7,camera3,0.501,128
MultFusion,PKLot,camera7,camera3,0.501,256
MultFusion,PKLot,camera7,camera3,0.503,512
MultFusion,PKLot,camera7,camera3,0.501,1024
MultFusion,PKLot,camera7,camera4,0.503,64
MultFusion,PKLot,camera7,camera4,0.501,128
MultFusion,PKLot,camera7,camera4,0.499,256
MultFusion,PKLot,camera7,camera4,0.5,512
MultFusion,PKLot,camera7,camera4,0.501,1024
MultFusion,PKLot,camera7,camera5,0.499,64
MultFusion,PKLot,camera7,camera5,0.499,128
MultFusion,PKLot,camera7,camera5,0.5,256
MultFusion,PKLot,camera7,camera5,0.499,512
MultFusion,PKLot,camera7,camera5,0.499,1024
MultFusion,PKLot,camera7,camera6,0.506,64
MultFusion,PKLot,camera7,camera6,0.505,128
MultFusion,PKLot,camera7,camera6,0.504,256
MultFusion,PKLot,camera7,camera6,0.506,512
MultFusion,PKLot,camera7,camera6,0.506,1024
MultFusion,PKLot,camera7,camera7,0.933,64
MultFusion,PKLot,camera7,camera7,0.933,128
MultFusion,PKLot,camera7,camera7,0.92,256
MultFusion,PKLot,camera7,camera7,0.929,512
MultFusion,PKLot,camera7,camera7,0.927,1024
MultFusion,PKLot,camera7,camera8,0.503,64
MultFusion,PKLot,camera7,camera8,0.501,128
MultFusion,PKLot,camera7,camera8,0.499,256
MultFusion,PKLot,camera7,camera8,0.499,512
MultFusion,PKLot,camera7,camera8,0.5,1024
MultFusion,PKLot,camera7,camera9,0.491,64
MultFusion,PKLot,camera7,camera9,0.487,128
MultFusion,PKLot,camera7,camera9,0.491,256
MultFusion,PKLot,camera7,camera9,0.491,512
MultFusion,PKLot,camera7,camera9,0.49,1024
MultFusion,PKLot,camera8,camera1,0.509,64
MultFusion,PKLot,camera8,camera1,0.509,128
MultFusion,PKLot,camera8,camera1,0.505,256
MultFusion,PKLot,camera8,camera1,0.509,512
MultFusion,PKLot,camera8,camera1,0.506,1024
MultFusion,PKLot,camera8,camera2,0.535,64
MultFusion,PKLot,camera8,camera2,0.534,128
MultFusion,PKLot,camera8,camera2,0.528,256
MultFusion,PKLot,camera8,camera2,0.523,512
MultFusion,PKLot,camera8,camera2,0.519,1024
MultFusion,PKLot,camera8,camera3,0.5,64
MultFusion,PKLot,camera8,camera3,0.499,128
MultFusion,PKLot,camera8,camera3,0.499,256
MultFusion,PKLot,camera8,camera3,0.501,512
MultFusion,PKLot,camera8,camera3,0.498,1024
MultFusion,PKLot,camera8,camera4,0.504,64
MultFusion,PKLot,camera8,camera4,0.501,128
MultFusion,PKLot,camera8,camera4,0.504,256
MultFusion,PKLot,camera8,camera4,0.502,512
MultFusion,PKLot,camera8,camera4,0.499,1024
MultFusion,PKLot,camera8,camera5,0.498,64
MultFusion,PKLot,camera8,camera5,0.498,128
MultFusion,PKLot,camera8,camera5,0.499,256
MultFusion,PKLot,camera8,camera5,0.502,512
MultFusion,PKLot,camera8,camera5,0.501,1024
MultFusion,PKLot,camera8,camera6,0.506,64
MultFusion,PKLot,camera8,camera6,0.505,128
MultFusion,PKLot,camera8,camera6,0.506,256
MultFusion,PKLot,camera8,camera6,0.504,512
MultFusion,PKLot,camera8,camera6,0.504,1024
MultFusion,PKLot,camera8,camera7,0.488,64
MultFusion,PKLot,camera8,camera7,0.493,128
MultFusion,PKLot,camera8,camera7,0.491,256
MultFusion,PKLot,camera8,camera7,0.492,512
MultFusion,PKLot,camera8,camera7,0.491,1024
MultFusion,PKLot,camera8,camera8,0.948,64
MultFusion,PKLot,camera8,camera8,0.959,128
MultFusion,PKLot,camera8,camera8,0.969,256
MultFusion,PKLot,camera8,camera8,0.966,512
MultFusion,PKLot,camera8,camera8,0.97,1024
MultFusion,PKLot,camera8,camera9,0.493,64
MultFusion,PKLot,camera8,camera9,0.491,128
MultFusion,PKLot,camera8,camera9,0.493,256
MultFusion,PKLot,camera8,camera9,0.492,512
MultFusion,PKLot,camera8,camera9,0.493,1024
MultFusion,PKLot,camera9,camera1,0.508,64
MultFusion,PKLot,camera9,camera1,0.506,128
MultFusion,PKLot,camera9,camera1,0.501,256
MultFusion,PKLot,camera9,camera1,0.502,512
MultFusion,PKLot,camera9,camera1,0.499,1024
MultFusion,PKLot,camera9,camera2,0.514,64
MultFusion,PKLot,camera9,camera2,0.509,128
MultFusion,PKLot,camera9,camera2,0.508,256
MultFusion,PKLot,camera9,camera2,0.509,512
MultFusion,PKLot,camera9,camera2,0.508,1024
MultFusion,PKLot,camera9,camera3,0.5,64
MultFusion,PKLot,camera9,camera3,0.501,128
MultFusion,PKLot,camera9,camera3,0.499,256
MultFusion,PKLot,camera9,camera3,0.5,512
MultFusion,PKLot,camera9,camera3,0.5,1024
MultFusion,PKLot,camera9,camera4,0.505,64
MultFusion,PKLot,camera9,camera4,0.505,128
MultFusion,PKLot,camera9,camera4,0.503,256
MultFusion,PKLot,camera9,camera4,0.502,512
MultFusion,PKLot,camera9,camera4,0.503,1024
MultFusion,PKLot,camera9,camera5,0.499,64
MultFusion,PKLot,camera9,camera5,0.499,128
MultFusion,PKLot,camera9,camera5,0.501,256
MultFusion,PKLot,camera9,camera5,0.499,512
MultFusion,PKLot,camera9,camera5,0.5,1024
MultFusion,PKLot,camera9,camera6,0.506,64
MultFusion,PKLot,camera9,camera6,0.506,128
MultFusion,PKLot,camera9,camera6,0.506,256
MultFusion,PKLot,camera9,camera6,0.506,512
MultFusion,PKLot,camera9,camera6,0.507,1024
MultFusion,PKLot,camera9,camera7,0.489,64
MultFusion,PKLot,camera9,camera7,0.491,128
MultFusion,PKLot,camera9,camera7,0.492,256
MultFusion,PKLot,camera9,camera7,0.492,512
MultFusion,PKLot,camera9,camera7,0.492,1024
MultFusion,PKLot,camera9,camera8,0.496,64
MultFusion,PKLot,camera9,camera8,0.498,128
MultFusion,PKLot,camera9,camera8,0.496,256
MultFusion,PKLot,camera9,camera8,0.498,512
MultFusion,PKLot,camera9,camera8,0.497,1024
MultFusion,PKLot,camera9,camera9,0.934,64
MultFusion,PKLot,camera9,camera9,0.927,128
MultFusion,PKLot,camera9,camera9,0.941,256
MultFusion,PKLot,camera9,camera9,0.949,512
MultFusion,PKLot,camera9,camera9,0.953,1024
VoteFusion,PKLot,camera1,camera1,0.924,64
VoteFusion,PKLot,camera1,camera1,0.941,128
VoteFusion,PKLot,camera1,camera1,0.951,256
VoteFusion,PKLot,camera1,camera1,0.952,512
VoteFusion,PKLot,camera1,camera1,0.969,1024
VoteFusion,PKLot,camera1,camera2,0.514,64
VoteFusion,PKLot,camera1,camera2,0.518,128
VoteFusion,PKLot,camera1,camera2,0.508,256
VoteFusion,PKLot,camera1,camera2,0.518,512
VoteFusion,PKLot,camera1,camera2,0.509,1024
VoteFusion,PKLot,camera1,camera3,0.503,64
VoteFusion,PKLot,camera1,camera3,0.501,128
VoteFusion,PKLot,camera1,camera3,0.504,256
VoteFusion,PKLot,camera1,camera3,0.5,512
VoteFusion,PKLot,camera1,camera3,0.5,1024
VoteFusion,PKLot,camera1,camera4,0.501,64
VoteFusion,PKLot,camera1,camera4,0.501,128
VoteFusion,PKLot,camera1,camera4,0.5,256
VoteFusion,PKLot,camera1,camera4,0.501,512
VoteFusion,PKLot,camera1,camera4,0.499,1024
VoteFusion,PKLot,camera1,camera5,0.502,64
VoteFusion,PKLot,camera1,camera5,0.499,128
VoteFusion,PKLot,camera1,camera5,0.5,256
VoteFusion,PKLot,camera1,camera5,0.499,512
VoteFusion,PKLot,camera1,camera5,0.501,1024
VoteFusion,PKLot,camera1,camera6,0.505,64
VoteFusion,PKLot,camera1,camera6,0.507,128
VoteFusion,PKLot,camera1,camera6,0.506,256
VoteFusion,PKLot,camera1,camera6,0.508,512
VoteFusion,PKLot,camera1,camera6,0.506,1024
VoteFusion,PKLot,camera1,camera7,0.492,64
VoteFusion,PKLot,camera1,camera7,0.498,128
VoteFusion,PKLot,camera1,camera7,0.498,256
VoteFusion,PKLot,camera1,camera7,0.498,512
VoteFusion,PKLot,camera1,camera7,0.495,1024
VoteFusion,PKLot,camera1,camera8,0.497,64
VoteFusion,PKLot,camera1,camera8,0.498,128
VoteFusion,PKLot,camera1,camera8,0.498,256
VoteFusion,PKLot,camera1,camera8,0.497,512
VoteFusion,PKLot,camera1,camera8,0.498,1024
VoteFusion,PKLot,camera1,camera9,0.492,64
VoteFusion,PKLot,camera1,camera9,0.492,128
VoteFusion,PKLot,camera1,camera9,0.491,256
VoteFusion,PKLot,camera1,camera9,0.492,512
VoteFusion,PKLot,camera1,camera9,0.494,1024
VoteFusion,PKLot,camera2,camera1,0.512,64
VoteFusion,PKLot,camera2,camera1,0.509,128
VoteFusion,PKLot,camera2,camera1,0.504,256
VoteFusion,PKLot,camera2,camera1,0.506,512
VoteFusion,PKLot,camera2,camera1,0.504,1024
VoteFusion,PKLot,camera2,camera2,0.961,64
VoteFusion,PKLot,camera2,camera2,0.975,128
VoteFusion,PKLot,camera2,camera2,0.975,256
VoteFusion,PKLot,camera2,camera2,0.983,512
VoteFusion,PKLot,camera2,camera2,0.988,1024
VoteFusion,PKLot,camera2,camera3,0.501,64
VoteFusion,PKLot,camera2,camera3,0.501,128
VoteFusion,PKLot,camera2,camera3,0.501,256
VoteFusion,PKLot,camera2,camera3,0.5,512
VoteFusion,PKLot,camera2,camera3,0.5,1024
VoteFusion,PKLot,camera2,camera4,0.503,64
VoteFusion,PKLot,camera2,camera4,0.505,128
VoteFusion,PKLot,camera2,camera4,0.502,256
VoteFusion,PKLot,camera2,camera4,0.503,512
VoteFusion,PKLot,camera2,camera4,0.504,1024
VoteFusion,PKLot,camera2,camera5,0.501,64
VoteFusion,PKLot,camera2,camera5,0.503,128
VoteFusion,PKLot,camera2,camera5,0.503,256
VoteFusion,PKLot,camera2,camera5,0.502,512
VoteFusion,PKLot,camera2,camera5,0.501,1024
VoteFusion,PKLot,camera2,camera6,0.501,64
VoteFusion,PKLot,camera2,camera6,0.503,128
VoteFusion,PKLot,camera2,camera6,0.507,256
VoteFusion,PKLot,camera2,camera6,0.505,512
VoteFusion,PKLot,camera2,camera6,0.505,1024
VoteFusion,PKLot,camera2,camera7,0.488,64
VoteFusion,PKLot,camera2,camera7,0.488,128
VoteFusion,PKLot,camera2,camera7,0.492,256
VoteFusion,PKLot,camera2,camera7,0.493,512
VoteFusion,PKLot,camera2,camera7,0.494,1024
VoteFusion,PKLot,camera2,camera8,0.497,64
VoteFusion,PKLot,camera2,camera8,0.494,128
VoteFusion,PKLot,camera2,camera8,0.494,256
VoteFusion,PKLot,camera2,camera8,0.496,512
VoteFusion,PKLot,camera2,camera8,0.497,1024
VoteFusion,PKLot,camera2,camera9,0.49,64
VoteFusion,PKLot,camera2,camera9,0.491,128
VoteFusion,PKLot,camera2,camera9,0.491,256
VoteFusion,PKLot,camera2,camera9,0.494,512
VoteFusion,PKLot,camera2,camera9,0.492,1024
VoteFusion,PKLot,camera3,camera1,0.509,64
VoteFusion,PKLot,camera3,camera1,0.507,128
VoteFusion,PKLot,camera3,camera1,0.5,256
VoteFusion,PKLot,camera3,camera1,0.501,512
VoteFusion,PKLot,camera3,camera1,0.504,1024
VoteFusion,PKLot,camera3,camera2,0.516,64
VoteFusion,PKLot,camera3,camera2,0.511,128
VoteFusion,PKLot,camera3,camera2,0.512,256
VoteFusion,PKLot,camera3,camera2,0.512,512
VoteFusion,PKLot,camera3,camera2,0.509,1024
VoteFusion,PKLot,camera3,camera3,0.968,64
VoteFusion,PKLot,camera3,camera3,0.969,128
VoteFusion,PKLot,camera3,camera3,0.966,256
VoteFusion,PKLot,camera3,camera3,0.977,512
VoteFusion,PKLot,camera3,camera3,0.981,1024
VoteFusion,PKLot,camera3,camera4,0.506,64
VoteFusion,PKLot,camera3,camera4,0.503,128
VoteFusion,PKLot,camera3,camera4,0.503,256
VoteFusion,PKLot,camera3,camera4,0.504,512
VoteFusion,PKLot,camera3,camera4,0.503,1024
VoteFusion,PKLot,camera3,camera5,0.5,64
VoteFusion,PKLot,camera3,camera5,0.498,128
VoteFusion,PKLot,camera3,camera5,0.501,256
VoteFusion,PKLot,camera3,camera5,0.504,512
VoteFusion,PKLot,camera3,camera5,0.505,1024
VoteFusion,PKLot,camera3,camera6,0.505,64
VoteFusion,PKLot,camera3,camera6,0.506,128
VoteFusion,PKLot,camera3,camera6,0.504,256
VoteFusion,PKLot,camera3,camera6,0.504,512
VoteFusion,PKLot,camera3,camera6,0.504,1024
VoteFusion,PKLot,camera3,camera7,0.49,64
VoteFusion,PKLot,camera3,camera7,0.491,128
VoteFusion,PKLot,camera3,camera7,0.49,256
VoteFusion,PKLot,camera3,camera7,0.492,512
VoteFusion,PKLot,camera3,camera7,0.493,1024
VoteFusion,PKLot,camera3,camera8,0.495,64
VoteFusion,PKLot,camera3,camera8,0.496,128
VoteFusion,PKLot,camera3,camera8,0.496,256
VoteFusion,PKLot,camera3,camera8,0.495,512
VoteFusion,PKLot,camera3,camera8,0.496,1024
VoteFusion,PKLot,camera3,camera9,0.487,64
VoteFusion,PKLot,camera3,camera9,0.487,128
VoteFusion,PKLot,camera3,camera9,0.49,256
VoteFusion,PKLot,camera3,camera9,0.491,512
VoteFusion,PKLot,camera3,camera9,0.491,1024
VoteFusion,PKLot,camera4,camera1,0.514,64
VoteFusion,PKLot,camera4,camera1,0.508,128
VoteFusion,PKLot,camera4,camera1,0.508,256
VoteFusion,PKLot,camera4,camera1,0.509,512
VoteFusion,PKLot,camera4,camera1,0.509,1024
VoteFusion,PKLot,camera4,camera2,0.523,64
VoteFusion,PKLot,camera4,camera2,0.52,128
VoteFusion,PKLot,camera4,camera2,0.519,256
VoteFusion,PKLot,camera4,camera2,0.519,512
VoteFusion,PKLot,camera4,camera2,0.512,1024
VoteFusion,PKLot,camera4,camera3,0.5,64
VoteFusion,PKLot,camera4,camera3,0.496,128
VoteFusion,PKLot,camera4,camera3,0.497,256
VoteFusion,PKLot,camera4,camera3,0.501,512
VoteFusion,PKLot,camera4,camera3,0.496,1024
VoteFusion,PKLot,camera4,camera4,0.956,64
VoteFusion,PKLot,camera4,camera4,0.946,128
VoteFusion,PKLot,camera4,camera4,0.957,256
VoteFusion,PKLot,camera4,camera4,0.961,512
VoteFusion,PKLot,camera4,camera4,0.959,1024
VoteFusion,PKLot,camera4,camera5,0.502,64
VoteFusion,PKLot,camera4,camera5,0.503,128
VoteFusion,PKLot,camera4,camera5,0.502,256
VoteFusion,PKLot,camera4,camera5,0.505,512
VoteFusion,PKLot,camera4,camera5,0.501,1024
VoteFusion,PKLot,camera4,camera6,0.5,64
VoteFusion,PKLot,camera4,camera6,0.504,128
VoteFusion,PKLot,camera4,camera6,0.504,256
VoteFusion,PKLot,camera4,camera6,0.503,512
VoteFusion,PKLot,camera4,camera6,0.505,1024
VoteFusion,PKLot,camera4,camera7,0.483,64
VoteFusion,PKLot,camera4,camera7,0.484,128
VoteFusion,PKLot,camera4,camera7,0.487,256
VoteFusion,PKLot,camera4,camera7,0.486,512
VoteFusion,PKLot,camera4,camera7,0.491,1024
VoteFusion,PKLot,camera4,camera8,0.495,64
VoteFusion,PKLot,camera4,camera8,0.495,128
VoteFusion,PKLot,camera4,camera8,0.494,256
VoteFusion,PKLot,camera4,camera8,0.494,512
VoteFusion,PKLot,camera4,camera8,0.495,1024
VoteFusion,PKLot,camera4,camera9,0.493,64
VoteFusion,PKLot,camera4,camera9,0.491,128
VoteFusion,PKLot,camera4,camera9,0.49,256
VoteFusion,PKLot,camera4,camera9,0.487,512
VoteFusion,PKLot,camera4,camera9,0.491,1024
VoteFusion,PKLot,camera5,camera1,0.512,64
VoteFusion,PKLot,camera5,camera1,0.509,128
VoteFusion,PKLot,camera5,camera1,0.503,256
VoteFusion,PKLot,camera5,camera1,0.503,512
VoteFusion,PKLot,camera5,camera1,0.502,1024
VoteFusion,PKLot,camera5,camera2,0.514,64
VoteFusion,PKLot,camera5,camera2,0.508,128
VoteFusion,PKLot,camera5,camera2,0.512,256
VoteFusion,PKLot,camera5,camera2,0.516,512
VoteFusion,PKLot,camera5,camera2,0.511,1024
VoteFusion,PKLot,camera5,camera3,0.497,64
VoteFusion,PKLot,camera5,camera3,0.5,128
VoteFusion,PKLot,camera5,camera3,0.498,256
VoteFusion,PKLot,camera5,camera3,0.496,512
VoteFusion,PKLot,camera5,camera3,0.499,1024
VoteFusion,PKLot,camera5,camera4,0.502,64
VoteFusion,PKLot,camera5,camera4,0.504,128
VoteFusion,PKLot,camera5,camera4,0.503,256
VoteFusion,PKLot,camera5,camera4,0.502,512
VoteFusion,PKLot,camera5,camera4,0.501,1024
VoteFusion,PKLot,camera5,camera5,0.892,64
VoteFusion,PKLot,camera5,camera5,0.908,128
VoteFusion,PKLot,camera5,camera5,0.938,256
VoteFusion,PKLot,camera5,camera5,0.947,512
VoteFusion,PKLot,camera5,camera5,0.957,1024
VoteFusion,PKLot,camera5,camera6,0.503,64
VoteFusion,PKLot,camera5,camera6,0.506,128
VoteFusion,PKLot,camera5,camera6,0.506,256
VoteFusion,PKLot,camera5,camera6,0.506,512
VoteFusion,PKLot,camera5,camera6,0.505,1024
VoteFusion,PKLot,camera5,camera7,0.488,64
VoteFusion,PKLot,camera5,camera7,0.492,128
VoteFusion,PKLot,camera5,camera7,0.493,256
VoteFusion,PKLot,camera5,camera7,0.495,512
VoteFusion,PKLot,camera5,camera7,0.495,1024
VoteFusion,PKLot,camera5,camera8,0.497,64
VoteFusion,PKLot,camera5,camera8,0.496,128
VoteFusion,PKLot,camera5,camera8,0.496,256
VoteFusion,PKLot,camera5,camera8,0.497,512
VoteFusion,PKLot,camera5,camera8,0.497,1024
VoteFusion,PKLot,camera5,camera9,0.496,64
VoteFusion,PKLot,camera5,camera9,0.491,128
VoteFusion,PKLot,camera5,camera9,0.49,256
VoteFusion,PKLot,camera5,camera9,0.489,512
VoteFusion,PKLot,camera5,camera9,0.49,1024
VoteFusion,PKLot,camera6,camera1,0.509,64
VoteFusion,PKLot,camera6,camera1,0.515,128
VoteFusion,PKLot,camera6,camera1,0.506,256
VoteFusion,PKLot,camera6,camera1,0.506,512
VoteFusion,PKLot,camera6,camera1,0.511,1024
VoteFusion,PKLot,camera6,camera2,0.512,64
VoteFusion,PKLot,camera6,camera2,0.508,128
VoteFusion,PKLot,camera6,camera2,0.525,256
VoteFusion,PKLot,camera6,camera2,0.522,512
VoteFusion,PKLot,camera6,camera2,0.515,1024
VoteFusion,PKLot,camera6,camera3,0.503,64
VoteFusion,PKLot,camera6,camera3,0.5,128
VoteFusion,PKLot,camera6,camera3,0.5,256
VoteFusion,PKLot,camera6,camera3,0.501,512
VoteFusion,PKLot,camera6,camera3,0.498,1024
VoteFusion,PKLot,camera6,camera4,0.502,64
VoteFusion,PKLot,camera6,camera4,0.504,128
VoteFusion,PKLot,camera6,camera4,0.503,256
VoteFusion,PKLot,camera6,camera4,0.504,512
VoteFusion,PKLot,camera6,camera4,0.504,1024
VoteFusion,PKLot,camera6,camera5,0.5,64
VoteFusion,PKLot,camera6,camera5,0.501,128
VoteFusion,PKLot,camera6,camera5,0.497,256
VoteFusion,PKLot,camera6,camera5,0.5,512
VoteFusion,PKLot,camera6,camera5,0.499,1024
VoteFusion,PKLot,camera6,camera6,0.941,64
VoteFusion,PKLot,camera6,camera6,0.947,128
VoteFusion,PKLot,camera6,camera6,0.958,256
VoteFusion,PKLot,camera6,camera6,0.953,512
VoteFusion,PKLot,camera6,camera6,0.971,1024
VoteFusion,PKLot,camera6,camera7,0.491,64
VoteFusion,PKLot,camera6,camera7,0.49,128
VoteFusion,PKLot,camera6,camera7,0.487,256
VoteFusion,PKLot,camera6,camera7,0.486,512
VoteFusion,PKLot,camera6,camera7,0.49,1024
VoteFusion,PKLot,camera6,camera8,0.497,64
VoteFusion,PKLot,camera6,camera8,0.495,128
VoteFusion,PKLot,camera6,camera8,0.496,256
VoteFusion,PKLot,camera6,camera8,0.496,512
VoteFusion,PKLot,camera6,camera8,0.494,1024
VoteFusion,PKLot,camera6,camera9,0.492,64
VoteFusion,PKLot,camera6,camera9,0.492,128
VoteFusion,PKLot,camera6,camera9,0.494,256
VoteFusion,PKLot,camera6,camera9,0.494,512
VoteFusion,PKLot,camera6,camera9,0.494,1024
VoteFusion,PKLot,camera7,camera1,0.493,64
VoteFusion,PKLot,camera7,camera1,0.497,128
VoteFusion,PKLot,camera7,camera1,0.496,256
VoteFusion,PKLot,camera7,camera1,0.498,512
VoteFusion,PKLot,camera7,camera1,0.502,1024
VoteFusion,PKLot,camera7,camera2,0.505,64
VoteFusion,PKLot,camera7,camera2,0.503,128
VoteFusion,PKLot,camera7,camera2,0.511,256
VoteFusion,PKLot,camera7,camera2,0.514,512
VoteFusion,PKLot,camera7,camera2,0.515,1024
VoteFusion,PKLot,camera7,camera3,0.5,64
VoteFusion,PKLot,camera7,camera3,0.499,128
VoteFusion,PKLot,camera7,camera3,0.501,256
VoteFusion,PKLot,camera7,camera3,0.501,512
VoteFusion,PKLot,camera7,camera3,0.504,1024
VoteFusion,PKLot,camera7,camera4,0.501,64
VoteFusion,PKLot,camera7,camera4,0.5,128
VoteFusion,PKLot,camera7,camera4,0.5,256
VoteFusion,PKLot,camera7,camera4,0.501,512
VoteFusion,PKLot,camera7,camera4,0.502,1024
VoteFusion,PKLot,camera7,camera5,0.499,64
VoteFusion,PKLot,camera7,camera5,0.499,128
VoteFusion,PKLot,camera7,camera5,0.5,256
VoteFusion,PKLot,camera7,camera5,0.498,512
VoteFusion,PKLot,camera7,camera5,0.498,1024
VoteFusion,PKLot,camera7,camera6,0.505,64
VoteFusion,PKLot,camera7,camera6,0.506,128
VoteFusion,PKLot,camera7,camera6,0.504,256
VoteFusion,PKLot,camera7,camera6,0.505,512
VoteFusion,PKLot,camera7,camera6,0.506,1024
VoteFusion,PKLot,camera7,camera7,0.934,64
VoteFusion,PKLot,camera7,camera7,0.933,128
VoteFusion,PKLot,camera7,camera7,0.924,256
VoteFusion,PKLot,camera7,camera7,0.929,512
VoteFusion,PKLot,camera7,camera7,0.928,1024
VoteFusion,PKLot,camera7,camera8,0.503,64
VoteFusion,PKLot,camera7,camera8,0.501,128
VoteFusion,PKLot,camera7,camera8,0.499,256
VoteFusion,PKLot,camera7,camera8,0.498,512
VoteFusion,PKLot,camera7,camera8,0.499,1024
VoteFusion,PKLot,camera7,camera9,0.487,64
VoteFusion,PKLot,camera7,camera9,0.489,128
VoteFusion,PKLot,camera7,camera9,0.491,256
VoteFusion,PKLot,camera7,camera9,0.49,512
VoteFusion,PKLot,camera7,camera9,0.492,1024
VoteFusion,PKLot,camera8,camera1,0.513,64
VoteFusion,PKLot,camera8,camera1,0.509,128
VoteFusion,PKLot,camera8,camera1,0.504,256
VoteFusion,PKLot,camera8,camera1,0.51,512
VoteFusion,PKLot,camera8,camera1,0.51,1024
VoteFusion,PKLot,camera8,camera2,0.529,64
VoteFusion,PKLot,camera8,camera2,0.528,128
VoteFusion,PKLot,camera8,camera2,0.527,256
VoteFusion,PKLot,camera8,camera2,0.517,512
VoteFusion,PKLot,camera8,camera2,0.51,1024
VoteFusion,PKLot,camera8,camera3,0.502,64
VoteFusion,PKLot,camera8,camera3,0.501,128
VoteFusion,PKLot,camera8,camera3,0.5,256
VoteFusion,PKLot,camera8,camera3,0.5,512
VoteFusion,PKLot,camera8,camera3,0.498,1024
VoteFusion,PKLot,camera8,camera4,0.505,64
VoteFusion,PKLot,camera8,camera4,0.504,128
VoteFusion,PKLot,camera8,camera4,0.504,256
VoteFusion,PKLot,camera8,camera4,0.505,512
VoteFusion,PKLot,camera8,camera4,0.5,1024
VoteFusion,PKLot,camera8,camera5,0.498,64
VoteFusion,PKLot,camera8,camera5,0.5,128
VoteFusion,PKLot,camera8,camera5,0.501,256
VoteFusion,PKLot,camera8,camera5,0.504,512
VoteFusion,PKLot,camera8,camera5,0.502,1024
VoteFusion,PKLot,camera8,camera6,0.507,64
VoteFusion,PKLot,camera8,camera6,0.506,128
VoteFusion,PKLot,camera8,camera6,0.506,256
VoteFusion,PKLot,camera8,camera6,0.504,512
VoteFusion,PKLot,camera8,camera6,0.504,1024
VoteFusion,PKLot,camera8,camera7,0.488,64
VoteFusion,PKLot,camera8,camera7,0.492,128
VoteFusion,PKLot,camera8,camera7,0.49,256
VoteFusion,PKLot,camera8,camera7,0.49,512
VoteFusion,PKLot,camera8,camera7,0.49,1024
VoteFusion,PKLot,camera8,camera8,0.943,64
VoteFusion,PKLot,camera8,camera8,0.961,128
VoteFusion,PKLot,camera8,camera8,0.969,256
VoteFusion,PKLot,camera8,camera8,0.967,512
VoteFusion,PKLot,camera8,camera8,0.971,1024
VoteFusion,PKLot,camera8,camera9,0.498,64
VoteFusion,PKLot,camera8,camera9,0.492,128
VoteFusion,PKLot,camera8,camera9,0.493,256
VoteFusion,PKLot,camera8,camera9,0.491,512
VoteFusion,PKLot,camera8,camera9,0.491,1024
VoteFusion,PKLot,camera9,camera1,0.508,64
VoteFusion,PKLot,camera9,camera1,0.507,128
VoteFusion,PKLot,camera9,camera1,0.5,256
VoteFusion,PKLot,camera9,camera1,0.501,512
VoteFusion,PKLot,camera9,camera1,0.5,1024
VoteFusion,PKLot,camera9,camera2,0.516,64
VoteFusion,PKLot,camera9,camera2,0.511,128
VoteFusion,PKLot,camera9,camera2,0.511,256
VoteFusion,PKLot,camera9,camera2,0.514,512
VoteFusion,PKLot,camera9,camera2,0.503,1024
VoteFusion,PKLot,camera9,camera3,0.499,64
VoteFusion,PKLot,camera9,camera3,0.502,128
VoteFusion,PKLot,camera9,camera3,0.501,256
VoteFusion,PKLot,camera9,camera3,0.499,512
VoteFusion,PKLot,camera9,camera3,0.499,1024
VoteFusion,PKLot,camera9,camera4,0.506,64
VoteFusion,PKLot,camera9,camera4,0.504,128
VoteFusion,PKLot,camera9,camera4,0.503,256
VoteFusion,PKLot,camera9,camera4,0.503,512
VoteFusion,PKLot,camera9,camera4,0.502,1024
VoteFusion,PKLot,camera9,camera5,0.502,64
VoteFusion,PKLot,camera9,camera5,0.501,128
VoteFusion,PKLot,camera9,camera5,0.501,256
VoteFusion,PKLot,camera9,camera5,0.5,512
VoteFusion,PKLot,camera9,camera5,0.501,1024
VoteFusion,PKLot,camera9,camera6,0.504,64
VoteFusion,PKLot,camera9,camera6,0.505,128
VoteFusion,PKLot,camera9,camera6,0.506,256
VoteFusion,PKLot,camera9,camera6,0.506,512
VoteFusion,PKLot,camera9,camera6,0.506,1024
VoteFusion,PKLot,camera9,camera7,0.489,64
VoteFusion,PKLot,camera9,camera7,0.488,128
VoteFusion,PKLot,camera9,camera7,0.49,256
VoteFusion,PKLot,camera9,camera7,0.492,512
VoteFusion,PKLot,camera9,camera7,0.492,1024
VoteFusion,PKLot,camera9,camera8,0.498,64
VoteFusion,PKLot,camera9,camera8,0.498,128
VoteFusion,PKLot,camera9,camera8,0.496,256
VoteFusion,PKLot,camera9,camera8,0.497,512
VoteFusion,PKLot,camera9,camera8,0.496,1024
VoteFusion,PKLot,camera9,camera9,0.937,64
VoteFusion,PKLot,camera9,camera9,0.928,128
VoteFusion,PKLot,camera9,camera9,0.938,256
VoteFusion,PKLot,camera9,camera9,0.95,512
VoteFusion,PKLot,camera9,camera9,0.954,1024
SumFusion,Kyoto,PUC,PUC,0.502,64
SumFusion,Kyoto,PUC,PUC,0.502,128
SumFusion,Kyoto,PUC,PUC,0.502,256
SumFusion,Kyoto,PUC,PUC,0.501,512
SumFusion,Kyoto,PUC,PUC,0.502,1024
SumFusion,Kyoto,PUC,UFPR04,0.505,64
SumFusion,Kyoto,PUC,UFPR04,0.507,128
SumFusion,Kyoto,PUC,UFPR04,0.505,256
SumFusion,Kyoto,PUC,UFPR04,0.501,512
SumFusion,Kyoto,PUC,UFPR04,0.503,1024
SumFusion,Kyoto,PUC,UFPR05,0.511,64
SumFusion,Kyoto,PUC,UFPR05,0.515,128
SumFusion,Kyoto,PUC,UFPR05,0.522,256
SumFusion,Kyoto,PUC,UFPR05,0.525,512
SumFusion,Kyoto,PUC,UFPR05,0.528,1024
SumFusion,Kyoto,PUC,camera1,0.511,64
SumFusion,Kyoto,PUC,camera1,0.507,128
SumFusion,Kyoto,PUC,camera1,0.509,256
SumFusion,Kyoto,PUC,camera1,0.508,512
SumFusion,Kyoto,PUC,camera1,0.509,1024
SumFusion,Kyoto,PUC,camera2,0.492,64
SumFusion,Kyoto,PUC,camera2,0.482,128
SumFusion,Kyoto,PUC,camera2,0.484,256
SumFusion,Kyoto,PUC,camera2,0.486,512
SumFusion,Kyoto,PUC,camera2,0.492,1024
SumFusion,Kyoto,PUC,camera3,0.497,64
SumFusion,Kyoto,PUC,camera3,0.496,128
SumFusion,Kyoto,PUC,camera3,0.497,256
SumFusion,Kyoto,PUC,camera3,0.496,512
SumFusion,Kyoto,PUC,camera3,0.498,1024
SumFusion,Kyoto,PUC,camera4,0.499,64
SumFusion,Kyoto,PUC,camera4,0.498,128
SumFusion,Kyoto,PUC,camera4,0.499,256
SumFusion,Kyoto,PUC,camera4,0.499,512
SumFusion,Kyoto,PUC,camera4,0.501,1024
SumFusion,Kyoto,PUC,camera5,0.502,64
SumFusion,Kyoto,PUC,camera5,0.503,128
SumFusion,Kyoto,PUC,camera5,0.502,256
SumFusion,Kyoto,PUC,camera5,0.504,512
SumFusion,Kyoto,PUC,camera5,0.503,1024
SumFusion,Kyoto,PUC,camera6,0.49,64
SumFusion,Kyoto,PUC,camera6,0.493,128
SumFusion,Kyoto,PUC,camera6,0.493,256
SumFusion,Kyoto,PUC,camera6,0.493,512
SumFusion,Kyoto,PUC,camera6,0.493,1024
SumFusion,Kyoto,PUC,camera7,0.504,64
SumFusion,Kyoto,PUC,camera7,0.505,128
SumFusion,Kyoto,PUC,camera7,0.508,256
SumFusion,Kyoto,PUC,camera7,0.506,512
SumFusion,Kyoto,PUC,camera7,0.505,1024
SumFusion,Kyoto,PUC,camera8,0.497,64
SumFusion,Kyoto,PUC,camera8,0.5,128
SumFusion,Kyoto,PUC,camera8,0.501,256
SumFusion,Kyoto,PUC,camera8,0.5,512
SumFusion,Kyoto,PUC,camera8,0.501,1024
SumFusion,Kyoto,PUC,camera9,0.508,64
SumFusion,Kyoto,PUC,camera9,0.509,128
SumFusion,Kyoto,PUC,camera9,0.513,256
SumFusion,Kyoto,PUC,camera9,0.514,512
SumFusion,Kyoto,PUC,camera9,0.512,1024
SumFusion,Kyoto,UFPR04,PUC,0.501,64
SumFusion,Kyoto,UFPR04,PUC,0.501,128
SumFusion,Kyoto,UFPR04,PUC,0.501,256
SumFusion,Kyoto,UFPR04,PUC,0.501,512
SumFusion,Kyoto,UFPR04,PUC,0.501,1024
SumFusion,Kyoto,UFPR04,UFPR04,0.506,64
SumFusion,Kyoto,UFPR04,UFPR04,0.506,128
SumFusion,Kyoto,UFPR04,UFPR04,0.507,256
SumFusion,Kyoto,UFPR04,UFPR04,0.505,512
SumFusion,Kyoto,UFPR04,UFPR04,0.505,1024
SumFusion,Kyoto,UFPR04,UFPR05,0.559,64
SumFusion,Kyoto,UFPR04,UFPR05,0.557,128
SumFusion,Kyoto,UFPR04,UFPR05,0.535,256
SumFusion,Kyoto,UFPR04,UFPR05,0.53,512
SumFusion,Kyoto,UFPR04,UFPR05,0.527,1024
SumFusion,Kyoto,UFPR04,camera1,0.524,64
SumFusion,Kyoto,UFPR04,camera1,0.516,128
SumFusion,Kyoto,UFPR04,camera1,0.504,256
SumFusion,Kyoto,UFPR04,camera1,0.501,512
SumFusion,Kyoto,UFPR04,camera1,0.504,1024
SumFusion,Kyoto,UFPR04,camera2,0.494,64
SumFusion,Kyoto,UFPR04,camera2,0.492,128
SumFusion,Kyoto,UFPR04,camera2,0.495,256
SumFusion,Kyoto,UFPR04,camera2,0.486,512
SumFusion,Kyoto,UFPR04,camera2,0.49,1024
SumFusion,Kyoto,UFPR04,camera3,0.484,64
SumFusion,Kyoto,UFPR04,camera3,0.484,128
SumFusion,Kyoto,UFPR04,camera3,0.496,256
SumFusion,Kyoto,UFPR04,camera3,0.5,512
SumFusion,Kyoto,UFPR04,camera3,0.5,1024
SumFusion,Kyoto,UFPR04,camera4,0.515,64
SumFusion,Kyoto,UFPR04,camera4,0.512,128
SumFusion,Kyoto,UFPR04,camera4,0.505,256
SumFusion,Kyoto,UFPR04,camera4,0.504,512
SumFusion,Kyoto,UFPR04,camera4,0.506,1024
SumFusion,Kyoto,UFPR04,camera5,0.513,64
SumFusion,Kyoto,UFPR04,camera5,0.513,128
SumFusion,Kyoto,UFPR04,camera5,0.508,256
SumFusion,Kyoto,UFPR04,camera5,0.502,512
SumFusion,Kyoto,UFPR04,camera5,0.503,1024
SumFusion,Kyoto,UFPR04,camera6,0.494,64
SumFusion,Kyoto,UFPR04,camera6,0.491,128
SumFusion,Kyoto,UFPR04,camera6,0.498,256
SumFusion,Kyoto,UFPR04,camera6,0.494,512
SumFusion,Kyoto,UFPR04,camera6,0.496,1024
SumFusion,Kyoto,UFPR04,camera7,0.469,64
SumFusion,Kyoto,UFPR04,camera7,0.478,128
SumFusion,Kyoto,UFPR04,camera7,0.496,256
SumFusion,Kyoto,UFPR04,camera7,0.499,512
SumFusion,Kyoto,UFPR04,camera7,0.499,1024
SumFusion,Kyoto,UFPR04,camera8,0.487,64
SumFusion,Kyoto,UFPR04,camera8,0.491,128
SumFusion,Kyoto,UFPR04,camera8,0.499,256
SumFusion,Kyoto,UFPR04,camera8,0.505,512
SumFusion,Kyoto,UFPR04,camera8,0.504,1024
SumFusion,Kyoto,UFPR04,camera9,0.515,64
SumFusion,Kyoto,UFPR04,camera9,0.514,128
SumFusion,Kyoto,UFPR04,camera9,0.508,256
SumFusion,Kyoto,UFPR04,camera9,0.508,512
SumFusion,Kyoto,UFPR04,camera9,0.516,1024
SumFusion,Kyoto,UFPR05,PUC,0.501,64
SumFusion,Kyoto,UFPR05,PUC,0.501,128
SumFusion,Kyoto,UFPR05,PUC,0.501,256
SumFusion,Kyoto,UFPR05,PUC,0.501,512
SumFusion,Kyoto,UFPR05,PUC,0.501,1024
SumFusion,Kyoto,UFPR05,UFPR04,0.535,64
SumFusion,Kyoto,UFPR05,UFPR04,0.534,128
SumFusion,Kyoto,UFPR05,UFPR04,0.526,256
SumFusion,Kyoto,UFPR05,UFPR04,0.524,512
SumFusion,Kyoto,UFPR05,UFPR04,0.518,1024
SumFusion,Kyoto,UFPR05,UFPR05,0.509,64
SumFusion,Kyoto,UFPR05,UFPR05,0.51,128
SumFusion,Kyoto,UFPR05,UFPR05,0.51,256
SumFusion,Kyoto,UFPR05,UFPR05,0.51,512
SumFusion,Kyoto,UFPR05,UFPR05,0.509,1024
SumFusion,Kyoto,UFPR05,camera1,0.468,64
SumFusion,Kyoto,UFPR05,camera1,0.474,128
SumFusion,Kyoto,UFPR05,camera1,0.478,256
SumFusion,Kyoto,UFPR05,camera1,0.476,512
SumFusion,Kyoto,UFPR05,camera1,0.479,1024
SumFusion,Kyoto,UFPR05,camera2,0.507,64
SumFusion,Kyoto,UFPR05,camera2,0.507,128
SumFusion,Kyoto,UFPR05,camera2,0.501,256
SumFusion,Kyoto,UFPR05,camera2,0.498,512
SumFusion,Kyoto,UFPR05,camera2,0.506,1024
SumFusion,Kyoto,UFPR05,camera3,0.502,64
SumFusion,Kyoto,UFPR05,camera3,0.503,128
SumFusion,Kyoto,UFPR05,camera3,0.5,256
SumFusion,Kyoto,UFPR05,camera3,0.494,512
SumFusion,Kyoto,UFPR05,camera3,0.5,1024
SumFusion,Kyoto,UFPR05,camera4,0.49,64
SumFusion,Kyoto,UFPR05,camera4,0.49,128
SumFusion,Kyoto,UFPR05,camera4,0.493,256
SumFusion,Kyoto,UFPR05,camera4,0.492,512
SumFusion,Kyoto,UFPR05,camera4,0.496,1024
SumFusion,Kyoto,UFPR05,camera5,0.496,64
SumFusion,Kyoto,UFPR05,camera5,0.493,128
SumFusion,Kyoto,UFPR05,camera5,0.497,256
SumFusion,Kyoto,UFPR05,camera5,0.497,512
SumFusion,Kyoto,UFPR05,camera5,0.497,1024
SumFusion,Kyoto,UFPR05,camera6,0.497,64
SumFusion,Kyoto,UFPR05,camera6,0.496,128
SumFusion,Kyoto,UFPR05,camera6,0.496,256
SumFusion,Kyoto,UFPR05,camera6,0.495,512
SumFusion,Kyoto,UFPR05,camera6,0.495,1024
SumFusion,Kyoto,UFPR05,camera7,0.527,64
SumFusion,Kyoto,UFPR05,camera7,0.527,128
SumFusion,Kyoto,UFPR05,camera7,0.523,256
SumFusion,Kyoto,UFPR05,camera7,0.522,512
SumFusion,Kyoto,UFPR05,camera7,0.522,1024
SumFusion,Kyoto,UFPR05,camera8,0.51,64
SumFusion,Kyoto,UFPR05,camera8,0.51,128
SumFusion,Kyoto,UFPR05,camera8,0.508,256
SumFusion,Kyoto,UFPR05,camera8,0.508,512
SumFusion,Kyoto,UFPR05,camera8,0.509,1024
SumFusion,Kyoto,UFPR05,camera9,0.495,64
SumFusion,Kyoto,UFPR05,camera9,0.492,128
SumFusion,Kyoto,UFPR05,camera9,0.499,256
SumFusion,Kyoto,UFPR05,camera9,0.5,512
SumFusion,Kyoto,UFPR05,camera9,0.496,1024
SumFusion,Kyoto,camera1,PUC,0.5,64
SumFusion,Kyoto,camera1,PUC,0.5,128
SumFusion,Kyoto,camera1,PUC,0.5,256
SumFusion,Kyoto,camera1,PUC,0.5,512
SumFusion,Kyoto,camera1,PUC,0.5,1024
SumFusion,Kyoto,camera1,UFPR04,0.508,64
SumFusion,Kyoto,camera1,UFPR04,0.504,128
SumFusion,Kyoto,camera1,UFPR04,0.502,256
SumFusion,Kyoto,camera1,UFPR04,0.505,512
SumFusion,Kyoto,camera1,UFPR04,0.496,1024
SumFusion,Kyoto,camera1,UFPR05,0.498,64
SumFusion,Kyoto,camera1,UFPR05,0.498,128
SumFusion,Kyoto,camera1,UFPR05,0.496,256
SumFusion,Kyoto,camera1,UFPR05,0.496,512
SumFusion,Kyoto,camera1,UFPR05,0.503,1024
SumFusion,Kyoto,camera1,camera1,0.901,64
SumFusion,Kyoto,camera1,camera1,0.924,128
SumFusion,Kyoto,camera1,camera1,0.933,256
SumFusion,Kyoto,camera1,camera1,0.941,512
SumFusion,Kyoto,camera1,camera1,0.954,1024
SumFusion,Kyoto,camera1,camera2,0.485,64
SumFusion,Kyoto,camera1,camera2,0.49,128
SumFusion,Kyoto,camera1,camera2,0.493,256
SumFusion,Kyoto,camera1,camera2,0.488,512
SumFusion,Kyoto,camera1,camera2,0.491,1024
SumFusion,Kyoto,camera1,camera3,0.499,64
SumFusion,Kyoto,camera1,camera3,0.503,128
SumFusion,Kyoto,camera1,camera3,0.499,256
SumFusion,Kyoto,camera1,camera3,0.5,512
SumFusion,Kyoto,camera1,camera3,0.498,1024
SumFusion,Kyoto,camera1,camera4,0.499,64
SumFusion,Kyoto,camera1,camera4,0.499,128
SumFusion,Kyoto,camera1,camera4,0.499,256
SumFusion,Kyoto,camera1,camera4,0.498,512
SumFusion,Kyoto,camera1,camera4,0.497,1024
SumFusion,Kyoto,camera1,camera5,0.499,64
SumFusion,Kyoto,camera1,camera5,0.501,128
SumFusion,Kyoto,camera1,camera5,0.499,256
SumFusion,Kyoto,camera1,camera5,0.497,512
SumFusion,Kyoto,camera1,camera5,0.496,1024
SumFusion,Kyoto,camera1,camera6,0.494,64
SumFusion,Kyoto,camera1,camera6,0.493,128
SumFusion,Kyoto,camera1,camera6,0.493,256
SumFusion,Kyoto,camera1,camera6,0.492,512
SumFusion,Kyoto,camera1,camera6,0.494,1024
SumFusion,Kyoto,camera1,camera7,0.509,64
SumFusion,Kyoto,camera1,camera7,0.505,128
SumFusion,Kyoto,camera1,camera7,0.505,256
SumFusion,Kyoto,camera1,camera7,0.508,512
SumFusion,Kyoto,camera1,camera7,0.506,1024
SumFusion,Kyoto,camera1,camera8,0.503,64
SumFusion,Kyoto,camera1,camera8,0.5,128
SumFusion,Kyoto,camera1,camera8,0.503,256
SumFusion,Kyoto,camera1,camera8,0.503,512
SumFusion,Kyoto,camera1,camera8,0.504,1024
SumFusion,Kyoto,camera1,camera9,0.506,64
SumFusion,Kyoto,camera1,camera9,0.51,128
SumFusion,Kyoto,camera1,camera9,0.507,256
SumFusion,Kyoto,camera1,camera9,0.506,512
SumFusion,Kyoto,camera1,camera9,0.509,1024
SumFusion,Kyoto,camera2,PUC,0.5,64
SumFusion,Kyoto,camera2,PUC,0.5,128
SumFusion,Kyoto,camera2,PUC,0.501,256
SumFusion,Kyoto,camera2,PUC,0.5,512
SumFusion,Kyoto,camera2,PUC,0.5,1024
SumFusion,Kyoto,camera2,UFPR04,0.53,64
SumFusion,Kyoto,camera2,UFPR04,0.53,128
SumFusion,Kyoto,camera2,UFPR04,0.523,256
SumFusion,Kyoto,camera2,UFPR04,0.516,512
SumFusion,Kyoto,camera2,UFPR04,0.505,1024
SumFusion,Kyoto,camera2,UFPR05,0.47,64
SumFusion,Kyoto,camera2,UFPR05,0.486,128
SumFusion,Kyoto,camera2,UFPR05,0.492,256
SumFusion,Kyoto,camera2,UFPR05,0.498,512
SumFusion,Kyoto,camera2,UFPR05,0.515,1024
SumFusion,Kyoto,camera2,camera1,0.489,64
SumFusion,Kyoto,camera2,camera1,0.494,128
SumFusion,Kyoto,camera2,camera1,0.495,256
SumFusion,Kyoto,camera2,camera1,0.494,512
SumFusion,Kyoto,camera2,camera1,0.499,1024
SumFusion,Kyoto,camera2,camera2,0.968,64
SumFusion,Kyoto,camera2,camera2,0.971,128
SumFusion,Kyoto,camera2,camera2,0.969,256
SumFusion,Kyoto,camera2,camera2,0.975,512
SumFusion,Kyoto,camera2,camera2,0.983,1024
SumFusion,Kyoto,camera2,camera3,0.501,64
SumFusion,Kyoto,camera2,camera3,0.5,128
SumFusion,Kyoto,camera2,camera3,0.502,256
SumFusion,Kyoto,camera2,camera3,0.498,512
SumFusion,Kyoto,camera2,camera3,0.498,1024
SumFusion,Kyoto,camera2,camera4,0.496,64
SumFusion,Kyoto,camera2,camera4,0.492,128
SumFusion,Kyoto,camera2,camera4,0.491,256
SumFusion,Kyoto,camera2,camera4,0.494,512
SumFusion,Kyoto,camera2,camera4,0.496,1024
SumFusion,Kyoto,camera2,camera5,0.496,64
SumFusion,Kyoto,camera2,camera5,0.495,128
SumFusion,Kyoto,camera2,camera5,0.494,256
SumFusion,Kyoto,camera2,camera5,0.495,512
SumFusion,Kyoto,camera2,camera5,0.499,1024
SumFusion,Kyoto,camera2,camera6,0.498,64
SumFusion,Kyoto,camera2,camera6,0.493,128
SumFusion,Kyoto,camera2,camera6,0.493,256
SumFusion,Kyoto,camera2,camera6,0.494,512
SumFusion,Kyoto,camera2,camera6,0.494,1024
SumFusion,Kyoto,camera2,camera7,0.518,64
SumFusion,Kyoto,camera2,camera7,0.517,128
SumFusion,Kyoto,camera2,camera7,0.517,256
SumFusion,Kyoto,camera2,camera7,0.511,512
SumFusion,Kyoto,camera2,camera7,0.508,1024
SumFusion,Kyoto,camera2,camera8,0.503,64
SumFusion,Kyoto,camera2,camera8,0.504,128
SumFusion,Kyoto,camera2,camera8,0.505,256
SumFusion,Kyoto,camera2,camera8,0.505,512
SumFusion,Kyoto,camera2,camera8,0.502,1024
SumFusion,Kyoto,camera2,camera9,0.508,64
SumFusion,Kyoto,camera2,camera9,0.508,128
SumFusion,Kyoto,camera2,camera9,0.506,256
SumFusion,Kyoto,camera2,camera9,0.508,512
SumFusion,Kyoto,camera2,camera9,0.509,1024
SumFusion,Kyoto,camera3,PUC,0.5,64
SumFusion,Kyoto,camera3,PUC,0.501,128
SumFusion,Kyoto,camera3,PUC,0.501,256
SumFusion,Kyoto,camera3,PUC,0.5,512
SumFusion,Kyoto,camera3,PUC,0.5,1024
SumFusion,Kyoto,camera3,UFPR04,0.533,64
SumFusion,Kyoto,camera3,UFPR04,0.528,128
SumFusion,Kyoto,camera3,UFPR04,0.526,256
SumFusion,Kyoto,camera3,UFPR04,0.525,512
SumFusion,Kyoto,camera3,UFPR04,0.521,1024
SumFusion,Kyoto,camera3,UFPR05,0.497,64
SumFusion,Kyoto,camera3,UFPR05,0.507,128
SumFusion,Kyoto,camera3,UFPR05,0.506,256
SumFusion,Kyoto,camera3,UFPR05,0.507,512
SumFusion,Kyoto,camera3,UFPR05,0.507,1024
SumFusion,Kyoto,camera3,camera1,0.494,64
SumFusion,Kyoto,camera3,camera1,0.492,128
SumFusion,Kyoto,camera3,camera1,0.5,256
SumFusion,Kyoto,camera3,camera1,0.5,512
SumFusion,Kyoto,camera3,camera1,0.502,1024
SumFusion,Kyoto,camera3,camera2,0.478,64
SumFusion,Kyoto,camera3,camera2,0.482,128
SumFusion,Kyoto,camera3,camera2,0.483,256
SumFusion,Kyoto,camera3,camera2,0.489,512
SumFusion,Kyoto,camera3,camera2,0.49,1024
SumFusion,Kyoto,camera3,camera3,0.956,64
SumFusion,Kyoto,camera3,camera3,0.945,128
SumFusion,Kyoto,camera3,camera3,0.961,256
SumFusion,Kyoto,camera3,camera3,0.97,512
SumFusion,Kyoto,camera3,camera3,0.974,1024
SumFusion,Kyoto,camera3,camera4,0.494,64
SumFusion,Kyoto,camera3,camera4,0.497,128
SumFusion,Kyoto,camera3,camera4,0.497,256
SumFusion,Kyoto,camera3,camera4,0.496,512
SumFusion,Kyoto,camera3,camera4,0.495,1024
SumFusion,Kyoto,camera3,camera5,0.497,64
SumFusion,Kyoto,camera3,camera5,0.499,128
SumFusion,Kyoto,camera3,camera5,0.498,256
SumFusion,Kyoto,camera3,camera5,0.499,512
SumFusion,Kyoto,camera3,camera5,0.499,1024
SumFusion,Kyoto,camera3,camera6,0.494,64
SumFusion,Kyoto,camera3,camera6,0.494,128
SumFusion,Kyoto,camera3,camera6,0.498,256
SumFusion,Kyoto,camera3,camera6,0.496,512
SumFusion,Kyoto,camera3,camera6,0.494,1024
SumFusion,Kyoto,camera3,camera7,0.515,64
SumFusion,Kyoto,camera3,camera7,0.513,128
SumFusion,Kyoto,camera3,camera7,0.509,256
SumFusion,Kyoto,camera3,camera7,0.51,512
SumFusion,Kyoto,camera3,camera7,0.506,1024
SumFusion,Kyoto,camera3,camera8,0.501,64
SumFusion,Kyoto,camera3,camera8,0.504,128
SumFusion,Kyoto,camera3,camera8,0.504,256
SumFusion,Kyoto,camera3,camera8,0.505,512
SumFusion,Kyoto,camera3,camera8,0.503,1024
SumFusion,Kyoto,camera3,camera9,0.511,64
SumFusion,Kyoto,camera3,camera9,0.512,128
SumFusion,Kyoto,camera3,camera9,0.511,256
SumFusion,Kyoto,camera3,camera9,0.51,512
SumFusion,Kyoto,camera3,camera9,0.51,1024
SumFusion,Kyoto,camera4,PUC,0.499,64
SumFusion,Kyoto,camera4,PUC,0.499,128
SumFusion,Kyoto,camera4,PUC,0.5,256
SumFusion,Kyoto,camera4,PUC,0.5,512
SumFusion,Kyoto,camera4,PUC,0.5,1024
SumFusion,Kyoto,camera4,UFPR04,0.537,64
SumFusion,Kyoto,camera4,UFPR04,0.535,128
SumFusion,Kyoto,camera4,UFPR04,0.529,256
SumFusion,Kyoto,camera4,UFPR04,0.524,512
SumFusion,Kyoto,camera4,UFPR04,0.514,1024
SumFusion,Kyoto,camera4,UFPR05,0.476,64
SumFusion,Kyoto,camera4,UFPR05,0.479,128
SumFusion,Kyoto,camera4,UFPR05,0.49,256
SumFusion,Kyoto,camera4,UFPR05,0.501,512
SumFusion,Kyoto,camera4,UFPR05,0.506,1024
SumFusion,Kyoto,camera4,camera1,0.489,64
SumFusion,Kyoto,camera4,camera1,0.49,128
SumFusion,Kyoto,camera4,camera1,0.492,256
SumFusion,Kyoto,camera4,camera1,0.49,512
SumFusion,Kyoto,camera4,camera1,0.495,1024
SumFusion,Kyoto,camera4,camera2,0.478,64
SumFusion,Kyoto,camera4,camera2,0.483,128
SumFusion,Kyoto,camera4,camera2,0.488,256
SumFusion,Kyoto,camera4,camera2,0.481,512
SumFusion,Kyoto,camera4,camera2,0.483,1024
SumFusion,Kyoto,camera4,camera3,0.495,64
SumFusion,Kyoto,camera4,camera3,0.498,128
SumFusion,Kyoto,camera4,camera3,0.497,256
SumFusion,Kyoto,camera4,camera3,0.497,512
SumFusion,Kyoto,camera4,camera3,0.498,1024
SumFusion,Kyoto,camera4,camera4,0.944,64
SumFusion,Kyoto,camera4,camera4,0.943,128
SumFusion,Kyoto,camera4,camera4,0.948,256
SumFusion,Kyoto,camera4,camera4,0.945,512
SumFusion,Kyoto,camera4,camera4,0.952,1024
SumFusion,Kyoto,camera4,camera5,0.498,64
SumFusion,Kyoto,camera4,camera5,0.496,128
SumFusion,Kyoto,camera4,camera5,0.497,256
SumFusion,Kyoto,camera4,camera5,0.498,512
SumFusion,Kyoto,camera4,camera5,0.498,1024
SumFusion,Kyoto,camera4,camera6,0.498,64
SumFusion,Kyoto,camera4,camera6,0.496,128
SumFusion,Kyoto,camera4,camera6,0.492,256
SumFusion,Kyoto,camera4,camera6,0.494,512
SumFusion,Kyoto,camera4,camera6,0.495,1024
SumFusion,Kyoto,camera4,camera7,0.517,64
SumFusion,Kyoto,camera4,camera7,0.519,128
SumFusion,Kyoto,camera4,camera7,0.514,256
SumFusion,Kyoto,camera4,camera7,0.513,512
SumFusion,Kyoto,camera4,camera7,0.512,1024
SumFusion,Kyoto,camera4,camera8,0.504,64
SumFusion,Kyoto,camera4,camera8,0.504,128
SumFusion,Kyoto,camera4,camera8,0.504,256
SumFusion,Kyoto,camera4,camera8,0.505,512
SumFusion,Kyoto,camera4,camera8,0.505,1024
SumFusion,Kyoto,camera4,camera9,0.509,64
SumFusion,Kyoto,camera4,camera9,0.508,128
SumFusion,Kyoto,camera4,camera9,0.51,256
SumFusion,Kyoto,camera4,camera9,0.511,512
SumFusion,Kyoto,camera4,camera9,0.509,1024
SumFusion,Kyoto,camera5,PUC,0.5,64
SumFusion,Kyoto,camera5,PUC,0.5,128
SumFusion,Kyoto,camera5,PUC,0.5,256
SumFusion,Kyoto,camera5,PUC,0.5,512
SumFusion,Kyoto,camera5,PUC,0.5,1024
SumFusion,Kyoto,camera5,UFPR04,0.538,64
SumFusion,Kyoto,camera5,UFPR04,0.528,128
SumFusion,Kyoto,camera5,UFPR04,0.524,256
SumFusion,Kyoto,camera5,UFPR04,0.517,512
SumFusion,Kyoto,camera5,UFPR04,0.516,1024
SumFusion,Kyoto,camera5,UFPR05,0.484,64
SumFusion,Kyoto,camera5,UFPR05,0.502,128
SumFusion,Kyoto,camera5,UFPR05,0.503,256
SumFusion,Kyoto,camera5,UFPR05,0.507,512
SumFusion,Kyoto,camera5,UFPR05,0.504,1024
SumFusion,Kyoto,camera5,camera1,0.49,64
SumFusion,Kyoto,camera5,camera1,0.492,128
SumFusion,Kyoto,camera5,camera1,0.493,256
SumFusion,Kyoto,camera5,camera1,0.498,512
SumFusion,Kyoto,camera5,camera1,0.496,1024
SumFusion,Kyoto,camera5,camera2,0.485,64
SumFusion,Kyoto,camera5,camera2,0.488,128
SumFusion,Kyoto,camera5,camera2,0.474,256
SumFusion,Kyoto,camera5,camera2,0.485,512
SumFusion,Kyoto,camera5,camera2,0.486,1024
SumFusion,Kyoto,camera5,camera3,0.5,64
SumFusion,Kyoto,camera5,camera3,0.501,128
SumFusion,Kyoto,camera5,camera3,0.499,256
SumFusion,Kyoto,camera5,camera3,0.495,512
SumFusion,Kyoto,camera5,camera3,0.499,1024
SumFusion,Kyoto,camera5,camera4,0.494,64
SumFusion,Kyoto,camera5,camera4,0.496,128
SumFusion,Kyoto,camera5,camera4,0.499,256
SumFusion,Kyoto,camera5,camera4,0.5,512
SumFusion,Kyoto,camera5,camera4,0.5,1024
SumFusion,Kyoto,camera5,camera5,0.855,64
SumFusion,Kyoto,camera5,camera5,0.893,128
SumFusion,Kyoto,camera5,camera5,0.918,256
SumFusion,Kyoto,camera5,camera5,0.932,512
SumFusion,Kyoto,camera5,camera5,0.945,1024
SumFusion,Kyoto,camera5,camera6,0.495,64
SumFusion,Kyoto,camera5,camera6,0.494,128
SumFusion,Kyoto,camera5,camera6,0.494,256
SumFusion,Kyoto,camera5,camera6,0.492,512
SumFusion,Kyoto,camera5,camera6,0.493,1024
SumFusion,Kyoto,camera5,camera7,0.516,64
SumFusion,Kyoto,camera5,camera7,0.508,128
SumFusion,Kyoto,camera5,camera7,0.509,256
SumFusion,Kyoto,camera5,camera7,0.506,512
SumFusion,Kyoto,camera5,camera7,0.506,1024
SumFusion,Kyoto,camera5,camera8,0.505,64
SumFusion,Kyoto,camera5,camera8,0.506,128
SumFusion,Kyoto,camera5,camera8,0.505,256
SumFusion,Kyoto,camera5,camera8,0.503,512
SumFusion,Kyoto,camera5,camera8,0.505,1024
SumFusion,Kyoto,camera5,camera9,0.505,64
SumFusion,Kyoto,camera5,camera9,0.51,128
SumFusion,Kyoto,camera5,camera9,0.51,256
SumFusion,Kyoto,camera5,camera9,0.508,512
SumFusion,Kyoto,camera5,camera9,0.506,1024
SumFusion,Kyoto,camera6,PUC,0.5,64
SumFusion,Kyoto,camera6,PUC,0.5,128
SumFusion,Kyoto,camera6,PUC,0.5,256
SumFusion,Kyoto,camera6,PUC,0.5,512
SumFusion,Kyoto,camera6,PUC,0.5,1024
SumFusion,Kyoto,camera6,UFPR04,0.536,64
SumFusion,Kyoto,camera6,UFPR04,0.533,128
SumFusion,Kyoto,camera6,UFPR04,0.528,256
SumFusion,Kyoto,camera6,UFPR04,0.526,512
SumFusion,Kyoto,camera6,UFPR04,0.52,1024
SumFusion,Kyoto,camera6,UFPR05,0.475,64
SumFusion,Kyoto,camera6,UFPR05,0.48,128
SumFusion,Kyoto,camera6,UFPR05,0.488,256
SumFusion,Kyoto,camera6,UFPR05,0.487,512
SumFusion,Kyoto,camera6,UFPR05,0.496,1024
SumFusion,Kyoto,camera6,camera1,0.485,64
SumFusion,Kyoto,camera6,camera1,0.482,128
SumFusion,Kyoto,camera6,camera1,0.486,256
SumFusion,Kyoto,camera6,camera1,0.485,512
SumFusion,Kyoto,camera6,camera1,0.492,1024
SumFusion,Kyoto,camera6,camera2,0.481,64
SumFusion,Kyoto,camera6,camera2,0.489,128
SumFusion,Kyoto,camera6,camera2,0.485,256
SumFusion,Kyoto,camera6,camera2,0.483,512
SumFusion,Kyoto,camera6,camera2,0.486,1024
SumFusion,Kyoto,camera6,camera3,0.493,64
SumFusion,Kyoto,camera6,camera3,0.499,128
SumFusion,Kyoto,camera6,camera3,0.497,256
SumFusion,Kyoto,camera6,camera3,0.5,512
SumFusion,Kyoto,camera6,camera3,0.499,1024
SumFusion,Kyoto,camera6,camera4,0.495,64
SumFusion,Kyoto,camera6,camera4,0.494,128
SumFusion,Kyoto,camera6,camera4,0.495,256
SumFusion,Kyoto,camera6,camera4,0.493,512
SumFusion,Kyoto,camera6,camera4,0.495,1024
SumFusion,Kyoto,camera6,camera5,0.5,64
SumFusion,Kyoto,camera6,camera5,0.499,128
SumFusion,Kyoto,camera6,camera5,0.5,256
SumFusion,Kyoto,camera6,camera5,0.499,512
SumFusion,Kyoto,camera6,camera5,0.501,1024
SumFusion,Kyoto,camera6,camera6,0.919,64
SumFusion,Kyoto,camera6,camera6,0.921,128
SumFusion,Kyoto,camera6,camera6,0.935,256
SumFusion,Kyoto,camera6,camera6,0.929,512
SumFusion,Kyoto,camera6,camera6,0.948,1024
SumFusion,Kyoto,camera6,camera7,0.513,64
SumFusion,Kyoto,camera6,camera7,0.513,128
SumFusion,Kyoto,camera6,camera7,0.517,256
SumFusion,Kyoto,camera6,camera7,0.516,512
SumFusion,Kyoto,camera6,camera7,0.511,1024
SumFusion,Kyoto,camera6,camera8,0.505,64
SumFusion,Kyoto,camera6,camera8,0.504,128
SumFusion,Kyoto,camera6,camera8,0.503,256
SumFusion,Kyoto,camera6,camera8,0.504,512
SumFusion,Kyoto,camera6,camera8,0.504,1024
SumFusion,Kyoto,camera6,camera9,0.506,64
SumFusion,Kyoto,camera6,camera9,0.508,128
SumFusion,Kyoto,camera6,camera9,0.503,256
SumFusion,Kyoto,camera6,camera9,0.503,512
SumFusion,Kyoto,camera6,camera9,0.505,1024
SumFusion,Kyoto,camera7,PUC,0.501,64
SumFusion,Kyoto,camera7,PUC,0.5,128
SumFusion,Kyoto,camera7,PUC,0.5,256
SumFusion,Kyoto,camera7,PUC,0.5,512
SumFusion,Kyoto,camera7,PUC,0.5,1024
SumFusion,Kyoto,camera7,UFPR04,0.521,64
SumFusion,Kyoto,camera7,UFPR04,0.52,128
SumFusion,Kyoto,camera7,UFPR04,0.515,256
SumFusion,Kyoto,camera7,UFPR04,0.512,512
SumFusion,Kyoto,camera7,UFPR04,0.511,1024
SumFusion,Kyoto,camera7,UFPR05,0.504,64
SumFusion,Kyoto,camera7,UFPR05,0.513,128
SumFusion,Kyoto,camera7,UFPR05,0.508,256
SumFusion,Kyoto,camera7,UFPR05,0.514,512
SumFusion,Kyoto,camera7,UFPR05,0.513,1024
SumFusion,Kyoto,camera7,camera1,0.5,64
SumFusion,Kyoto,camera7,camera1,0.503,128
SumFusion,Kyoto,camera7,camera1,0.505,256
SumFusion,Kyoto,camera7,camera1,0.502,512
SumFusion,Kyoto,camera7,camera1,0.501,1024
SumFusion,Kyoto,camera7,camera2,0.494,64
SumFusion,Kyoto,camera7,camera2,0.493,128
SumFusion,Kyoto,camera7,camera2,0.482,256
SumFusion,Kyoto,camera7,camera2,0.486,512
SumFusion,Kyoto,camera7,camera2,0.485,1024
SumFusion,Kyoto,camera7,camera3,0.498,64
SumFusion,Kyoto,camera7,camera3,0.501,128
SumFusion,Kyoto,camera7,camera3,0.5,256
SumFusion,Kyoto,camera7,camera3,0.498,512
SumFusion,Kyoto,camera7,camera3,0.5,1024
SumFusion,Kyoto,camera7,camera4,0.498,64
SumFusion,Kyoto,camera7,camera4,0.497,128
SumFusion,Kyoto,camera7,camera4,0.499,256
SumFusion,Kyoto,camera7,camera4,0.499,512
SumFusion,Kyoto,camera7,camera4,0.496,1024
SumFusion,Kyoto,camera7,camera5,0.5,64
SumFusion,Kyoto,camera7,camera5,0.498,128
SumFusion,Kyoto,camera7,camera5,0.5,256
SumFusion,Kyoto,camera7,camera5,0.502,512
SumFusion,Kyoto,camera7,camera5,0.501,1024
SumFusion,Kyoto,camera7,camera6,0.496,64
SumFusion,Kyoto,camera7,camera6,0.494,128
SumFusion,Kyoto,camera7,camera6,0.494,256
SumFusion,Kyoto,camera7,camera6,0.494,512
SumFusion,Kyoto,camera7,camera6,0.494,1024
SumFusion,Kyoto,camera7,camera7,0.921,64
SumFusion,Kyoto,camera7,camera7,0.914,128
SumFusion,Kyoto,camera7,camera7,0.91,256
SumFusion,Kyoto,camera7,camera7,0.916,512
SumFusion,Kyoto,camera7,camera7,0.925,1024
SumFusion,Kyoto,camera7,camera8,0.5,64
SumFusion,Kyoto,camera7,camera8,0.502,128
SumFusion,Kyoto,camera7,camera8,0.5,256
SumFusion,Kyoto,camera7,camera8,0.5,512
SumFusion,Kyoto,camera7,camera8,0.501,1024
SumFusion,Kyoto,camera7,camera9,0.508,64
SumFusion,Kyoto,camera7,camera9,0.511,128
SumFusion,Kyoto,camera7,camera9,0.507,256
SumFusion,Kyoto,camera7,camera9,0.508,512
SumFusion,Kyoto,camera7,camera9,0.504,1024
SumFusion,Kyoto,camera8,PUC,0.501,64
SumFusion,Kyoto,camera8,PUC,0.5,128
SumFusion,Kyoto,camera8,PUC,0.5,256
SumFusion,Kyoto,camera8,PUC,0.5,512
SumFusion,Kyoto,camera8,PUC,0.501,1024
SumFusion,Kyoto,camera8,UFPR04,0.537,64
SumFusion,Kyoto,camera8,UFPR04,0.533,128
SumFusion,Kyoto,camera8,UFPR04,0.531,256
SumFusion,Kyoto,camera8,UFPR04,0.526,512
SumFusion,Kyoto,camera8,UFPR04,0.52,1024
SumFusion,Kyoto,camera8,UFPR05,0.489,64
SumFusion,Kyoto,camera8,UFPR05,0.496,128
SumFusion,Kyoto,camera8,UFPR05,0.493,256
SumFusion,Kyoto,camera8,UFPR05,0.497,512
SumFusion,Kyoto,camera8,UFPR05,0.502,1024
SumFusion,Kyoto,camera8,camera1,0.484,64
SumFusion,Kyoto,camera8,camera1,0.491,128
SumFusion,Kyoto,camera8,camera1,0.491,256
SumFusion,Kyoto,camera8,camera1,0.488,512
SumFusion,Kyoto,camera8,camera1,0.493,1024
SumFusion,Kyoto,camera8,camera2,0.475,64
SumFusion,Kyoto,camera8,camera2,0.477,128
SumFusion,Kyoto,camera8,camera2,0.48,256
SumFusion,Kyoto,camera8,camera2,0.481,512
SumFusion,Kyoto,camera8,camera2,0.482,1024
SumFusion,Kyoto,camera8,camera3,0.5,64
SumFusion,Kyoto,camera8,camera3,0.498,128
SumFusion,Kyoto,camera8,camera3,0.501,256
SumFusion,Kyoto,camera8,camera3,0.5,512
SumFusion,Kyoto,camera8,camera3,0.504,1024
SumFusion,Kyoto,camera8,camera4,0.493,64
SumFusion,Kyoto,camera8,camera4,0.492,128
SumFusion,Kyoto,camera8,camera4,0.495,256
SumFusion,Kyoto,camera8,camera4,0.496,512
SumFusion,Kyoto,camera8,camera4,0.5,1024
SumFusion,Kyoto,camera8,camera5,0.498,64
SumFusion,Kyoto,camera8,camera5,0.5,128
SumFusion,Kyoto,camera8,camera5,0.498,256
SumFusion,Kyoto,camera8,camera5,0.499,512
SumFusion,Kyoto,camera8,camera5,0.498,1024
SumFusion,Kyoto,camera8,camera6,0.495,64
SumFusion,Kyoto,camera8,camera6,0.493,128
SumFusion,Kyoto,camera8,camera6,0.495,256
SumFusion,Kyoto,camera8,camera6,0.494,512
SumFusion,Kyoto,camera8,camera6,0.495,1024
SumFusion,Kyoto,camera8,camera7,0.514,64
SumFusion,Kyoto,camera8,camera7,0.512,128
SumFusion,Kyoto,camera8,camera7,0.512,256
SumFusion,Kyoto,camera8,camera7,0.512,512
SumFusion,Kyoto,camera8,camera7,0.512,1024
SumFusion,Kyoto,camera8,camera8,0.927,64
SumFusion,Kyoto,camera8,camera8,0.949,128
SumFusion,Kyoto,camera8,camera8,0.951,256
SumFusion,Kyoto,camera8,camera8,0.957,512
SumFusion,Kyoto,camera8,camera8,0.965,1024
SumFusion,Kyoto,camera8,camera9,0.506,64
SumFusion,Kyoto,camera8,camera9,0.509,128
SumFusion,Kyoto,camera8,camera9,0.51,256
SumFusion,Kyoto,camera8,camera9,0.512,512
SumFusion,Kyoto,camera8,camera9,0.513,1024
SumFusion,Kyoto,camera9,PUC,0.5,64
SumFusion,Kyoto,camera9,PUC,0.5,128
SumFusion,Kyoto,camera9,PUC,0.501,256
SumFusion,Kyoto,camera9,PUC,0.5,512
SumFusion,Kyoto,camera9,PUC,0.5,1024
SumFusion,Kyoto,camera9,UFPR04,0.533,64
SumFusion,Kyoto,camera9,UFPR04,0.532,128
SumFusion,Kyoto,camera9,UFPR04,0.525,256
SumFusion,Kyoto,camera9,UFPR04,0.519,512
SumFusion,Kyoto,camera9,UFPR04,0.51,1024
SumFusion,Kyoto,camera9,UFPR05,0.495,64
SumFusion,Kyoto,camera9,UFPR05,0.503,128
SumFusion,Kyoto,camera9,UFPR05,0.507,256
SumFusion,Kyoto,camera9,UFPR05,0.513,512
SumFusion,Kyoto,camera9,UFPR05,0.519,1024
SumFusion,Kyoto,camera9,camera1,0.492,64
SumFusion,Kyoto,camera9,camera1,0.493,128
SumFusion,Kyoto,camera9,camera1,0.495,256
SumFusion,Kyoto,camera9,camera1,0.496,512
SumFusion,Kyoto,camera9,camera1,0.502,1024
SumFusion,Kyoto,camera9,camera2,0.488,64
SumFusion,Kyoto,camera9,camera2,0.48,128
SumFusion,Kyoto,camera9,camera2,0.484,256
SumFusion,Kyoto,camera9,camera2,0.483,512
SumFusion,Kyoto,camera9,camera2,0.492,1024
SumFusion,Kyoto,camera9,camera3,0.498,64
SumFusion,Kyoto,camera9,camera3,0.497,128
SumFusion,Kyoto,camera9,camera3,0.499,256
SumFusion,Kyoto,camera9,camera3,0.501,512
SumFusion,Kyoto,camera9,camera3,0.5,1024
SumFusion,Kyoto,camera9,camera4,0.494,64
SumFusion,Kyoto,camera9,camera4,0.495,128
SumFusion,Kyoto,camera9,camera4,0.495,256
SumFusion,Kyoto,camera9,camera4,0.496,512
SumFusion,Kyoto,camera9,camera4,0.496,1024
SumFusion,Kyoto,camera9,camera5,0.5,64
SumFusion,Kyoto,camera9,camera5,0.499,128
SumFusion,Kyoto,camera9,camera5,0.498,256
SumFusion,Kyoto,camera9,camera5,0.501,512
SumFusion,Kyoto,camera9,camera5,0.501,1024
SumFusion,Kyoto,camera9,camera6,0.495,64
SumFusion,Kyoto,camera9,camera6,0.495,128
SumFusion,Kyoto,camera9,camera6,0.494,256
SumFusion,Kyoto,camera9,camera6,0.492,512
SumFusion,Kyoto,camera9,camera6,0.494,1024
SumFusion,Kyoto,camera9,camera7,0.513,64
SumFusion,Kyoto,camera9,camera7,0.515,128
SumFusion,Kyoto,camera9,camera7,0.512,256
SumFusion,Kyoto,camera9,camera7,0.51,512
SumFusion,Kyoto,camera9,camera7,0.508,1024
SumFusion,Kyoto,camera9,camera8,0.503,64
SumFusion,Kyoto,camera9,camera8,0.502,128
SumFusion,Kyoto,camera9,camera8,0.503,256
SumFusion,Kyoto,camera9,camera8,0.502,512
SumFusion,Kyoto,camera9,camera8,0.504,1024
SumFusion,Kyoto,camera9,camera9,0.903,64
SumFusion,Kyoto,camera9,camera9,0.91,128
SumFusion,Kyoto,camera9,camera9,0.92,256
SumFusion,Kyoto,camera9,camera9,0.937,512
SumFusion,Kyoto,camera9,camera9,0.958,1024
MultFusion,Kyoto,PUC,PUC,0.502,64
MultFusion,Kyoto,PUC,PUC,0.502,128
MultFusion,Kyoto,PUC,PUC,0.502,256
MultFusion,Kyoto,PUC,PUC,0.501,512
MultFusion,Kyoto,PUC,PUC,0.502,1024
MultFusion,Kyoto,PUC,UFPR04,0.505,64
MultFusion,Kyoto,PUC,UFPR04,0.507,128
MultFusion,Kyoto,PUC,UFPR04,0.505,256
MultFusion,Kyoto,PUC,UFPR04,0.501,512
MultFusion,Kyoto,PUC,UFPR04,0.502,1024
MultFusion,Kyoto,PUC,UFPR05,0.511,64
MultFusion,Kyoto,PUC,UFPR05,0.516,128
MultFusion,Kyoto,PUC,UFPR05,0.523,256
MultFusion,Kyoto,PUC,UFPR05,0.526,512
MultFusion,Kyoto,PUC,UFPR05,0.529,1024
MultFusion,Kyoto,PUC,camera1,0.511,64
MultFusion,Kyoto,PUC,camera1,0.508,128
MultFusion,Kyoto,PUC,camera1,0.508,256
MultFusion,Kyoto,PUC,camera1,0.508,512
MultFusion,Kyoto,PUC,camera1,0.509,1024
MultFusion,Kyoto,PUC,camera2,0.491,64
MultFusion,Kyoto,PUC,camera2,0.485,128
MultFusion,Kyoto,PUC,camera2,0.488,256
MultFusion,Kyoto,PUC,camera2,0.483,512
MultFusion,Kyoto,PUC,camera2,0.491,1024
MultFusion,Kyoto,PUC,camera3,0.5,64
MultFusion,Kyoto,PUC,camera3,0.498,128
MultFusion,Kyoto,PUC,camera3,0.495,256
MultFusion,Kyoto,PUC,camera3,0.495,512
MultFusion,Kyoto,PUC,camera3,0.495,1024
MultFusion,Kyoto,PUC,camera4,0.5,64
MultFusion,Kyoto,PUC,camera4,0.5,128
MultFusion,Kyoto,PUC,camera4,0.5,256
MultFusion,Kyoto,PUC,camera4,0.5,512
MultFusion,Kyoto,PUC,camera4,0.501,1024
MultFusion,Kyoto,PUC,camera5,0.503,64
MultFusion,Kyoto,PUC,camera5,0.503,128
MultFusion,Kyoto,PUC,camera5,0.502,256
MultFusion,Kyoto,PUC,camera5,0.505,512
MultFusion,Kyoto,PUC,camera5,0.502,1024
MultFusion,Kyoto,PUC,camera6,0.49,64
MultFusion,Kyoto,PUC,camera6,0.493,128
MultFusion,Kyoto,PUC,camera6,0.492,256
MultFusion,Kyoto,PUC,camera6,0.492,512
MultFusion,Kyoto,PUC,camera6,0.494,1024
MultFusion,Kyoto,PUC,camera7,0.504,64
MultFusion,Kyoto,PUC,camera7,0.505,128
MultFusion,Kyoto,PUC,camera7,0.507,256
MultFusion,Kyoto,PUC,camera7,0.507,512
MultFusion,Kyoto,PUC,camera7,0.504,1024
MultFusion,Kyoto,PUC,camera8,0.496,64
MultFusion,Kyoto,PUC,camera8,0.501,128
MultFusion,Kyoto,PUC,camera8,0.501,256
MultFusion,Kyoto,PUC,camera8,0.5,512
MultFusion,Kyoto,PUC,camera8,0.501,1024
MultFusion,Kyoto,PUC,camera9,0.506,64
MultFusion,Kyoto,PUC,camera9,0.508,128
MultFusion,Kyoto,PUC,camera9,0.514,256
MultFusion,Kyoto,PUC,camera9,0.511,512
MultFusion,Kyoto,PUC,camera9,0.512,1024
MultFusion,Kyoto,UFPR04,PUC,0.501,64
MultFusion,Kyoto,UFPR04,PUC,0.502,128
MultFusion,Kyoto,UFPR04,PUC,0.501,256
MultFusion,Kyoto,UFPR04,PUC,0.501,512
MultFusion,Kyoto,UFPR04,PUC,0.501,1024
MultFusion,Kyoto,UFPR04,UFPR04,0.506,64
MultFusion,Kyoto,UFPR04,UFPR04,0.506,128
MultFusion,Kyoto,UFPR04,UFPR04,0.507,256
MultFusion,Kyoto,UFPR04,UFPR04,0.505,512
MultFusion,Kyoto,UFPR04,UFPR04,0.505,1024
MultFusion,Kyoto,UFPR04,UFPR05,0.559,64
MultFusion,Kyoto,UFPR04,UFPR05,0.556,128
MultFusion,Kyoto,UFPR04,UFPR05,0.536,256
MultFusion,Kyoto,UFPR04,UFPR05,0.531,512
MultFusion,Kyoto,UFPR04,UFPR05,0.526,1024
MultFusion,Kyoto,UFPR04,camera1,0.523,64
MultFusion,Kyoto,UFPR04,camera1,0.515,128
MultFusion,Kyoto,UFPR04,camera1,0.503,256
MultFusion,Kyoto,UFPR04,camera1,0.502,512
MultFusion,Kyoto,UFPR04,camera1,0.501,1024
MultFusion,Kyoto,UFPR04,camera2,0.494,64
MultFusion,Kyoto,UFPR04,camera2,0.49,128
MultFusion,Kyoto,UFPR04,camera2,0.495,256
MultFusion,Kyoto,UFPR04,camera2,0.498,512
MultFusion,Kyoto,UFPR04,camera2,0.493,1024
MultFusion,Kyoto,UFPR04,camera3,0.484,64
MultFusion,Kyoto,UFPR04,camera3,0.487,128
MultFusion,Kyoto,UFPR04,camera3,0.494,256
MultFusion,Kyoto,UFPR04,camera3,0.499,512
MultFusion,Kyoto,UFPR04,camera3,0.499,1024
MultFusion,Kyoto,UFPR04,camera4,0.514,64
MultFusion,Kyoto,UFPR04,camera4,0.51,128
MultFusion,Kyoto,UFPR04,camera4,0.505,256
MultFusion,Kyoto,UFPR04,camera4,0.506,512
MultFusion,Kyoto,UFPR04,camera4,0.506,1024
MultFusion,Kyoto,UFPR04,camera5,0.513,64
MultFusion,Kyoto,UFPR04,camera5,0.513,128
MultFusion,Kyoto,UFPR04,camera5,0.508,256
MultFusion,Kyoto,UFPR04,camera5,0.503,512
MultFusion,Kyoto,UFPR04,camera5,0.505,1024
MultFusion,Kyoto,UFPR04,camera6,0.495,64
MultFusion,Kyoto,UFPR04,camera6,0.49,128
MultFusion,Kyoto,UFPR04,camera6,0.496,256
MultFusion,Kyoto,UFPR04,camera6,0.494,512
MultFusion,Kyoto,UFPR04,camera6,0.495,1024
MultFusion,Kyoto,UFPR04,camera7,0.469,64
MultFusion,Kyoto,UFPR04,camera7,0.479,128
MultFusion,Kyoto,UFPR04,camera7,0.496,256
MultFusion,Kyoto,UFPR04,camera7,0.5,512
MultFusion,Kyoto,UFPR04,camera7,0.5,1024
MultFusion,Kyoto,UFPR04,camera8,0.487,64
MultFusion,Kyoto,UFPR04,camera8,0.491,128
MultFusion,Kyoto,UFPR04,camera8,0.499,256
MultFusion,Kyoto,UFPR04,camera8,0.505,512
MultFusion,Kyoto,UFPR04,camera8,0.505,1024
MultFusion,Kyoto,UFPR04,camera9,0.516,64
MultFusion,Kyoto,UFPR04,camera9,0.513,128
MultFusion,Kyoto,UFPR04,camera9,0.508,256
MultFusion,Kyoto,UFPR04,camera9,0.51,512
MultFusion,Kyoto,UFPR04,camera9,0.516,1024
MultFusion,Kyoto,UFPR05,PUC,0.501,64
MultFusion,Kyoto,UFPR05,PUC,0.501,128
MultFusion,Kyoto,UFPR05,PUC,0.501,256
MultFusion,Kyoto,UFPR05,PUC,0.501,512
MultFusion,Kyoto,UFPR05,PUC,0.501,1024
MultFusion,Kyoto,UFPR05,UFPR04,0.536,64
MultFusion,Kyoto,UFPR05,UFPR04,0.534,128
MultFusion,Kyoto,UFPR05,UFPR04,0.527,256
MultFusion,Kyoto,UFPR05,UFPR04,0.525,512
MultFusion,Kyoto,UFPR05,UFPR04,0.518,1024
MultFusion,Kyoto,UFPR05,UFPR05,0.509,64
MultFusion,Kyoto,UFPR05,UFPR05,0.51,128
MultFusion,Kyoto,UFPR05,UFPR05,0.51,256
MultFusion,Kyoto,UFPR05,UFPR05,0.51,512
MultFusion,Kyoto,UFPR05,UFPR05,0.509,1024
MultFusion,Kyoto,UFPR05,camera1,0.469,64
MultFusion,Kyoto,UFPR05,camera1,0.474,128
MultFusion,Kyoto,UFPR05,camera1,0.48,256
MultFusion,Kyoto,UFPR05,camera1,0.48,512
MultFusion,Kyoto,UFPR05,camera1,0.48,1024
MultFusion,Kyoto,UFPR05,camera2,0.505,64
MultFusion,Kyoto,UFPR05,camera2,0.507,128
MultFusion,Kyoto,UFPR05,camera2,0.498,256
MultFusion,Kyoto,UFPR05,camera2,0.499,512
MultFusion,Kyoto,UFPR05,camera2,0.5,1024
MultFusion,Kyoto,UFPR05,camera3,0.502,64
MultFusion,Kyoto,UFPR05,camera3,0.504,128
MultFusion,Kyoto,UFPR05,camera3,0.501,256
MultFusion,Kyoto,UFPR05,camera3,0.499,512
MultFusion,Kyoto,UFPR05,camera3,0.5,1024
MultFusion,Kyoto,UFPR05,camera4,0.49,64
MultFusion,Kyoto,UFPR05,camera4,0.491,128
MultFusion,Kyoto,UFPR05,camera4,0.495,256
MultFusion,Kyoto,UFPR05,camera4,0.492,512
MultFusion,Kyoto,UFPR05,camera4,0.495,1024
MultFusion,Kyoto,UFPR05,camera5,0.496,64
MultFusion,Kyoto,UFPR05,camera5,0.494,128
MultFusion,Kyoto,UFPR05,camera5,0.496,256
MultFusion,Kyoto,UFPR05,camera5,0.499,512
MultFusion,Kyoto,UFPR05,camera5,0.499,1024
MultFusion,Kyoto,UFPR05,camera6,0.493,64
MultFusion,Kyoto,UFPR05,camera6,0.495,128
MultFusion,Kyoto,UFPR05,camera6,0.494,256
MultFusion,Kyoto,UFPR05,camera6,0.494,512
MultFusion,Kyoto,UFPR05,camera6,0.496,1024
MultFusion,Kyoto,UFPR05,camera7,0.528,64
MultFusion,Kyoto,UFPR05,camera7,0.528,128
MultFusion,Kyoto,UFPR05,camera7,0.521,256
MultFusion,Kyoto,UFPR05,camera7,0.521,512
MultFusion,Kyoto,UFPR05,camera7,0.523,1024
MultFusion,Kyoto,UFPR05,camera8,0.509,64
MultFusion,Kyoto,UFPR05,camera8,0.51,128
MultFusion,Kyoto,UFPR05,camera8,0.509,256
MultFusion,Kyoto,UFPR05,camera8,0.507,512
MultFusion,Kyoto,UFPR05,camera8,0.51,1024
MultFusion,Kyoto,UFPR05,camera9,0.493,64
MultFusion,Kyoto,UFPR05,camera9,0.493,128
MultFusion,Kyoto,UFPR05,camera9,0.496,256
MultFusion,Kyoto,UFPR05,camera9,0.499,512
MultFusion,Kyoto,UFPR05,camera9,0.5,1024
MultFusion,Kyoto,camera1,PUC,0.5,64
MultFusion,Kyoto,camera1,PUC,0.5,128
MultFusion,Kyoto,camera1,PUC,0.5,256
MultFusion,Kyoto,camera1,PUC,0.5,512
MultFusion,Kyoto,camera1,PUC,0.5,1024
MultFusion,Kyoto,camera1,UFPR04,0.508,64
MultFusion,Kyoto,camera1,UFPR04,0.505,128
MultFusion,Kyoto,camera1,UFPR04,0.505,256
MultFusion,Kyoto,camera1,UFPR04,0.505,512
MultFusion,Kyoto,camera1,UFPR04,0.496,1024
MultFusion,Kyoto,camera1,UFPR05,0.499,64
MultFusion,Kyoto,camera1,UFPR05,0.499,128
MultFusion,Kyoto,camera1,UFPR05,0.497,256
MultFusion,Kyoto,camera1,UFPR05,0.497,512
MultFusion,Kyoto,camera1,UFPR05,0.504,1024
MultFusion,Kyoto,camera1,camera1,0.907,64
MultFusion,Kyoto,camera1,camera1,0.926,128
MultFusion,Kyoto,camera1,camera1,0.935,256
MultFusion,Kyoto,camera1,camera1,0.941,512
MultFusion,Kyoto,camera1,camera1,0.954,1024
MultFusion,Kyoto,camera1,camera2,0.485,64
MultFusion,Kyoto,camera1,camera2,0.489,128
MultFusion,Kyoto,camera1,camera2,0.489,256
MultFusion,Kyoto,camera1,camera2,0.49,512
MultFusion,Kyoto,camera1,camera2,0.491,1024
MultFusion,Kyoto,camera1,camera3,0.501,64
MultFusion,Kyoto,camera1,camera3,0.504,128
MultFusion,Kyoto,camera1,camera3,0.499,256
MultFusion,Kyoto,camera1,camera3,0.499,512
MultFusion,Kyoto,camera1,camera3,0.5,1024
MultFusion,Kyoto,camera1,camera4,0.5,64
MultFusion,Kyoto,camera1,camera4,0.499,128
MultFusion,Kyoto,camera1,camera4,0.499,256
MultFusion,Kyoto,camera1,camera4,0.497,512
MultFusion,Kyoto,camera1,camera4,0.498,1024
MultFusion,Kyoto,camera1,camera5,0.498,64
MultFusion,Kyoto,camera1,camera5,0.501,128
MultFusion,Kyoto,camera1,camera5,0.501,256
MultFusion,Kyoto,camera1,camera5,0.498,512
MultFusion,Kyoto,camera1,camera5,0.497,1024
MultFusion,Kyoto,camera1,camera6,0.494,64
MultFusion,Kyoto,camera1,camera6,0.493,128
MultFusion,Kyoto,camera1,camera6,0.494,256
MultFusion,Kyoto,camera1,camera6,0.493,512
MultFusion,Kyoto,camera1,camera6,0.494,1024
MultFusion,Kyoto,camera1,camera7,0.509,64
MultFusion,Kyoto,camera1,camera7,0.505,128
MultFusion,Kyoto,camera1,camera7,0.506,256
MultFusion,Kyoto,camera1,camera7,0.51,512
MultFusion,Kyoto,camera1,camera7,0.506,1024
MultFusion,Kyoto,camera1,camera8,0.503,64
MultFusion,Kyoto,camera1,camera8,0.501,128
MultFusion,Kyoto,camera1,camera8,0.503,256
MultFusion,Kyoto,camera1,camera8,0.503,512
MultFusion,Kyoto,camera1,camera8,0.503,1024
MultFusion,Kyoto,camera1,camera9,0.509,64
MultFusion,Kyoto,camera1,camera9,0.51,128
MultFusion,Kyoto,camera1,camera9,0.507,256
MultFusion,Kyoto,camera1,camera9,0.508,512
MultFusion,Kyoto,camera1,camera9,0.509,1024
MultFusion,Kyoto,camera2,PUC,0.5,64
MultFusion,Kyoto,camera2,PUC,0.5,128
MultFusion,Kyoto,camera2,PUC,0.501,256
MultFusion,Kyoto,camera2,PUC,0.5,512
MultFusion,Kyoto,camera2,PUC,0.5,1024
MultFusion,Kyoto,camera2,UFPR04,0.531,64
MultFusion,Kyoto,camera2,UFPR04,0.529,128
MultFusion,Kyoto,camera2,UFPR04,0.523,256
MultFusion,Kyoto,camera2,UFPR04,0.517,512
MultFusion,Kyoto,camera2,UFPR04,0.505,1024
MultFusion,Kyoto,camera2,UFPR05,0.471,64
MultFusion,Kyoto,camera2,UFPR05,0.488,128
MultFusion,Kyoto,camera2,UFPR05,0.493,256
MultFusion,Kyoto,camera2,UFPR05,0.499,512
MultFusion,Kyoto,camera2,UFPR05,0.516,1024
MultFusion,Kyoto,camera2,camera1,0.488,64
MultFusion,Kyoto,camera2,camera1,0.494,128
MultFusion,Kyoto,camera2,camera1,0.494,256
MultFusion,Kyoto,camera2,camera1,0.497,512
MultFusion,Kyoto,camera2,camera1,0.498,1024
MultFusion,Kyoto,camera2,camera2,0.967,64
MultFusion,Kyoto,camera2,camera2,0.969,128
MultFusion,Kyoto,camera2,camera2,0.969,256
MultFusion,Kyoto,camera2,camera2,0.974,512
MultFusion,Kyoto,camera2,camera2,0.983,1024
MultFusion,Kyoto,camera2,camera3,0.5,64
MultFusion,Kyoto,camera2,camera3,0.5,128
MultFusion,Kyoto,camera2,camera3,0.503,256
MultFusion,Kyoto,camera2,camera3,0.498,512
MultFusion,Kyoto,camera2,camera3,0.497,1024
MultFusion,Kyoto,camera2,camera4,0.495,64
MultFusion,Kyoto,camera2,camera4,0.491,128
MultFusion,Kyoto,camera2,camera4,0.491,256
MultFusion,Kyoto,camera2,camera4,0.494,512
MultFusion,Kyoto,camera2,camera4,0.495,1024
MultFusion,Kyoto,camera2,camera5,0.496,64
MultFusion,Kyoto,camera2,camera5,0.496,128
MultFusion,Kyoto,camera2,camera5,0.494,256
MultFusion,Kyoto,camera2,camera5,0.497,512
MultFusion,Kyoto,camera2,camera5,0.5,1024
MultFusion,Kyoto,camera2,camera6,0.497,64
MultFusion,Kyoto,camera2,camera6,0.493,128
MultFusion,Kyoto,camera2,camera6,0.494,256
MultFusion,Kyoto,camera2,camera6,0.494,512
MultFusion,Kyoto,camera2,camera6,0.493,1024
MultFusion,Kyoto,camera2,camera7,0.519,64
MultFusion,Kyoto,camera2,camera7,0.517,128
MultFusion,Kyoto,camera2,camera7,0.515,256
MultFusion,Kyoto,camera2,camera7,0.511,512
MultFusion,Kyoto,camera2,camera7,0.507,1024
MultFusion,Kyoto,camera2,camera8,0.503,64
MultFusion,Kyoto,camera2,camera8,0.504,128
MultFusion,Kyoto,camera2,camera8,0.505,256
MultFusion,Kyoto,camera2,camera8,0.505,512
MultFusion,Kyoto,camera2,camera8,0.502,1024
MultFusion,Kyoto,camera2,camera9,0.508,64
MultFusion,Kyoto,camera2,camera9,0.508,128
MultFusion,Kyoto,camera2,camera9,0.508,256
MultFusion,Kyoto,camera2,camera9,0.507,512
MultFusion,Kyoto,camera2,camera9,0.509,1024
MultFusion,Kyoto,camera3,PUC,0.5,64
MultFusion,Kyoto,camera3,PUC,0.501,128
MultFusion,Kyoto,camera3,PUC,0.501,256
MultFusion,Kyoto,camera3,PUC,0.5,512
MultFusion,Kyoto,camera3,PUC,0.5,1024
MultFusion,Kyoto,camera3,UFPR04,0.534,64
MultFusion,Kyoto,camera3,UFPR04,0.528,128
MultFusion,Kyoto,camera3,UFPR04,0.526,256
MultFusion,Kyoto,camera3,UFPR04,0.525,512
MultFusion,Kyoto,camera3,UFPR04,0.521,1024
MultFusion,Kyoto,camera3,UFPR05,0.499,64
MultFusion,Kyoto,camera3,UFPR05,0.509,128
MultFusion,Kyoto,camera3,UFPR05,0.507,256
MultFusion,Kyoto,camera3,UFPR05,0.508,512
MultFusion,Kyoto,camera3,UFPR05,0.508,1024
MultFusion,Kyoto,camera3,camera1,0.495,64
MultFusion,Kyoto,camera3,camera1,0.492,128
MultFusion,Kyoto,camera3,camera1,0.499,256
MultFusion,Kyoto,camera3,camera1,0.5,512
MultFusion,Kyoto,camera3,camera1,0.503,1024
MultFusion,Kyoto,camera3,camera2,0.477,64
MultFusion,Kyoto,camera3,camera2,0.485,128
MultFusion,Kyoto,camera3,camera2,0.486,256
MultFusion,Kyoto,camera3,camera2,0.49,512
MultFusion,Kyoto,camera3,camera2,0.49,1024
MultFusion,Kyoto,camera3,camera3,0.953,64
MultFusion,Kyoto,camera3,camera3,0.948,128
MultFusion,Kyoto,camera3,camera3,0.963,256
MultFusion,Kyoto,camera3,camera3,0.972,512
MultFusion,Kyoto,camera3,camera3,0.975,1024
MultFusion,Kyoto,camera3,camera4,0.493,64
MultFusion,Kyoto,camera3,camera4,0.496,128
MultFusion,Kyoto,camera3,camera4,0.495,256
MultFusion,Kyoto,camera3,camera4,0.496,512
MultFusion,Kyoto,camera3,camera4,0.497,1024
MultFusion,Kyoto,camera3,camera5,0.496,64
MultFusion,Kyoto,camera3,camera5,0.5,128
MultFusion,Kyoto,camera3,camera5,0.5,256
MultFusion,Kyoto,camera3,camera5,0.499,512
MultFusion,Kyoto,camera3,camera5,0.5,1024
MultFusion,Kyoto,camera3,camera6,0.496,64
MultFusion,Kyoto,camera3,camera6,0.493,128
MultFusion,Kyoto,camera3,camera6,0.496,256
MultFusion,Kyoto,camera3,camera6,0.494,512
MultFusion,Kyoto,camera3,camera6,0.496,1024
MultFusion,Kyoto,camera3,camera7,0.515,64
MultFusion,Kyoto,camera3,camera7,0.514,128
MultFusion,Kyoto,camera3,camera7,0.51,256
MultFusion,Kyoto,camera3,camera7,0.51,512
MultFusion,Kyoto,camera3,camera7,0.506,1024
MultFusion,Kyoto,camera3,camera8,0.502,64
MultFusion,Kyoto,camera3,camera8,0.502,128
MultFusion,Kyoto,camera3,camera8,0.504,256
MultFusion,Kyoto,camera3,camera8,0.503,512
MultFusion,Kyoto,camera3,camera8,0.504,1024
MultFusion,Kyoto,camera3,camera9,0.51,64
MultFusion,Kyoto,camera3,camera9,0.51,128
MultFusion,Kyoto,camera3,camera9,0.509,256
MultFusion,Kyoto,camera3,camera9,0.508,512
MultFusion,Kyoto,camera3,camera9,0.51,1024
MultFusion,Kyoto,camera4,PUC,0.5,64
MultFusion,Kyoto,camera4,PUC,0.499,128
MultFusion,Kyoto,camera4,PUC,0.5,256
MultFusion,Kyoto,camera4,PUC,0.5,512
MultFusion,Kyoto,camera4,PUC,0.5,1024
MultFusion,Kyoto,camera4,UFPR04,0.537,64
MultFusion,Kyoto,camera4,UFPR04,0.535,128
MultFusion,Kyoto,camera4,UFPR04,0.529,256
MultFusion,Kyoto,camera4,UFPR04,0.523,512
MultFusion,Kyoto,camera4,UFPR04,0.514,1024
MultFusion,Kyoto,camera4,UFPR05,0.478,64
MultFusion,Kyoto,camera4,UFPR05,0.479,128
MultFusion,Kyoto,camera4,UFPR05,0.491,256
MultFusion,Kyoto,camera4,UFPR05,0.502,512
MultFusion,Kyoto,camera4,UFPR05,0.507,1024
MultFusion,Kyoto,camera4,camera1,0.49,64
MultFusion,Kyoto,camera4,camera1,0.49,128
MultFusion,Kyoto,camera4,camera1,0.494,256
MultFusion,Kyoto,camera4,camera1,0.49,512
MultFusion,Kyoto,camera4,camera1,0.496,1024
MultFusion,Kyoto,camera4,camera2,0.48,64
MultFusion,Kyoto,camera4,camera2,0.481,128
MultFusion,Kyoto,camera4,camera2,0.486,256
MultFusion,Kyoto,camera4,camera2,0.481,512
MultFusion,Kyoto,camera4,camera2,0.484,1024
MultFusion,Kyoto,camera4,camera3,0.495,64
MultFusion,Kyoto,camera4,camera3,0.5,128
MultFusion,Kyoto,camera4,camera3,0.497,256
MultFusion,Kyoto,camera4,camera3,0.497,512
MultFusion,Kyoto,camera4,camera3,0.5,1024
MultFusion,Kyoto,camera4,camera4,0.947,64
MultFusion,Kyoto,camera4,camera4,0.943,128
MultFusion,Kyoto,camera4,camera4,0.951,256
MultFusion,Kyoto,camera4,camera4,0.945,512
MultFusion,Kyoto,camera4,camera4,0.952,1024
MultFusion,Kyoto,camera4,camera5,0.499,64
MultFusion,Kyoto,camera4,camera5,0.497,128
MultFusion,Kyoto,camera4,camera5,0.498,256
MultFusion,Kyoto,camera4,camera5,0.499,512
MultFusion,Kyoto,camera4,camera5,0.498,1024
MultFusion,Kyoto,camera4,camera6,0.497,64
MultFusion,Kyoto,camera4,camera6,0.496,128
MultFusion,Kyoto,camera4,camera6,0.493,256
MultFusion,Kyoto,camera4,camera6,0.495,512
MultFusion,Kyoto,camera4,camera6,0.495,1024
MultFusion,Kyoto,camera4,camera7,0.519,64
MultFusion,Kyoto,camera4,camera7,0.518,128
MultFusion,Kyoto,camera4,camera7,0.514,256
MultFusion,Kyoto,camera4,camera7,0.512,512
MultFusion,Kyoto,camera4,camera7,0.512,1024
MultFusion,Kyoto,camera4,camera8,0.505,64
MultFusion,Kyoto,camera4,camera8,0.505,128
MultFusion,Kyoto,camera4,camera8,0.505,256
MultFusion,Kyoto,camera4,camera8,0.504,512
MultFusion,Kyoto,camera4,camera8,0.505,1024
MultFusion,Kyoto,camera4,camera9,0.507,64
MultFusion,Kyoto,camera4,camera9,0.509,128
MultFusion,Kyoto,camera4,camera9,0.51,256
MultFusion,Kyoto,camera4,camera9,0.511,512
MultFusion,Kyoto,camera4,camera9,0.508,1024
MultFusion,Kyoto,camera5,PUC,0.5,64
MultFusion,Kyoto,camera5,PUC,0.5,128
MultFusion,Kyoto,camera5,PUC,0.5,256
MultFusion,Kyoto,camera5,PUC,0.5,512
MultFusion,Kyoto,camera5,PUC,0.5,1024
MultFusion,Kyoto,camera5,UFPR04,0.538,64
MultFusion,Kyoto,camera5,UFPR04,0.528,128
MultFusion,Kyoto,camera5,UFPR04,0.524,256
MultFusion,Kyoto,camera5,UFPR04,0.517,512
MultFusion,Kyoto,camera5,UFPR04,0.516,1024
MultFusion,Kyoto,camera5,UFPR05,0.486,64
MultFusion,Kyoto,camera5,UFPR05,0.502,128
MultFusion,Kyoto,camera5,UFPR05,0.503,256
MultFusion,Kyoto,camera5,UFPR05,0.508,512
MultFusion,Kyoto,camera5,UFPR05,0.504,1024
MultFusion,Kyoto,camera5,camera1,0.49,64
MultFusion,Kyoto,camera5,camera1,0.49,128
MultFusion,Kyoto,camera5,camera1,0.494,256
MultFusion,Kyoto,camera5,camera1,0.499,512
MultFusion,Kyoto,camera5,camera1,0.498,1024
MultFusion,Kyoto,camera5,camera2,0.484,64
MultFusion,Kyoto,camera5,camera2,0.488,128
MultFusion,Kyoto,camera5,camera2,0.475,256
MultFusion,Kyoto,camera5,camera2,0.48,512
MultFusion,Kyoto,camera5,camera2,0.488,1024
MultFusion,Kyoto,camera5,camera3,0.501,64
MultFusion,Kyoto,camera5,camera3,0.499,128
MultFusion,Kyoto,camera5,camera3,0.499,256
MultFusion,Kyoto,camera5,camera3,0.496,512
MultFusion,Kyoto,camera5,camera3,0.498,1024
MultFusion,Kyoto,camera5,camera4,0.494,64
MultFusion,Kyoto,camera5,camera4,0.496,128
MultFusion,Kyoto,camera5,camera4,0.499,256
MultFusion,Kyoto,camera5,camera4,0.499,512
MultFusion,Kyoto,camera5,camera4,0.499,1024
MultFusion,Kyoto,camera5,camera5,0.86,64
MultFusion,Kyoto,camera5,camera5,0.896,128
MultFusion,Kyoto,camera5,camera5,0.918,256
MultFusion,Kyoto,camera5,camera5,0.931,512
MultFusion,Kyoto,camera5,camera5,0.945,1024
MultFusion,Kyoto,camera5,camera6,0.495,64
MultFusion,Kyoto,camera5,camera6,0.493,128
MultFusion,Kyoto,camera5,camera6,0.494,256
MultFusion,Kyoto,camera5,camera6,0.493,512
MultFusion,Kyoto,camera5,camera6,0.492,1024
MultFusion,Kyoto,camera5,camera7,0.516,64
MultFusion,Kyoto,camera5,camera7,0.509,128
MultFusion,Kyoto,camera5,camera7,0.51,256
MultFusion,Kyoto,camera5,camera7,0.507,512
MultFusion,Kyoto,camera5,camera7,0.506,1024
MultFusion,Kyoto,camera5,camera8,0.505,64
MultFusion,Kyoto,camera5,camera8,0.506,128
MultFusion,Kyoto,camera5,camera8,0.505,256
MultFusion,Kyoto,camera5,camera8,0.502,512
MultFusion,Kyoto,camera5,camera8,0.505,1024
MultFusion,Kyoto,camera5,camera9,0.506,64
MultFusion,Kyoto,camera5,camera9,0.509,128
MultFusion,Kyoto,camera5,camera9,0.51,256
MultFusion,Kyoto,camera5,camera9,0.508,512
MultFusion,Kyoto,camera5,camera9,0.507,1024
MultFusion,Kyoto,camera6,PUC,0.5,64
MultFusion,Kyoto,camera6,PUC,0.501,128
MultFusion,Kyoto,camera6,PUC,0.5,256
MultFusion,Kyoto,camera6,PUC,0.5,512
MultFusion,Kyoto,camera6,PUC,0.5,1024
MultFusion,Kyoto,camera6,UFPR04,0.536,64
MultFusion,Kyoto,camera6,UFPR04,0.532,128
MultFusion,Kyoto,camera6,UFPR04,0.529,256
MultFusion,Kyoto,camera6,UFPR04,0.526,512
MultFusion,Kyoto,camera6,UFPR04,0.52,1024
MultFusion,Kyoto,camera6,UFPR05,0.476,64
MultFusion,Kyoto,camera6,UFPR05,0.48,128
MultFusion,Kyoto,camera6,UFPR05,0.489,256
MultFusion,Kyoto,camera6,UFPR05,0.488,512
MultFusion,Kyoto,camera6,UFPR05,0.497,1024
MultFusion,Kyoto,camera6,camera1,0.485,64
MultFusion,Kyoto,camera6,camera1,0.485,128
MultFusion,Kyoto,camera6,camera1,0.489,256
MultFusion,Kyoto,camera6,camera1,0.488,512
MultFusion,Kyoto,camera6,camera1,0.493,1024
MultFusion,Kyoto,camera6,camera2,0.482,64
MultFusion,Kyoto,camera6,camera2,0.489,128
MultFusion,Kyoto,camera6,camera2,0.486,256
MultFusion,Kyoto,camera6,camera2,0.481,512
MultFusion,Kyoto,camera6,camera2,0.481,1024
MultFusion,Kyoto,camera6,camera3,0.496,64
MultFusion,Kyoto,camera6,camera3,0.499,128
MultFusion,Kyoto,camera6,camera3,0.496,256
MultFusion,Kyoto,camera6,camera3,0.501,512
MultFusion,Kyoto,camera6,camera3,0.502,1024
MultFusion,Kyoto,camera6,camera4,0.495,64
MultFusion,Kyoto,camera6,camera4,0.494,128
MultFusion,Kyoto,camera6,camera4,0.496,256
MultFusion,Kyoto,camera6,camera4,0.494,512
MultFusion,Kyoto,camera6,camera4,0.494,1024
MultFusion,Kyoto,camera6,camera5,0.5,64
MultFusion,Kyoto,camera6,camera5,0.499,128
MultFusion,Kyoto,camera6,camera5,0.501,256
MultFusion,Kyoto,camera6,camera5,0.498,512
MultFusion,Kyoto,camera6,camera5,0.502,1024
MultFusion,Kyoto,camera6,camera6,0.921,64
MultFusion,Kyoto,camera6,camera6,0.922,128
MultFusion,Kyoto,camera6,camera6,0.936,256
MultFusion,Kyoto,camera6,camera6,0.93,512
MultFusion,Kyoto,camera6,camera6,0.948,1024
MultFusion,Kyoto,camera6,camera7,0.512,64
MultFusion,Kyoto,camera6,camera7,0.513,128
MultFusion,Kyoto,camera6,camera7,0.514,256
MultFusion,Kyoto,camera6,camera7,0.514,512
MultFusion,Kyoto,camera6,camera7,0.511,1024
MultFusion,Kyoto,camera6,camera8,0.505,64
MultFusion,Kyoto,camera6,camera8,0.505,128
MultFusion,Kyoto,camera6,camera8,0.504,256
MultFusion,Kyoto,camera6,camera8,0.505,512
MultFusion,Kyoto,camera6,camera8,0.504,1024
MultFusion,Kyoto,camera6,camera9,0.504,64
MultFusion,Kyoto,camera6,camera9,0.509,128
MultFusion,Kyoto,camera6,camera9,0.502,256
MultFusion,Kyoto,camera6,camera9,0.505,512
MultFusion,Kyoto,camera6,camera9,0.508,1024
MultFusion,Kyoto,camera7,PUC,0.501,64
MultFusion,Kyoto,camera7,PUC,0.5,128
MultFusion,Kyoto,camera7,PUC,0.5,256
MultFusion,Kyoto,camera7,PUC,0.5,512
MultFusion,Kyoto,camera7,PUC,0.5,1024
MultFusion,Kyoto,camera7,UFPR04,0.521,64
MultFusion,Kyoto,camera7,UFPR04,0.519,128
MultFusion,Kyoto,camera7,UFPR04,0.515,256
MultFusion,Kyoto,camera7,UFPR04,0.511,512
MultFusion,Kyoto,camera7,UFPR04,0.511,1024
MultFusion,Kyoto,camera7,UFPR05,0.506,64
MultFusion,Kyoto,camera7,UFPR05,0.515,128
MultFusion,Kyoto,camera7,UFPR05,0.51,256
MultFusion,Kyoto,camera7,UFPR05,0.515,512
MultFusion,Kyoto,camera7,UFPR05,0.514,1024
MultFusion,Kyoto,camera7,camera1,0.501,64
MultFusion,Kyoto,camera7,camera1,0.501,128
MultFusion,Kyoto,camera7,camera1,0.506,256
MultFusion,Kyoto,camera7,camera1,0.502,512
MultFusion,Kyoto,camera7,camera1,0.503,1024
MultFusion,Kyoto,camera7,camera2,0.494,64
MultFusion,Kyoto,camera7,camera2,0.49,128
MultFusion,Kyoto,camera7,camera2,0.48,256
MultFusion,Kyoto,camera7,camera2,0.488,512
MultFusion,Kyoto,camera7,camera2,0.483,1024
MultFusion,Kyoto,camera7,camera3,0.498,64
MultFusion,Kyoto,camera7,camera3,0.5,128
MultFusion,Kyoto,camera7,camera3,0.5,256
MultFusion,Kyoto,camera7,camera3,0.499,512
MultFusion,Kyoto,camera7,camera3,0.499,1024
MultFusion,Kyoto,camera7,camera4,0.499,64
MultFusion,Kyoto,camera7,camera4,0.498,128
MultFusion,Kyoto,camera7,camera4,0.5,256
MultFusion,Kyoto,camera7,camera4,0.499,512
MultFusion,Kyoto,camera7,camera4,0.497,1024
MultFusion,Kyoto,camera7,camera5,0.499,64
MultFusion,Kyoto,camera7,camera5,0.499,128
MultFusion,Kyoto,camera7,camera5,0.501,256
MultFusion,Kyoto,camera7,camera5,0.501,512
MultFusion,Kyoto,camera7,camera5,0.502,1024
MultFusion,Kyoto,camera7,camera6,0.496,64
MultFusion,Kyoto,camera7,camera6,0.494,128
MultFusion,Kyoto,camera7,camera6,0.495,256
MultFusion,Kyoto,camera7,camera6,0.493,512
MultFusion,Kyoto,camera7,camera6,0.494,1024
MultFusion,Kyoto,camera7,camera7,0.922,64
MultFusion,Kyoto,camera7,camera7,0.916,128
MultFusion,Kyoto,camera7,camera7,0.913,256
MultFusion,Kyoto,camera7,camera7,0.918,512
MultFusion,Kyoto,camera7,camera7,0.924,1024
MultFusion,Kyoto,camera7,camera8,0.499,64
MultFusion,Kyoto,camera7,camera8,0.502,128
MultFusion,Kyoto,camera7,camera8,0.501,256
MultFusion,Kyoto,camera7,camera8,0.5,512
MultFusion,Kyoto,camera7,camera8,0.501,1024
MultFusion,Kyoto,camera7,camera9,0.509,64
MultFusion,Kyoto,camera7,camera9,0.511,128
MultFusion,Kyoto,camera7,camera9,0.508,256
MultFusion,Kyoto,camera7,camera9,0.508,512
MultFusion,Kyoto,camera7,camera9,0.505,1024
MultFusion,Kyoto,camera8,PUC,0.501,64
MultFusion,Kyoto,camera8,PUC,0.5,128
MultFusion,Kyoto,camera8,PUC,0.5,256
MultFusion,Kyoto,camera8,PUC,0.5,512
MultFusion,Kyoto,camera8,PUC,0.5,1024
MultFusion,Kyoto,camera8,UFPR04,0.536,64
MultFusion,Kyoto,camera8,UFPR04,0.533,128
MultFusion,Kyoto,camera8,UFPR04,0.531,256
MultFusion,Kyoto,camera8,UFPR04,0.526,512
MultFusion,Kyoto,camera8,UFPR04,0.521,1024
MultFusion,Kyoto,camera8,UFPR05,0.49,64
MultFusion,Kyoto,camera8,UFPR05,0.496,128
MultFusion,Kyoto,camera8,UFPR05,0.493,256
MultFusion,Kyoto,camera8,UFPR05,0.498,512
MultFusion,Kyoto,camera8,UFPR05,0.502,1024
MultFusion,Kyoto,camera8,camera1,0.484,64
MultFusion,Kyoto,camera8,camera1,0.493,128
MultFusion,Kyoto,camera8,camera1,0.491,256
MultFusion,Kyoto,camera8,camera1,0.488,512
MultFusion,Kyoto,camera8,camera1,0.492,1024
MultFusion,Kyoto,camera8,camera2,0.474,64
MultFusion,Kyoto,camera8,camera2,0.476,128
MultFusion,Kyoto,camera8,camera2,0.48,256
MultFusion,Kyoto,camera8,camera2,0.476,512
MultFusion,Kyoto,camera8,camera2,0.478,1024
MultFusion,Kyoto,camera8,camera3,0.499,64
MultFusion,Kyoto,camera8,camera3,0.499,128
MultFusion,Kyoto,camera8,camera3,0.5,256
MultFusion,Kyoto,camera8,camera3,0.502,512
MultFusion,Kyoto,camera8,camera3,0.504,1024
MultFusion,Kyoto,camera8,camera4,0.494,64
MultFusion,Kyoto,camera8,camera4,0.495,128
MultFusion,Kyoto,camera8,camera4,0.494,256
MultFusion,Kyoto,camera8,camera4,0.496,512
MultFusion,Kyoto,camera8,camera4,0.5,1024
MultFusion,Kyoto,camera8,camera5,0.5,64
MultFusion,Kyoto,camera8,camera5,0.501,128
MultFusion,Kyoto,camera8,camera5,0.498,256
MultFusion,Kyoto,camera8,camera5,0.5,512
MultFusion,Kyoto,camera8,camera5,0.498,1024
MultFusion,Kyoto,camera8,camera6,0.495,64
MultFusion,Kyoto,camera8,camera6,0.495,128
MultFusion,Kyoto,camera8,camera6,0.495,256
MultFusion,Kyoto,camera8,camera6,0.494,512
MultFusion,Kyoto,camera8,camera6,0.495,1024
MultFusion,Kyoto,camera8,camera7,0.515,64
MultFusion,Kyoto,camera8,camera7,0.513,128
MultFusion,Kyoto,camera8,camera7,0.513,256
MultFusion,Kyoto,camera8,camera7,0.513,512
MultFusion,Kyoto,camera8,camera7,0.511,1024
MultFusion,Kyoto,camera8,camera8,0.928,64
MultFusion,Kyoto,camera8,camera8,0.95,128
MultFusion,Kyoto,camera8,camera8,0.953,256
MultFusion,Kyoto,camera8,camera8,0.957,512
MultFusion,Kyoto,camera8,camera8,0.966,1024
MultFusion,Kyoto,camera8,camera9,0.506,64
MultFusion,Kyoto,camera8,camera9,0.508,128
MultFusion,Kyoto,camera8,camera9,0.511,256
MultFusion,Kyoto,camera8,camera9,0.513,512
MultFusion,Kyoto,camera8,camera9,0.512,1024
MultFusion,Kyoto,camera9,PUC,0.5,64
MultFusion,Kyoto,camera9,PUC,0.5,128
MultFusion,Kyoto,camera9,PUC,0.501,256
MultFusion,Kyoto,camera9,PUC,0.5,512
MultFusion,Kyoto,camera9,PUC,0.5,1024
MultFusion,Kyoto,camera9,UFPR04,0.533,64
MultFusion,Kyoto,camera9,UFPR04,0.531,128
MultFusion,Kyoto,camera9,UFPR04,0.525,256
MultFusion,Kyoto,camera9,UFPR04,0.519,512
MultFusion,Kyoto,camera9,UFPR04,0.511,1024
MultFusion,Kyoto,camera9,UFPR05,0.496,64
MultFusion,Kyoto,camera9,UFPR05,0.503,128
MultFusion,Kyoto,camera9,UFPR05,0.509,256
MultFusion,Kyoto,camera9,UFPR05,0.513,512
MultFusion,Kyoto,camera9,UFPR05,0.519,1024
MultFusion,Kyoto,camera9,camera1,0.491,64
MultFusion,Kyoto,camera9,camera1,0.494,128
MultFusion,Kyoto,camera9,camera1,0.496,256
MultFusion,Kyoto,camera9,camera1,0.496,512
MultFusion,Kyoto,camera9,camera1,0.502,1024
MultFusion,Kyoto,camera9,camera2,0.486,64
MultFusion,Kyoto,camera9,camera2,0.482,128
MultFusion,Kyoto,camera9,camera2,0.486,256
MultFusion,Kyoto,camera9,camera2,0.484,512
MultFusion,Kyoto,camera9,camera2,0.492,1024
MultFusion,Kyoto,camera9,camera3,0.496,64
MultFusion,Kyoto,camera9,camera3,0.497,128
MultFusion,Kyoto,camera9,camera3,0.5,256
MultFusion,Kyoto,camera9,camera3,0.502,512
MultFusion,Kyoto,camera9,camera3,0.502,1024
MultFusion,Kyoto,camera9,camera4,0.493,64
MultFusion,Kyoto,camera9,camera4,0.494,128
MultFusion,Kyoto,camera9,camera4,0.496,256
MultFusion,Kyoto,camera9,camera4,0.496,512
MultFusion,Kyoto,camera9,camera4,0.495,1024
MultFusion,Kyoto,camera9,camera5,0.499,64
MultFusion,Kyoto,camera9,camera5,0.499,128
MultFusion,Kyoto,camera9,camera5,0.498,256
MultFusion,Kyoto,camera9,camera5,0.501,512
MultFusion,Kyoto,camera9,camera5,0.5,1024
MultFusion,Kyoto,camera9,camera6,0.496,64
MultFusion,Kyoto,camera9,camera6,0.495,128
MultFusion,Kyoto,camera9,camera6,0.494,256
MultFusion,Kyoto,camera9,camera6,0.492,512
MultFusion,Kyoto,camera9,camera6,0.493,1024
MultFusion,Kyoto,camera9,camera7,0.513,64
MultFusion,Kyoto,camera9,camera7,0.514,128
MultFusion,Kyoto,camera9,camera7,0.511,256
MultFusion,Kyoto,camera9,camera7,0.51,512
MultFusion,Kyoto,camera9,camera7,0.508,1024
MultFusion,Kyoto,camera9,camera8,0.504,64
MultFusion,Kyoto,camera9,camera8,0.502,128
MultFusion,Kyoto,camera9,camera8,0.503,256
MultFusion,Kyoto,camera9,camera8,0.503,512
MultFusion,Kyoto,camera9,camera8,0.503,1024
MultFusion,Kyoto,camera9,camera9,0.903,64
MultFusion,Kyoto,camera9,camera9,0.912,128
MultFusion,Kyoto,camera9,camera9,0.921,256
MultFusion,Kyoto,camera9,camera9,0.937,512
MultFusion,Kyoto,camera9,camera9,0.959,1024
VoteFusion,Kyoto,PUC,PUC,0.502,64
VoteFusion,Kyoto,PUC,PUC,0.502,128
VoteFusion,Kyoto,PUC,PUC,0.502,256
VoteFusion,Kyoto,PUC,PUC,0.501,512
VoteFusion,Kyoto,PUC,PUC,0.502,1024
VoteFusion,Kyoto,PUC,UFPR04,0.503,64
VoteFusion,Kyoto,PUC,UFPR04,0.506,128
VoteFusion,Kyoto,PUC,UFPR04,0.503,256
VoteFusion,Kyoto,PUC,UFPR04,0.5,512
VoteFusion,Kyoto,PUC,UFPR04,0.502,1024
VoteFusion,Kyoto,PUC,UFPR05,0.514,64
VoteFusion,Kyoto,PUC,UFPR05,0.518,128
VoteFusion,Kyoto,PUC,UFPR05,0.525,256
VoteFusion,Kyoto,PUC,UFPR05,0.528,512
VoteFusion,Kyoto,PUC,UFPR05,0.531,1024
VoteFusion,Kyoto,PUC,camera1,0.513,64
VoteFusion,Kyoto,PUC,camera1,0.51,128
VoteFusion,Kyoto,PUC,camera1,0.51,256
VoteFusion,Kyoto,PUC,camera1,0.51,512
VoteFusion,Kyoto,PUC,camera1,0.512,1024
VoteFusion,Kyoto,PUC,camera2,0.492,64
VoteFusion,Kyoto,PUC,camera2,0.489,128
VoteFusion,Kyoto,PUC,camera2,0.494,256
VoteFusion,Kyoto,PUC,camera2,0.484,512
VoteFusion,Kyoto,PUC,camera2,0.488,1024
VoteFusion,Kyoto,PUC,camera3,0.496,64
VoteFusion,Kyoto,PUC,camera3,0.493,128
VoteFusion,Kyoto,PUC,camera3,0.494,256
VoteFusion,Kyoto,PUC,camera3,0.495,512
VoteFusion,Kyoto,PUC,camera3,0.496,1024
VoteFusion,Kyoto,PUC,camera4,0.497,64
VoteFusion,Kyoto,PUC,camera4,0.498,128
VoteFusion,Kyoto,PUC,camera4,0.5,256
VoteFusion,Kyoto,PUC,camera4,0.499,512
VoteFusion,Kyoto,PUC,camera4,0.498,1024
VoteFusion,Kyoto,PUC,camera5,0.502,64
VoteFusion,Kyoto,PUC,camera5,0.503,128
VoteFusion,Kyoto,PUC,camera5,0.503,256
VoteFusion,Kyoto,PUC,camera5,0.504,512
VoteFusion,Kyoto,PUC,camera5,0.504,1024
VoteFusion,Kyoto,PUC,camera6,0.491,64
VoteFusion,Kyoto,PUC,camera6,0.492,128
VoteFusion,Kyoto,PUC,camera6,0.492,256
VoteFusion,Kyoto,PUC,camera6,0.493,512
VoteFusion,Kyoto,PUC,camera6,0.494,1024
VoteFusion,Kyoto,PUC,camera7,0.504,64
VoteFusion,Kyoto,PUC,camera7,0.505,128
VoteFusion,Kyoto,PUC,camera7,0.507,256
VoteFusion,Kyoto,PUC,camera7,0.506,512
VoteFusion,Kyoto,PUC,camera7,0.507,1024
VoteFusion,Kyoto,PUC,camera8,0.495,64
VoteFusion,Kyoto,PUC,camera8,0.499,128
VoteFusion,Kyoto,PUC,camera8,0.501,256
VoteFusion,Kyoto,PUC,camera8,0.501,512
VoteFusion,Kyoto,PUC,camera8,0.501,1024
VoteFusion,Kyoto,PUC,camera9,0.508,64
VoteFusion,Kyoto,PUC,camera9,0.51,128
VoteFusion,Kyoto,PUC,camera9,0.511,256
VoteFusion,Kyoto,PUC,camera9,0.511,512
VoteFusion,Kyoto,PUC,camera9,0.512,1024
VoteFusion,Kyoto,UFPR04,PUC,0.501,64
VoteFusion,Kyoto,UFPR04,PUC,0.501,128
VoteFusion,Kyoto,UFPR04,PUC,0.501,256
VoteFusion,Kyoto,UFPR04,PUC,0.501,512
VoteFusion,Kyoto,UFPR04,PUC,0.501,1024
VoteFusion,Kyoto,UFPR04,UFPR04,0.505,64
VoteFusion,Kyoto,UFPR04,UFPR04,0.506,128
VoteFusion,Kyoto,UFPR04,UFPR04,0.506,256
VoteFusion,Kyoto,UFPR04,UFPR04,0.505,512
VoteFusion,Kyoto,UFPR04,UFPR04,0.505,1024
VoteFusion,Kyoto,UFPR04,UFPR05,0.559,64
VoteFusion,Kyoto,UFPR04,UFPR05,0.557,128
VoteFusion,Kyoto,UFPR04,UFPR05,0.539,256
VoteFusion,Kyoto,UFPR04,UFPR05,0.532,512
VoteFusion,Kyoto,UFPR04,UFPR05,0.529,1024
VoteFusion,Kyoto,UFPR04,camera1,0.525,64
VoteFusion,Kyoto,UFPR04,camera1,0.518,128
VoteFusion,Kyoto,UFPR04,camera1,0.51,256
VoteFusion,Kyoto,UFPR04,camera1,0.503,512
VoteFusion,Kyoto,UFPR04,camera1,0.505,1024
VoteFusion,Kyoto,UFPR04,camera2,0.498,64
VoteFusion,Kyoto,UFPR04,camera2,0.492,128
VoteFusion,Kyoto,UFPR04,camera2,0.486,256
VoteFusion,Kyoto,UFPR04,camera2,0.489,512
VoteFusion,Kyoto,UFPR04,camera2,0.493,1024
VoteFusion,Kyoto,UFPR04,camera3,0.483,64
VoteFusion,Kyoto,UFPR04,camera3,0.485,128
VoteFusion,Kyoto,UFPR04,camera3,0.495,256
VoteFusion,Kyoto,UFPR04,camera3,0.5,512
VoteFusion,Kyoto,UFPR04,camera3,0.501,1024
VoteFusion,Kyoto,UFPR04,camera4,0.515,64
VoteFusion,Kyoto,UFPR04,camera4,0.515,128
VoteFusion,Kyoto,UFPR04,camera4,0.507,256
VoteFusion,Kyoto,UFPR04,camera4,0.506,512
VoteFusion,Kyoto,UFPR04,camera4,0.506,1024
VoteFusion,Kyoto,UFPR04,camera5,0.512,64
VoteFusion,Kyoto,UFPR04,camera5,0.513,128
VoteFusion,Kyoto,UFPR04,camera5,0.509,256
VoteFusion,Kyoto,UFPR04,camera5,0.505,512
VoteFusion,Kyoto,UFPR04,camera5,0.506,1024
VoteFusion,Kyoto,UFPR04,camera6,0.494,64
VoteFusion,Kyoto,UFPR04,camera6,0.489,128
VoteFusion,Kyoto,UFPR04,camera6,0.497,256
VoteFusion,Kyoto,UFPR04,camera6,0.494,512
VoteFusion,Kyoto,UFPR04,camera6,0.494,1024
VoteFusion,Kyoto,UFPR04,camera7,0.468,64
VoteFusion,Kyoto,UFPR04,camera7,0.476,128
VoteFusion,Kyoto,UFPR04,camera7,0.495,256
VoteFusion,Kyoto,UFPR04,camera7,0.5,512
VoteFusion,Kyoto,UFPR04,camera7,0.498,1024
VoteFusion,Kyoto,UFPR04,camera8,0.488,64
VoteFusion,Kyoto,UFPR04,camera8,0.49,128
VoteFusion,Kyoto,UFPR04,camera8,0.497,256
VoteFusion,Kyoto,UFPR04,camera8,0.507,512
VoteFusion,Kyoto,UFPR04,camera8,0.505,1024
VoteFusion,Kyoto,UFPR04,camera9,0.514,64
VoteFusion,Kyoto,UFPR04,camera9,0.513,128
VoteFusion,Kyoto,UFPR04,camera9,0.51,256
VoteFusion,Kyoto,UFPR04,camera9,0.509,512
VoteFusion,Kyoto,UFPR04,camera9,0.511,1024
VoteFusion,Kyoto,UFPR05,PUC,0.501,64
VoteFusion,Kyoto,UFPR05,PUC,0.501,128
VoteFusion,Kyoto,UFPR05,PUC,0.501,256
VoteFusion,Kyoto,UFPR05,PUC,0.501,512
VoteFusion,Kyoto,UFPR05,PUC,0.501,1024
VoteFusion,Kyoto,UFPR05,UFPR04,0.533,64
VoteFusion,Kyoto,UFPR05,UFPR04,0.533,128
VoteFusion,Kyoto,UFPR05,UFPR04,0.524,256
VoteFusion,Kyoto,UFPR05,UFPR04,0.522,512
VoteFusion,Kyoto,UFPR05,UFPR04,0.516,1024
VoteFusion,Kyoto,UFPR05,UFPR05,0.509,64
VoteFusion,Kyoto,UFPR05,UFPR05,0.511,128
VoteFusion,Kyoto,UFPR05,UFPR05,0.51,256
VoteFusion,Kyoto,UFPR05,UFPR05,0.51,512
VoteFusion,Kyoto,UFPR05,UFPR05,0.51,1024
VoteFusion,Kyoto,UFPR05,camera1,0.472,64
VoteFusion,Kyoto,UFPR05,camera1,0.475,128
VoteFusion,Kyoto,UFPR05,camera1,0.481,256
VoteFusion,Kyoto,UFPR05,camera1,0.48,512
VoteFusion,Kyoto,UFPR05,camera1,0.482,1024
VoteFusion,Kyoto,UFPR05,camera2,0.51,64
VoteFusion,Kyoto,UFPR05,camera2,0.507,128
VoteFusion,Kyoto,UFPR05,camera2,0.495,256
VoteFusion,Kyoto,UFPR05,camera2,0.502,512
VoteFusion,Kyoto,UFPR05,camera2,0.499,1024
VoteFusion,Kyoto,UFPR05,camera3,0.502,64
VoteFusion,Kyoto,UFPR05,camera3,0.502,128
VoteFusion,Kyoto,UFPR05,camera3,0.499,256
VoteFusion,Kyoto,UFPR05,camera3,0.496,512
VoteFusion,Kyoto,UFPR05,camera3,0.497,1024
VoteFusion,Kyoto,UFPR05,camera4,0.495,64
VoteFusion,Kyoto,UFPR05,camera4,0.495,128
VoteFusion,Kyoto,UFPR05,camera4,0.494,256
VoteFusion,Kyoto,UFPR05,camera4,0.494,512
VoteFusion,Kyoto,UFPR05,camera4,0.496,1024
VoteFusion,Kyoto,UFPR05,camera5,0.497,64
VoteFusion,Kyoto,UFPR05,camera5,0.494,128
VoteFusion,Kyoto,UFPR05,camera5,0.498,256
VoteFusion,Kyoto,UFPR05,camera5,0.496,512
VoteFusion,Kyoto,UFPR05,camera5,0.499,1024
VoteFusion,Kyoto,UFPR05,camera6,0.495,64
VoteFusion,Kyoto,UFPR05,camera6,0.495,128
VoteFusion,Kyoto,UFPR05,camera6,0.498,256
VoteFusion,Kyoto,UFPR05,camera6,0.496,512
VoteFusion,Kyoto,UFPR05,camera6,0.494,1024
VoteFusion,Kyoto,UFPR05,camera7,0.524,64
VoteFusion,Kyoto,UFPR05,camera7,0.525,128
VoteFusion,Kyoto,UFPR05,camera7,0.522,256
VoteFusion,Kyoto,UFPR05,camera7,0.522,512
VoteFusion,Kyoto,UFPR05,camera7,0.523,1024
VoteFusion,Kyoto,UFPR05,camera8,0.507,64
VoteFusion,Kyoto,UFPR05,camera8,0.511,128
VoteFusion,Kyoto,UFPR05,camera8,0.506,256
VoteFusion,Kyoto,UFPR05,camera8,0.507,512
VoteFusion,Kyoto,UFPR05,camera8,0.51,1024
VoteFusion,Kyoto,UFPR05,camera9,0.493,64
VoteFusion,Kyoto,UFPR05,camera9,0.498,128
VoteFusion,Kyoto,UFPR05,camera9,0.499,256
VoteFusion,Kyoto,UFPR05,camera9,0.496,512
VoteFusion,Kyoto,UFPR05,camera9,0.501,1024
VoteFusion,Kyoto,camera1,PUC,0.5,64
VoteFusion,Kyoto,camera1,PUC,0.5,128
VoteFusion,Kyoto,camera1,PUC,0.5,256
VoteFusion,Kyoto,camera1,PUC,0.5,512
VoteFusion,Kyoto,camera1,PUC,0.5,1024
VoteFusion,Kyoto,camera1,UFPR04,0.507,64
VoteFusion,Kyoto,camera1,UFPR04,0.5,128
VoteFusion,Kyoto,camera1,UFPR04,0.499,256
VoteFusion,Kyoto,camera1,UFPR04,0.503,512
VoteFusion,Kyoto,camera1,UFPR04,0.493,1024
VoteFusion,Kyoto,camera1,UFPR05,0.499,64
VoteFusion,Kyoto,camera1,UFPR05,0.502,128
VoteFusion,Kyoto,camera1,UFPR05,0.5,256
VoteFusion,Kyoto,camera1,UFPR05,0.498,512
VoteFusion,Kyoto,camera1,UFPR05,0.505,1024
VoteFusion,Kyoto,camera1,camera1,0.907,64
VoteFusion,Kyoto,camera1,camera1,0.926,128
VoteFusion,Kyoto,camera1,camera1,0.937,256
VoteFusion,Kyoto,camera1,camera1,0.943,512
VoteFusion,Kyoto,camera1,camera1,0.958,1024
VoteFusion,Kyoto,camera1,camera2,0.488,64
VoteFusion,Kyoto,camera1,camera2,0.489,128
VoteFusion,Kyoto,camera1,camera2,0.491,256
VoteFusion,Kyoto,camera1,camera2,0.491,512
VoteFusion,Kyoto,camera1,camera2,0.49,1024
VoteFusion,Kyoto,camera1,camera3,0.499,64
VoteFusion,Kyoto,camera1,camera3,0.503,128
VoteFusion,Kyoto,camera1,camera3,0.498,256
VoteFusion,Kyoto,camera1,camera3,0.499,512
VoteFusion,Kyoto,camera1,camera3,0.5,1024
VoteFusion,Kyoto,camera1,camera4,0.498,64
VoteFusion,Kyoto,camera1,camera4,0.498,128
VoteFusion,Kyoto,camera1,camera4,0.5,256
VoteFusion,Kyoto,camera1,camera4,0.5,512
VoteFusion,Kyoto,camera1,camera4,0.496,1024
VoteFusion,Kyoto,camera1,camera5,0.499,64
VoteFusion,Kyoto,camera1,camera5,0.5,128
VoteFusion,Kyoto,camera1,camera5,0.499,256
VoteFusion,Kyoto,camera1,camera5,0.499,512
VoteFusion,Kyoto,camera1,camera5,0.496,1024
VoteFusion,Kyoto,camera1,camera6,0.493,64
VoteFusion,Kyoto,camera1,camera6,0.494,128
VoteFusion,Kyoto,camera1,camera6,0.494,256
VoteFusion,Kyoto,camera1,camera6,0.494,512
VoteFusion,Kyoto,camera1,camera6,0.494,1024
VoteFusion,Kyoto,camera1,camera7,0.509,64
VoteFusion,Kyoto,camera1,camera7,0.507,128
VoteFusion,Kyoto,camera1,camera7,0.504,256
VoteFusion,Kyoto,camera1,camera7,0.508,512
VoteFusion,Kyoto,camera1,camera7,0.504,1024
VoteFusion,Kyoto,camera1,camera8,0.502,64
VoteFusion,Kyoto,camera1,camera8,0.5,128
VoteFusion,Kyoto,camera1,camera8,0.502,256
VoteFusion,Kyoto,camera1,camera8,0.504,512
VoteFusion,Kyoto,camera1,camera8,0.502,1024
VoteFusion,Kyoto,camera1,camera9,0.506,64
VoteFusion,Kyoto,camera1,camera9,0.513,128
VoteFusion,Kyoto,camera1,camera9,0.508,256
VoteFusion,Kyoto,camera1,camera9,0.506,512
VoteFusion,Kyoto,camera1,camera9,0.51,1024
VoteFusion,Kyoto,camera2,PUC,0.5,64
VoteFusion,Kyoto,camera2,PUC,0.5,128
VoteFusion,Kyoto,camera2,PUC,0.5,256
VoteFusion,Kyoto,camera2,PUC,0.5,512
VoteFusion,Kyoto,camera2,PUC,0.5,1024
VoteFusion,Kyoto,camera2,UFPR04,0.53,64
VoteFusion,Kyoto,camera2,UFPR04,0.528,128
VoteFusion,Kyoto,camera2,UFPR04,0.521,256
VoteFusion,Kyoto,camera2,UFPR04,0.514,512
VoteFusion,Kyoto,camera2,UFPR04,0.502,1024
VoteFusion,Kyoto,camera2,UFPR05,0.471,64
VoteFusion,Kyoto,camera2,UFPR05,0.488,128
VoteFusion,Kyoto,camera2,UFPR05,0.494,256
VoteFusion,Kyoto,camera2,UFPR05,0.5,512
VoteFusion,Kyoto,camera2,UFPR05,0.517,1024
VoteFusion,Kyoto,camera2,camera1,0.49,64
VoteFusion,Kyoto,camera2,camera1,0.495,128
VoteFusion,Kyoto,camera2,camera1,0.496,256
VoteFusion,Kyoto,camera2,camera1,0.497,512
VoteFusion,Kyoto,camera2,camera1,0.501,1024
VoteFusion,Kyoto,camera2,camera2,0.973,64
VoteFusion,Kyoto,camera2,camera2,0.971,128
VoteFusion,Kyoto,camera2,camera2,0.974,256
VoteFusion,Kyoto,camera2,camera2,0.976,512
VoteFusion,Kyoto,camera2,camera2,0.984,1024
VoteFusion,Kyoto,camera2,camera3,0.5,64
VoteFusion,Kyoto,camera2,camera3,0.5,128
VoteFusion,Kyoto,camera2,camera3,0.5,256
VoteFusion,Kyoto,camera2,camera3,0.498,512
VoteFusion,Kyoto,camera2,camera3,0.497,1024
VoteFusion,Kyoto,camera2,camera4,0.495,64
VoteFusion,Kyoto,camera2,camera4,0.492,128
VoteFusion,Kyoto,camera2,camera4,0.494,256
VoteFusion,Kyoto,camera2,camera4,0.494,512
VoteFusion,Kyoto,camera2,camera4,0.497,1024
VoteFusion,Kyoto,camera2,camera5,0.497,64
VoteFusion,Kyoto,camera2,camera5,0.496,128
VoteFusion,Kyoto,camera2,camera5,0.492,256
VoteFusion,Kyoto,camera2,camera5,0.497,512
VoteFusion,Kyoto,camera2,camera5,0.5,1024
VoteFusion,Kyoto,camera2,camera6,0.498,64
VoteFusion,Kyoto,camera2,camera6,0.494,128
VoteFusion,Kyoto,camera2,camera6,0.492,256
VoteFusion,Kyoto,camera2,camera6,0.494,512
VoteFusion,Kyoto,camera2,camera6,0.492,1024
VoteFusion,Kyoto,camera2,camera7,0.518,64
VoteFusion,Kyoto,camera2,camera7,0.515,128
VoteFusion,Kyoto,camera2,camera7,0.517,256
VoteFusion,Kyoto,camera2,camera7,0.508,512
VoteFusion,Kyoto,camera2,camera7,0.506,1024
VoteFusion,Kyoto,camera2,camera8,0.503,64
VoteFusion,Kyoto,camera2,camera8,0.503,128
VoteFusion,Kyoto,camera2,camera8,0.504,256
VoteFusion,Kyoto,camera2,camera8,0.506,512
VoteFusion,Kyoto,camera2,camera8,0.502,1024
VoteFusion,Kyoto,camera2,camera9,0.512,64
VoteFusion,Kyoto,camera2,camera9,0.506,128
VoteFusion,Kyoto,camera2,camera9,0.506,256
VoteFusion,Kyoto,camera2,camera9,0.51,512
VoteFusion,Kyoto,camera2,camera9,0.51,1024
VoteFusion,Kyoto,camera3,PUC,0.5,64
VoteFusion,Kyoto,camera3,PUC,0.501,128
VoteFusion,Kyoto,camera3,PUC,0.501,256
VoteFusion,Kyoto,camera3,PUC,0.5,512
VoteFusion,Kyoto,camera3,PUC,0.5,1024
VoteFusion,Kyoto,camera3,UFPR04,0.531,64
VoteFusion,Kyoto,camera3,UFPR04,0.526,128
VoteFusion,Kyoto,camera3,UFPR04,0.524,256
VoteFusion,Kyoto,camera3,UFPR04,0.524,512
VoteFusion,Kyoto,camera3,UFPR04,0.518,1024
VoteFusion,Kyoto,camera3,UFPR05,0.498,64
VoteFusion,Kyoto,camera3,UFPR05,0.509,128
VoteFusion,Kyoto,camera3,UFPR05,0.507,256
VoteFusion,Kyoto,camera3,UFPR05,0.508,512
VoteFusion,Kyoto,camera3,UFPR05,0.507,1024
VoteFusion,Kyoto,camera3,camera1,0.493,64
VoteFusion,Kyoto,camera3,camera1,0.493,128
VoteFusion,Kyoto,camera3,camera1,0.499,256
VoteFusion,Kyoto,camera3,camera1,0.499,512
VoteFusion,Kyoto,camera3,camera1,0.5,1024
VoteFusion,Kyoto,camera3,camera2,0.476,64
VoteFusion,Kyoto,camera3,camera2,0.481,128
VoteFusion,Kyoto,camera3,camera2,0.486,256
VoteFusion,Kyoto,camera3,camera2,0.493,512
VoteFusion,Kyoto,camera3,camera2,0.491,1024
VoteFusion,Kyoto,camera3,camera3,0.958,64
VoteFusion,Kyoto,camera3,camera3,0.947,128
VoteFusion,Kyoto,camera3,camera3,0.963,256
VoteFusion,Kyoto,camera3,camera3,0.97,512
VoteFusion,Kyoto,camera3,camera3,0.977,1024
VoteFusion,Kyoto,camera3,camera4,0.495,64
VoteFusion,Kyoto,camera3,camera4,0.498,128
VoteFusion,Kyoto,camera3,camera4,0.497,256
VoteFusion,Kyoto,camera3,camera4,0.497,512
VoteFusion,Kyoto,camera3,camera4,0.496,1024
VoteFusion,Kyoto,camera3,camera5,0.5,64
VoteFusion,Kyoto,camera3,camera5,0.499,128
VoteFusion,Kyoto,camera3,camera5,0.499,256
VoteFusion,Kyoto,camera3,camera5,0.497,512
VoteFusion,Kyoto,camera3,camera5,0.5,1024
VoteFusion,Kyoto,camera3,camera6,0.492,64
VoteFusion,Kyoto,camera3,camera6,0.495,128
VoteFusion,Kyoto,camera3,camera6,0.498,256
VoteFusion,Kyoto,camera3,camera6,0.497,512
VoteFusion,Kyoto,camera3,camera6,0.495,1024
VoteFusion,Kyoto,camera3,camera7,0.512,64
VoteFusion,Kyoto,camera3,camera7,0.511,128
VoteFusion,Kyoto,camera3,camera7,0.508,256
VoteFusion,Kyoto,camera3,camera7,0.509,512
VoteFusion,Kyoto,camera3,camera7,0.506,1024
VoteFusion,Kyoto,camera3,camera8,0.501,64
VoteFusion,Kyoto,camera3,camera8,0.503,128
VoteFusion,Kyoto,camera3,camera8,0.502,256
VoteFusion,Kyoto,camera3,camera8,0.504,512
VoteFusion,Kyoto,camera3,camera8,0.503,1024
VoteFusion,Kyoto,camera3,camera9,0.51,64
VoteFusion,Kyoto,camera3,camera9,0.51,128
VoteFusion,Kyoto,camera3,camera9,0.51,256
VoteFusion,Kyoto,camera3,camera9,0.507,512
VoteFusion,Kyoto,camera3,camera9,0.508,1024
VoteFusion,Kyoto,camera4,PUC,0.5,64
VoteFusion,Kyoto,camera4,PUC,0.499,128
VoteFusion,Kyoto,camera4,PUC,0.5,256
VoteFusion,Kyoto,camera4,PUC,0.5,512
VoteFusion,Kyoto,camera4,PUC,0.5,1024
VoteFusion,Kyoto,camera4,UFPR04,0.536,64
VoteFusion,Kyoto,camera4,UFPR04,0.535,128
VoteFusion,Kyoto,camera4,UFPR04,0.528,256
VoteFusion,Kyoto,camera4,UFPR04,0.523,512
VoteFusion,Kyoto,camera4,UFPR04,0.513,1024
VoteFusion,Kyoto,camera4,UFPR05,0.477,64
VoteFusion,Kyoto,camera4,UFPR05,0.482,128
VoteFusion,Kyoto,camera4,UFPR05,0.493,256
VoteFusion,Kyoto,camera4,UFPR05,0.503,512
VoteFusion,Kyoto,camera4,UFPR05,0.509,1024
VoteFusion,Kyoto,camera4,camera1,0.491,64
VoteFusion,Kyoto,camera4,camera1,0.492,128
VoteFusion,Kyoto,camera4,camera1,0.492,256
VoteFusion,Kyoto,camera4,camera1,0.491,512
VoteFusion,Kyoto,camera4,camera1,0.496,1024
VoteFusion,Kyoto,camera4,camera2,0.477,64
VoteFusion,Kyoto,camera4,camera2,0.485,128
VoteFusion,Kyoto,camera4,camera2,0.484,256
VoteFusion,Kyoto,camera4,camera2,0.481,512
VoteFusion,Kyoto,camera4,camera2,0.486,1024
VoteFusion,Kyoto,camera4,camera3,0.497,64
VoteFusion,Kyoto,camera4,camera3,0.496,128
VoteFusion,Kyoto,camera4,camera3,0.498,256
VoteFusion,Kyoto,camera4,camera3,0.497,512
VoteFusion,Kyoto,camera4,camera3,0.498,1024
VoteFusion,Kyoto,camera4,camera4,0.947,64
VoteFusion,Kyoto,camera4,camera4,0.945,128
VoteFusion,Kyoto,camera4,camera4,0.951,256
VoteFusion,Kyoto,camera4,camera4,0.95,512
VoteFusion,Kyoto,camera4,camera4,0.954,1024
VoteFusion,Kyoto,camera4,camera5,0.498,64
VoteFusion,Kyoto,camera4,camera5,0.497,128
VoteFusion,Kyoto,camera4,camera5,0.497,256
VoteFusion,Kyoto,camera4,camera5,0.501,512
VoteFusion,Kyoto,camera4,camera5,0.499,1024
VoteFusion,Kyoto,camera4,camera6,0.498,64
VoteFusion,Kyoto,camera4,camera6,0.496,128
VoteFusion,Kyoto,camera4,camera6,0.493,256
VoteFusion,Kyoto,camera4,camera6,0.493,512
VoteFusion,Kyoto,camera4,camera6,0.496,1024
VoteFusion,Kyoto,camera4,camera7,0.515,64
VoteFusion,Kyoto,camera4,camera7,0.517,128
VoteFusion,Kyoto,camera4,camera7,0.513,256
VoteFusion,Kyoto,camera4,camera7,0.511,512
VoteFusion,Kyoto,camera4,camera7,0.511,1024
VoteFusion,Kyoto,camera4,camera8,0.506,64
VoteFusion,Kyoto,camera4,camera8,0.503,128
VoteFusion,Kyoto,camera4,camera8,0.504,256
VoteFusion,Kyoto,camera4,camera8,0.505,512
VoteFusion,Kyoto,camera4,camera8,0.505,1024
VoteFusion,Kyoto,camera4,camera9,0.505,64
VoteFusion,Kyoto,camera4,camera9,0.506,128
VoteFusion,Kyoto,camera4,camera9,0.51,256
VoteFusion,Kyoto,camera4,camera9,0.512,512
VoteFusion,Kyoto,camera4,camera9,0.51,1024
VoteFusion,Kyoto,camera5,PUC,0.5,64
VoteFusion,Kyoto,camera5,PUC,0.5,128
VoteFusion,Kyoto,camera5,PUC,0.5,256
VoteFusion,Kyoto,camera5,PUC,0.5,512
VoteFusion,Kyoto,camera5,PUC,0.5,1024
VoteFusion,Kyoto,camera5,UFPR04,0.537,64
VoteFusion,Kyoto,camera5,UFPR04,0.526,128
VoteFusion,Kyoto,camera5,UFPR04,0.523,256
VoteFusion,Kyoto,camera5,UFPR04,0.516,512
VoteFusion,Kyoto,camera5,UFPR04,0.514,1024
VoteFusion,Kyoto,camera5,UFPR05,0.487,64
VoteFusion,Kyoto,camera5,UFPR05,0.504,128
VoteFusion,Kyoto,camera5,UFPR05,0.505,256
VoteFusion,Kyoto,camera5,UFPR05,0.509,512
VoteFusion,Kyoto,camera5,UFPR05,0.505,1024
VoteFusion,Kyoto,camera5,camera1,0.492,64
VoteFusion,Kyoto,camera5,camera1,0.494,128
VoteFusion,Kyoto,camera5,camera1,0.493,256
VoteFusion,Kyoto,camera5,camera1,0.5,512
VoteFusion,Kyoto,camera5,camera1,0.499,1024
VoteFusion,Kyoto,camera5,camera2,0.484,64
VoteFusion,Kyoto,camera5,camera2,0.489,128
VoteFusion,Kyoto,camera5,camera2,0.476,256
VoteFusion,Kyoto,camera5,camera2,0.483,512
VoteFusion,Kyoto,camera5,camera2,0.482,1024
VoteFusion,Kyoto,camera5,camera3,0.499,64
VoteFusion,Kyoto,camera5,camera3,0.502,128
VoteFusion,Kyoto,camera5,camera3,0.499,256
VoteFusion,Kyoto,camera5,camera3,0.495,512
VoteFusion,Kyoto,camera5,camera3,0.496,1024
VoteFusion,Kyoto,camera5,camera4,0.494,64
VoteFusion,Kyoto,camera5,camera4,0.497,128
VoteFusion,Kyoto,camera5,camera4,0.501,256
VoteFusion,Kyoto,camera5,camera4,0.501,512
VoteFusion,Kyoto,camera5,camera4,0.499,1024
VoteFusion,Kyoto,camera5,camera5,0.862,64
VoteFusion,Kyoto,camera5,camera5,0.897,128
VoteFusion,Kyoto,camera5,camera5,0.923,256
VoteFusion,Kyoto,camera5,camera5,0.935,512
VoteFusion,Kyoto,camera5,camera5,0.947,1024
VoteFusion,Kyoto,camera5,camera6,0.496,64
VoteFusion,Kyoto,camera5,camera6,0.494,128
VoteFusion,Kyoto,camera5,camera6,0.493,256
VoteFusion,Kyoto,camera5,camera6,0.493,512
VoteFusion,Kyoto,camera5,camera6,0.493,1024
VoteFusion,Kyoto,camera5,camera7,0.513,64
VoteFusion,Kyoto,camera5,camera7,0.508,128
VoteFusion,Kyoto,camera5,camera7,0.508,256
VoteFusion,Kyoto,camera5,camera7,0.507,512
VoteFusion,Kyoto,camera5,camera7,0.505,1024
VoteFusion,Kyoto,camera5,camera8,0.503,64
VoteFusion,Kyoto,camera5,camera8,0.504,128
VoteFusion,Kyoto,camera5,camera8,0.503,256
VoteFusion,Kyoto,camera5,camera8,0.503,512
VoteFusion,Kyoto,camera5,camera8,0.504,1024
VoteFusion,Kyoto,camera5,camera9,0.503,64
VoteFusion,Kyoto,camera5,camera9,0.51,128
VoteFusion,Kyoto,camera5,camera9,0.508,256
VoteFusion,Kyoto,camera5,camera9,0.507,512
VoteFusion,Kyoto,camera5,camera9,0.504,1024
VoteFusion,Kyoto,camera6,PUC,0.5,64
VoteFusion,Kyoto,camera6,PUC,0.501,128
VoteFusion,Kyoto,camera6,PUC,0.5,256
VoteFusion,Kyoto,camera6,PUC,0.5,512
VoteFusion,Kyoto,camera6,PUC,0.5,1024
VoteFusion,Kyoto,camera6,UFPR04,0.536,64
VoteFusion,Kyoto,camera6,UFPR04,0.531,128
VoteFusion,Kyoto,camera6,UFPR04,0.528,256
VoteFusion,Kyoto,camera6,UFPR04,0.524,512
VoteFusion,Kyoto,camera6,UFPR04,0.519,1024
VoteFusion,Kyoto,camera6,UFPR05,0.476,64
VoteFusion,Kyoto,camera6,UFPR05,0.483,128
VoteFusion,Kyoto,camera6,UFPR05,0.49,256
VoteFusion,Kyoto,camera6,UFPR05,0.49,512
VoteFusion,Kyoto,camera6,UFPR05,0.498,1024
VoteFusion,Kyoto,camera6,camera1,0.485,64
VoteFusion,Kyoto,camera6,camera1,0.485,128
VoteFusion,Kyoto,camera6,camera1,0.489,256
VoteFusion,Kyoto,camera6,camera1,0.487,512
VoteFusion,Kyoto,camera6,camera1,0.496,1024
VoteFusion,Kyoto,camera6,camera2,0.484,64
VoteFusion,Kyoto,camera6,camera2,0.489,128
VoteFusion,Kyoto,camera6,camera2,0.482,256
VoteFusion,Kyoto,camera6,camera2,0.482,512
VoteFusion,Kyoto,camera6,camera2,0.488,1024
VoteFusion,Kyoto,camera6,camera3,0.495,64
VoteFusion,Kyoto,camera6,camera3,0.5,128
VoteFusion,Kyoto,camera6,camera3,0.501,256
VoteFusion,Kyoto,camera6,camera3,0.497,512
VoteFusion,Kyoto,camera6,camera3,0.499,1024
VoteFusion,Kyoto,camera6,camera4,0.494,64
VoteFusion,Kyoto,camera6,camera4,0.494,128
VoteFusion,Kyoto,camera6,camera4,0.496,256
VoteFusion,Kyoto,camera6,camera4,0.495,512
VoteFusion,Kyoto,camera6,camera4,0.496,1024
VoteFusion,Kyoto,camera6,camera5,0.499,64
VoteFusion,Kyoto,camera6,camera5,0.499,128
VoteFusion,Kyoto,camera6,camera5,0.5,256
VoteFusion,Kyoto,camera6,camera5,0.499,512
VoteFusion,Kyoto,camera6,camera5,0.502,1024
VoteFusion,Kyoto,camera6,camera6,0.922,64
VoteFusion,Kyoto,camera6,camera6,0.925,128
VoteFusion,Kyoto,camera6,camera6,0.937,256
VoteFusion,Kyoto,camera6,camera6,0.934,512
VoteFusion,Kyoto,camera6,camera6,0.951,1024
VoteFusion,Kyoto,camera6,camera7,0.514,64
VoteFusion,Kyoto,camera6,camera7,0.515,128
VoteFusion,Kyoto,camera6,camera7,0.515,256
VoteFusion,Kyoto,camera6,camera7,0.517,512
VoteFusion,Kyoto,camera6,camera7,0.51,1024
VoteFusion,Kyoto,camera6,camera8,0.503,64
VoteFusion,Kyoto,camera6,camera8,0.505,128
VoteFusion,Kyoto,camera6,camera8,0.502,256
VoteFusion,Kyoto,camera6,camera8,0.503,512
VoteFusion,Kyoto,camera6,camera8,0.504,1024
VoteFusion,Kyoto,camera6,camera9,0.503,64
VoteFusion,Kyoto,camera6,camera9,0.507,128
VoteFusion,Kyoto,camera6,camera9,0.503,256
VoteFusion,Kyoto,camera6,camera9,0.503,512
VoteFusion,Kyoto,camera6,camera9,0.505,1024
VoteFusion,Kyoto,camera7,PUC,0.501,64
VoteFusion,Kyoto,camera7,PUC,0.5,128
VoteFusion,Kyoto,camera7,PUC,0.5,256
VoteFusion,Kyoto,camera7,PUC,0.5,512
VoteFusion,Kyoto,camera7,PUC,0.501,1024
VoteFusion,Kyoto,camera7,UFPR04,0.519,64
VoteFusion,Kyoto,camera7,UFPR04,0.518,128
VoteFusion,Kyoto,camera7,UFPR04,0.514,256
VoteFusion,Kyoto,camera7,UFPR04,0.51,512
VoteFusion,Kyoto,camera7,UFPR04,0.51,1024
VoteFusion,Kyoto,camera7,UFPR05,0.506,64
VoteFusion,Kyoto,camera7,UFPR05,0.516,128
VoteFusion,Kyoto,camera7,UFPR05,0.511,256
VoteFusion,Kyoto,camera7,UFPR05,0.516,512
VoteFusion,Kyoto,camera7,UFPR05,0.515,1024
VoteFusion,Kyoto,camera7,camera1,0.5,64
VoteFusion,Kyoto,camera7,camera1,0.505,128
VoteFusion,Kyoto,camera7,camera1,0.504,256
VoteFusion,Kyoto,camera7,camera1,0.503,512
VoteFusion,Kyoto,camera7,camera1,0.5,1024
VoteFusion,Kyoto,camera7,camera2,0.491,64
VoteFusion,Kyoto,camera7,camera2,0.492,128
VoteFusion,Kyoto,camera7,camera2,0.486,256
VoteFusion,Kyoto,camera7,camera2,0.485,512
VoteFusion,Kyoto,camera7,camera2,0.483,1024
VoteFusion,Kyoto,camera7,camera3,0.5,64
VoteFusion,Kyoto,camera7,camera3,0.501,128
VoteFusion,Kyoto,camera7,camera3,0.499,256
VoteFusion,Kyoto,camera7,camera3,0.498,512
VoteFusion,Kyoto,camera7,camera3,0.499,1024
VoteFusion,Kyoto,camera7,camera4,0.5,64
VoteFusion,Kyoto,camera7,camera4,0.497,128
VoteFusion,Kyoto,camera7,camera4,0.499,256
VoteFusion,Kyoto,camera7,camera4,0.5,512
VoteFusion,Kyoto,camera7,camera4,0.498,1024
VoteFusion,Kyoto,camera7,camera5,0.5,64
VoteFusion,Kyoto,camera7,camera5,0.498,128
VoteFusion,Kyoto,camera7,camera5,0.5,256
VoteFusion,Kyoto,camera7,camera5,0.501,512
VoteFusion,Kyoto,camera7,camera5,0.501,1024
VoteFusion,Kyoto,camera7,camera6,0.495,64
VoteFusion,Kyoto,camera7,camera6,0.496,128
VoteFusion,Kyoto,camera7,camera6,0.494,256
VoteFusion,Kyoto,camera7,camera6,0.494,512
VoteFusion,Kyoto,camera7,camera6,0.494,1024
VoteFusion,Kyoto,camera7,camera7,0.923,64
VoteFusion,Kyoto,camera7,camera7,0.918,128
VoteFusion,Kyoto,camera7,camera7,0.911,256
VoteFusion,Kyoto,camera7,camera7,0.92,512
VoteFusion,Kyoto,camera7,camera7,0.929,1024
VoteFusion,Kyoto,camera7,camera8,0.498,64
VoteFusion,Kyoto,camera7,camera8,0.5,128
VoteFusion,Kyoto,camera7,camera8,0.499,256
VoteFusion,Kyoto,camera7,camera8,0.5,512
VoteFusion,Kyoto,camera7,camera8,0.499,1024
VoteFusion,Kyoto,camera7,camera9,0.508,64
VoteFusion,Kyoto,camera7,camera9,0.508,128
VoteFusion,Kyoto,camera7,camera9,0.507,256
VoteFusion,Kyoto,camera7,camera9,0.506,512
VoteFusion,Kyoto,camera7,camera9,0.505,1024
VoteFusion,Kyoto,camera8,PUC,0.5,64
VoteFusion,Kyoto,camera8,PUC,0.5,128
VoteFusion,Kyoto,camera8,PUC,0.5,256
VoteFusion,Kyoto,camera8,PUC,0.5,512
VoteFusion,Kyoto,camera8,PUC,0.5,1024
VoteFusion,Kyoto,camera8,UFPR04,0.536,64
VoteFusion,Kyoto,camera8,UFPR04,0.532,128
VoteFusion,Kyoto,camera8,UFPR04,0.53,256
VoteFusion,Kyoto,camera8,UFPR04,0.525,512
VoteFusion,Kyoto,camera8,UFPR04,0.519,1024
VoteFusion,Kyoto,camera8,UFPR05,0.49,64
VoteFusion,Kyoto,camera8,UFPR05,0.499,128
VoteFusion,Kyoto,camera8,UFPR05,0.495,256
VoteFusion,Kyoto,camera8,UFPR05,0.499,512
VoteFusion,Kyoto,camera8,UFPR05,0.504,1024
VoteFusion,Kyoto,camera8,camera1,0.485,64
VoteFusion,Kyoto,camera8,camera1,0.491,128
VoteFusion,Kyoto,camera8,camera1,0.488,256
VoteFusion,Kyoto,camera8,camera1,0.492,512
VoteFusion,Kyoto,camera8,camera1,0.494,1024
VoteFusion,Kyoto,camera8,camera2,0.475,64
VoteFusion,Kyoto,camera8,camera2,0.478,128
VoteFusion,Kyoto,camera8,camera2,0.482,256
VoteFusion,Kyoto,camera8,camera2,0.48,512
VoteFusion,Kyoto,camera8,camera2,0.482,1024
VoteFusion,Kyoto,camera8,camera3,0.5,64
VoteFusion,Kyoto,camera8,camera3,0.503,128
VoteFusion,Kyoto,camera8,camera3,0.502,256
VoteFusion,Kyoto,camera8,camera3,0.498,512
VoteFusion,Kyoto,camera8,camera3,0.503,1024
VoteFusion,Kyoto,camera8,camera4,0.493,64
VoteFusion,Kyoto,camera8,camera4,0.494,128
VoteFusion,Kyoto,camera8,camera4,0.493,256
VoteFusion,Kyoto,camera8,camera4,0.499,512
VoteFusion,Kyoto,camera8,camera4,0.499,1024
VoteFusion,Kyoto,camera8,camera5,0.498,64
VoteFusion,Kyoto,camera8,camera5,0.5,128
VoteFusion,Kyoto,camera8,camera5,0.498,256
VoteFusion,Kyoto,camera8,camera5,0.5,512
VoteFusion,Kyoto,camera8,camera5,0.5,1024
VoteFusion,Kyoto,camera8,camera6,0.494,64
VoteFusion,Kyoto,camera8,camera6,0.494,128
VoteFusion,Kyoto,camera8,camera6,0.495,256
VoteFusion,Kyoto,camera8,camera6,0.495,512
VoteFusion,Kyoto,camera8,camera6,0.495,1024
VoteFusion,Kyoto,camera8,camera7,0.515,64
VoteFusion,Kyoto,camera8,camera7,0.512,128
VoteFusion,Kyoto,camera8,camera7,0.514,256
VoteFusion,Kyoto,camera8,camera7,0.512,512
VoteFusion,Kyoto,camera8,camera7,0.509,1024
VoteFusion,Kyoto,camera8,camera8,0.929,64
VoteFusion,Kyoto,camera8,camera8,0.95,128
VoteFusion,Kyoto,camera8,camera8,0.953,256
VoteFusion,Kyoto,camera8,camera8,0.96,512
VoteFusion,Kyoto,camera8,camera8,0.966,1024
VoteFusion,Kyoto,camera8,camera9,0.504,64
VoteFusion,Kyoto,camera8,camera9,0.512,128
VoteFusion,Kyoto,camera8,camera9,0.508,256
VoteFusion,Kyoto,camera8,camera9,0.513,512
VoteFusion,Kyoto,camera8,camera9,0.512,1024
VoteFusion,Kyoto,camera9,PUC,0.5,64
VoteFusion,Kyoto,camera9,PUC,0.5,128
VoteFusion,Kyoto,camera9,PUC,0.5,256
VoteFusion,Kyoto,camera9,PUC,0.5,512
VoteFusion,Kyoto,camera9,PUC,0.5,1024
VoteFusion,Kyoto,camera9,UFPR04,0.531,64
VoteFusion,Kyoto,camera9,UFPR04,0.531,128
VoteFusion,Kyoto,camera9,UFPR04,0.524,256
VoteFusion,Kyoto,camera9,UFPR04,0.516,512
VoteFusion,Kyoto,camera9,UFPR04,0.509,1024
VoteFusion,Kyoto,camera9,UFPR05,0.496,64
VoteFusion,Kyoto,camera9,UFPR05,0.505,128
VoteFusion,Kyoto,camera9,UFPR05,0.509,256
VoteFusion,Kyoto,camera9,UFPR05,0.513,512
VoteFusion,Kyoto,camera9,UFPR05,0.52,1024
VoteFusion,Kyoto,camera9,camera1,0.496,64
VoteFusion,Kyoto,camera9,camera1,0.494,128
VoteFusion,Kyoto,camera9,camera1,0.497,256
VoteFusion,Kyoto,camera9,camera1,0.497,512
VoteFusion,Kyoto,camera9,camera1,0.504,1024
VoteFusion,Kyoto,camera9,camera2,0.489,64
VoteFusion,Kyoto,camera9,camera2,0.48,128
VoteFusion,Kyoto,camera9,camera2,0.484,256
VoteFusion,Kyoto,camera9,camera2,0.485,512
VoteFusion,Kyoto,camera9,camera2,0.495,1024
VoteFusion,Kyoto,camera9,camera3,0.496,64
VoteFusion,Kyoto,camera9,camera3,0.499,128
VoteFusion,Kyoto,camera9,camera3,0.498,256
VoteFusion,Kyoto,camera9,camera3,0.5,512
VoteFusion,Kyoto,camera9,camera3,0.5,1024
VoteFusion,Kyoto,camera9,camera4,0.497,64
VoteFusion,Kyoto,camera9,camera4,0.496,128
VoteFusion,Kyoto,camera9,camera4,0.494,256
VoteFusion,Kyoto,camera9,camera4,0.497,512
VoteFusion,Kyoto,camera9,camera4,0.496,1024
VoteFusion,Kyoto,camera9,camera5,0.499,64
VoteFusion,Kyoto,camera9,camera5,0.498,128
VoteFusion,Kyoto,camera9,camera5,0.5,256
VoteFusion,Kyoto,camera9,camera5,0.5,512
VoteFusion,Kyoto,camera9,camera5,0.5,1024
VoteFusion,Kyoto,camera9,camera6,0.494,64
VoteFusion,Kyoto,camera9,camera6,0.495,128
VoteFusion,Kyoto,camera9,camera6,0.493,256
VoteFusion,Kyoto,camera9,camera6,0.491,512
VoteFusion,Kyoto,camera9,camera6,0.493,1024
VoteFusion,Kyoto,camera9,camera7,0.512,64
VoteFusion,Kyoto,camera9,camera7,0.514,128
VoteFusion,Kyoto,camera9,camera7,0.51,256
VoteFusion,Kyoto,camera9,camera7,0.509,512
VoteFusion,Kyoto,camera9,camera7,0.508,1024
VoteFusion,Kyoto,camera9,camera8,0.503,64
VoteFusion,Kyoto,camera9,camera8,0.503,128
VoteFusion,Kyoto,camera9,camera8,0.503,256
VoteFusion,Kyoto,camera9,camera8,0.503,512
VoteFusion,Kyoto,camera9,camera8,0.503,1024
VoteFusion,Kyoto,camera9,camera9,0.912,64
VoteFusion,Kyoto,camera9,camera9,0.91,128
VoteFusion,Kyoto,camera9,camera9,0.925,256
VoteFusion,Kyoto,camera9,camera9,0.943,512
VoteFusion,Kyoto,camera9,camera9,0.958,1024
